{
  "Main Partners": {
    "2001": {
      "Exports": {
        "Animals & Animal Products": {
          "Qatar": "10.43",
          "Lebanon": "8.79",
          "Muscat": "67.66",
          "Berlin": "5.52",
          "Abu Dhabi": "2.96"
        },
        "Vegetable Products": {
          "Lebanon": "11.12",
          "Jordan": "3.41",
          "Muscat": "41.93",
          "Abu Dhabi": "12.80",
          "Kuwait City": "6.04"
        },
        "Prepared Foodstuffs; Beverages, Spirits, Vinegar, Tobacco and Manufactured Tobacco Substitutes": {
          "Lebanon": "26.98",
          "Muscat": "27.08",
          "Kuwait City": "11.84",
          "Abu Dhabi": "10.57",
          "Cairo": "5.68"
        },
        "Mineral Products": {
          "Lebanon": "100.00"
        },
        "Products of the Chemical or Allied Industries": {
          "Lebanon": "13.41",
          "Yemen": "12.97",
          "Libya": "9.87",
          "Muscat": "17.73",
          "Cairo": "10.41"
        },
        "Plastics and Articles thereof; Rubber and Articles thereof": {
          "Jordan": "22.39",
          "Lebanon": "12.76",
          "Cairo": "27.16",
          "Muscat": "17.09",
          "Kuwait City": "7.11"
        },
        "Raw Hides and Skins, Leather, Furskins, and Articles thereof; Saddlery and Harness; Travel Goods, Handbags, and Similar Containers; Articles of Animal Gut (Other than Silk-worm Gut)": {
          "Jordan": "4.31",
          "Fm Sudan": "3.79",
          "Rome": "60.87",
          "Muscat": "18.86",
          "Seoul": "5.25"
        },
        "Wood and Articles of Wood; Wood Charcoal; Cork and Articles of Cork; Manufactures of Straw, of Esparto or of Other Plaiting Materials; Basketware and Wickerwork": {
          "Jordan": "7.42",
          "Cairo": "39.45",
          "Muscat": "26.38",
          "Algiers": "10.12",
          "Ankara": "4.52"
        },
        "Textiles and Textile Articles": {
          "Belgium": "5.66",
          "Rome": "14.36",
          "Ankara": "12.76",
          "Cairo": "12.61",
          "Jakarta": "5.51"
        },
        "Footwear, Headgear, Umbrellas, Sun Umbrellas, Walking-sticks, Seat-sticks, Whips, Riding-crops, and Parts thereof; Prepared Feathers and Articles Made therewith; Artificial Flowers; Articles of Human Hair": {
          "Fm Sudan": "26.92",
          "Ukraine": "16.08",
          "Libya": "9.03",
          "Russian Federation": "8.59",
          "Muscat": "16.96"
        },
        "Articles of Stone, Plaster, Cement, Asbestos, Mica or Similar Materials; Ceramic Products; Glass and Glassware": {
          "Lebanon": "65.73",
          "Athens": "11.95",
          "Kuwait City": "9.29",
          "Muscat": "8.93",
          "Abu Dhabi": "4.10"
        },
        "Natural or Cultured Pearls, Precious or Semi-precious Stones, Precious Metals, Metals Clad with Precious Metal, and Articles thereof; Imitation Jewellery; Coin": {
          "Lebanon": "20.42",
          "London": "59.85",
          "Amsterdam": "17.60",
          "Athens": "1.66",
          "Seoul": "0.48"
        },
        "Base Metals and Articles of Base Metal": {
          "Lebanon": "8.67",
          "Jordan": "7.45",
          "London": "38.58",
          "Muscat": "18.98",
          "Amsterdam": "11.34"
        },
        "Machinery and Mechanical Appliances; Electrical Equipment; Parts thereof; Sound Recorders and Reproducers, Television Image and Sound Recorders and Reproducers, and Parts and Accessories of such Articles": {
          "Jordan": "13.81",
          "Muscat": "27.25",
          "Rabat": "27.25",
          "Algiers": "23.41",
          "London": "4.44"
        },
        "Vehicles, Aircraft, Vessels, and Associated Transport Equipment": {
          "Muscat": "100.00"
        },
        "Optical, Photographic, Cinematographic, Measuring, Checking, Precision, Medical or Surgical Instruments and Apparatus; Clocks and Watches; Musical Instruments; Parts and Accessories thereof": {
          "Rome": "18.10",
          "Muscat": "11.63",
          "Cairo": "10.03",
          "Lisbon": "5.94",
          "Washington, D.C.": "5.82"
        },
        "Miscellaneous Manufactured Articles": {
          "Unspecified": "99.92",
          "Russian Federation": "0.00",
          "Abu Dhabi": "0.03",
          "Washington, D.C.": "0.03",
          "Muscat": "0.02"
        }
      },
      "Imports": {
        "Animals & Animal Products": {
          "Qatar": "10.43",
          "Lebanon": "8.79",
          "Muscat": "67.66",
          "Berlin": "5.52",
          "Abu Dhabi": "2.96"
        },
        "Vegetable Products": {
          "Lebanon": "11.12",
          "Jordan": "3.41",
          "Muscat": "41.93",
          "Abu Dhabi": "12.80",
          "Kuwait City": "6.04"
        },
        "Prepared Foodstuffs; Beverages, Spirits, Vinegar, Tobacco and Manufactured Tobacco Substitutes": {
          "Lebanon": "26.98",
          "Muscat": "27.08",
          "Kuwait City": "11.84",
          "Abu Dhabi": "10.57",
          "Cairo": "5.68"
        },
        "Mineral Products": {
          "Lebanon": "100.00"
        },
        "Products of the Chemical or Allied Industries": {
          "Lebanon": "13.41",
          "Yemen": "12.97",
          "Libya": "9.87",
          "Muscat": "17.73",
          "Cairo": "10.41"
        },
        "Plastics and Articles thereof; Rubber and Articles thereof": {
          "Jordan": "22.39",
          "Lebanon": "12.76",
          "Cairo": "27.16",
          "Muscat": "17.09",
          "Kuwait City": "7.11"
        },
        "Raw Hides and Skins, Leather, Furskins, and Articles thereof; Saddlery and Harness; Travel Goods, Handbags, and Similar Containers; Articles of Animal Gut (Other than Silk-worm Gut)": {
          "Jordan": "4.31",
          "Fm Sudan": "3.79",
          "Rome": "60.87",
          "Muscat": "18.86",
          "Seoul": "5.25"
        },
        "Wood and Articles of Wood; Wood Charcoal; Cork and Articles of Cork; Manufactures of Straw, of Esparto or of Other Plaiting Materials; Basketware and Wickerwork": {
          "Jordan": "7.42",
          "Cairo": "39.45",
          "Muscat": "26.38",
          "Algiers": "10.12",
          "Ankara": "4.52"
        },
        "Textiles and Textile Articles": {
          "Belgium": "5.66",
          "Rome": "14.36",
          "Ankara": "12.76",
          "Cairo": "12.61",
          "Jakarta": "5.51"
        },
        "Footwear, Headgear, Umbrellas, Sun Umbrellas, Walking-sticks, Seat-sticks, Whips, Riding-crops, and Parts thereof; Prepared Feathers and Articles Made therewith; Artificial Flowers; Articles of Human Hair": {
          "Fm Sudan": "26.92",
          "Ukraine": "16.08",
          "Libya": "9.03",
          "Russian Federation": "8.59",
          "Muscat": "16.96"
        },
        "Articles of Stone, Plaster, Cement, Asbestos, Mica or Similar Materials; Ceramic Products; Glass and Glassware": {
          "Lebanon": "65.73",
          "Athens": "11.95",
          "Kuwait City": "9.29",
          "Muscat": "8.93",
          "Abu Dhabi": "4.10"
        },
        "Natural or Cultured Pearls, Precious or Semi-precious Stones, Precious Metals, Metals Clad with Precious Metal, and Articles thereof; Imitation Jewellery; Coin": {
          "Lebanon": "20.42",
          "London": "59.85",
          "Amsterdam": "17.60",
          "Athens": "1.66",
          "Seoul": "0.48"
        },
        "Base Metals and Articles of Base Metal": {
          "Lebanon": "8.67",
          "Jordan": "7.45",
          "London": "38.58",
          "Muscat": "18.98",
          "Amsterdam": "11.34"
        },
        "Machinery and Mechanical Appliances; Electrical Equipment; Parts thereof; Sound Recorders and Reproducers, Television Image and Sound Recorders and Reproducers, and Parts and Accessories of such Articles": {
          "Jordan": "13.81",
          "Muscat": "27.25",
          "Rabat": "27.25",
          "Algiers": "23.41",
          "London": "4.44"
        },
        "Vehicles, Aircraft, Vessels, and Associated Transport Equipment": {
          "Muscat": "100.00"
        },
        "Optical, Photographic, Cinematographic, Measuring, Checking, Precision, Medical or Surgical Instruments and Apparatus; Clocks and Watches; Musical Instruments; Parts and Accessories thereof": {
          "Rome": "18.10",
          "Muscat": "11.63",
          "Cairo": "10.03",
          "Lisbon": "5.94",
          "Washington, D.C.": "5.82"
        },
        "Miscellaneous Manufactured Articles": {
          "Unspecified": "99.92",
          "Russian Federation": "0.00",
          "Abu Dhabi": "0.03",
          "Washington, D.C.": "0.03",
          "Muscat": "0.02"
        }
      }
    },
    "2002": {
      "Exports": {
        "Animals & Animal Products": {
          "Qatar": "6.47",
          "Lebanon": "2.96",
          "Muscat": "73.91",
          "Kuwait City": "11.28",
          "Abu Dhabi": "2.04"
        },
        "Vegetable Products": {
          "Lebanon": "6.73",
          "Muscat": "26.34",
          "Algiers": "22.92",
          "Abu Dhabi": "9.53",
          "Cairo": "4.94"
        },
        "Prepared Foodstuffs; Beverages, Spirits, Vinegar, Tobacco and Manufactured Tobacco Substitutes": {
          "Jordan": "20.11",
          "Lebanon": "11.95",
          "Muscat": "23.68",
          "Cairo": "10.77",
          "Kuwait City": "7.42"
        },
        "Mineral Products": {
          "Lebanon": "29.47",
          "Romania": "11.09",
          "Rome": "28.91",
          "Sofia": "12.65",
          "Athens": "5.76"
        },
        "Products of the Chemical or Allied Industries": {
          "Lebanon": "16.58",
          "Yemen": "10.98",
          "Algiers": "12.38",
          "Muscat": "10.19",
          "Rome": "8.79"
        },
        "Plastics and Articles thereof; Rubber and Articles thereof": {
          "Jordan": "4.29",
          "Muscat": "64.99",
          "Algiers": "7.96",
          "Kuwait City": "7.26",
          "Cairo": "4.11"
        },
        "Raw Hides and Skins, Leather, Furskins, and Articles thereof; Saddlery and Harness; Travel Goods, Handbags, and Similar Containers; Articles of Animal Gut (Other than Silk-worm Gut)": {
          "Libya": "1.40",
          "Rome": "81.75",
          "Muscat": "7.92",
          "Seoul": "2.02",
          "Abu Dhabi": "1.36"
        },
        "Wood and Articles of Wood; Wood Charcoal; Cork and Articles of Cork; Manufactures of Straw, of Esparto or of Other Plaiting Materials; Basketware and Wickerwork": {
          "Lebanon": "16.02",
          "Fm Sudan": "9.13",
          "Muscat": "29.15",
          "Cairo": "13.82",
          "Nicosia": "5.31"
        },
        "Textiles and Textile Articles": {
          "Thailand": "4.79",
          "Rome": "14.67",
          "Muscat": "12.84",
          "Islamabad": "5.34",
          "Ankara": "5.00"
        },
        "Footwear, Headgear, Umbrellas, Sun Umbrellas, Walking-sticks, Seat-sticks, Whips, Riding-crops, and Parts thereof; Prepared Feathers and Articles Made therewith; Artificial Flowers; Articles of Human Hair": {
          "Libya": "15.02",
          "Fm Sudan": "14.36",
          "Ukraine": "9.53",
          "Muscat": "33.61",
          "Sofia": "10.56"
        },
        "Articles of Stone, Plaster, Cement, Asbestos, Mica or Similar Materials; Ceramic Products; Glass and Glassware": {
          "Lebanon": "47.76",
          "Muscat": "16.67",
          "Kuwait City": "11.80",
          "Athens": "11.63",
          "Abu Dhabi": "7.50"
        },
        "Natural or Cultured Pearls, Precious or Semi-precious Stones, Precious Metals, Metals Clad with Precious Metal, and Articles thereof; Imitation Jewellery; Coin": {
          "Lebanon": "28.15",
          "Romania": "10.27",
          "Rome": "26.78",
          "Sofia": "11.71",
          "Athens": "5.33"
        },
        "Base Metals and Articles of Base Metal": {
          "Lebanon": "11.86",
          "Muscat": "40.52",
          "Cairo": "14.60",
          "London": "13.95",
          "Abu Dhabi": "8.28"
        },
        "Machinery and Mechanical Appliances; Electrical Equipment; Parts thereof; Sound Recorders and Reproducers, Television Image and Sound Recorders and Reproducers, and Parts and Accessories of such Articles": {
          "Libya": "16.72",
          "Algiers": "37.08",
          "Muscat": "22.36",
          "Rabat": "4.22",
          "Abu Dhabi": "3.48"
        },
        "Vehicles, Aircraft, Vessels, and Associated Transport Equipment": {
          "Free Zones": "22.93",
          "Lebanon": "11.33",
          "Muscat": "54.74",
          "Abu Dhabi": "10.99"
        },
        "Optical, Photographic, Cinematographic, Measuring, Checking, Precision, Medical or Surgical Instruments and Apparatus; Clocks and Watches; Musical Instruments; Parts and Accessories thereof": {
          "Libya": "8.04",
          "Ukraine": "4.79",
          "Muscat": "23.51",
          "Rome": "13.52",
          "Algiers": "6.37"
        },
        "Miscellaneous Manufactured Articles": {
          "Unspecified": "98.41",
          "Lebanon": "0.14",
          "Muscat": "0.92",
          "Abu Dhabi": "0.26",
          "Kuwait City": "0.11"
        }
      },
      "Imports": {
        "Animals & Animal Products": {
          "Qatar": "6.47",
          "Lebanon": "2.96",
          "Muscat": "73.91",
          "Kuwait City": "11.28",
          "Abu Dhabi": "2.04"
        },
        "Vegetable Products": {
          "Lebanon": "6.73",
          "Muscat": "26.34",
          "Algiers": "22.92",
          "Abu Dhabi": "9.53",
          "Cairo": "4.94"
        },
        "Prepared Foodstuffs; Beverages, Spirits, Vinegar, Tobacco and Manufactured Tobacco Substitutes": {
          "Jordan": "20.11",
          "Lebanon": "11.95",
          "Muscat": "23.68",
          "Cairo": "10.77",
          "Kuwait City": "7.42"
        },
        "Mineral Products": {
          "Lebanon": "29.47",
          "Romania": "11.09",
          "Rome": "28.91",
          "Sofia": "12.65",
          "Athens": "5.76"
        },
        "Products of the Chemical or Allied Industries": {
          "Lebanon": "16.58",
          "Yemen": "10.98",
          "Algiers": "12.38",
          "Muscat": "10.19",
          "Rome": "8.79"
        },
        "Plastics and Articles thereof; Rubber and Articles thereof": {
          "Jordan": "4.29",
          "Muscat": "64.99",
          "Algiers": "7.96",
          "Kuwait City": "7.26",
          "Cairo": "4.11"
        },
        "Raw Hides and Skins, Leather, Furskins, and Articles thereof; Saddlery and Harness; Travel Goods, Handbags, and Similar Containers; Articles of Animal Gut (Other than Silk-worm Gut)": {
          "Libya": "1.40",
          "Rome": "81.75",
          "Muscat": "7.92",
          "Seoul": "2.02",
          "Abu Dhabi": "1.36"
        },
        "Wood and Articles of Wood; Wood Charcoal; Cork and Articles of Cork; Manufactures of Straw, of Esparto or of Other Plaiting Materials; Basketware and Wickerwork": {
          "Lebanon": "16.02",
          "Fm Sudan": "9.13",
          "Muscat": "29.15",
          "Cairo": "13.82",
          "Nicosia": "5.31"
        },
        "Textiles and Textile Articles": {
          "Thailand": "4.79",
          "Rome": "14.67",
          "Muscat": "12.84",
          "Islamabad": "5.34",
          "Ankara": "5.00"
        },
        "Footwear, Headgear, Umbrellas, Sun Umbrellas, Walking-sticks, Seat-sticks, Whips, Riding-crops, and Parts thereof; Prepared Feathers and Articles Made therewith; Artificial Flowers; Articles of Human Hair": {
          "Libya": "15.02",
          "Fm Sudan": "14.36",
          "Ukraine": "9.53",
          "Muscat": "33.61",
          "Sofia": "10.56"
        },
        "Articles of Stone, Plaster, Cement, Asbestos, Mica or Similar Materials; Ceramic Products; Glass and Glassware": {
          "Lebanon": "47.76",
          "Muscat": "16.67",
          "Kuwait City": "11.80",
          "Athens": "11.63",
          "Abu Dhabi": "7.50"
        },
        "Natural or Cultured Pearls, Precious or Semi-precious Stones, Precious Metals, Metals Clad with Precious Metal, and Articles thereof; Imitation Jewellery; Coin": {
          "Lebanon": "28.15",
          "Romania": "10.27",
          "Rome": "26.78",
          "Sofia": "11.71",
          "Athens": "5.33"
        },
        "Base Metals and Articles of Base Metal": {
          "Lebanon": "11.86",
          "Muscat": "40.52",
          "Cairo": "14.60",
          "London": "13.95",
          "Abu Dhabi": "8.28"
        },
        "Machinery and Mechanical Appliances; Electrical Equipment; Parts thereof; Sound Recorders and Reproducers, Television Image and Sound Recorders and Reproducers, and Parts and Accessories of such Articles": {
          "Libya": "16.72",
          "Algiers": "37.08",
          "Muscat": "22.36",
          "Rabat": "4.22",
          "Abu Dhabi": "3.48"
        },
        "Vehicles, Aircraft, Vessels, and Associated Transport Equipment": {
          "Free Zones": "22.93",
          "Lebanon": "11.33",
          "Muscat": "54.74",
          "Abu Dhabi": "10.99"
        },
        "Optical, Photographic, Cinematographic, Measuring, Checking, Precision, Medical or Surgical Instruments and Apparatus; Clocks and Watches; Musical Instruments; Parts and Accessories thereof": {
          "Libya": "8.04",
          "Ukraine": "4.79",
          "Muscat": "23.51",
          "Rome": "13.52",
          "Algiers": "6.37"
        },
        "Miscellaneous Manufactured Articles": {
          "Unspecified": "98.41",
          "Lebanon": "0.14",
          "Muscat": "0.92",
          "Abu Dhabi": "0.26",
          "Kuwait City": "0.11"
        }
      }
    },
    "2003": {
      "Exports": {
        "Animals & Animal Products": {
          "Lebanon": "17.90",
          "Unspecified": "7.07",
          "Jordan": "5.04",
          "Riyadh": "61.27",
          "Kuwait City": "3.81"
        },
        "Vegetable Products": {
          "Jordan": "12.52",
          "Riyadh": "17.08",
          "Algiers": "13.86",
          "Cairo": "10.00",
          "Rome": "8.03"
        },
        "Prepared Foodstuffs; Beverages, Spirits, Vinegar, Tobacco and Manufactured Tobacco Substitutes": {
          "Jordan": "22.21",
          "Iraq": "13.74",
          "Lebanon": "9.47",
          "Riyadh": "16.03",
          "Cairo": "6.15"
        },
        "Mineral Products": {
          "Lebanon": "44.47",
          "Romania": "9.27",
          "Athens": "10.26",
          "Sofia": "8.07",
          "Lisbon": "6.61"
        },
        "Products of the Chemical or Allied Industries": {
          "Iraq": "22.50",
          "Lebanon": "13.10",
          "Belgium": "7.83",
          "Unspecified": "6.67",
          "Riyadh": "6.62"
        },
        "Plastics and Articles thereof; Rubber and Articles thereof": {
          "Jordan": "10.66",
          "Lebanon": "10.32",
          "Iraq": "9.41",
          "Riyadh": "34.29",
          "Abu Dhabi": "7.28"
        },
        "Raw Hides and Skins, Leather, Furskins, and Articles thereof; Saddlery and Harness; Travel Goods, Handbags, and Similar Containers; Articles of Animal Gut (Other than Silk-worm Gut)": {
          "Jordan": "2.82",
          "Libya": "2.51",
          "Rome": "76.93",
          "Riyadh": "7.91",
          "Ankara": "1.56"
        },
        "Wood and Articles of Wood; Wood Charcoal; Cork and Articles of Cork; Manufactures of Straw, of Esparto or of Other Plaiting Materials; Basketware and Wickerwork": {
          "Lebanon": "12.17",
          "Jordan": "10.64",
          "Iraq": "8.22",
          "Riyadh": "21.70",
          "Ankara": "5.89"
        },
        "Textiles and Textile Articles": {
          "Belgium": "5.19",
          "Jordan": "4.70",
          "Ankara": "14.29",
          "Rome": "12.98",
          "Riyadh": "8.71"
        },
        "Footwear, Headgear, Umbrellas, Sun Umbrellas, Walking-sticks, Seat-sticks, Whips, Riding-crops, and Parts thereof; Prepared Feathers and Articles Made therewith; Artificial Flowers; Articles of Human Hair": {
          "Libya": "15.98",
          "Fm Sudan": "15.51",
          "Ukraine": "7.57",
          "Jordan": "5.66",
          "Riyadh": "22.42"
        },
        "Articles of Stone, Plaster, Cement, Asbestos, Mica or Similar Materials; Ceramic Products; Glass and Glassware": {
          "Iraq": "21.52",
          "Lebanon": "20.45",
          "Jordan": "10.39",
          "Riyadh": "10.40",
          "Athens": "8.32"
        },
        "Natural or Cultured Pearls, Precious or Semi-precious Stones, Precious Metals, Metals Clad with Precious Metal, and Articles thereof; Imitation Jewellery; Coin": {
          "Lebanon": "39.36",
          "Romania": "8.02",
          "Athens": "8.88",
          "Sofia": "6.98",
          "Lisbon": "5.71"
        },
        "Base Metals and Articles of Base Metal": {
          "Lebanon": "23.56",
          "Iraq": "12.52",
          "Jordan": "12.30",
          "Riyadh": "15.98",
          "Cairo": "5.74"
        },
        "Machinery and Mechanical Appliances; Electrical Equipment; Parts thereof; Sound Recorders and Reproducers, Television Image and Sound Recorders and Reproducers, and Parts and Accessories of such Articles": {
          "Iraq": "21.39",
          "Jordan": "11.53",
          "Lebanon": "5.76",
          "Riyadh": "15.93",
          "Tokyo": "7.61"
        },
        "Vehicles, Aircraft, Vessels, and Associated Transport Equipment": {
          "Jordan": "23.69",
          "Iraq": "11.32",
          "Riyadh": "27.60",
          "Abu Dhabi": "12.02",
          "Kuwait City": "7.03"
        },
        "Optical, Photographic, Cinematographic, Measuring, Checking, Precision, Medical or Surgical Instruments and Apparatus; Clocks and Watches; Musical Instruments; Parts and Accessories thereof": {
          "Jordan": "7.68",
          "Iraq": "6.43",
          "Libya": "5.86",
          "Riyadh": "14.70",
          "Rome": "10.45"
        },
        "Miscellaneous Manufactured Articles": {
          "Unspecified": "15.11",
          "Iraq": "11.20",
          "Lebanon": "8.25",
          "Jordan": "6.51",
          "Riyadh": "18.16"
        }
      },
      "Imports": {
        "Animals & Animal Products": {
          "Lebanon": "17.90",
          "Unspecified": "7.07",
          "Jordan": "5.04",
          "Riyadh": "61.27",
          "Kuwait City": "3.81"
        },
        "Vegetable Products": {
          "Jordan": "12.52",
          "Riyadh": "17.08",
          "Algiers": "13.86",
          "Cairo": "10.00",
          "Rome": "8.03"
        },
        "Prepared Foodstuffs; Beverages, Spirits, Vinegar, Tobacco and Manufactured Tobacco Substitutes": {
          "Jordan": "22.21",
          "Iraq": "13.74",
          "Lebanon": "9.47",
          "Riyadh": "16.03",
          "Cairo": "6.15"
        },
        "Mineral Products": {
          "Lebanon": "44.47",
          "Romania": "9.27",
          "Athens": "10.26",
          "Sofia": "8.07",
          "Lisbon": "6.61"
        },
        "Products of the Chemical or Allied Industries": {
          "Iraq": "22.50",
          "Lebanon": "13.10",
          "Belgium": "7.83",
          "Unspecified": "6.67",
          "Riyadh": "6.62"
        },
        "Plastics and Articles thereof; Rubber and Articles thereof": {
          "Jordan": "10.66",
          "Lebanon": "10.32",
          "Iraq": "9.41",
          "Riyadh": "34.29",
          "Abu Dhabi": "7.28"
        },
        "Raw Hides and Skins, Leather, Furskins, and Articles thereof; Saddlery and Harness; Travel Goods, Handbags, and Similar Containers; Articles of Animal Gut (Other than Silk-worm Gut)": {
          "Jordan": "2.82",
          "Libya": "2.51",
          "Rome": "76.93",
          "Riyadh": "7.91",
          "Ankara": "1.56"
        },
        "Wood and Articles of Wood; Wood Charcoal; Cork and Articles of Cork; Manufactures of Straw, of Esparto or of Other Plaiting Materials; Basketware and Wickerwork": {
          "Lebanon": "12.17",
          "Jordan": "10.64",
          "Iraq": "8.22",
          "Riyadh": "21.70",
          "Ankara": "5.89"
        },
        "Textiles and Textile Articles": {
          "Belgium": "5.19",
          "Jordan": "4.70",
          "Ankara": "14.29",
          "Rome": "12.98",
          "Riyadh": "8.71"
        },
        "Footwear, Headgear, Umbrellas, Sun Umbrellas, Walking-sticks, Seat-sticks, Whips, Riding-crops, and Parts thereof; Prepared Feathers and Articles Made therewith; Artificial Flowers; Articles of Human Hair": {
          "Libya": "15.98",
          "Fm Sudan": "15.51",
          "Ukraine": "7.57",
          "Jordan": "5.66",
          "Riyadh": "22.42"
        },
        "Articles of Stone, Plaster, Cement, Asbestos, Mica or Similar Materials; Ceramic Products; Glass and Glassware": {
          "Iraq": "21.52",
          "Lebanon": "20.45",
          "Jordan": "10.39",
          "Riyadh": "10.40",
          "Athens": "8.32"
        },
        "Natural or Cultured Pearls, Precious or Semi-precious Stones, Precious Metals, Metals Clad with Precious Metal, and Articles thereof; Imitation Jewellery; Coin": {
          "Lebanon": "39.36",
          "Romania": "8.02",
          "Athens": "8.88",
          "Sofia": "6.98",
          "Lisbon": "5.71"
        },
        "Base Metals and Articles of Base Metal": {
          "Lebanon": "23.56",
          "Iraq": "12.52",
          "Jordan": "12.30",
          "Riyadh": "15.98",
          "Cairo": "5.74"
        },
        "Machinery and Mechanical Appliances; Electrical Equipment; Parts thereof; Sound Recorders and Reproducers, Television Image and Sound Recorders and Reproducers, and Parts and Accessories of such Articles": {
          "Iraq": "21.39",
          "Jordan": "11.53",
          "Lebanon": "5.76",
          "Riyadh": "15.93",
          "Tokyo": "7.61"
        },
        "Vehicles, Aircraft, Vessels, and Associated Transport Equipment": {
          "Jordan": "23.69",
          "Iraq": "11.32",
          "Riyadh": "27.60",
          "Abu Dhabi": "12.02",
          "Kuwait City": "7.03"
        },
        "Optical, Photographic, Cinematographic, Measuring, Checking, Precision, Medical or Surgical Instruments and Apparatus; Clocks and Watches; Musical Instruments; Parts and Accessories thereof": {
          "Jordan": "7.68",
          "Iraq": "6.43",
          "Libya": "5.86",
          "Riyadh": "14.70",
          "Rome": "10.45"
        },
        "Miscellaneous Manufactured Articles": {
          "Unspecified": "15.11",
          "Iraq": "11.20",
          "Lebanon": "8.25",
          "Jordan": "6.51",
          "Riyadh": "18.16"
        }
      }
    },
    "2004": {
      "Exports": {
        "Animals & Animal Products": {
          "Lebanon": "10.90",
          "Qatar": "6.45",
          "Jordan": "2.94",
          "Riyadh": "67.76",
          "Kuwait City": "8.41"
        },
        "Vegetable Products": {
          "Jordan": "16.43",
          "Iraq": "9.06",
          "Lebanon": "8.25",
          "Cairo": "17.05",
          "Riyadh": "11.33"
        },
        "Prepared Foodstuffs; Beverages, Spirits, Vinegar, Tobacco and Manufactured Tobacco Substitutes": {
          "Iraq": "41.81",
          "Jordan": "15.90",
          "Lebanon": "7.12",
          "Riyadh": "10.75",
          "Ankara": "5.03"
        },
        "Mineral Products": {
          "Lebanon": "45.15",
          "Ukraine": "14.60",
          "Athens": "11.09",
          "Warsaw": "8.84",
          "Sofia": "6.99"
        },
        "Products of the Chemical or Allied Industries": {
          "Lebanon": "25.95",
          "Iraq": "21.98",
          "Jordan": "8.47",
          "Yemen": "5.33",
          "Riyadh": "8.22"
        },
        "Plastics and Articles thereof; Rubber and Articles thereof": {
          "Iraq": "13.46",
          "Jordan": "11.14",
          "Lebanon": "10.72",
          "Riyadh": "36.95",
          "Abu Dhabi": "8.57"
        },
        "Raw Hides and Skins, Leather, Furskins, and Articles thereof; Saddlery and Harness; Travel Goods, Handbags, and Similar Containers; Articles of Animal Gut (Other than Silk-worm Gut)": {
          "Libya": "2.10",
          "Rome": "79.52",
          "Riyadh": "6.55",
          "Ankara": "3.73",
          "Beijing": "2.49"
        },
        "Wood and Articles of Wood; Wood Charcoal; Cork and Articles of Cork; Manufactures of Straw, of Esparto or of Other Plaiting Materials; Basketware and Wickerwork": {
          "Iraq": "15.25",
          "Jordan": "14.33",
          "Lebanon": "9.96",
          "Riyadh": "31.32",
          "Ankara": "5.14"
        },
        "Textiles and Textile Articles": {
          "Rome": "13.02",
          "Ankara": "10.22",
          "Riyadh": "8.96",
          "Islamabad": "7.24",
          "Cairo": "7.21"
        },
        "Footwear, Headgear, Umbrellas, Sun Umbrellas, Walking-sticks, Seat-sticks, Whips, Riding-crops, and Parts thereof; Prepared Feathers and Articles Made therewith; Artificial Flowers; Articles of Human Hair": {
          "Libya": "23.63",
          "Fm Sudan": "15.74",
          "Yemen": "4.97",
          "Jordan": "4.45",
          "Riyadh": "29.24"
        },
        "Articles of Stone, Plaster, Cement, Asbestos, Mica or Similar Materials; Ceramic Products; Glass and Glassware": {
          "Iraq": "49.79",
          "Lebanon": "11.65",
          "Jordan": "8.36",
          "Riyadh": "7.09",
          "Athens": "5.57"
        },
        "Natural or Cultured Pearls, Precious or Semi-precious Stones, Precious Metals, Metals Clad with Precious Metal, and Articles thereof; Imitation Jewellery; Coin": {
          "Lebanon": "41.43",
          "Ukraine": "12.62",
          "Athens": "9.60",
          "Warsaw": "7.64",
          "Sofia": "6.04"
        },
        "Base Metals and Articles of Base Metal": {
          "Lebanon": "47.00",
          "Jordan": "18.81",
          "Iraq": "12.72",
          "Riyadh": "7.49",
          "Ankara": "2.58"
        },
        "Machinery and Mechanical Appliances; Electrical Equipment; Parts thereof; Sound Recorders and Reproducers, Television Image and Sound Recorders and Reproducers, and Parts and Accessories of such Articles": {
          "Iraq": "51.86",
          "Jordan": "12.28",
          "Lebanon": "4.16",
          "Riyadh": "9.03",
          "London": "6.14"
        },
        "Vehicles, Aircraft, Vessels, and Associated Transport Equipment": {
          "Iraq": "21.46",
          "Jordan": "7.76",
          "Riyadh": "40.72",
          "Abu Dhabi": "10.35",
          "Kuwait City": "7.36"
        },
        "Optical, Photographic, Cinematographic, Measuring, Checking, Precision, Medical or Surgical Instruments and Apparatus; Clocks and Watches; Musical Instruments; Parts and Accessories thereof": {
          "Lebanon": "12.67",
          "Iraq": "12.37",
          "Jordan": "8.52",
          "Riyadh": "14.99",
          "Rome": "8.46"
        },
        "Miscellaneous Manufactured Articles": {
          "Unspecified": "88.76",
          "Iraq": "2.81",
          "Lebanon": "0.96",
          "Riyadh": "2.19",
          "Nicosia": "1.69"
        }
      },
      "Imports": {
        "Animals & Animal Products": {
          "Lebanon": "10.90",
          "Qatar": "6.45",
          "Jordan": "2.94",
          "Riyadh": "67.76",
          "Kuwait City": "8.41"
        },
        "Vegetable Products": {
          "Jordan": "16.43",
          "Iraq": "9.06",
          "Lebanon": "8.25",
          "Cairo": "17.05",
          "Riyadh": "11.33"
        },
        "Prepared Foodstuffs; Beverages, Spirits, Vinegar, Tobacco and Manufactured Tobacco Substitutes": {
          "Iraq": "41.81",
          "Jordan": "15.90",
          "Lebanon": "7.12",
          "Riyadh": "10.75",
          "Ankara": "5.03"
        },
        "Mineral Products": {
          "Lebanon": "45.15",
          "Ukraine": "14.60",
          "Athens": "11.09",
          "Warsaw": "8.84",
          "Sofia": "6.99"
        },
        "Products of the Chemical or Allied Industries": {
          "Lebanon": "25.95",
          "Iraq": "21.98",
          "Jordan": "8.47",
          "Yemen": "5.33",
          "Riyadh": "8.22"
        },
        "Plastics and Articles thereof; Rubber and Articles thereof": {
          "Iraq": "13.46",
          "Jordan": "11.14",
          "Lebanon": "10.72",
          "Riyadh": "36.95",
          "Abu Dhabi": "8.57"
        },
        "Raw Hides and Skins, Leather, Furskins, and Articles thereof; Saddlery and Harness; Travel Goods, Handbags, and Similar Containers; Articles of Animal Gut (Other than Silk-worm Gut)": {
          "Libya": "2.10",
          "Rome": "79.52",
          "Riyadh": "6.55",
          "Ankara": "3.73",
          "Beijing": "2.49"
        },
        "Wood and Articles of Wood; Wood Charcoal; Cork and Articles of Cork; Manufactures of Straw, of Esparto or of Other Plaiting Materials; Basketware and Wickerwork": {
          "Iraq": "15.25",
          "Jordan": "14.33",
          "Lebanon": "9.96",
          "Riyadh": "31.32",
          "Ankara": "5.14"
        },
        "Textiles and Textile Articles": {
          "Rome": "13.02",
          "Ankara": "10.22",
          "Riyadh": "8.96",
          "Islamabad": "7.24",
          "Cairo": "7.21"
        },
        "Footwear, Headgear, Umbrellas, Sun Umbrellas, Walking-sticks, Seat-sticks, Whips, Riding-crops, and Parts thereof; Prepared Feathers and Articles Made therewith; Artificial Flowers; Articles of Human Hair": {
          "Libya": "23.63",
          "Fm Sudan": "15.74",
          "Yemen": "4.97",
          "Jordan": "4.45",
          "Riyadh": "29.24"
        },
        "Articles of Stone, Plaster, Cement, Asbestos, Mica or Similar Materials; Ceramic Products; Glass and Glassware": {
          "Iraq": "49.79",
          "Lebanon": "11.65",
          "Jordan": "8.36",
          "Riyadh": "7.09",
          "Athens": "5.57"
        },
        "Natural or Cultured Pearls, Precious or Semi-precious Stones, Precious Metals, Metals Clad with Precious Metal, and Articles thereof; Imitation Jewellery; Coin": {
          "Lebanon": "41.43",
          "Ukraine": "12.62",
          "Athens": "9.60",
          "Warsaw": "7.64",
          "Sofia": "6.04"
        },
        "Base Metals and Articles of Base Metal": {
          "Lebanon": "47.00",
          "Jordan": "18.81",
          "Iraq": "12.72",
          "Riyadh": "7.49",
          "Ankara": "2.58"
        },
        "Machinery and Mechanical Appliances; Electrical Equipment; Parts thereof; Sound Recorders and Reproducers, Television Image and Sound Recorders and Reproducers, and Parts and Accessories of such Articles": {
          "Iraq": "51.86",
          "Jordan": "12.28",
          "Lebanon": "4.16",
          "Riyadh": "9.03",
          "London": "6.14"
        },
        "Vehicles, Aircraft, Vessels, and Associated Transport Equipment": {
          "Iraq": "21.46",
          "Jordan": "7.76",
          "Riyadh": "40.72",
          "Abu Dhabi": "10.35",
          "Kuwait City": "7.36"
        },
        "Optical, Photographic, Cinematographic, Measuring, Checking, Precision, Medical or Surgical Instruments and Apparatus; Clocks and Watches; Musical Instruments; Parts and Accessories thereof": {
          "Lebanon": "12.67",
          "Iraq": "12.37",
          "Jordan": "8.52",
          "Riyadh": "14.99",
          "Rome": "8.46"
        },
        "Miscellaneous Manufactured Articles": {
          "Unspecified": "88.76",
          "Iraq": "2.81",
          "Lebanon": "0.96",
          "Riyadh": "2.19",
          "Nicosia": "1.69"
        }
      }
    },
    "2005": {
      "Exports": {
        "Animals & Animal Products": {
          "Qatar": "8.31",
          "Lebanon": "7.24",
          "Jordan": "3.55",
          "Riyadh": "68.84",
          "Kuwait City": "6.59"
        },
        "Vegetable Products": {
          "Jordan": "8.18",
          "Lebanon": "7.34",
          "Cairo": "12.68",
          "Rome": "11.86",
          "Riyadh": "10.52"
        },
        "Prepared Foodstuffs; Beverages, Spirits, Vinegar, Tobacco and Manufactured Tobacco Substitutes": {
          "Iraq": "40.01",
          "Jordan": "17.79",
          "Lebanon": "7.34",
          "Riyadh": "9.98",
          "Abu Dhabi": "4.35"
        },
        "Mineral Products": {
          "Lebanon": "38.73",
          "Ukraine": "13.32",
          "Amsterdam": "7.33",
          "Sofia": "6.41",
          "Ankara": "6.31"
        },
        "Products of the Chemical or Allied Industries": {
          "Iraq": "52.23",
          "Lebanon": "13.60",
          "Yemen": "4.39",
          "Jordan": "3.58",
          "Riyadh": "4.73"
        },
        "Plastics and Articles thereof; Rubber and Articles thereof": {
          "Jordan": "11.67",
          "Lebanon": "10.80",
          "Iraq": "7.28",
          "Riyadh": "31.75",
          "Abu Dhabi": "10.03"
        },
        "Raw Hides and Skins, Leather, Furskins, and Articles thereof; Saddlery and Harness; Travel Goods, Handbags, and Similar Containers; Articles of Animal Gut (Other than Silk-worm Gut)": {
          "Jordan": "3.46",
          "Rome": "73.62",
          "Riyadh": "6.92",
          "Cairo": "2.50",
          "Abu Dhabi": "1.93"
        },
        "Wood and Articles of Wood; Wood Charcoal; Cork and Articles of Cork; Manufactures of Straw, of Esparto or of Other Plaiting Materials; Basketware and Wickerwork": {
          "Lebanon": "11.24",
          "Jordan": "9.16",
          "Iraq": "8.33",
          "Riyadh": "27.28",
          "Ankara": "10.11"
        },
        "Textiles and Textile Articles": {
          "Libya": "4.65",
          "Ankara": "14.94",
          "Cairo": "11.81",
          "Riyadh": "9.36",
          "Rome": "9.11"
        },
        "Footwear, Headgear, Umbrellas, Sun Umbrellas, Walking-sticks, Seat-sticks, Whips, Riding-crops, and Parts thereof; Prepared Feathers and Articles Made therewith; Artificial Flowers; Articles of Human Hair": {
          "Libya": "19.17",
          "Fm Sudan": "11.42",
          "Jordan": "5.34",
          "Georgia": "4.59",
          "Riyadh": "30.11"
        },
        "Articles of Stone, Plaster, Cement, Asbestos, Mica or Similar Materials; Ceramic Products; Glass and Glassware": {
          "Iraq": "25.06",
          "Jordan": "12.99",
          "Lebanon": "8.99",
          "Riyadh": "12.07",
          "Abu Dhabi": "8.95"
        },
        "Natural or Cultured Pearls, Precious or Semi-precious Stones, Precious Metals, Metals Clad with Precious Metal, and Articles thereof; Imitation Jewellery; Coin": {
          "Lebanon": "36.15",
          "Ukraine": "11.37",
          "Amsterdam": "6.26",
          "Ankara": "6.24",
          "Sofia": "5.48"
        },
        "Base Metals and Articles of Base Metal": {
          "Lebanon": "37.07",
          "Jordan": "16.51",
          "Iraq": "16.31",
          "Riyadh": "10.37",
          "Abu Dhabi": "2.90"
        },
        "Machinery and Mechanical Appliances; Electrical Equipment; Parts thereof; Sound Recorders and Reproducers, Television Image and Sound Recorders and Reproducers, and Parts and Accessories of such Articles": {
          "Iraq": "41.39",
          "Jordan": "13.46",
          "Lebanon": "5.00",
          "Riyadh": "6.85",
          "London": "4.60"
        },
        "Vehicles, Aircraft, Vessels, and Associated Transport Equipment": {
          "Riyadh": "24.00",
          "Cairo": "8.29",
          "New Delhi": "7.50",
          "Paris": "6.97",
          "Abu Dhabi": "6.77"
        },
        "Optical, Photographic, Cinematographic, Measuring, Checking, Precision, Medical or Surgical Instruments and Apparatus; Clocks and Watches; Musical Instruments; Parts and Accessories thereof": {
          "Iraq": "16.49",
          "Lebanon": "9.33",
          "Jordan": "8.18",
          "Riyadh": "14.21",
          "Cairo": "7.48"
        },
        "Miscellaneous Manufactured Articles": {
          "Iraq": "8.31",
          "Jordan": "7.14",
          "Lebanon": "6.25",
          "Riyadh": "14.12",
          "Abu Dhabi": "5.53"
        }
      },
      "Imports": {
        "Animals & Animal Products": {
          "Qatar": "8.31",
          "Lebanon": "7.24",
          "Jordan": "3.55",
          "Riyadh": "68.84",
          "Kuwait City": "6.59"
        },
        "Vegetable Products": {
          "Jordan": "8.18",
          "Lebanon": "7.34",
          "Cairo": "12.68",
          "Rome": "11.86",
          "Riyadh": "10.52"
        },
        "Prepared Foodstuffs; Beverages, Spirits, Vinegar, Tobacco and Manufactured Tobacco Substitutes": {
          "Iraq": "40.01",
          "Jordan": "17.79",
          "Lebanon": "7.34",
          "Riyadh": "9.98",
          "Abu Dhabi": "4.35"
        },
        "Mineral Products": {
          "Lebanon": "38.73",
          "Ukraine": "13.32",
          "Amsterdam": "7.33",
          "Sofia": "6.41",
          "Ankara": "6.31"
        },
        "Products of the Chemical or Allied Industries": {
          "Iraq": "52.23",
          "Lebanon": "13.60",
          "Yemen": "4.39",
          "Jordan": "3.58",
          "Riyadh": "4.73"
        },
        "Plastics and Articles thereof; Rubber and Articles thereof": {
          "Jordan": "11.67",
          "Lebanon": "10.80",
          "Iraq": "7.28",
          "Riyadh": "31.75",
          "Abu Dhabi": "10.03"
        },
        "Raw Hides and Skins, Leather, Furskins, and Articles thereof; Saddlery and Harness; Travel Goods, Handbags, and Similar Containers; Articles of Animal Gut (Other than Silk-worm Gut)": {
          "Jordan": "3.46",
          "Rome": "73.62",
          "Riyadh": "6.92",
          "Cairo": "2.50",
          "Abu Dhabi": "1.93"
        },
        "Wood and Articles of Wood; Wood Charcoal; Cork and Articles of Cork; Manufactures of Straw, of Esparto or of Other Plaiting Materials; Basketware and Wickerwork": {
          "Lebanon": "11.24",
          "Jordan": "9.16",
          "Iraq": "8.33",
          "Riyadh": "27.28",
          "Ankara": "10.11"
        },
        "Textiles and Textile Articles": {
          "Libya": "4.65",
          "Ankara": "14.94",
          "Cairo": "11.81",
          "Riyadh": "9.36",
          "Rome": "9.11"
        },
        "Footwear, Headgear, Umbrellas, Sun Umbrellas, Walking-sticks, Seat-sticks, Whips, Riding-crops, and Parts thereof; Prepared Feathers and Articles Made therewith; Artificial Flowers; Articles of Human Hair": {
          "Libya": "19.17",
          "Fm Sudan": "11.42",
          "Jordan": "5.34",
          "Georgia": "4.59",
          "Riyadh": "30.11"
        },
        "Articles of Stone, Plaster, Cement, Asbestos, Mica or Similar Materials; Ceramic Products; Glass and Glassware": {
          "Iraq": "25.06",
          "Jordan": "12.99",
          "Lebanon": "8.99",
          "Riyadh": "12.07",
          "Abu Dhabi": "8.95"
        },
        "Natural or Cultured Pearls, Precious or Semi-precious Stones, Precious Metals, Metals Clad with Precious Metal, and Articles thereof; Imitation Jewellery; Coin": {
          "Lebanon": "36.15",
          "Ukraine": "11.37",
          "Amsterdam": "6.26",
          "Ankara": "6.24",
          "Sofia": "5.48"
        },
        "Base Metals and Articles of Base Metal": {
          "Lebanon": "37.07",
          "Jordan": "16.51",
          "Iraq": "16.31",
          "Riyadh": "10.37",
          "Abu Dhabi": "2.90"
        },
        "Machinery and Mechanical Appliances; Electrical Equipment; Parts thereof; Sound Recorders and Reproducers, Television Image and Sound Recorders and Reproducers, and Parts and Accessories of such Articles": {
          "Iraq": "41.39",
          "Jordan": "13.46",
          "Lebanon": "5.00",
          "Riyadh": "6.85",
          "London": "4.60"
        },
        "Vehicles, Aircraft, Vessels, and Associated Transport Equipment": {
          "Riyadh": "24.00",
          "Cairo": "8.29",
          "New Delhi": "7.50",
          "Paris": "6.97",
          "Abu Dhabi": "6.77"
        },
        "Optical, Photographic, Cinematographic, Measuring, Checking, Precision, Medical or Surgical Instruments and Apparatus; Clocks and Watches; Musical Instruments; Parts and Accessories thereof": {
          "Iraq": "16.49",
          "Lebanon": "9.33",
          "Jordan": "8.18",
          "Riyadh": "14.21",
          "Cairo": "7.48"
        },
        "Miscellaneous Manufactured Articles": {
          "Iraq": "8.31",
          "Jordan": "7.14",
          "Lebanon": "6.25",
          "Riyadh": "14.12",
          "Abu Dhabi": "5.53"
        }
      }
    },
    "2006": {
      "Exports": {
        "Animals & Animal Products": {
          "Lebanon": "13.01",
          "Jordan": "7.96",
          "Qatar": "4.41",
          "Riyadh": "58.91",
          "Kuwait City": "5.76"
        },
        "Vegetable Products": {
          "Jordan": "8.52",
          "Iraq": "7.66",
          "Riyadh": "16.54",
          "Cairo": "16.23",
          "Rome": "10.76"
        },
        "Prepared Foodstuffs; Beverages, Spirits, Vinegar, Tobacco and Manufactured Tobacco Substitutes": {
          "Iraq": "31.57",
          "Jordan": "11.17",
          "Lebanon": "9.77",
          "Riyadh": "11.96",
          "Kuwait City": "9.06"
        },
        "Mineral Products": {
          "Lebanon": "28.10",
          "Ukraine": "15.46",
          "Amsterdam": "11.92",
          "Ankara": "10.45",
          "Warsaw": "8.76"
        },
        "Products of the Chemical or Allied Industries": {
          "Iraq": "30.66",
          "Lebanon": "14.79",
          "Senegal": "10.79",
          "Yemen": "6.34",
          "Angola": "4.40"
        },
        "Plastics and Articles thereof; Rubber and Articles thereof": {
          "Lebanon": "11.79",
          "Jordan": "9.13",
          "Iraq": "8.33",
          "Riyadh": "26.83",
          "Abu Dhabi": "10.21"
        },
        "Raw Hides and Skins, Leather, Furskins, and Articles thereof; Saddlery and Harness; Travel Goods, Handbags, and Similar Containers; Articles of Animal Gut (Other than Silk-worm Gut)": {
          "Rome": "65.58",
          "Riyadh": "6.24",
          "New Delhi": "4.53",
          "Seoul": "3.71",
          "Abu Dhabi": "2.72"
        },
        "Wood and Articles of Wood; Wood Charcoal; Cork and Articles of Cork; Manufactures of Straw, of Esparto or of Other Plaiting Materials; Basketware and Wickerwork": {
          "Jordan": "9.59",
          "Lebanon": "9.37",
          "Iraq": "5.44",
          "Riyadh": "28.74",
          "Abu Dhabi": "5.60"
        },
        "Textiles and Textile Articles": {
          "Libya": "6.57",
          "Riyadh": "13.83",
          "Ankara": "8.81",
          "Cairo": "8.58",
          "Algiers": "8.53"
        },
        "Footwear, Headgear, Umbrellas, Sun Umbrellas, Walking-sticks, Seat-sticks, Whips, Riding-crops, and Parts thereof; Prepared Feathers and Articles Made therewith; Artificial Flowers; Articles of Human Hair": {
          "Libya": "12.98",
          "Fm Sudan": "7.84",
          "Ukraine": "7.60",
          "Riyadh": "25.77",
          "Ankara": "10.89"
        },
        "Articles of Stone, Plaster, Cement, Asbestos, Mica or Similar Materials; Ceramic Products; Glass and Glassware": {
          "Iraq": "30.29",
          "Jordan": "18.51",
          "Lebanon": "7.71",
          "Riyadh": "10.11",
          "Athens": "6.71"
        },
        "Natural or Cultured Pearls, Precious or Semi-precious Stones, Precious Metals, Metals Clad with Precious Metal, and Articles thereof; Imitation Jewellery; Coin": {
          "Lebanon": "20.61",
          "Ukraine": "8.39",
          "Beijing": "14.03",
          "Amsterdam": "7.20",
          "Ankara": "6.07"
        },
        "Base Metals and Articles of Base Metal": {
          "Iraq": "21.84",
          "Lebanon": "15.32",
          "Jordan": "12.46",
          "Riyadh": "12.00",
          "Beijing": "7.08"
        },
        "Machinery and Mechanical Appliances; Electrical Equipment; Parts thereof; Sound Recorders and Reproducers, Television Image and Sound Recorders and Reproducers, and Parts and Accessories of such Articles": {
          "Iraq": "43.56",
          "Jordan": "9.05",
          "Russian Federation": "4.65",
          "Kuwait City": "19.34",
          "Ankara": "10.64"
        },
        "Vehicles, Aircraft, Vessels, and Associated Transport Equipment": {
          "Qatar": "9.46",
          "Iraq": "6.74",
          "Cairo": "26.53",
          "Riyadh": "16.58",
          "New Delhi": "8.26"
        },
        "Optical, Photographic, Cinematographic, Measuring, Checking, Precision, Medical or Surgical Instruments and Apparatus; Clocks and Watches; Musical Instruments; Parts and Accessories thereof": {
          "Iraq": "13.75",
          "Jordan": "7.45",
          "Lebanon": "5.66",
          "Riyadh": "13.73",
          "Ankara": "6.12"
        },
        "Miscellaneous Manufactured Articles": {
          "Unspecified": "89.30",
          "Iraq": "2.16",
          "Lebanon": "0.99",
          "Jordan": "0.66",
          "Riyadh": "1.64"
        }
      },
      "Imports": {
        "Animals & Animal Products": {
          "Lebanon": "13.01",
          "Jordan": "7.96",
          "Qatar": "4.41",
          "Riyadh": "58.91",
          "Kuwait City": "5.76"
        },
        "Vegetable Products": {
          "Jordan": "8.52",
          "Iraq": "7.66",
          "Riyadh": "16.54",
          "Cairo": "16.23",
          "Rome": "10.76"
        },
        "Prepared Foodstuffs; Beverages, Spirits, Vinegar, Tobacco and Manufactured Tobacco Substitutes": {
          "Iraq": "31.57",
          "Jordan": "11.17",
          "Lebanon": "9.77",
          "Riyadh": "11.96",
          "Kuwait City": "9.06"
        },
        "Mineral Products": {
          "Lebanon": "28.10",
          "Ukraine": "15.46",
          "Amsterdam": "11.92",
          "Ankara": "10.45",
          "Warsaw": "8.76"
        },
        "Products of the Chemical or Allied Industries": {
          "Iraq": "30.66",
          "Lebanon": "14.79",
          "Senegal": "10.79",
          "Yemen": "6.34",
          "Angola": "4.40"
        },
        "Plastics and Articles thereof; Rubber and Articles thereof": {
          "Lebanon": "11.79",
          "Jordan": "9.13",
          "Iraq": "8.33",
          "Riyadh": "26.83",
          "Abu Dhabi": "10.21"
        },
        "Raw Hides and Skins, Leather, Furskins, and Articles thereof; Saddlery and Harness; Travel Goods, Handbags, and Similar Containers; Articles of Animal Gut (Other than Silk-worm Gut)": {
          "Rome": "65.58",
          "Riyadh": "6.24",
          "New Delhi": "4.53",
          "Seoul": "3.71",
          "Abu Dhabi": "2.72"
        },
        "Wood and Articles of Wood; Wood Charcoal; Cork and Articles of Cork; Manufactures of Straw, of Esparto or of Other Plaiting Materials; Basketware and Wickerwork": {
          "Jordan": "9.59",
          "Lebanon": "9.37",
          "Iraq": "5.44",
          "Riyadh": "28.74",
          "Abu Dhabi": "5.60"
        },
        "Textiles and Textile Articles": {
          "Libya": "6.57",
          "Riyadh": "13.83",
          "Ankara": "8.81",
          "Cairo": "8.58",
          "Algiers": "8.53"
        },
        "Footwear, Headgear, Umbrellas, Sun Umbrellas, Walking-sticks, Seat-sticks, Whips, Riding-crops, and Parts thereof; Prepared Feathers and Articles Made therewith; Artificial Flowers; Articles of Human Hair": {
          "Libya": "12.98",
          "Fm Sudan": "7.84",
          "Ukraine": "7.60",
          "Riyadh": "25.77",
          "Ankara": "10.89"
        },
        "Articles of Stone, Plaster, Cement, Asbestos, Mica or Similar Materials; Ceramic Products; Glass and Glassware": {
          "Iraq": "30.29",
          "Jordan": "18.51",
          "Lebanon": "7.71",
          "Riyadh": "10.11",
          "Athens": "6.71"
        },
        "Natural or Cultured Pearls, Precious or Semi-precious Stones, Precious Metals, Metals Clad with Precious Metal, and Articles thereof; Imitation Jewellery; Coin": {
          "Lebanon": "20.61",
          "Ukraine": "8.39",
          "Beijing": "14.03",
          "Amsterdam": "7.20",
          "Ankara": "6.07"
        },
        "Base Metals and Articles of Base Metal": {
          "Iraq": "21.84",
          "Lebanon": "15.32",
          "Jordan": "12.46",
          "Riyadh": "12.00",
          "Beijing": "7.08"
        },
        "Machinery and Mechanical Appliances; Electrical Equipment; Parts thereof; Sound Recorders and Reproducers, Television Image and Sound Recorders and Reproducers, and Parts and Accessories of such Articles": {
          "Iraq": "43.56",
          "Jordan": "9.05",
          "Russian Federation": "4.65",
          "Kuwait City": "19.34",
          "Ankara": "10.64"
        },
        "Vehicles, Aircraft, Vessels, and Associated Transport Equipment": {
          "Qatar": "9.46",
          "Iraq": "6.74",
          "Cairo": "26.53",
          "Riyadh": "16.58",
          "New Delhi": "8.26"
        },
        "Optical, Photographic, Cinematographic, Measuring, Checking, Precision, Medical or Surgical Instruments and Apparatus; Clocks and Watches; Musical Instruments; Parts and Accessories thereof": {
          "Iraq": "13.75",
          "Jordan": "7.45",
          "Lebanon": "5.66",
          "Riyadh": "13.73",
          "Ankara": "6.12"
        },
        "Miscellaneous Manufactured Articles": {
          "Unspecified": "89.30",
          "Iraq": "2.16",
          "Lebanon": "0.99",
          "Jordan": "0.66",
          "Riyadh": "1.64"
        }
      }
    },
    "2007": {
      "Exports": {
        "Animals & Animal Products": {
          "Lebanon": "12.69",
          "Jordan": "7.41",
          "Qatar": "4.22",
          "Riyadh": "54.07",
          "Abu Dhabi": "5.68"
        },
        "Vegetable Products": {
          "Iraq": "10.14",
          "Jordan": "7.33",
          "Riyadh": "15.74",
          "Cairo": "11.95",
          "Rome": "9.76"
        },
        "Prepared Foodstuffs; Beverages, Spirits, Vinegar, Tobacco and Manufactured Tobacco Substitutes": {
          "Iraq": "26.11",
          "Jordan": "9.30",
          "Riyadh": "26.32",
          "Kuwait City": "9.94",
          "Cairo": "5.46"
        },
        "Mineral Products": {
          "Ukraine": "12.75",
          "Lebanon": "12.14",
          "Ankara": "28.06",
          "Amsterdam": "10.69",
          "Warsaw": "7.95"
        },
        "Products of the Chemical or Allied Industries": {
          "Iraq": "20.04",
          "Senegal": "11.67",
          "Lebanon": "11.43",
          "Yemen": "6.81",
          "Abu Dhabi": "6.08"
        },
        "Plastics and Articles thereof; Rubber and Articles thereof": {
          "Yemen": "10.80",
          "Lebanon": "10.26",
          "Iraq": "7.92",
          "Riyadh": "21.76",
          "Cairo": "9.34"
        },
        "Raw Hides and Skins, Leather, Furskins, and Articles thereof; Saddlery and Harness; Travel Goods, Handbags, and Similar Containers; Articles of Animal Gut (Other than Silk-worm Gut)": {
          "Rome": "54.08",
          "New Delhi": "12.43",
          "Riyadh": "8.65",
          "Seoul": "7.11",
          "Abu Dhabi": "3.82"
        },
        "Wood and Articles of Wood; Wood Charcoal; Cork and Articles of Cork; Manufactures of Straw, of Esparto or of Other Plaiting Materials; Basketware and Wickerwork": {
          "Jordan": "10.18",
          "Iraq": "6.85",
          "Riyadh": "29.85",
          "Ankara": "6.68",
          "Abu Dhabi": "5.26"
        },
        "Textiles and Textile Articles": {
          "Jordan": "7.63",
          "Riyadh": "15.16",
          "Algiers": "9.83",
          "Ankara": "9.27",
          "Cairo": "7.96"
        },
        "Footwear, Headgear, Umbrellas, Sun Umbrellas, Walking-sticks, Seat-sticks, Whips, Riding-crops, and Parts thereof; Prepared Feathers and Articles Made therewith; Artificial Flowers; Articles of Human Hair": {
          "Ukraine": "11.56",
          "Libya": "6.02",
          "Ankara": "25.99",
          "Algiers": "14.33",
          "Riyadh": "12.76"
        },
        "Articles of Stone, Plaster, Cement, Asbestos, Mica or Similar Materials; Ceramic Products; Glass and Glassware": {
          "Iraq": "22.73",
          "Jordan": "21.56",
          "Athens": "12.08",
          "Riyadh": "10.00",
          "Nicosia": "8.79"
        },
        "Natural or Cultured Pearls, Precious or Semi-precious Stones, Precious Metals, Metals Clad with Precious Metal, and Articles thereof; Imitation Jewellery; Coin": {
          "Lebanon": "9.98",
          "Libya": "9.79",
          "Ankara": "14.16",
          "Riyadh": "6.56",
          "Athens": "5.82"
        },
        "Base Metals and Articles of Base Metal": {
          "Lebanon": "20.54",
          "Jordan": "12.73",
          "Iraq": "11.47",
          "Libya": "10.76",
          "Riyadh": "10.83"
        },
        "Machinery and Mechanical Appliances; Electrical Equipment; Parts thereof; Sound Recorders and Reproducers, Television Image and Sound Recorders and Reproducers, and Parts and Accessories of such Articles": {
          "Iraq": "24.09",
          "Jordan": "14.70",
          "Qatar": "5.50",
          "Riyadh": "19.56",
          "Kuwait City": "16.41"
        },
        "Vehicles, Aircraft, Vessels, and Associated Transport Equipment": {
          "Qatar": "17.54",
          "Jordan": "12.45",
          "Ankara": "16.46",
          "Cairo": "14.59",
          "Riyadh": "10.54"
        },
        "Optical, Photographic, Cinematographic, Measuring, Checking, Precision, Medical or Surgical Instruments and Apparatus; Clocks and Watches; Musical Instruments; Parts and Accessories thereof": {
          "Iraq": "8.57",
          "Jordan": "8.38",
          "Riyadh": "14.90",
          "Ankara": "7.38",
          "Algiers": "6.62"
        },
        "Miscellaneous Manufactured Articles": {
          "Iraq": "20.24",
          "Lebanon": "6.27",
          "Jordan": "4.33",
          "Riyadh": "9.06",
          "Abu Dhabi": "4.99"
        }
      },
      "Imports": {
        "Animals & Animal Products": {
          "Lebanon": "12.69",
          "Jordan": "7.41",
          "Qatar": "4.22",
          "Riyadh": "54.07",
          "Abu Dhabi": "5.68"
        },
        "Vegetable Products": {
          "Iraq": "10.14",
          "Jordan": "7.33",
          "Riyadh": "15.74",
          "Cairo": "11.95",
          "Rome": "9.76"
        },
        "Prepared Foodstuffs; Beverages, Spirits, Vinegar, Tobacco and Manufactured Tobacco Substitutes": {
          "Iraq": "26.11",
          "Jordan": "9.30",
          "Riyadh": "26.32",
          "Kuwait City": "9.94",
          "Cairo": "5.46"
        },
        "Mineral Products": {
          "Ukraine": "12.75",
          "Lebanon": "12.14",
          "Ankara": "28.06",
          "Amsterdam": "10.69",
          "Warsaw": "7.95"
        },
        "Products of the Chemical or Allied Industries": {
          "Iraq": "20.04",
          "Senegal": "11.67",
          "Lebanon": "11.43",
          "Yemen": "6.81",
          "Abu Dhabi": "6.08"
        },
        "Plastics and Articles thereof; Rubber and Articles thereof": {
          "Yemen": "10.80",
          "Lebanon": "10.26",
          "Iraq": "7.92",
          "Riyadh": "21.76",
          "Cairo": "9.34"
        },
        "Raw Hides and Skins, Leather, Furskins, and Articles thereof; Saddlery and Harness; Travel Goods, Handbags, and Similar Containers; Articles of Animal Gut (Other than Silk-worm Gut)": {
          "Rome": "54.08",
          "New Delhi": "12.43",
          "Riyadh": "8.65",
          "Seoul": "7.11",
          "Abu Dhabi": "3.82"
        },
        "Wood and Articles of Wood; Wood Charcoal; Cork and Articles of Cork; Manufactures of Straw, of Esparto or of Other Plaiting Materials; Basketware and Wickerwork": {
          "Jordan": "10.18",
          "Iraq": "6.85",
          "Riyadh": "29.85",
          "Ankara": "6.68",
          "Abu Dhabi": "5.26"
        },
        "Textiles and Textile Articles": {
          "Jordan": "7.63",
          "Riyadh": "15.16",
          "Algiers": "9.83",
          "Ankara": "9.27",
          "Cairo": "7.96"
        },
        "Footwear, Headgear, Umbrellas, Sun Umbrellas, Walking-sticks, Seat-sticks, Whips, Riding-crops, and Parts thereof; Prepared Feathers and Articles Made therewith; Artificial Flowers; Articles of Human Hair": {
          "Ukraine": "11.56",
          "Libya": "6.02",
          "Ankara": "25.99",
          "Algiers": "14.33",
          "Riyadh": "12.76"
        },
        "Articles of Stone, Plaster, Cement, Asbestos, Mica or Similar Materials; Ceramic Products; Glass and Glassware": {
          "Iraq": "22.73",
          "Jordan": "21.56",
          "Athens": "12.08",
          "Riyadh": "10.00",
          "Nicosia": "8.79"
        },
        "Natural or Cultured Pearls, Precious or Semi-precious Stones, Precious Metals, Metals Clad with Precious Metal, and Articles thereof; Imitation Jewellery; Coin": {
          "Lebanon": "9.98",
          "Libya": "9.79",
          "Ankara": "14.16",
          "Riyadh": "6.56",
          "Athens": "5.82"
        },
        "Base Metals and Articles of Base Metal": {
          "Lebanon": "20.54",
          "Jordan": "12.73",
          "Iraq": "11.47",
          "Libya": "10.76",
          "Riyadh": "10.83"
        },
        "Machinery and Mechanical Appliances; Electrical Equipment; Parts thereof; Sound Recorders and Reproducers, Television Image and Sound Recorders and Reproducers, and Parts and Accessories of such Articles": {
          "Iraq": "24.09",
          "Jordan": "14.70",
          "Qatar": "5.50",
          "Riyadh": "19.56",
          "Kuwait City": "16.41"
        },
        "Vehicles, Aircraft, Vessels, and Associated Transport Equipment": {
          "Qatar": "17.54",
          "Jordan": "12.45",
          "Ankara": "16.46",
          "Cairo": "14.59",
          "Riyadh": "10.54"
        },
        "Optical, Photographic, Cinematographic, Measuring, Checking, Precision, Medical or Surgical Instruments and Apparatus; Clocks and Watches; Musical Instruments; Parts and Accessories thereof": {
          "Iraq": "8.57",
          "Jordan": "8.38",
          "Riyadh": "14.90",
          "Ankara": "7.38",
          "Algiers": "6.62"
        },
        "Miscellaneous Manufactured Articles": {
          "Iraq": "20.24",
          "Lebanon": "6.27",
          "Jordan": "4.33",
          "Riyadh": "9.06",
          "Abu Dhabi": "4.99"
        }
      }
    },
    "2008": {
      "Exports": {
        "Animals & Animal Products": {
          "Iraq": "27.86",
          "Lebanon": "13.58",
          "Jordan": "6.54",
          "Qatar": "5.25",
          "Riyadh": "34.53"
        },
        "Vegetable Products": {
          "Iraq": "18.72",
          "Lebanon": "12.31",
          "Jordan": "11.04",
          "Riyadh": "14.12",
          "Cairo": "11.98"
        },
        "Prepared Foodstuffs; Beverages, Spirits, Vinegar, Tobacco and Manufactured Tobacco Substitutes": {
          "Iraq": "79.69",
          "Lebanon": "6.21",
          "Jordan": "2.51",
          "Riyadh": "3.70",
          "Kuwait City": "2.19"
        },
        "Mineral Products": {
          "Lebanon": "22.76",
          "Ukraine": "14.16",
          "Ankara": "14.61",
          "Amsterdam": "9.35",
          "Sofia": "8.00"
        },
        "Products of the Chemical or Allied Industries": {
          "Lebanon": "40.46",
          "Iraq": "23.53",
          "Yemen": "6.19",
          "Senegal": "3.27",
          "Algiers": "3.69"
        },
        "Plastics and Articles thereof; Rubber and Articles thereof": {
          "Lebanon": "26.04",
          "Iraq": "14.49",
          "Jordan": "6.39",
          "Riyadh": "18.22",
          "Kuwait City": "5.43"
        },
        "Raw Hides and Skins, Leather, Furskins, and Articles thereof; Saddlery and Harness; Travel Goods, Handbags, and Similar Containers; Articles of Animal Gut (Other than Silk-worm Gut)": {
          "Rome": "29.17",
          "Riyadh": "22.86",
          "New Delhi": "16.62",
          "Ankara": "5.32",
          "Abu Dhabi": "4.84"
        },
        "Wood and Articles of Wood; Wood Charcoal; Cork and Articles of Cork; Manufactures of Straw, of Esparto or of Other Plaiting Materials; Basketware and Wickerwork": {
          "Lebanon": "25.34",
          "Iraq": "15.55",
          "Riyadh": "20.54",
          "Kuwait City": "6.41",
          "Abu Dhabi": "5.25"
        },
        "Textiles and Textile Articles": {
          "Iraq": "5.14",
          "Lebanon": "4.84",
          "Cairo": "26.71",
          "Algiers": "18.95",
          "Riyadh": "13.78"
        },
        "Footwear, Headgear, Umbrellas, Sun Umbrellas, Walking-sticks, Seat-sticks, Whips, Riding-crops, and Parts thereof; Prepared Feathers and Articles Made therewith; Artificial Flowers; Articles of Human Hair": {
          "Yemen": "12.87",
          "Lebanon": "10.85",
          "Fm Sudan": "7.39",
          "Riyadh": "33.62",
          "Algiers": "12.67"
        },
        "Articles of Stone, Plaster, Cement, Asbestos, Mica or Similar Materials; Ceramic Products; Glass and Glassware": {
          "Iraq": "35.45",
          "Jordan": "14.69",
          "Lebanon": "11.96",
          "Kuwait City": "16.10",
          "Riyadh": "5.94"
        },
        "Natural or Cultured Pearls, Precious or Semi-precious Stones, Precious Metals, Metals Clad with Precious Metal, and Articles thereof; Imitation Jewellery; Coin": {
          "Lebanon": "26.30",
          "Ukraine": "9.47",
          "Belgium": "6.36",
          "Ankara": "11.47",
          "Amsterdam": "6.25"
        },
        "Base Metals and Articles of Base Metal": {
          "Lebanon": "48.29",
          "Iraq": "18.29",
          "Jordan": "8.62",
          "Riyadh": "4.44",
          "Kuwait City": "2.85"
        },
        "Machinery and Mechanical Appliances; Electrical Equipment; Parts thereof; Sound Recorders and Reproducers, Television Image and Sound Recorders and Reproducers, and Parts and Accessories of such Articles": {
          "Iraq": "59.33",
          "Jordan": "11.57",
          "Lebanon": "5.32",
          "Riyadh": "9.47",
          "Kuwait City": "1.85"
        },
        "Vehicles, Aircraft, Vessels, and Associated Transport Equipment": {
          "Iraq": "32.64",
          "Cairo": "20.25",
          "Kuwait City": "14.47",
          "Riyadh": "13.83",
          "Ankara": "4.88"
        },
        "Optical, Photographic, Cinematographic, Measuring, Checking, Precision, Medical or Surgical Instruments and Apparatus; Clocks and Watches; Musical Instruments; Parts and Accessories thereof": {
          "Iraq": "18.67",
          "Lebanon": "18.52",
          "Cairo": "12.30",
          "Riyadh": "12.08",
          "Algiers": "9.99"
        },
        "Miscellaneous Manufactured Articles": {
          "Unspecified": "51.41",
          "Iraq": "8.54",
          "Lebanon": "4.12",
          "Riyadh": "12.49",
          "Abu Dhabi": "4.18"
        }
      },
      "Imports": {
        "Animals & Animal Products": {
          "Iraq": "27.86",
          "Lebanon": "13.58",
          "Jordan": "6.54",
          "Qatar": "5.25",
          "Riyadh": "34.53"
        },
        "Vegetable Products": {
          "Iraq": "18.72",
          "Lebanon": "12.31",
          "Jordan": "11.04",
          "Riyadh": "14.12",
          "Cairo": "11.98"
        },
        "Prepared Foodstuffs; Beverages, Spirits, Vinegar, Tobacco and Manufactured Tobacco Substitutes": {
          "Iraq": "79.69",
          "Lebanon": "6.21",
          "Jordan": "2.51",
          "Riyadh": "3.70",
          "Kuwait City": "2.19"
        },
        "Mineral Products": {
          "Lebanon": "22.76",
          "Ukraine": "14.16",
          "Ankara": "14.61",
          "Amsterdam": "9.35",
          "Sofia": "8.00"
        },
        "Products of the Chemical or Allied Industries": {
          "Lebanon": "40.46",
          "Iraq": "23.53",
          "Yemen": "6.19",
          "Senegal": "3.27",
          "Algiers": "3.69"
        },
        "Plastics and Articles thereof; Rubber and Articles thereof": {
          "Lebanon": "26.04",
          "Iraq": "14.49",
          "Jordan": "6.39",
          "Riyadh": "18.22",
          "Kuwait City": "5.43"
        },
        "Raw Hides and Skins, Leather, Furskins, and Articles thereof; Saddlery and Harness; Travel Goods, Handbags, and Similar Containers; Articles of Animal Gut (Other than Silk-worm Gut)": {
          "Rome": "29.17",
          "Riyadh": "22.86",
          "New Delhi": "16.62",
          "Ankara": "5.32",
          "Abu Dhabi": "4.84"
        },
        "Wood and Articles of Wood; Wood Charcoal; Cork and Articles of Cork; Manufactures of Straw, of Esparto or of Other Plaiting Materials; Basketware and Wickerwork": {
          "Lebanon": "25.34",
          "Iraq": "15.55",
          "Riyadh": "20.54",
          "Kuwait City": "6.41",
          "Abu Dhabi": "5.25"
        },
        "Textiles and Textile Articles": {
          "Iraq": "5.14",
          "Lebanon": "4.84",
          "Cairo": "26.71",
          "Algiers": "18.95",
          "Riyadh": "13.78"
        },
        "Footwear, Headgear, Umbrellas, Sun Umbrellas, Walking-sticks, Seat-sticks, Whips, Riding-crops, and Parts thereof; Prepared Feathers and Articles Made therewith; Artificial Flowers; Articles of Human Hair": {
          "Yemen": "12.87",
          "Lebanon": "10.85",
          "Fm Sudan": "7.39",
          "Riyadh": "33.62",
          "Algiers": "12.67"
        },
        "Articles of Stone, Plaster, Cement, Asbestos, Mica or Similar Materials; Ceramic Products; Glass and Glassware": {
          "Iraq": "35.45",
          "Jordan": "14.69",
          "Lebanon": "11.96",
          "Kuwait City": "16.10",
          "Riyadh": "5.94"
        },
        "Natural or Cultured Pearls, Precious or Semi-precious Stones, Precious Metals, Metals Clad with Precious Metal, and Articles thereof; Imitation Jewellery; Coin": {
          "Lebanon": "26.30",
          "Ukraine": "9.47",
          "Belgium": "6.36",
          "Ankara": "11.47",
          "Amsterdam": "6.25"
        },
        "Base Metals and Articles of Base Metal": {
          "Lebanon": "48.29",
          "Iraq": "18.29",
          "Jordan": "8.62",
          "Riyadh": "4.44",
          "Kuwait City": "2.85"
        },
        "Machinery and Mechanical Appliances; Electrical Equipment; Parts thereof; Sound Recorders and Reproducers, Television Image and Sound Recorders and Reproducers, and Parts and Accessories of such Articles": {
          "Iraq": "59.33",
          "Jordan": "11.57",
          "Lebanon": "5.32",
          "Riyadh": "9.47",
          "Kuwait City": "1.85"
        },
        "Vehicles, Aircraft, Vessels, and Associated Transport Equipment": {
          "Iraq": "32.64",
          "Cairo": "20.25",
          "Kuwait City": "14.47",
          "Riyadh": "13.83",
          "Ankara": "4.88"
        },
        "Optical, Photographic, Cinematographic, Measuring, Checking, Precision, Medical or Surgical Instruments and Apparatus; Clocks and Watches; Musical Instruments; Parts and Accessories thereof": {
          "Iraq": "18.67",
          "Lebanon": "18.52",
          "Cairo": "12.30",
          "Riyadh": "12.08",
          "Algiers": "9.99"
        },
        "Miscellaneous Manufactured Articles": {
          "Unspecified": "51.41",
          "Iraq": "8.54",
          "Lebanon": "4.12",
          "Riyadh": "12.49",
          "Abu Dhabi": "4.18"
        }
      }
    },
    "2009": {
      "Exports": {
        "Animals & Animal Products": {
          "Iraq": "59.92",
          "Jordan": "9.03",
          "Qatar": "6.31",
          "Lebanon": "2.47",
          "Riyadh": "14.31"
        },
        "Vegetable Products": {
          "Iraq": "44.46",
          "Jordan": "8.13",
          "Riyadh": "15.00",
          "Cairo": "6.77",
          "Abu Dhabi": "4.37"
        },
        "Prepared Foodstuffs; Beverages, Spirits, Vinegar, Tobacco and Manufactured Tobacco Substitutes": {
          "Iraq": "72.37",
          "Jordan": "6.29",
          "Lebanon": "4.63",
          "Riyadh": "2.81",
          "Abu Dhabi": "2.14"
        },
        "Mineral Products": {
          "Lebanon": "25.00",
          "Ankara": "26.88",
          "Sofia": "11.25",
          "Athens": "10.11",
          "Warsaw": "9.28"
        },
        "Products of the Chemical or Allied Industries": {
          "Iraq": "65.86",
          "Lebanon": "7.60",
          "Yemen": "4.01",
          "Fm Sudan": "2.50",
          "Algiers": "2.38"
        },
        "Plastics and Articles thereof; Rubber and Articles thereof": {
          "Iraq": "46.94",
          "Lebanon": "5.68",
          "Jordan": "4.86",
          "Riyadh": "15.35",
          "Cairo": "6.68"
        },
        "Raw Hides and Skins, Leather, Furskins, and Articles thereof; Saddlery and Harness; Travel Goods, Handbags, and Similar Containers; Articles of Animal Gut (Other than Silk-worm Gut)": {
          "Rome": "29.23",
          "New Delhi": "27.11",
          "Riyadh": "9.31",
          "Abu Dhabi": "5.59",
          "Seoul": "4.75"
        },
        "Wood and Articles of Wood; Wood Charcoal; Cork and Articles of Cork; Manufactures of Straw, of Esparto or of Other Plaiting Materials; Basketware and Wickerwork": {
          "Iraq": "48.18",
          "Lebanon": "11.63",
          "Jordan": "3.95",
          "Yemen": "3.82",
          "Riyadh": "6.38"
        },
        "Textiles and Textile Articles": {
          "Iraq": "28.60",
          "Cairo": "12.67",
          "Riyadh": "12.48",
          "Algiers": "8.54",
          "Ankara": "5.21"
        },
        "Footwear, Headgear, Umbrellas, Sun Umbrellas, Walking-sticks, Seat-sticks, Whips, Riding-crops, and Parts thereof; Prepared Feathers and Articles Made therewith; Artificial Flowers; Articles of Human Hair": {
          "Libya": "15.56",
          "Fm Sudan": "9.12",
          "Iraq": "8.38",
          "Riyadh": "19.62",
          "Algiers": "12.35"
        },
        "Articles of Stone, Plaster, Cement, Asbestos, Mica or Similar Materials; Ceramic Products; Glass and Glassware": {
          "Iraq": "38.21",
          "Jordan": "10.15",
          "Qatar": "7.37",
          "Abu Dhabi": "13.58",
          "Riyadh": "11.77"
        },
        "Natural or Cultured Pearls, Precious or Semi-precious Stones, Precious Metals, Metals Clad with Precious Metal, and Articles thereof; Imitation Jewellery; Coin": {
          "Lebanon": "20.51",
          "Ankara": "20.85",
          "Athens": "7.62",
          "Sofia": "7.61",
          "Warsaw": "6.28"
        },
        "Base Metals and Articles of Base Metal": {
          "Iraq": "28.31",
          "Jordan": "14.29",
          "Lebanon": "11.97",
          "Riyadh": "6.40",
          "Berlin": "5.99"
        },
        "Machinery and Mechanical Appliances; Electrical Equipment; Parts thereof; Sound Recorders and Reproducers, Television Image and Sound Recorders and Reproducers, and Parts and Accessories of such Articles": {
          "Iraq": "28.84",
          "Libya": "18.01",
          "Qatar": "10.18",
          "Cairo": "14.18",
          "Algiers": "5.54"
        },
        "Vehicles, Aircraft, Vessels, and Associated Transport Equipment": {
          "Iraq": "21.38",
          "Libya": "8.58",
          "Cairo": "16.01",
          "Abu Dhabi": "13.41",
          "Riyadh": "8.36"
        },
        "Optical, Photographic, Cinematographic, Measuring, Checking, Precision, Medical or Surgical Instruments and Apparatus; Clocks and Watches; Musical Instruments; Parts and Accessories thereof": {
          "Iraq": "38.30",
          "Libya": "6.00",
          "Riyadh": "9.89",
          "Cairo": "7.42",
          "Algiers": "5.48"
        },
        "Miscellaneous Manufactured Articles": {
          "Iraq": "12.54",
          "Lebanon": "5.52",
          "Riyadh": "23.93",
          "Abu Dhabi": "6.22",
          "Cairo": "5.43"
        }
      },
      "Imports": {
        "Animals & Animal Products": {
          "Iraq": "59.92",
          "Jordan": "9.03",
          "Qatar": "6.31",
          "Lebanon": "2.47",
          "Riyadh": "14.31"
        },
        "Vegetable Products": {
          "Iraq": "44.46",
          "Jordan": "8.13",
          "Riyadh": "15.00",
          "Cairo": "6.77",
          "Abu Dhabi": "4.37"
        },
        "Prepared Foodstuffs; Beverages, Spirits, Vinegar, Tobacco and Manufactured Tobacco Substitutes": {
          "Iraq": "72.37",
          "Jordan": "6.29",
          "Lebanon": "4.63",
          "Riyadh": "2.81",
          "Abu Dhabi": "2.14"
        },
        "Mineral Products": {
          "Lebanon": "25.00",
          "Ankara": "26.88",
          "Sofia": "11.25",
          "Athens": "10.11",
          "Warsaw": "9.28"
        },
        "Products of the Chemical or Allied Industries": {
          "Iraq": "65.86",
          "Lebanon": "7.60",
          "Yemen": "4.01",
          "Fm Sudan": "2.50",
          "Algiers": "2.38"
        },
        "Plastics and Articles thereof; Rubber and Articles thereof": {
          "Iraq": "46.94",
          "Lebanon": "5.68",
          "Jordan": "4.86",
          "Riyadh": "15.35",
          "Cairo": "6.68"
        },
        "Raw Hides and Skins, Leather, Furskins, and Articles thereof; Saddlery and Harness; Travel Goods, Handbags, and Similar Containers; Articles of Animal Gut (Other than Silk-worm Gut)": {
          "Rome": "29.23",
          "New Delhi": "27.11",
          "Riyadh": "9.31",
          "Abu Dhabi": "5.59",
          "Seoul": "4.75"
        },
        "Wood and Articles of Wood; Wood Charcoal; Cork and Articles of Cork; Manufactures of Straw, of Esparto or of Other Plaiting Materials; Basketware and Wickerwork": {
          "Iraq": "48.18",
          "Lebanon": "11.63",
          "Jordan": "3.95",
          "Yemen": "3.82",
          "Riyadh": "6.38"
        },
        "Textiles and Textile Articles": {
          "Iraq": "28.60",
          "Cairo": "12.67",
          "Riyadh": "12.48",
          "Algiers": "8.54",
          "Ankara": "5.21"
        },
        "Footwear, Headgear, Umbrellas, Sun Umbrellas, Walking-sticks, Seat-sticks, Whips, Riding-crops, and Parts thereof; Prepared Feathers and Articles Made therewith; Artificial Flowers; Articles of Human Hair": {
          "Libya": "15.56",
          "Fm Sudan": "9.12",
          "Iraq": "8.38",
          "Riyadh": "19.62",
          "Algiers": "12.35"
        },
        "Articles of Stone, Plaster, Cement, Asbestos, Mica or Similar Materials; Ceramic Products; Glass and Glassware": {
          "Iraq": "38.21",
          "Jordan": "10.15",
          "Qatar": "7.37",
          "Abu Dhabi": "13.58",
          "Riyadh": "11.77"
        },
        "Natural or Cultured Pearls, Precious or Semi-precious Stones, Precious Metals, Metals Clad with Precious Metal, and Articles thereof; Imitation Jewellery; Coin": {
          "Lebanon": "20.51",
          "Ankara": "20.85",
          "Athens": "7.62",
          "Sofia": "7.61",
          "Warsaw": "6.28"
        },
        "Base Metals and Articles of Base Metal": {
          "Iraq": "28.31",
          "Jordan": "14.29",
          "Lebanon": "11.97",
          "Riyadh": "6.40",
          "Berlin": "5.99"
        },
        "Machinery and Mechanical Appliances; Electrical Equipment; Parts thereof; Sound Recorders and Reproducers, Television Image and Sound Recorders and Reproducers, and Parts and Accessories of such Articles": {
          "Iraq": "28.84",
          "Libya": "18.01",
          "Qatar": "10.18",
          "Cairo": "14.18",
          "Algiers": "5.54"
        },
        "Vehicles, Aircraft, Vessels, and Associated Transport Equipment": {
          "Iraq": "21.38",
          "Libya": "8.58",
          "Cairo": "16.01",
          "Abu Dhabi": "13.41",
          "Riyadh": "8.36"
        },
        "Optical, Photographic, Cinematographic, Measuring, Checking, Precision, Medical or Surgical Instruments and Apparatus; Clocks and Watches; Musical Instruments; Parts and Accessories thereof": {
          "Iraq": "38.30",
          "Libya": "6.00",
          "Riyadh": "9.89",
          "Cairo": "7.42",
          "Algiers": "5.48"
        },
        "Miscellaneous Manufactured Articles": {
          "Iraq": "12.54",
          "Lebanon": "5.52",
          "Riyadh": "23.93",
          "Abu Dhabi": "6.22",
          "Cairo": "5.43"
        }
      }
    },
    "2010": {
      "Exports": {
        "Animals & Animal Products": {
          "Iraq": "38.49",
          "Jordan": "10.75",
          "Lebanon": "7.95",
          "Riyadh": "25.25",
          "Kuwait City": "6.67"
        },
        "Vegetable Products": {
          "Iraq": "42.00",
          "Jordan": "10.16",
          "Riyadh": "13.78",
          "Cairo": "7.31",
          "Kuwait City": "4.65"
        },
        "Prepared Foodstuffs; Beverages, Spirits, Vinegar, Tobacco and Manufactured Tobacco Substitutes": {
          "Iraq": "63.28",
          "Jordan": "11.22",
          "Lebanon": "4.47",
          "Fm Sudan": "3.51",
          "Cairo": "2.79"
        },
        "Mineral Products": {
          "Lebanon": "24.99",
          "Ukraine": "10.21",
          "Sofia": "14.69",
          "Warsaw": "9.95",
          "Ankara": "9.25"
        },
        "Products of the Chemical or Allied Industries": {
          "Iraq": "70.92",
          "Lebanon": "5.15",
          "Yemen": "3.47",
          "Jordan": "2.52",
          "Ankara": "2.74"
        },
        "Plastics and Articles thereof; Rubber and Articles thereof": {
          "Iraq": "59.48",
          "Jordan": "4.76",
          "Lebanon": "3.78",
          "Riyadh": "10.52",
          "Ankara": "5.27"
        },
        "Raw Hides and Skins, Leather, Furskins, and Articles thereof; Saddlery and Harness; Travel Goods, Handbags, and Similar Containers; Articles of Animal Gut (Other than Silk-worm Gut)": {
          "Iraq": "14.94",
          "Rome": "32.56",
          "New Delhi": "20.11",
          "Riyadh": "7.35",
          "Ankara": "4.98"
        },
        "Wood and Articles of Wood; Wood Charcoal; Cork and Articles of Cork; Manufactures of Straw, of Esparto or of Other Plaiting Materials; Basketware and Wickerwork": {
          "Iraq": "59.00",
          "Lebanon": "11.00",
          "Jordan": "3.85",
          "Riyadh": "6.85",
          "Kuwait City": "3.24"
        },
        "Textiles and Textile Articles": {
          "Iraq": "16.44",
          "Ankara": "18.09",
          "Cairo": "13.16",
          "Riyadh": "8.64",
          "Algiers": "8.54"
        },
        "Footwear, Headgear, Umbrellas, Sun Umbrellas, Walking-sticks, Seat-sticks, Whips, Riding-crops, and Parts thereof; Prepared Feathers and Articles Made therewith; Artificial Flowers; Articles of Human Hair": {
          "Iraq": "18.03",
          "Libya": "13.17",
          "Yemen": "11.38",
          "Riyadh": "17.47",
          "Ankara": "7.92"
        },
        "Articles of Stone, Plaster, Cement, Asbestos, Mica or Similar Materials; Ceramic Products; Glass and Glassware": {
          "Iraq": "45.40",
          "Jordan": "9.79",
          "Lebanon": "9.16",
          "Riyadh": "10.11",
          "Kuwait City": "5.52"
        },
        "Natural or Cultured Pearls, Precious or Semi-precious Stones, Precious Metals, Metals Clad with Precious Metal, and Articles thereof; Imitation Jewellery; Coin": {
          "Lebanon": "19.64",
          "Ukraine": "7.06",
          "Ankara": "11.18",
          "Sofia": "10.16",
          "Athens": "7.04"
        },
        "Base Metals and Articles of Base Metal": {
          "Iraq": "28.93",
          "Jordan": "13.54",
          "Lebanon": "12.28",
          "Riyadh": "9.33",
          "Berlin": "6.51"
        },
        "Machinery and Mechanical Appliances; Electrical Equipment; Parts thereof; Sound Recorders and Reproducers, Television Image and Sound Recorders and Reproducers, and Parts and Accessories of such Articles": {
          "Iraq": "28.90",
          "Libya": "12.49",
          "Jordan": "6.12",
          "Cairo": "10.54",
          "Riyadh": "6.51"
        },
        "Vehicles, Aircraft, Vessels, and Associated Transport Equipment": {
          "Iraq": "45.60",
          "Free Zones": "7.86",
          "Cairo": "9.48",
          "Riyadh": "6.83",
          "Ankara": "5.75"
        },
        "Optical, Photographic, Cinematographic, Measuring, Checking, Precision, Medical or Surgical Instruments and Apparatus; Clocks and Watches; Musical Instruments; Parts and Accessories thereof": {
          "Iraq": "39.65",
          "Riyadh": "7.95",
          "Ankara": "6.92",
          "Cairo": "6.41",
          "Algiers": "5.00"
        },
        "Miscellaneous Manufactured Articles": {
          "Iraq": "43.36",
          "Lebanon": "9.98",
          "Libya": "5.95",
          "Jordan": "2.77",
          "Riyadh": "11.09"
        }
      },
      "Imports": {
        "Animals & Animal Products": {
          "Iraq": "38.49",
          "Jordan": "10.75",
          "Lebanon": "7.95",
          "Riyadh": "25.25",
          "Kuwait City": "6.67"
        },
        "Vegetable Products": {
          "Iraq": "42.00",
          "Jordan": "10.16",
          "Riyadh": "13.78",
          "Cairo": "7.31",
          "Kuwait City": "4.65"
        },
        "Prepared Foodstuffs; Beverages, Spirits, Vinegar, Tobacco and Manufactured Tobacco Substitutes": {
          "Iraq": "63.28",
          "Jordan": "11.22",
          "Lebanon": "4.47",
          "Fm Sudan": "3.51",
          "Cairo": "2.79"
        },
        "Mineral Products": {
          "Lebanon": "24.99",
          "Ukraine": "10.21",
          "Sofia": "14.69",
          "Warsaw": "9.95",
          "Ankara": "9.25"
        },
        "Products of the Chemical or Allied Industries": {
          "Iraq": "70.92",
          "Lebanon": "5.15",
          "Yemen": "3.47",
          "Jordan": "2.52",
          "Ankara": "2.74"
        },
        "Plastics and Articles thereof; Rubber and Articles thereof": {
          "Iraq": "59.48",
          "Jordan": "4.76",
          "Lebanon": "3.78",
          "Riyadh": "10.52",
          "Ankara": "5.27"
        },
        "Raw Hides and Skins, Leather, Furskins, and Articles thereof; Saddlery and Harness; Travel Goods, Handbags, and Similar Containers; Articles of Animal Gut (Other than Silk-worm Gut)": {
          "Iraq": "14.94",
          "Rome": "32.56",
          "New Delhi": "20.11",
          "Riyadh": "7.35",
          "Ankara": "4.98"
        },
        "Wood and Articles of Wood; Wood Charcoal; Cork and Articles of Cork; Manufactures of Straw, of Esparto or of Other Plaiting Materials; Basketware and Wickerwork": {
          "Iraq": "59.00",
          "Lebanon": "11.00",
          "Jordan": "3.85",
          "Riyadh": "6.85",
          "Kuwait City": "3.24"
        },
        "Textiles and Textile Articles": {
          "Iraq": "16.44",
          "Ankara": "18.09",
          "Cairo": "13.16",
          "Riyadh": "8.64",
          "Algiers": "8.54"
        },
        "Footwear, Headgear, Umbrellas, Sun Umbrellas, Walking-sticks, Seat-sticks, Whips, Riding-crops, and Parts thereof; Prepared Feathers and Articles Made therewith; Artificial Flowers; Articles of Human Hair": {
          "Iraq": "18.03",
          "Libya": "13.17",
          "Yemen": "11.38",
          "Riyadh": "17.47",
          "Ankara": "7.92"
        },
        "Articles of Stone, Plaster, Cement, Asbestos, Mica or Similar Materials; Ceramic Products; Glass and Glassware": {
          "Iraq": "45.40",
          "Jordan": "9.79",
          "Lebanon": "9.16",
          "Riyadh": "10.11",
          "Kuwait City": "5.52"
        },
        "Natural or Cultured Pearls, Precious or Semi-precious Stones, Precious Metals, Metals Clad with Precious Metal, and Articles thereof; Imitation Jewellery; Coin": {
          "Lebanon": "19.64",
          "Ukraine": "7.06",
          "Ankara": "11.18",
          "Sofia": "10.16",
          "Athens": "7.04"
        },
        "Base Metals and Articles of Base Metal": {
          "Iraq": "28.93",
          "Jordan": "13.54",
          "Lebanon": "12.28",
          "Riyadh": "9.33",
          "Berlin": "6.51"
        },
        "Machinery and Mechanical Appliances; Electrical Equipment; Parts thereof; Sound Recorders and Reproducers, Television Image and Sound Recorders and Reproducers, and Parts and Accessories of such Articles": {
          "Iraq": "28.90",
          "Libya": "12.49",
          "Jordan": "6.12",
          "Cairo": "10.54",
          "Riyadh": "6.51"
        },
        "Vehicles, Aircraft, Vessels, and Associated Transport Equipment": {
          "Iraq": "45.60",
          "Free Zones": "7.86",
          "Cairo": "9.48",
          "Riyadh": "6.83",
          "Ankara": "5.75"
        },
        "Optical, Photographic, Cinematographic, Measuring, Checking, Precision, Medical or Surgical Instruments and Apparatus; Clocks and Watches; Musical Instruments; Parts and Accessories thereof": {
          "Iraq": "39.65",
          "Riyadh": "7.95",
          "Ankara": "6.92",
          "Cairo": "6.41",
          "Algiers": "5.00"
        },
        "Miscellaneous Manufactured Articles": {
          "Iraq": "43.36",
          "Lebanon": "9.98",
          "Libya": "5.95",
          "Jordan": "2.77",
          "Riyadh": "11.09"
        }
      }
    }
  }
}