{
  "Main Partners": {
    "1995": {
      "Exports": {
        "Animals & Animal Products": {
          "Pretoria": "26.95",
          "London": "13.53",
          "Beijing": "12.83",
          "Lusaka": "9.37",
          "Maputo": "8.55"
        },
        "Vegetable Products": {
          "Amsterdam": "14.55",
          "Lusaka": "12.92",
          "London": "12.72",
          "Pretoria": "11.46",
          "Berlin": "11.03"
        },
        "Prepared Foodstuffs; Beverages, Spirits, Vinegar, Tobacco and Manufactured Tobacco Substitutes": {
          "London": "17.52",
          "Pretoria": "10.32",
          "Beijing": "8.32",
          "Berlin": "6.70",
          "Brussels": "5.75"
        },
        "Mineral Products": {
          "Thailand": "7.12",
          "Pretoria": "21.78",
          "Tokyo": "11.83",
          "New Delhi": "8.79",
          "Brasília": "5.64"
        },
        "Products of the Chemical or Allied Industries": {
          "Malawi": "16.07",
          "Lusaka": "26.27",
          "Pretoria": "22.90",
          "Madrid": "8.45",
          "New Delhi": "5.43"
        },
        "Plastics and Articles thereof; Rubber and Articles thereof": {
          "Malawi": "14.84",
          "Lusaka": "29.95",
          "Pretoria": "28.45",
          "Maputo": "14.85",
          "Nairobi": "4.13"
        },
        "Raw Hides and Skins, Leather, Furskins, and Articles thereof; Saddlery and Harness; Travel Goods, Handbags, and Similar Containers; Articles of Animal Gut (Other than Silk-worm Gut)": {
          "Rome": "47.34",
          "Pretoria": "32.23",
          "Tokyo": "6.76",
          "Washington, D.C.": "2.35"
        },
        "Wood and Articles of Wood; Wood Charcoal; Cork and Articles of Cork; Manufactures of Straw, of Esparto or of Other Plaiting Materials; Basketware and Wickerwork": {
          "Malawi": "4.72",
          "Pretoria": "59.33",
          "London": "12.84",
          "Lusaka": "6.90",
          "Maputo": "3.38"
        },
        "Textiles and Textile Articles": {
          "Pretoria": "23.94",
          "London": "21.31",
          "Berlin": "16.36",
          "Rome": "8.55",
          "Washington, D.C.": "8.34"
        },
        "Footwear, Headgear, Umbrellas, Sun Umbrellas, Walking-sticks, Seat-sticks, Whips, Riding-crops, and Parts thereof; Prepared Feathers and Articles Made therewith; Artificial Flowers; Articles of Human Hair": {
          "Malawi": "3.68",
          "Pretoria": "89.13",
          "Lusaka": "3.28",
          "London": "2.13",
          "Amsterdam": "0.49"
        },
        "Articles of Stone, Plaster, Cement, Asbestos, Mica or Similar Materials; Ceramic Products; Glass and Glassware": {
          "Malawi": "2.74",
          "Tokyo": "39.82",
          "Washington, D.C.": "23.43",
          "Brussels": "16.98",
          "Pretoria": "8.01"
        },
        "Natural or Cultured Pearls, Precious or Semi-precious Stones, Precious Metals, Metals Clad with Precious Metal, and Articles thereof; Imitation Jewellery; Coin": {
          "Tokyo": "19.02",
          "Pretoria": "10.97",
          "London": "9.57",
          "Berlin": "8.62",
          "Rome": "8.36"
        },
        "Base Metals and Articles of Base Metal": {
          "Tokyo": "22.68",
          "Berlin": "14.37",
          "Pretoria": "13.91",
          "Rome": "12.90",
          "London": "12.00"
        },
        "Machinery and Mechanical Appliances; Electrical Equipment; Parts thereof; Sound Recorders and Reproducers, Television Image and Sound Recorders and Reproducers, and Parts and Accessories of such Articles": {
          "Malawi": "8.11",
          "Angola": "3.32",
          "Pretoria": "55.99",
          "Lusaka": "14.26",
          "Maputo": "4.12"
        },
        "Vehicles, Aircraft, Vessels, and Associated Transport Equipment": {
          "Angola": "15.18",
          "Uganda": "7.59",
          "Pretoria": "33.59",
          "Lusaka": "17.93",
          "Maputo": "9.32"
        },
        "Optical, Photographic, Cinematographic, Measuring, Checking, Precision, Medical or Surgical Instruments and Apparatus; Clocks and Watches; Musical Instruments; Parts and Accessories thereof": {
          "Pretoria": "26.51",
          "Tokyo": "11.85",
          "London": "10.75",
          "Berlin": "9.44",
          "Washington, D.C.": "9.16"
        },
        "Miscellaneous Manufactured Articles": {
          "Ireland": "7.71",
          "Pretoria": "34.01",
          "Lusaka": "20.28",
          "Washington, D.C.": "9.15",
          "London": "8.64"
        }
      },
      "Imports": {
        "Animals & Animal Products": {
          "Pretoria": "26.95",
          "London": "13.53",
          "Beijing": "12.83",
          "Lusaka": "9.37",
          "Maputo": "8.55"
        },
        "Vegetable Products": {
          "Amsterdam": "14.55",
          "Lusaka": "12.92",
          "London": "12.72",
          "Pretoria": "11.46",
          "Berlin": "11.03"
        },
        "Prepared Foodstuffs; Beverages, Spirits, Vinegar, Tobacco and Manufactured Tobacco Substitutes": {
          "London": "17.52",
          "Pretoria": "10.32",
          "Beijing": "8.32",
          "Berlin": "6.70",
          "Brussels": "5.75"
        },
        "Mineral Products": {
          "Thailand": "7.12",
          "Pretoria": "21.78",
          "Tokyo": "11.83",
          "New Delhi": "8.79",
          "Brasília": "5.64"
        },
        "Products of the Chemical or Allied Industries": {
          "Malawi": "16.07",
          "Lusaka": "26.27",
          "Pretoria": "22.90",
          "Madrid": "8.45",
          "New Delhi": "5.43"
        },
        "Plastics and Articles thereof; Rubber and Articles thereof": {
          "Malawi": "14.84",
          "Lusaka": "29.95",
          "Pretoria": "28.45",
          "Maputo": "14.85",
          "Nairobi": "4.13"
        },
        "Raw Hides and Skins, Leather, Furskins, and Articles thereof; Saddlery and Harness; Travel Goods, Handbags, and Similar Containers; Articles of Animal Gut (Other than Silk-worm Gut)": {
          "Rome": "47.34",
          "Pretoria": "32.23",
          "Tokyo": "6.76",
          "Washington, D.C.": "2.35"
        },
        "Wood and Articles of Wood; Wood Charcoal; Cork and Articles of Cork; Manufactures of Straw, of Esparto or of Other Plaiting Materials; Basketware and Wickerwork": {
          "Malawi": "4.72",
          "Pretoria": "59.33",
          "London": "12.84",
          "Lusaka": "6.90",
          "Maputo": "3.38"
        },
        "Textiles and Textile Articles": {
          "Pretoria": "23.94",
          "London": "21.31",
          "Berlin": "16.36",
          "Rome": "8.55",
          "Washington, D.C.": "8.34"
        },
        "Footwear, Headgear, Umbrellas, Sun Umbrellas, Walking-sticks, Seat-sticks, Whips, Riding-crops, and Parts thereof; Prepared Feathers and Articles Made therewith; Artificial Flowers; Articles of Human Hair": {
          "Malawi": "3.68",
          "Pretoria": "89.13",
          "Lusaka": "3.28",
          "London": "2.13",
          "Amsterdam": "0.49"
        },
        "Articles of Stone, Plaster, Cement, Asbestos, Mica or Similar Materials; Ceramic Products; Glass and Glassware": {
          "Malawi": "2.74",
          "Tokyo": "39.82",
          "Washington, D.C.": "23.43",
          "Brussels": "16.98",
          "Pretoria": "8.01"
        },
        "Natural or Cultured Pearls, Precious or Semi-precious Stones, Precious Metals, Metals Clad with Precious Metal, and Articles thereof; Imitation Jewellery; Coin": {
          "Tokyo": "19.02",
          "Pretoria": "10.97",
          "London": "9.57",
          "Berlin": "8.62",
          "Rome": "8.36"
        },
        "Base Metals and Articles of Base Metal": {
          "Tokyo": "22.68",
          "Berlin": "14.37",
          "Pretoria": "13.91",
          "Rome": "12.90",
          "London": "12.00"
        },
        "Machinery and Mechanical Appliances; Electrical Equipment; Parts thereof; Sound Recorders and Reproducers, Television Image and Sound Recorders and Reproducers, and Parts and Accessories of such Articles": {
          "Malawi": "8.11",
          "Angola": "3.32",
          "Pretoria": "55.99",
          "Lusaka": "14.26",
          "Maputo": "4.12"
        },
        "Vehicles, Aircraft, Vessels, and Associated Transport Equipment": {
          "Angola": "15.18",
          "Uganda": "7.59",
          "Pretoria": "33.59",
          "Lusaka": "17.93",
          "Maputo": "9.32"
        },
        "Optical, Photographic, Cinematographic, Measuring, Checking, Precision, Medical or Surgical Instruments and Apparatus; Clocks and Watches; Musical Instruments; Parts and Accessories thereof": {
          "Pretoria": "26.51",
          "Tokyo": "11.85",
          "London": "10.75",
          "Berlin": "9.44",
          "Washington, D.C.": "9.16"
        },
        "Miscellaneous Manufactured Articles": {
          "Ireland": "7.71",
          "Pretoria": "34.01",
          "Lusaka": "20.28",
          "Washington, D.C.": "9.15",
          "London": "8.64"
        }
      }
    }
  }
}