{
  "Main Partners": {
    "2015": {
      "Exports": {
        "Animals & Animal Products": {
          "Cote dIvoire": "26.89",
          "Angola": "6.29",
          "Rwanda": "2.28",
          "Brazzaville": "60.75",
          "Lusaka": "1.69"
        },
        "Vegetable Products": {
          "Belgium": "33.37",
          "Bern": "24.18",
          "New Delhi": "10.88",
          "Berlin": "4.01",
          "Jakarta": "3.26"
        },
        "Prepared Foodstuffs; Beverages, Spirits, Vinegar, Tobacco and Manufactured Tobacco Substitutes": {
          "Uganda": "8.14",
          "Berlin": "31.05",
          "Amsterdam": "9.02",
          "Madrid": "8.49",
          "Bern": "7.36"
        },
        "Mineral Products": {
          "Luxembourg": "2.51",
          "Lusaka": "54.04",
          "Beijing": "28.70",
          "Pretoria": "8.28",
          "Abu Dhabi": "2.57"
        },
        "Products of the Chemical or Allied Industries": {
          "Tanzania": "12.52",
          "Pretoria": "73.40",
          "Beijing": "7.72",
          "Abu Dhabi": "5.64",
          "Lusaka": "0.59"
        },
        "Plastics and Articles thereof; Rubber and Articles thereof": {
          "Mauritius": "12.68",
          "Uganda": "2.50",
          "Kuala Lumpur": "69.89",
          "Bern": "3.10",
          "Abu Dhabi": "2.08"
        },
        "Raw Hides and Skins, Leather, Furskins, and Articles thereof; Saddlery and Harness; Travel Goods, Handbags, and Similar Containers; Articles of Animal Gut (Other than Silk-worm Gut)": {
          "Rwanda": "51.85",
          "Uganda": "11.54",
          "Slovak Republic": "5.32",
          "Beijing": "20.72",
          "Pretoria": "4.42"
        },
        "Wood and Articles of Wood; Wood Charcoal; Cork and Articles of Cork; Manufactures of Straw, of Esparto or of Other Plaiting Materials; Basketware and Wickerwork": {
          "Uganda": "6.86",
          "Beijing": "30.06",
          "Nairobi": "18.25",
          "Paris": "8.95",
          "Lisbon": "6.91"
        },
        "Textiles and Textile Articles": {
          "Burundi": "84.75",
          "Belgium": "2.29",
          "Angola": "1.58",
          "Washington, D.C.": "2.29",
          "Madrid": "0.99"
        },
        "Footwear, Headgear, Umbrellas, Sun Umbrellas, Walking-sticks, Seat-sticks, Whips, Riding-crops, and Parts thereof; Prepared Feathers and Articles Made therewith; Artificial Flowers; Articles of Human Hair": {
          "Angola": "18.25",
          "Senegal": "14.52",
          "Belgium": "14.42",
          "Ankara": "8.34",
          "Berlin": "7.75"
        },
        "Articles of Stone, Plaster, Cement, Asbestos, Mica or Similar Materials; Ceramic Products; Glass and Glassware": {
          "Uganda": "59.31",
          "Abu Dhabi": "28.87",
          "Accra": "3.11",
          "Pretoria": "2.10",
          "New Delhi": "1.74"
        },
        "Natural or Cultured Pearls, Precious or Semi-precious Stones, Precious Metals, Metals Clad with Precious Metal, and Articles thereof; Imitation Jewellery; Coin": {
          "Tanzania": "28.29",
          "Pretoria": "35.89",
          "Beijing": "12.61",
          "Lusaka": "9.28",
          "Bern": "6.04"
        },
        "Base Metals and Articles of Base Metal": {
          "Tanzania": "32.88",
          "Pretoria": "39.17",
          "Beijing": "9.66",
          "Bern": "7.58",
          "Abu Dhabi": "5.16"
        },
        "Machinery and Mechanical Appliances; Electrical Equipment; Parts thereof; Sound Recorders and Reproducers, Television Image and Sound Recorders and Reproducers, and Parts and Accessories of such Articles": {
          "Tanzania": "1.76",
          "Pretoria": "46.05",
          "Lusaka": "30.69",
          "Cairo": "4.07",
          "Ottawa": "2.08"
        },
        "Vehicles, Aircraft, Vessels, and Associated Transport Equipment": {
          "Bangladesh": "22.17",
          "Uruguay": "13.00",
          "Pretoria": "22.48",
          "Cairo": "10.29",
          "New Delhi": "8.07"
        },
        "Optical, Photographic, Cinematographic, Measuring, Checking, Precision, Medical or Surgical Instruments and Apparatus; Clocks and Watches; Musical Instruments; Parts and Accessories thereof": {
          "Tanzania": "13.25",
          "Pretoria": "65.15",
          "Beijing": "7.37",
          "Abu Dhabi": "4.89",
          "Helsinki": "3.90"
        },
        "Miscellaneous Manufactured Articles": {
          "Bangladesh": "12.21",
          "Jordan": "11.19",
          "Malawi": "9.07",
          "Cairo": "39.39",
          "Pretoria": "9.72"
        }
      },
      "Imports": {
        "Animals & Animal Products": {
          "Cote dIvoire": "26.89",
          "Angola": "6.29",
          "Rwanda": "2.28",
          "Brazzaville": "60.75",
          "Lusaka": "1.69"
        },
        "Vegetable Products": {
          "Belgium": "33.37",
          "Bern": "24.18",
          "New Delhi": "10.88",
          "Berlin": "4.01",
          "Jakarta": "3.26"
        },
        "Prepared Foodstuffs; Beverages, Spirits, Vinegar, Tobacco and Manufactured Tobacco Substitutes": {
          "Uganda": "8.14",
          "Berlin": "31.05",
          "Amsterdam": "9.02",
          "Madrid": "8.49",
          "Bern": "7.36"
        },
        "Mineral Products": {
          "Luxembourg": "2.51",
          "Lusaka": "54.04",
          "Beijing": "28.70",
          "Pretoria": "8.28",
          "Abu Dhabi": "2.57"
        },
        "Products of the Chemical or Allied Industries": {
          "Tanzania": "12.52",
          "Pretoria": "73.40",
          "Beijing": "7.72",
          "Abu Dhabi": "5.64",
          "Lusaka": "0.59"
        },
        "Plastics and Articles thereof; Rubber and Articles thereof": {
          "Mauritius": "12.68",
          "Uganda": "2.50",
          "Kuala Lumpur": "69.89",
          "Bern": "3.10",
          "Abu Dhabi": "2.08"
        },
        "Raw Hides and Skins, Leather, Furskins, and Articles thereof; Saddlery and Harness; Travel Goods, Handbags, and Similar Containers; Articles of Animal Gut (Other than Silk-worm Gut)": {
          "Rwanda": "51.85",
          "Uganda": "11.54",
          "Slovak Republic": "5.32",
          "Beijing": "20.72",
          "Pretoria": "4.42"
        },
        "Wood and Articles of Wood; Wood Charcoal; Cork and Articles of Cork; Manufactures of Straw, of Esparto or of Other Plaiting Materials; Basketware and Wickerwork": {
          "Uganda": "6.86",
          "Beijing": "30.06",
          "Nairobi": "18.25",
          "Paris": "8.95",
          "Lisbon": "6.91"
        },
        "Textiles and Textile Articles": {
          "Burundi": "84.75",
          "Belgium": "2.29",
          "Angola": "1.58",
          "Washington, D.C.": "2.29",
          "Madrid": "0.99"
        },
        "Footwear, Headgear, Umbrellas, Sun Umbrellas, Walking-sticks, Seat-sticks, Whips, Riding-crops, and Parts thereof; Prepared Feathers and Articles Made therewith; Artificial Flowers; Articles of Human Hair": {
          "Angola": "18.25",
          "Senegal": "14.52",
          "Belgium": "14.42",
          "Ankara": "8.34",
          "Berlin": "7.75"
        },
        "Articles of Stone, Plaster, Cement, Asbestos, Mica or Similar Materials; Ceramic Products; Glass and Glassware": {
          "Uganda": "59.31",
          "Abu Dhabi": "28.87",
          "Accra": "3.11",
          "Pretoria": "2.10",
          "New Delhi": "1.74"
        },
        "Natural or Cultured Pearls, Precious or Semi-precious Stones, Precious Metals, Metals Clad with Precious Metal, and Articles thereof; Imitation Jewellery; Coin": {
          "Tanzania": "28.29",
          "Pretoria": "35.89",
          "Beijing": "12.61",
          "Lusaka": "9.28",
          "Bern": "6.04"
        },
        "Base Metals and Articles of Base Metal": {
          "Tanzania": "32.88",
          "Pretoria": "39.17",
          "Beijing": "9.66",
          "Bern": "7.58",
          "Abu Dhabi": "5.16"
        },
        "Machinery and Mechanical Appliances; Electrical Equipment; Parts thereof; Sound Recorders and Reproducers, Television Image and Sound Recorders and Reproducers, and Parts and Accessories of such Articles": {
          "Tanzania": "1.76",
          "Pretoria": "46.05",
          "Lusaka": "30.69",
          "Cairo": "4.07",
          "Ottawa": "2.08"
        },
        "Vehicles, Aircraft, Vessels, and Associated Transport Equipment": {
          "Bangladesh": "22.17",
          "Uruguay": "13.00",
          "Pretoria": "22.48",
          "Cairo": "10.29",
          "New Delhi": "8.07"
        },
        "Optical, Photographic, Cinematographic, Measuring, Checking, Precision, Medical or Surgical Instruments and Apparatus; Clocks and Watches; Musical Instruments; Parts and Accessories thereof": {
          "Tanzania": "13.25",
          "Pretoria": "65.15",
          "Beijing": "7.37",
          "Abu Dhabi": "4.89",
          "Helsinki": "3.90"
        },
        "Miscellaneous Manufactured Articles": {
          "Bangladesh": "12.21",
          "Jordan": "11.19",
          "Malawi": "9.07",
          "Cairo": "39.39",
          "Pretoria": "9.72"
        }
      }
    },
    "2016": {
      "Exports": {
        "Animals & Animal Products": {
          "Belgium": "14.92",
          "Namibia": "10.96",
          "Angola": "0.98",
          "Lusaka": "69.87",
          "Harare": "1.08"
        },
        "Vegetable Products": {
          "Belgium": "33.01",
          "Bern": "28.48",
          "Berlin": "7.61",
          "Rome": "5.18",
          "New Delhi": "4.64"
        },
        "Prepared Foodstuffs; Beverages, Spirits, Vinegar, Tobacco and Manufactured Tobacco Substitutes": {
          "Belgium": "6.65",
          "Berlin": "42.64",
          "Madrid": "11.99",
          "Rabat": "8.45",
          "Bern": "7.97"
        },
        "Mineral Products": {
          "Lusaka": "69.67",
          "Beijing": "17.63",
          "Abu Dhabi": "3.20",
          "Pretoria": "2.89",
          "Kuala Lumpur": "1.50"
        },
        "Products of the Chemical or Allied Industries": {
          "Tanzania": "2.52",
          "Pretoria": "82.32",
          "Beijing": "12.09",
          "Abu Dhabi": "2.69",
          "Lusaka": "0.18"
        },
        "Plastics and Articles thereof; Rubber and Articles thereof": {
          "Mauritius": "14.76",
          "Uganda": "4.64",
          "Bangladesh": "2.65",
          "Kuala Lumpur": "60.70",
          "Ankara": "4.96"
        },
        "Raw Hides and Skins, Leather, Furskins, and Articles thereof; Saddlery and Harness; Travel Goods, Handbags, and Similar Containers; Articles of Animal Gut (Other than Silk-worm Gut)": {
          "Rwanda": "39.76",
          "Uganda": "11.03",
          "Yaoundé": "16.85",
          "Beijing": "9.45",
          "Hong Kong": "9.32"
        },
        "Wood and Articles of Wood; Wood Charcoal; Cork and Articles of Cork; Manufactures of Straw, of Esparto or of Other Plaiting Materials; Basketware and Wickerwork": {
          "Belgium": "5.66",
          "Beijing": "34.73",
          "Hanoi": "13.82",
          "Nairobi": "12.33",
          "Paris": "6.98"
        },
        "Textiles and Textile Articles": {
          "Uganda": "49.83",
          "Burundi": "22.60",
          "Bangladesh": "4.48",
          "Angola": "2.53",
          "Berlin": "2.84"
        },
        "Footwear, Headgear, Umbrellas, Sun Umbrellas, Walking-sticks, Seat-sticks, Whips, Riding-crops, and Parts thereof; Prepared Feathers and Articles Made therewith; Artificial Flowers; Articles of Human Hair": {
          "Bangladesh": "37.63",
          "Burkina Faso": "14.24",
          "Sudan": "11.70",
          "Angola": "7.48",
          "Paris": "7.29"
        },
        "Articles of Stone, Plaster, Cement, Asbestos, Mica or Similar Materials; Ceramic Products; Glass and Glassware": {
          "Uganda": "51.55",
          "Tanzania": "2.12",
          "Lusaka": "39.12",
          "Abu Dhabi": "2.08",
          "Yaoundé": "1.89"
        },
        "Natural or Cultured Pearls, Precious or Semi-precious Stones, Precious Metals, Metals Clad with Precious Metal, and Articles thereof; Imitation Jewellery; Coin": {
          "Tanzania": "12.08",
          "Pretoria": "52.32",
          "Beijing": "12.09",
          "Lusaka": "11.98",
          "Abu Dhabi": "5.40"
        },
        "Base Metals and Articles of Base Metal": {
          "Tanzania": "15.93",
          "Pretoria": "61.30",
          "Beijing": "10.82",
          "Abu Dhabi": "5.73",
          "Bern": "4.19"
        },
        "Machinery and Mechanical Appliances; Electrical Equipment; Parts thereof; Sound Recorders and Reproducers, Television Image and Sound Recorders and Reproducers, and Parts and Accessories of such Articles": {
          "Bangladesh": "7.54",
          "Belgium": "6.55",
          "Rwanda": "3.57",
          "Pretoria": "33.71",
          "Lusaka": "23.25"
        },
        "Vehicles, Aircraft, Vessels, and Associated Transport Equipment": {
          "Bangladesh": "14.62",
          "Uganda": "13.58",
          "Togo": "5.35",
          "Pretoria": "46.86",
          "Lusaka": "3.90"
        },
        "Optical, Photographic, Cinematographic, Measuring, Checking, Precision, Medical or Surgical Instruments and Apparatus; Clocks and Watches; Musical Instruments; Parts and Accessories thereof": {
          "Tanzania": "6.57",
          "Pretoria": "76.82",
          "Beijing": "11.30",
          "Abu Dhabi": "2.47",
          "Lusaka": "0.65"
        },
        "Miscellaneous Manufactured Articles": {
          "Uganda": "28.90",
          "Bangladesh": "9.92",
          "Malawi": "8.41",
          "Belgium": "5.83",
          "Pretoria": "24.39"
        }
      },
      "Imports": {
        "Animals & Animal Products": {
          "Belgium": "14.92",
          "Namibia": "10.96",
          "Angola": "0.98",
          "Lusaka": "69.87",
          "Harare": "1.08"
        },
        "Vegetable Products": {
          "Belgium": "33.01",
          "Bern": "28.48",
          "Berlin": "7.61",
          "Rome": "5.18",
          "New Delhi": "4.64"
        },
        "Prepared Foodstuffs; Beverages, Spirits, Vinegar, Tobacco and Manufactured Tobacco Substitutes": {
          "Belgium": "6.65",
          "Berlin": "42.64",
          "Madrid": "11.99",
          "Rabat": "8.45",
          "Bern": "7.97"
        },
        "Mineral Products": {
          "Lusaka": "69.67",
          "Beijing": "17.63",
          "Abu Dhabi": "3.20",
          "Pretoria": "2.89",
          "Kuala Lumpur": "1.50"
        },
        "Products of the Chemical or Allied Industries": {
          "Tanzania": "2.52",
          "Pretoria": "82.32",
          "Beijing": "12.09",
          "Abu Dhabi": "2.69",
          "Lusaka": "0.18"
        },
        "Plastics and Articles thereof; Rubber and Articles thereof": {
          "Mauritius": "14.76",
          "Uganda": "4.64",
          "Bangladesh": "2.65",
          "Kuala Lumpur": "60.70",
          "Ankara": "4.96"
        },
        "Raw Hides and Skins, Leather, Furskins, and Articles thereof; Saddlery and Harness; Travel Goods, Handbags, and Similar Containers; Articles of Animal Gut (Other than Silk-worm Gut)": {
          "Rwanda": "39.76",
          "Uganda": "11.03",
          "Yaoundé": "16.85",
          "Beijing": "9.45",
          "Hong Kong": "9.32"
        },
        "Wood and Articles of Wood; Wood Charcoal; Cork and Articles of Cork; Manufactures of Straw, of Esparto or of Other Plaiting Materials; Basketware and Wickerwork": {
          "Belgium": "5.66",
          "Beijing": "34.73",
          "Hanoi": "13.82",
          "Nairobi": "12.33",
          "Paris": "6.98"
        },
        "Textiles and Textile Articles": {
          "Uganda": "49.83",
          "Burundi": "22.60",
          "Bangladesh": "4.48",
          "Angola": "2.53",
          "Berlin": "2.84"
        },
        "Footwear, Headgear, Umbrellas, Sun Umbrellas, Walking-sticks, Seat-sticks, Whips, Riding-crops, and Parts thereof; Prepared Feathers and Articles Made therewith; Artificial Flowers; Articles of Human Hair": {
          "Bangladesh": "37.63",
          "Burkina Faso": "14.24",
          "Sudan": "11.70",
          "Angola": "7.48",
          "Paris": "7.29"
        },
        "Articles of Stone, Plaster, Cement, Asbestos, Mica or Similar Materials; Ceramic Products; Glass and Glassware": {
          "Uganda": "51.55",
          "Tanzania": "2.12",
          "Lusaka": "39.12",
          "Abu Dhabi": "2.08",
          "Yaoundé": "1.89"
        },
        "Natural or Cultured Pearls, Precious or Semi-precious Stones, Precious Metals, Metals Clad with Precious Metal, and Articles thereof; Imitation Jewellery; Coin": {
          "Tanzania": "12.08",
          "Pretoria": "52.32",
          "Beijing": "12.09",
          "Lusaka": "11.98",
          "Abu Dhabi": "5.40"
        },
        "Base Metals and Articles of Base Metal": {
          "Tanzania": "15.93",
          "Pretoria": "61.30",
          "Beijing": "10.82",
          "Abu Dhabi": "5.73",
          "Bern": "4.19"
        },
        "Machinery and Mechanical Appliances; Electrical Equipment; Parts thereof; Sound Recorders and Reproducers, Television Image and Sound Recorders and Reproducers, and Parts and Accessories of such Articles": {
          "Bangladesh": "7.54",
          "Belgium": "6.55",
          "Rwanda": "3.57",
          "Pretoria": "33.71",
          "Lusaka": "23.25"
        },
        "Vehicles, Aircraft, Vessels, and Associated Transport Equipment": {
          "Bangladesh": "14.62",
          "Uganda": "13.58",
          "Togo": "5.35",
          "Pretoria": "46.86",
          "Lusaka": "3.90"
        },
        "Optical, Photographic, Cinematographic, Measuring, Checking, Precision, Medical or Surgical Instruments and Apparatus; Clocks and Watches; Musical Instruments; Parts and Accessories thereof": {
          "Tanzania": "6.57",
          "Pretoria": "76.82",
          "Beijing": "11.30",
          "Abu Dhabi": "2.47",
          "Lusaka": "0.65"
        },
        "Miscellaneous Manufactured Articles": {
          "Uganda": "28.90",
          "Bangladesh": "9.92",
          "Malawi": "8.41",
          "Belgium": "5.83",
          "Pretoria": "24.39"
        }
      }
    },
    "2017": {
      "Exports": {
        "Animals & Animal Products": {
          "Angola": "48.89",
          "Uganda": "21.32",
          "Rwanda": "2.85",
          "Paris": "6.23",
          "Riyadh": "3.10"
        },
        "Vegetable Products": {
          "Belgium": "29.27",
          "Bern": "17.63",
          "Brazzaville": "7.62",
          "Berlin": "7.44"
        },
        "Prepared Foodstuffs; Beverages, Spirits, Vinegar, Tobacco and Manufactured Tobacco Substitutes": {
          "Jakarta": "27.93",
          "Amsterdam": "15.19",
          "New Delhi": "9.81",
          "Madrid": "8.88",
          "Rabat": "6.25"
        },
        "Mineral Products": {
          "Lusaka": "42.39",
          "Beijing": "36.35",
          "Abu Dhabi": "8.47",
          "Pretoria": "2.60"
        },
        "Products of the Chemical or Allied Industries": {
          "Tanzania": "0.79",
          "Pretoria": "78.44",
          "Beijing": "13.75",
          "Abu Dhabi": "6.06",
          "Lusaka": "0.84"
        },
        "Plastics and Articles thereof; Rubber and Articles thereof": {
          "Mauritius": "17.19",
          "Belgium": "5.21",
          "Uganda": "3.15",
          "Kuala Lumpur": "61.37",
          "Ankara": "3.15"
        },
        "Raw Hides and Skins, Leather, Furskins, and Articles thereof; Saddlery and Harness; Travel Goods, Handbags, and Similar Containers; Articles of Animal Gut (Other than Silk-worm Gut)": {
          "Uganda": "29.20",
          "Rwanda": "15.55",
          "Togo": "10.20",
          "Belgium": "8.95",
          "Uruguay": "8.37"
        },
        "Wood and Articles of Wood; Wood Charcoal; Cork and Articles of Cork; Manufactures of Straw, of Esparto or of Other Plaiting Materials; Basketware and Wickerwork": {
          "Uganda": "5.95",
          "Belgium": "5.88",
          "Hanoi": "33.53",
          "Beijing": "25.19",
          "Nairobi": "7.24"
        },
        "Textiles and Textile Articles": {
          "Burundi": "45.39",
          "Angola": "9.68",
          "Belgium": "8.12",
          "Uganda": "7.40",
          "Lusaka": "4.91"
        },
        "Footwear, Headgear, Umbrellas, Sun Umbrellas, Walking-sticks, Seat-sticks, Whips, Riding-crops, and Parts thereof; Prepared Feathers and Articles Made therewith; Artificial Flowers; Articles of Human Hair": {
          "Angola": "57.91",
          "Nigeria": "5.59",
          "Pretoria": "10.40",
          "Paris": "6.40",
          "Lusaka": "5.13"
        },
        "Articles of Stone, Plaster, Cement, Asbestos, Mica or Similar Materials; Ceramic Products; Glass and Glassware": {
          "Angola": "36.42",
          "Tanzania": "3.06",
          "Lusaka": "50.91",
          "New Delhi": "2.51",
          "Berlin": "1.51"
        },
        "Natural or Cultured Pearls, Precious or Semi-precious Stones, Precious Metals, Metals Clad with Precious Metal, and Articles thereof; Imitation Jewellery; Coin": {
          "Pretoria": "41.69",
          "Beijing": "18.47",
          "Lusaka": "9.58",
          "Abu Dhabi": "7.64"
        },
        "Base Metals and Articles of Base Metal": {
          "Pretoria": "51.95",
          "Beijing": "13.10",
          "Bern": "7.36",
          "Abu Dhabi": "7.29"
        },
        "Machinery and Mechanical Appliances; Electrical Equipment; Parts thereof; Sound Recorders and Reproducers, Television Image and Sound Recorders and Reproducers, and Parts and Accessories of such Articles": {
          "Botswana": "7.58",
          "Uganda": "7.57",
          "Rwanda": "6.75",
          "Pretoria": "23.80",
          "Lusaka": "12.26"
        },
        "Vehicles, Aircraft, Vessels, and Associated Transport Equipment": {
          "Rwanda": "12.94",
          "Nepal": "11.46",
          "Pretoria": "21.25",
          "London": "11.27",
          "New Delhi": "10.00"
        },
        "Optical, Photographic, Cinematographic, Measuring, Checking, Precision, Medical or Surgical Instruments and Apparatus; Clocks and Watches; Musical Instruments; Parts and Accessories thereof": {
          "Tanzania": "2.65",
          "Pretoria": "76.35",
          "Beijing": "13.34",
          "Abu Dhabi": "5.92",
          "Lusaka": "0.93"
        },
        "Miscellaneous Manufactured Articles": {
          "Tanzania": "30.27",
          "Uruguay": "6.92",
          "Pretoria": "25.88",
          "New Delhi": "18.24",
          "Paris": "4.48"
        }
      },
      "Imports": {
        "Animals & Animal Products": {
          "Angola": "48.89",
          "Uganda": "21.32",
          "Rwanda": "2.85",
          "Paris": "6.23",
          "Riyadh": "3.10"
        },
        "Vegetable Products": {
          "Belgium": "29.27",
          "Bern": "17.63",
          "Brazzaville": "7.62",
          "Berlin": "7.44"
        },
        "Prepared Foodstuffs; Beverages, Spirits, Vinegar, Tobacco and Manufactured Tobacco Substitutes": {
          "Jakarta": "27.93",
          "Amsterdam": "15.19",
          "New Delhi": "9.81",
          "Madrid": "8.88",
          "Rabat": "6.25"
        },
        "Mineral Products": {
          "Lusaka": "42.39",
          "Beijing": "36.35",
          "Abu Dhabi": "8.47",
          "Pretoria": "2.60"
        },
        "Products of the Chemical or Allied Industries": {
          "Tanzania": "0.79",
          "Pretoria": "78.44",
          "Beijing": "13.75",
          "Abu Dhabi": "6.06",
          "Lusaka": "0.84"
        },
        "Plastics and Articles thereof; Rubber and Articles thereof": {
          "Mauritius": "17.19",
          "Belgium": "5.21",
          "Uganda": "3.15",
          "Kuala Lumpur": "61.37",
          "Ankara": "3.15"
        },
        "Raw Hides and Skins, Leather, Furskins, and Articles thereof; Saddlery and Harness; Travel Goods, Handbags, and Similar Containers; Articles of Animal Gut (Other than Silk-worm Gut)": {
          "Uganda": "29.20",
          "Rwanda": "15.55",
          "Togo": "10.20",
          "Belgium": "8.95",
          "Uruguay": "8.37"
        },
        "Wood and Articles of Wood; Wood Charcoal; Cork and Articles of Cork; Manufactures of Straw, of Esparto or of Other Plaiting Materials; Basketware and Wickerwork": {
          "Uganda": "5.95",
          "Belgium": "5.88",
          "Hanoi": "33.53",
          "Beijing": "25.19",
          "Nairobi": "7.24"
        },
        "Textiles and Textile Articles": {
          "Burundi": "45.39",
          "Angola": "9.68",
          "Belgium": "8.12",
          "Uganda": "7.40",
          "Lusaka": "4.91"
        },
        "Footwear, Headgear, Umbrellas, Sun Umbrellas, Walking-sticks, Seat-sticks, Whips, Riding-crops, and Parts thereof; Prepared Feathers and Articles Made therewith; Artificial Flowers; Articles of Human Hair": {
          "Angola": "57.91",
          "Nigeria": "5.59",
          "Pretoria": "10.40",
          "Paris": "6.40",
          "Lusaka": "5.13"
        },
        "Articles of Stone, Plaster, Cement, Asbestos, Mica or Similar Materials; Ceramic Products; Glass and Glassware": {
          "Angola": "36.42",
          "Tanzania": "3.06",
          "Lusaka": "50.91",
          "New Delhi": "2.51",
          "Berlin": "1.51"
        },
        "Natural or Cultured Pearls, Precious or Semi-precious Stones, Precious Metals, Metals Clad with Precious Metal, and Articles thereof; Imitation Jewellery; Coin": {
          "Pretoria": "41.69",
          "Beijing": "18.47",
          "Lusaka": "9.58",
          "Abu Dhabi": "7.64"
        },
        "Base Metals and Articles of Base Metal": {
          "Pretoria": "51.95",
          "Beijing": "13.10",
          "Bern": "7.36",
          "Abu Dhabi": "7.29"
        },
        "Machinery and Mechanical Appliances; Electrical Equipment; Parts thereof; Sound Recorders and Reproducers, Television Image and Sound Recorders and Reproducers, and Parts and Accessories of such Articles": {
          "Botswana": "7.58",
          "Uganda": "7.57",
          "Rwanda": "6.75",
          "Pretoria": "23.80",
          "Lusaka": "12.26"
        },
        "Vehicles, Aircraft, Vessels, and Associated Transport Equipment": {
          "Rwanda": "12.94",
          "Nepal": "11.46",
          "Pretoria": "21.25",
          "London": "11.27",
          "New Delhi": "10.00"
        },
        "Optical, Photographic, Cinematographic, Measuring, Checking, Precision, Medical or Surgical Instruments and Apparatus; Clocks and Watches; Musical Instruments; Parts and Accessories thereof": {
          "Tanzania": "2.65",
          "Pretoria": "76.35",
          "Beijing": "13.34",
          "Abu Dhabi": "5.92",
          "Lusaka": "0.93"
        },
        "Miscellaneous Manufactured Articles": {
          "Tanzania": "30.27",
          "Uruguay": "6.92",
          "Pretoria": "25.88",
          "New Delhi": "18.24",
          "Paris": "4.48"
        }
      }
    },
    "2018": {
      "Exports": {
        "Animals & Animal Products": {
          "Uganda": "27.70",
          "Rwanda": "8.72",
          "Thailand": "6.73",
          "Paris": "11.88",
          "Hong Kong": "11.29"
        },
        "Vegetable Products": {
          "Belgium": "32.64",
          "Rome": "11.93",
          "New Delhi": "11.79",
          "Bern": "8.87",
          "Berlin": "8.27"
        },
        "Prepared Foodstuffs; Beverages, Spirits, Vinegar, Tobacco and Manufactured Tobacco Substitutes": {
          "Belgium": "5.95",
          "Jakarta": "25.67",
          "Amsterdam": "23.96",
          "Bern": "7.97",
          "New Delhi": "6.74"
        },
        "Mineral Products": {
          "Thailand": "1.65",
          "Lusaka": "45.39",
          "Beijing": "41.28",
          "Abu Dhabi": "8.95",
          "Hong Kong": "0.61"
        },
        "Products of the Chemical or Allied Industries": {
          "Angola": "0.03",
          "Pretoria": "78.11",
          "Beijing": "13.86",
          "Abu Dhabi": "6.76",
          "Lusaka": "1.20"
        },
        "Plastics and Articles thereof; Rubber and Articles thereof": {
          "Mauritius": "15.64",
          "Uganda": "4.03",
          "Angola": "2.63",
          "Kuala Lumpur": "62.22",
          "Ankara": "3.04"
        },
        "Raw Hides and Skins, Leather, Furskins, and Articles thereof; Saddlery and Harness; Travel Goods, Handbags, and Similar Containers; Articles of Animal Gut (Other than Silk-worm Gut)": {
          "Belgium": "15.95",
          "Uganda": "11.63",
          "Rwanda": "8.37",
          "Accra": "11.82",
          "Nairobi": "8.14"
        },
        "Wood and Articles of Wood; Wood Charcoal; Cork and Articles of Cork; Manufactures of Straw, of Esparto or of Other Plaiting Materials; Basketware and Wickerwork": {
          "Uganda": "5.68",
          "Hanoi": "30.47",
          "Beijing": "26.52",
          "Nairobi": "6.39",
          "Islamabad": "4.79"
        },
        "Textiles and Textile Articles": {
          "Belgium": "17.03",
          "Burundi": "14.95",
          "Uganda": "8.18",
          "Angola": "7.25",
          "Ottawa": "5.30"
        },
        "Footwear, Headgear, Umbrellas, Sun Umbrellas, Walking-sticks, Seat-sticks, Whips, Riding-crops, and Parts thereof; Prepared Feathers and Articles Made therewith; Artificial Flowers; Articles of Human Hair": {
          "Angola": "24.29",
          "Nigeria": "19.58",
          "Uganda": "3.59",
          "Harare": "35.84",
          "Paris": "4.24"
        },
        "Articles of Stone, Plaster, Cement, Asbestos, Mica or Similar Materials; Ceramic Products; Glass and Glassware": {
          "Belgium": "19.68",
          "Pretoria": "40.52",
          "Abu Dhabi": "35.36",
          "New Delhi": "3.07",
          "Jerusalem": "0.72"
        },
        "Natural or Cultured Pearls, Precious or Semi-precious Stones, Precious Metals, Metals Clad with Precious Metal, and Articles thereof; Imitation Jewellery; Coin": {
          "Tanzania": "14.71",
          "Pretoria": "25.16",
          "Beijing": "24.27",
          "Lusaka": "11.15"
        },
        "Base Metals and Articles of Base Metal": {
          "Tanzania": "18.80",
          "Pretoria": "32.21",
          "Beijing": "19.73",
          "Bern": "6.18"
        },
        "Machinery and Mechanical Appliances; Electrical Equipment; Parts thereof; Sound Recorders and Reproducers, Television Image and Sound Recorders and Reproducers, and Parts and Accessories of such Articles": {
          "Rwanda": "10.37",
          "Belgium": "7.41",
          "Angola": "3.28",
          "Pretoria": "37.65",
          "Lusaka": "18.63"
        },
        "Vehicles, Aircraft, Vessels, and Associated Transport Equipment": {
          "Belgium": "7.16",
          "Pretoria": "27.78",
          "Accra": "27.07",
          "Nairobi": "13.71",
          "Rabat": "6.89"
        },
        "Optical, Photographic, Cinematographic, Measuring, Checking, Precision, Medical or Surgical Instruments and Apparatus; Clocks and Watches; Musical Instruments; Parts and Accessories thereof": {
          "Belgium": "0.31",
          "Pretoria": "77.22",
          "Beijing": "13.66",
          "Abu Dhabi": "7.15",
          "Lusaka": "1.28"
        },
        "Miscellaneous Manufactured Articles": {
          "Tanzania": "19.09",
          "Belgium": "6.00",
          "Pretoria": "20.91",
          "Rabat": "15.70",
          "Lusaka": "5.30"
        }
      },
      "Imports": {
        "Animals & Animal Products": {
          "Uganda": "27.70",
          "Rwanda": "8.72",
          "Thailand": "6.73",
          "Paris": "11.88",
          "Hong Kong": "11.29"
        },
        "Vegetable Products": {
          "Belgium": "32.64",
          "Rome": "11.93",
          "New Delhi": "11.79",
          "Bern": "8.87",
          "Berlin": "8.27"
        },
        "Prepared Foodstuffs; Beverages, Spirits, Vinegar, Tobacco and Manufactured Tobacco Substitutes": {
          "Belgium": "5.95",
          "Jakarta": "25.67",
          "Amsterdam": "23.96",
          "Bern": "7.97",
          "New Delhi": "6.74"
        },
        "Mineral Products": {
          "Thailand": "1.65",
          "Lusaka": "45.39",
          "Beijing": "41.28",
          "Abu Dhabi": "8.95",
          "Hong Kong": "0.61"
        },
        "Products of the Chemical or Allied Industries": {
          "Angola": "0.03",
          "Pretoria": "78.11",
          "Beijing": "13.86",
          "Abu Dhabi": "6.76",
          "Lusaka": "1.20"
        },
        "Plastics and Articles thereof; Rubber and Articles thereof": {
          "Mauritius": "15.64",
          "Uganda": "4.03",
          "Angola": "2.63",
          "Kuala Lumpur": "62.22",
          "Ankara": "3.04"
        },
        "Raw Hides and Skins, Leather, Furskins, and Articles thereof; Saddlery and Harness; Travel Goods, Handbags, and Similar Containers; Articles of Animal Gut (Other than Silk-worm Gut)": {
          "Belgium": "15.95",
          "Uganda": "11.63",
          "Rwanda": "8.37",
          "Accra": "11.82",
          "Nairobi": "8.14"
        },
        "Wood and Articles of Wood; Wood Charcoal; Cork and Articles of Cork; Manufactures of Straw, of Esparto or of Other Plaiting Materials; Basketware and Wickerwork": {
          "Uganda": "5.68",
          "Hanoi": "30.47",
          "Beijing": "26.52",
          "Nairobi": "6.39",
          "Islamabad": "4.79"
        },
        "Textiles and Textile Articles": {
          "Belgium": "17.03",
          "Burundi": "14.95",
          "Uganda": "8.18",
          "Angola": "7.25",
          "Ottawa": "5.30"
        },
        "Footwear, Headgear, Umbrellas, Sun Umbrellas, Walking-sticks, Seat-sticks, Whips, Riding-crops, and Parts thereof; Prepared Feathers and Articles Made therewith; Artificial Flowers; Articles of Human Hair": {
          "Angola": "24.29",
          "Nigeria": "19.58",
          "Uganda": "3.59",
          "Harare": "35.84",
          "Paris": "4.24"
        },
        "Articles of Stone, Plaster, Cement, Asbestos, Mica or Similar Materials; Ceramic Products; Glass and Glassware": {
          "Belgium": "19.68",
          "Pretoria": "40.52",
          "Abu Dhabi": "35.36",
          "New Delhi": "3.07",
          "Jerusalem": "0.72"
        },
        "Natural or Cultured Pearls, Precious or Semi-precious Stones, Precious Metals, Metals Clad with Precious Metal, and Articles thereof; Imitation Jewellery; Coin": {
          "Tanzania": "14.71",
          "Pretoria": "25.16",
          "Beijing": "24.27",
          "Lusaka": "11.15"
        },
        "Base Metals and Articles of Base Metal": {
          "Tanzania": "18.80",
          "Pretoria": "32.21",
          "Beijing": "19.73",
          "Bern": "6.18"
        },
        "Machinery and Mechanical Appliances; Electrical Equipment; Parts thereof; Sound Recorders and Reproducers, Television Image and Sound Recorders and Reproducers, and Parts and Accessories of such Articles": {
          "Rwanda": "10.37",
          "Belgium": "7.41",
          "Angola": "3.28",
          "Pretoria": "37.65",
          "Lusaka": "18.63"
        },
        "Vehicles, Aircraft, Vessels, and Associated Transport Equipment": {
          "Belgium": "7.16",
          "Pretoria": "27.78",
          "Accra": "27.07",
          "Nairobi": "13.71",
          "Rabat": "6.89"
        },
        "Optical, Photographic, Cinematographic, Measuring, Checking, Precision, Medical or Surgical Instruments and Apparatus; Clocks and Watches; Musical Instruments; Parts and Accessories thereof": {
          "Belgium": "0.31",
          "Pretoria": "77.22",
          "Beijing": "13.66",
          "Abu Dhabi": "7.15",
          "Lusaka": "1.28"
        },
        "Miscellaneous Manufactured Articles": {
          "Tanzania": "19.09",
          "Belgium": "6.00",
          "Pretoria": "20.91",
          "Rabat": "15.70",
          "Lusaka": "5.30"
        }
      }
    },
    "2019": {
      "Exports": {
        "Animals & Animal Products": {
          "Angola": "35.68",
          "Paris": "29.37",
          "Harare": "11.98",
          "Ottawa": "4.37",
          "Lusaka": "3.71"
        },
        "Vegetable Products": {
          "Belgium": "24.56",
          "New Delhi": "14.75",
          "Berlin": "13.20",
          "Rome": "9.96",
          "Jakarta": "6.02"
        },
        "Prepared Foodstuffs; Beverages, Spirits, Vinegar, Tobacco and Manufactured Tobacco Substitutes": {
          "Uganda": "10.60",
          "Belgium": "6.97",
          "Jakarta": "25.90",
          "New Delhi": "22.18",
          "Washington, D.C.": "7.52"
        },
        "Mineral Products": {
          "Beijing": "46.29",
          "Lusaka": "40.33",
          "Abu Dhabi": "3.86",
          "Kuala Lumpur": "3.42",
          "Pretoria": "2.24"
        },
        "Products of the Chemical or Allied Industries": {
          "Pretoria": "52.48",
          "Beijing": "15.74",
          "Helsinki": "12.96",
          "Abu Dhabi": "6.26"
        },
        "Plastics and Articles thereof; Rubber and Articles thereof": {
          "Mauritius": "5.39",
          "Uganda": "3.48",
          "Botswana": "2.83",
          "Kuala Lumpur": "73.84",
          "Ankara": "2.76"
        },
        "Raw Hides and Skins, Leather, Furskins, and Articles thereof; Saddlery and Harness; Travel Goods, Handbags, and Similar Containers; Articles of Animal Gut (Other than Silk-worm Gut)": {
          "Burundi": "94.46",
          "Angola": "0.53",
          "Berlin": "1.68",
          "Paris": "1.42",
          "Pretoria": "0.51"
        },
        "Wood and Articles of Wood; Wood Charcoal; Cork and Articles of Cork; Manufactures of Straw, of Esparto or of Other Plaiting Materials; Basketware and Wickerwork": {
          "Uganda": "3.95",
          "Beijing": "42.20",
          "Hanoi": "31.84",
          "Paris": "3.05",
          "Nairobi": "2.17"
        },
        "Textiles and Textile Articles": {
          "Belgium": "13.98",
          "Uganda": "11.01",
          "Bangladesh": "10.97",
          "Burundi": "9.11",
          "Brazzaville": "26.46"
        },
        "Footwear, Headgear, Umbrellas, Sun Umbrellas, Walking-sticks, Seat-sticks, Whips, Riding-crops, and Parts thereof; Prepared Feathers and Articles Made therewith; Artificial Flowers; Articles of Human Hair": {
          "Tanzania": "23.22",
          "Angola": "11.58",
          "Cairo": "29.78",
          "Brazzaville": "12.19",
          "Jerusalem": "4.34"
        },
        "Articles of Stone, Plaster, Cement, Asbestos, Mica or Similar Materials; Ceramic Products; Glass and Glassware": {
          "Belgium": "13.19",
          "Abu Dhabi": "50.70",
          "Beijing": "21.66",
          "Pretoria": "10.29",
          "New Delhi": "2.99"
        },
        "Natural or Cultured Pearls, Precious or Semi-precious Stones, Precious Metals, Metals Clad with Precious Metal, and Articles thereof; Imitation Jewellery; Coin": {
          "Tanzania": "18.24",
          "Beijing": "32.47",
          "Pretoria": "16.57",
          "Lusaka": "9.33",
          "Abu Dhabi": "6.82"
        },
        "Base Metals and Articles of Base Metal": {
          "Tanzania": "21.53",
          "Beijing": "30.31",
          "Pretoria": "19.18",
          "Abu Dhabi": "6.43"
        },
        "Machinery and Mechanical Appliances; Electrical Equipment; Parts thereof; Sound Recorders and Reproducers, Television Image and Sound Recorders and Reproducers, and Parts and Accessories of such Articles": {
          "Belgium": "6.68",
          "Tanzania": "5.63",
          "Pretoria": "43.08",
          "Lusaka": "6.52",
          "Paris": "5.26"
        },
        "Vehicles, Aircraft, Vessels, and Associated Transport Equipment": {
          "Uganda": "24.87",
          "Tanzania": "7.35",
          "Belgium": "6.03",
          "Pretoria": "21.47",
          "Paris": "17.50"
        },
        "Optical, Photographic, Cinematographic, Measuring, Checking, Precision, Medical or Surgical Instruments and Apparatus; Clocks and Watches; Musical Instruments; Parts and Accessories thereof": {
          "Pretoria": "50.90",
          "Beijing": "15.10",
          "Helsinki": "12.42",
          "Abu Dhabi": "6.96"
        },
        "Miscellaneous Manufactured Articles": {
          "Tanzania": "16.25",
          "Uganda": "14.27",
          "Pretoria": "24.36",
          "Rabat": "12.26",
          "London": "5.37"
        }
      },
      "Imports": {
        "Animals & Animal Products": {
          "Angola": "35.68",
          "Paris": "29.37",
          "Harare": "11.98",
          "Ottawa": "4.37",
          "Lusaka": "3.71"
        },
        "Vegetable Products": {
          "Belgium": "24.56",
          "New Delhi": "14.75",
          "Berlin": "13.20",
          "Rome": "9.96",
          "Jakarta": "6.02"
        },
        "Prepared Foodstuffs; Beverages, Spirits, Vinegar, Tobacco and Manufactured Tobacco Substitutes": {
          "Uganda": "10.60",
          "Belgium": "6.97",
          "Jakarta": "25.90",
          "New Delhi": "22.18",
          "Washington, D.C.": "7.52"
        },
        "Mineral Products": {
          "Beijing": "46.29",
          "Lusaka": "40.33",
          "Abu Dhabi": "3.86",
          "Kuala Lumpur": "3.42",
          "Pretoria": "2.24"
        },
        "Products of the Chemical or Allied Industries": {
          "Pretoria": "52.48",
          "Beijing": "15.74",
          "Helsinki": "12.96",
          "Abu Dhabi": "6.26"
        },
        "Plastics and Articles thereof; Rubber and Articles thereof": {
          "Mauritius": "5.39",
          "Uganda": "3.48",
          "Botswana": "2.83",
          "Kuala Lumpur": "73.84",
          "Ankara": "2.76"
        },
        "Raw Hides and Skins, Leather, Furskins, and Articles thereof; Saddlery and Harness; Travel Goods, Handbags, and Similar Containers; Articles of Animal Gut (Other than Silk-worm Gut)": {
          "Burundi": "94.46",
          "Angola": "0.53",
          "Berlin": "1.68",
          "Paris": "1.42",
          "Pretoria": "0.51"
        },
        "Wood and Articles of Wood; Wood Charcoal; Cork and Articles of Cork; Manufactures of Straw, of Esparto or of Other Plaiting Materials; Basketware and Wickerwork": {
          "Uganda": "3.95",
          "Beijing": "42.20",
          "Hanoi": "31.84",
          "Paris": "3.05",
          "Nairobi": "2.17"
        },
        "Textiles and Textile Articles": {
          "Belgium": "13.98",
          "Uganda": "11.01",
          "Bangladesh": "10.97",
          "Burundi": "9.11",
          "Brazzaville": "26.46"
        },
        "Footwear, Headgear, Umbrellas, Sun Umbrellas, Walking-sticks, Seat-sticks, Whips, Riding-crops, and Parts thereof; Prepared Feathers and Articles Made therewith; Artificial Flowers; Articles of Human Hair": {
          "Tanzania": "23.22",
          "Angola": "11.58",
          "Cairo": "29.78",
          "Brazzaville": "12.19",
          "Jerusalem": "4.34"
        },
        "Articles of Stone, Plaster, Cement, Asbestos, Mica or Similar Materials; Ceramic Products; Glass and Glassware": {
          "Belgium": "13.19",
          "Abu Dhabi": "50.70",
          "Beijing": "21.66",
          "Pretoria": "10.29",
          "New Delhi": "2.99"
        },
        "Natural or Cultured Pearls, Precious or Semi-precious Stones, Precious Metals, Metals Clad with Precious Metal, and Articles thereof; Imitation Jewellery; Coin": {
          "Tanzania": "18.24",
          "Beijing": "32.47",
          "Pretoria": "16.57",
          "Lusaka": "9.33",
          "Abu Dhabi": "6.82"
        },
        "Base Metals and Articles of Base Metal": {
          "Tanzania": "21.53",
          "Beijing": "30.31",
          "Pretoria": "19.18",
          "Abu Dhabi": "6.43"
        },
        "Machinery and Mechanical Appliances; Electrical Equipment; Parts thereof; Sound Recorders and Reproducers, Television Image and Sound Recorders and Reproducers, and Parts and Accessories of such Articles": {
          "Belgium": "6.68",
          "Tanzania": "5.63",
          "Pretoria": "43.08",
          "Lusaka": "6.52",
          "Paris": "5.26"
        },
        "Vehicles, Aircraft, Vessels, and Associated Transport Equipment": {
          "Uganda": "24.87",
          "Tanzania": "7.35",
          "Belgium": "6.03",
          "Pretoria": "21.47",
          "Paris": "17.50"
        },
        "Optical, Photographic, Cinematographic, Measuring, Checking, Precision, Medical or Surgical Instruments and Apparatus; Clocks and Watches; Musical Instruments; Parts and Accessories thereof": {
          "Pretoria": "50.90",
          "Beijing": "15.10",
          "Helsinki": "12.42",
          "Abu Dhabi": "6.96"
        },
        "Miscellaneous Manufactured Articles": {
          "Tanzania": "16.25",
          "Uganda": "14.27",
          "Pretoria": "24.36",
          "Rabat": "12.26",
          "London": "5.37"
        }
      }
    },
    "2020": {
      "Exports": {
        "Animals & Animal Products": {
          "Angola": "13.97",
          "Seoul": "74.12",
          "Ottawa": "3.95",
          "Paris": "3.20",
          "Washington, D.C.": "1.49"
        },
        "Vegetable Products": {
          "Belgium": "21.05",
          "New Delhi": "20.20",
          "Berlin": "20.14",
          "Rome": "6.57",
          "Washington, D.C.": "4.91"
        },
        "Prepared Foodstuffs; Beverages, Spirits, Vinegar, Tobacco and Manufactured Tobacco Substitutes": {
          "Uganda": "8.83",
          "Belgium": "8.64",
          "New Delhi": "21.08",
          "Jakarta": "18.33",
          "Amsterdam": "8.90"
        },
        "Mineral Products": {
          "Thailand": "5.54",
          "Lusaka": "61.07",
          "Beijing": "18.46",
          "Kuala Lumpur": "6.37",
          "Abu Dhabi": "4.75"
        },
        "Products of the Chemical or Allied Industries": {
          "Beijing": "35.07",
          "Pretoria": "23.77",
          "Maputo": "15.96",
          "Lusaka": "9.31",
          "Abu Dhabi": "6.20"
        },
        "Plastics and Articles thereof; Rubber and Articles thereof": {
          "Uganda": "4.18",
          "Romania": "3.13",
          "Kuala Lumpur": "76.18",
          "Ankara": "5.34",
          "Lusaka": "1.63"
        },
        "Raw Hides and Skins, Leather, Furskins, and Articles thereof; Saddlery and Harness; Travel Goods, Handbags, and Similar Containers; Articles of Animal Gut (Other than Silk-worm Gut)": {
          "Burundi": "90.99",
          "Chad": "1.98",
          "Croatia": "1.24",
          "Namibia": "0.94",
          "Thailand": "0.78"
        },
        "Wood and Articles of Wood; Wood Charcoal; Cork and Articles of Cork; Manufactures of Straw, of Esparto or of Other Plaiting Materials; Basketware and Wickerwork": {
          "Uganda": "3.32",
          "Beijing": "51.85",
          "Hanoi": "28.21",
          "Paris": "2.54",
          "Islamabad": "2.15"
        },
        "Textiles and Textile Articles": {
          "Cote dIvoire": "17.99",
          "Belgium": "7.91",
          "Bangladesh": "5.26",
          "Rabat": "29.16",
          "Brazzaville": "15.57"
        },
        "Footwear, Headgear, Umbrellas, Sun Umbrellas, Walking-sticks, Seat-sticks, Whips, Riding-crops, and Parts thereof; Prepared Feathers and Articles Made therewith; Artificial Flowers; Articles of Human Hair": {
          "Angola": "22.47",
          "Accra": "55.59",
          "Libreville": "7.74",
          "Paris": "5.76",
          "Ottawa": "1.99"
        },
        "Articles of Stone, Plaster, Cement, Asbestos, Mica or Similar Materials; Ceramic Products; Glass and Glassware": {
          "Belgium": "49.52",
          "Abu Dhabi": "44.54",
          "New Delhi": "3.21",
          "Pretoria": "1.44",
          "Brazzaville": "0.30"
        },
        "Natural or Cultured Pearls, Precious or Semi-precious Stones, Precious Metals, Metals Clad with Precious Metal, and Articles thereof; Imitation Jewellery; Coin": {
          "Tanzania": "15.20",
          "Beijing": "44.78",
          "Lusaka": "9.06",
          "Bern": "7.08"
        },
        "Base Metals and Articles of Base Metal": {
          "Tanzania": "16.80",
          "Beijing": "47.37",
          "Bern": "7.82",
          "Abu Dhabi": "5.85"
        },
        "Machinery and Mechanical Appliances; Electrical Equipment; Parts thereof; Sound Recorders and Reproducers, Television Image and Sound Recorders and Reproducers, and Parts and Accessories of such Articles": {
          "Cote dIvoire": "32.26",
          "Tanzania": "4.46",
          "Pretoria": "27.27",
          "Lusaka": "8.04",
          "Rabat": "7.68"
        },
        "Vehicles, Aircraft, Vessels, and Associated Transport Equipment": {
          "Togo": "5.14",
          "Accra": "43.19",
          "Rabat": "28.90",
          "Nairobi": "3.91",
          "Ottawa": "3.86"
        },
        "Optical, Photographic, Cinematographic, Measuring, Checking, Precision, Medical or Surgical Instruments and Apparatus; Clocks and Watches; Musical Instruments; Parts and Accessories thereof": {
          "Beijing": "32.31",
          "Pretoria": "22.24",
          "Maputo": "14.69",
          "Lusaka": "8.70"
        },
        "Miscellaneous Manufactured Articles": {
          "Rabat": "25.25",
          "Accra": "20.65",
          "Pretoria": "20.46",
          "Islamabad": "3.48",
          "Ottawa": "3.26"
        }
      },
      "Imports": {
        "Animals & Animal Products": {
          "Angola": "13.97",
          "Seoul": "74.12",
          "Ottawa": "3.95",
          "Paris": "3.20",
          "Washington, D.C.": "1.49"
        },
        "Vegetable Products": {
          "Belgium": "21.05",
          "New Delhi": "20.20",
          "Berlin": "20.14",
          "Rome": "6.57",
          "Washington, D.C.": "4.91"
        },
        "Prepared Foodstuffs; Beverages, Spirits, Vinegar, Tobacco and Manufactured Tobacco Substitutes": {
          "Uganda": "8.83",
          "Belgium": "8.64",
          "New Delhi": "21.08",
          "Jakarta": "18.33",
          "Amsterdam": "8.90"
        },
        "Mineral Products": {
          "Thailand": "5.54",
          "Lusaka": "61.07",
          "Beijing": "18.46",
          "Kuala Lumpur": "6.37",
          "Abu Dhabi": "4.75"
        },
        "Products of the Chemical or Allied Industries": {
          "Beijing": "35.07",
          "Pretoria": "23.77",
          "Maputo": "15.96",
          "Lusaka": "9.31",
          "Abu Dhabi": "6.20"
        },
        "Plastics and Articles thereof; Rubber and Articles thereof": {
          "Uganda": "4.18",
          "Romania": "3.13",
          "Kuala Lumpur": "76.18",
          "Ankara": "5.34",
          "Lusaka": "1.63"
        },
        "Raw Hides and Skins, Leather, Furskins, and Articles thereof; Saddlery and Harness; Travel Goods, Handbags, and Similar Containers; Articles of Animal Gut (Other than Silk-worm Gut)": {
          "Burundi": "90.99",
          "Chad": "1.98",
          "Croatia": "1.24",
          "Namibia": "0.94",
          "Thailand": "0.78"
        },
        "Wood and Articles of Wood; Wood Charcoal; Cork and Articles of Cork; Manufactures of Straw, of Esparto or of Other Plaiting Materials; Basketware and Wickerwork": {
          "Uganda": "3.32",
          "Beijing": "51.85",
          "Hanoi": "28.21",
          "Paris": "2.54",
          "Islamabad": "2.15"
        },
        "Textiles and Textile Articles": {
          "Cote dIvoire": "17.99",
          "Belgium": "7.91",
          "Bangladesh": "5.26",
          "Rabat": "29.16",
          "Brazzaville": "15.57"
        },
        "Footwear, Headgear, Umbrellas, Sun Umbrellas, Walking-sticks, Seat-sticks, Whips, Riding-crops, and Parts thereof; Prepared Feathers and Articles Made therewith; Artificial Flowers; Articles of Human Hair": {
          "Angola": "22.47",
          "Accra": "55.59",
          "Libreville": "7.74",
          "Paris": "5.76",
          "Ottawa": "1.99"
        },
        "Articles of Stone, Plaster, Cement, Asbestos, Mica or Similar Materials; Ceramic Products; Glass and Glassware": {
          "Belgium": "49.52",
          "Abu Dhabi": "44.54",
          "New Delhi": "3.21",
          "Pretoria": "1.44",
          "Brazzaville": "0.30"
        },
        "Natural or Cultured Pearls, Precious or Semi-precious Stones, Precious Metals, Metals Clad with Precious Metal, and Articles thereof; Imitation Jewellery; Coin": {
          "Tanzania": "15.20",
          "Beijing": "44.78",
          "Lusaka": "9.06",
          "Bern": "7.08"
        },
        "Base Metals and Articles of Base Metal": {
          "Tanzania": "16.80",
          "Beijing": "47.37",
          "Bern": "7.82",
          "Abu Dhabi": "5.85"
        },
        "Machinery and Mechanical Appliances; Electrical Equipment; Parts thereof; Sound Recorders and Reproducers, Television Image and Sound Recorders and Reproducers, and Parts and Accessories of such Articles": {
          "Cote dIvoire": "32.26",
          "Tanzania": "4.46",
          "Pretoria": "27.27",
          "Lusaka": "8.04",
          "Rabat": "7.68"
        },
        "Vehicles, Aircraft, Vessels, and Associated Transport Equipment": {
          "Togo": "5.14",
          "Accra": "43.19",
          "Rabat": "28.90",
          "Nairobi": "3.91",
          "Ottawa": "3.86"
        },
        "Optical, Photographic, Cinematographic, Measuring, Checking, Precision, Medical or Surgical Instruments and Apparatus; Clocks and Watches; Musical Instruments; Parts and Accessories thereof": {
          "Beijing": "32.31",
          "Pretoria": "22.24",
          "Maputo": "14.69",
          "Lusaka": "8.70"
        },
        "Miscellaneous Manufactured Articles": {
          "Rabat": "25.25",
          "Accra": "20.65",
          "Pretoria": "20.46",
          "Islamabad": "3.48",
          "Ottawa": "3.26"
        }
      }
    },
    "2021": {
      "Exports": {
        "Animals & Animal Products": {
          "Seoul": "50.80",
          "Ottawa": "15.13",
          "Paris": "7.51",
          "Brazzaville": "5.98",
          "Washington, D.C.": "5.11"
        },
        "Vegetable Products": {
          "Belgium": "26.60",
          "Madagascar": "4.74",
          "New Delhi": "22.44",
          "Berlin": "15.90",
          "Rome": "4.66"
        },
        "Prepared Foodstuffs; Beverages, Spirits, Vinegar, Tobacco and Manufactured Tobacco Substitutes": {
          "Belgium": "12.87",
          "Uganda": "9.74",
          "Jakarta": "14.59",
          "New Delhi": "13.68",
          "Amsterdam": "12.92"
        },
        "Mineral Products": {
          "Thailand": "4.92",
          "Lusaka": "44.75",
          "Beijing": "39.50",
          "Abu Dhabi": "4.71",
          "Hong Kong": "3.47"
        },
        "Products of the Chemical or Allied Industries": {
          "Beijing": "41.12",
          "Pretoria": "27.58",
          "Maputo": "10.96",
          "Abu Dhabi": "5.40"
        },
        "Plastics and Articles thereof; Rubber and Articles thereof": {
          "Uganda": "3.77",
          "Kuala Lumpur": "82.00",
          "Ankara": "3.63",
          "New Delhi": "1.89",
          "Pretoria": "1.85"
        },
        "Raw Hides and Skins, Leather, Furskins, and Articles thereof; Saddlery and Harness; Travel Goods, Handbags, and Similar Containers; Articles of Animal Gut (Other than Silk-worm Gut)": {
          "Nigeria": "24.20",
          "Tanzania": "14.06",
          "Belgium": "12.22",
          "Lusaka": "28.14",
          "Libreville": "7.80"
        },
        "Wood and Articles of Wood; Wood Charcoal; Cork and Articles of Cork; Manufactures of Straw, of Esparto or of Other Plaiting Materials; Basketware and Wickerwork": {
          "Belgium": "3.59",
          "Beijing": "49.54",
          "Hanoi": "28.19",
          "Islamabad": "3.07",
          "Paris": "2.39"
        },
        "Textiles and Textile Articles": {
          "Belgium": "29.14",
          "Bangladesh": "13.42",
          "Uruguay": "7.74",
          "Jakarta": "8.16",
          "Libreville": "5.20"
        },
        "Footwear, Headgear, Umbrellas, Sun Umbrellas, Walking-sticks, Seat-sticks, Whips, Riding-crops, and Parts thereof; Prepared Feathers and Articles Made therewith; Artificial Flowers; Articles of Human Hair": {
          "Angola": "22.15",
          "Nigeria": "10.47",
          "Belgium": "10.31",
          "Rwanda": "5.85",
          "Libreville": "27.13"
        },
        "Articles of Stone, Plaster, Cement, Asbestos, Mica or Similar Materials; Ceramic Products; Glass and Glassware": {
          "Belgium": "43.90",
          "Burundi": "0.43",
          "Abu Dhabi": "49.81",
          "New Delhi": "4.99",
          "Jerusalem": "0.21"
        },
        "Natural or Cultured Pearls, Precious or Semi-precious Stones, Precious Metals, Metals Clad with Precious Metal, and Articles thereof; Imitation Jewellery; Coin": {
          "Tanzania": "12.23",
          "Beijing": "47.83",
          "Lusaka": "7.19",
          "Abu Dhabi": "6.14"
        },
        "Base Metals and Articles of Base Metal": {
          "Tanzania": "13.66",
          "Beijing": "48.64",
          "Abu Dhabi": "6.18",
          "Hong Kong": "4.35"
        },
        "Machinery and Mechanical Appliances; Electrical Equipment; Parts thereof; Sound Recorders and Reproducers, Television Image and Sound Recorders and Reproducers, and Parts and Accessories of such Articles": {
          "Tanzania": "10.14",
          "Angola": "6.28",
          "Belgium": "4.91",
          "Pretoria": "28.49",
          "Lusaka": "9.19"
        },
        "Vehicles, Aircraft, Vessels, and Associated Transport Equipment": {
          "Tanzania": "11.07",
          "Uruguay": "4.44",
          "Bangladesh": "4.28",
          "Paris": "43.83",
          "Pretoria": "21.63"
        },
        "Optical, Photographic, Cinematographic, Measuring, Checking, Precision, Medical or Surgical Instruments and Apparatus; Clocks and Watches; Musical Instruments; Parts and Accessories thereof": {
          "Beijing": "39.32",
          "Pretoria": "26.56",
          "Maputo": "10.46",
          "Abu Dhabi": "6.20"
        },
        "Miscellaneous Manufactured Articles": {
          "Tanzania": "13.14",
          "Bangladesh": "10.68",
          "Uruguay": "8.65",
          "Pretoria": "34.11",
          "Libreville": "4.55"
        }
      },
      "Imports": {
        "Animals & Animal Products": {
          "Seoul": "50.80",
          "Ottawa": "15.13",
          "Paris": "7.51",
          "Brazzaville": "5.98",
          "Washington, D.C.": "5.11"
        },
        "Vegetable Products": {
          "Belgium": "26.60",
          "Madagascar": "4.74",
          "New Delhi": "22.44",
          "Berlin": "15.90",
          "Rome": "4.66"
        },
        "Prepared Foodstuffs; Beverages, Spirits, Vinegar, Tobacco and Manufactured Tobacco Substitutes": {
          "Belgium": "12.87",
          "Uganda": "9.74",
          "Jakarta": "14.59",
          "New Delhi": "13.68",
          "Amsterdam": "12.92"
        },
        "Mineral Products": {
          "Thailand": "4.92",
          "Lusaka": "44.75",
          "Beijing": "39.50",
          "Abu Dhabi": "4.71",
          "Hong Kong": "3.47"
        },
        "Products of the Chemical or Allied Industries": {
          "Beijing": "41.12",
          "Pretoria": "27.58",
          "Maputo": "10.96",
          "Abu Dhabi": "5.40"
        },
        "Plastics and Articles thereof; Rubber and Articles thereof": {
          "Uganda": "3.77",
          "Kuala Lumpur": "82.00",
          "Ankara": "3.63",
          "New Delhi": "1.89",
          "Pretoria": "1.85"
        },
        "Raw Hides and Skins, Leather, Furskins, and Articles thereof; Saddlery and Harness; Travel Goods, Handbags, and Similar Containers; Articles of Animal Gut (Other than Silk-worm Gut)": {
          "Nigeria": "24.20",
          "Tanzania": "14.06",
          "Belgium": "12.22",
          "Lusaka": "28.14",
          "Libreville": "7.80"
        },
        "Wood and Articles of Wood; Wood Charcoal; Cork and Articles of Cork; Manufactures of Straw, of Esparto or of Other Plaiting Materials; Basketware and Wickerwork": {
          "Belgium": "3.59",
          "Beijing": "49.54",
          "Hanoi": "28.19",
          "Islamabad": "3.07",
          "Paris": "2.39"
        },
        "Textiles and Textile Articles": {
          "Belgium": "29.14",
          "Bangladesh": "13.42",
          "Uruguay": "7.74",
          "Jakarta": "8.16",
          "Libreville": "5.20"
        },
        "Footwear, Headgear, Umbrellas, Sun Umbrellas, Walking-sticks, Seat-sticks, Whips, Riding-crops, and Parts thereof; Prepared Feathers and Articles Made therewith; Artificial Flowers; Articles of Human Hair": {
          "Angola": "22.15",
          "Nigeria": "10.47",
          "Belgium": "10.31",
          "Rwanda": "5.85",
          "Libreville": "27.13"
        },
        "Articles of Stone, Plaster, Cement, Asbestos, Mica or Similar Materials; Ceramic Products; Glass and Glassware": {
          "Belgium": "43.90",
          "Burundi": "0.43",
          "Abu Dhabi": "49.81",
          "New Delhi": "4.99",
          "Jerusalem": "0.21"
        },
        "Natural or Cultured Pearls, Precious or Semi-precious Stones, Precious Metals, Metals Clad with Precious Metal, and Articles thereof; Imitation Jewellery; Coin": {
          "Tanzania": "12.23",
          "Beijing": "47.83",
          "Lusaka": "7.19",
          "Abu Dhabi": "6.14"
        },
        "Base Metals and Articles of Base Metal": {
          "Tanzania": "13.66",
          "Beijing": "48.64",
          "Abu Dhabi": "6.18",
          "Hong Kong": "4.35"
        },
        "Machinery and Mechanical Appliances; Electrical Equipment; Parts thereof; Sound Recorders and Reproducers, Television Image and Sound Recorders and Reproducers, and Parts and Accessories of such Articles": {
          "Tanzania": "10.14",
          "Angola": "6.28",
          "Belgium": "4.91",
          "Pretoria": "28.49",
          "Lusaka": "9.19"
        },
        "Vehicles, Aircraft, Vessels, and Associated Transport Equipment": {
          "Tanzania": "11.07",
          "Uruguay": "4.44",
          "Bangladesh": "4.28",
          "Paris": "43.83",
          "Pretoria": "21.63"
        },
        "Optical, Photographic, Cinematographic, Measuring, Checking, Precision, Medical or Surgical Instruments and Apparatus; Clocks and Watches; Musical Instruments; Parts and Accessories thereof": {
          "Beijing": "39.32",
          "Pretoria": "26.56",
          "Maputo": "10.46",
          "Abu Dhabi": "6.20"
        },
        "Miscellaneous Manufactured Articles": {
          "Tanzania": "13.14",
          "Bangladesh": "10.68",
          "Uruguay": "8.65",
          "Pretoria": "34.11",
          "Libreville": "4.55"
        }
      }
    },
    "2022": {
      "Exports": {
        "Animals & Animal Products": {
          "Seoul": "47.35",
          "Paris": "14.79",
          "Ottawa": "8.81",
          "Washington, D.C.": "7.55",
          "Libreville": "3.83"
        },
        "Vegetable Products": {
          "Belgium": "13.24",
          "Madagascar": "9.04",
          "Berlin": "23.17",
          "New Delhi": "22.67",
          "Rome": "19.67"
        },
        "Prepared Foodstuffs; Beverages, Spirits, Vinegar, Tobacco and Manufactured Tobacco Substitutes": {
          "Belgium": "11.12",
          "Uganda": "10.75",
          "New Delhi": "30.10",
          "Amsterdam": "10.90",
          "Jakarta": "9.92"
        },
        "Mineral Products": {
          "Luxembourg": "4.74",
          "Hong Kong": "32.55",
          "Beijing": "27.14",
          "Abu Dhabi": "16.80",
          "Kuala Lumpur": "8.70"
        },
        "Products of the Chemical or Allied Industries": {
          "Beijing": "45.04",
          "Pretoria": "29.47",
          "Maputo": "6.91",
          "Hong Kong": "6.27"
        },
        "Plastics and Articles thereof; Rubber and Articles thereof": {
          "Romania": "3.61",
          "Uganda": "2.52",
          "Kuala Lumpur": "75.76",
          "Ankara": "6.31",
          "New Delhi": "4.44"
        },
        "Raw Hides and Skins, Leather, Furskins, and Articles thereof; Saddlery and Harness; Travel Goods, Handbags, and Similar Containers; Articles of Animal Gut (Other than Silk-worm Gut)": {
          "Nigeria": "69.99",
          "Tanzania": "5.42",
          "Burundi": "3.92",
          "Belgium": "2.30",
          "Berlin": "12.54"
        },
        "Wood and Articles of Wood; Wood Charcoal; Cork and Articles of Cork; Manufactures of Straw, of Esparto or of Other Plaiting Materials; Basketware and Wickerwork": {
          "Belgium": "5.19",
          "Tanzania": "4.89",
          "Beijing": "44.47",
          "Hanoi": "20.63",
          "Nairobi": "5.84"
        },
        "Textiles and Textile Articles": {
          "Belgium": "26.95",
          "Bern": "12.16",
          "Ankara": "7.42",
          "Washington, D.C.": "4.92",
          "Pretoria": "4.01"
        },
        "Footwear, Headgear, Umbrellas, Sun Umbrellas, Walking-sticks, Seat-sticks, Whips, Riding-crops, and Parts thereof; Prepared Feathers and Articles Made therewith; Artificial Flowers; Articles of Human Hair": {
          "Belgium": "10.64",
          "Malawi": "8.62",
          "Nairobi": "24.73",
          "Athens": "14.66",
          "Libreville": "13.36"
        },
        "Articles of Stone, Plaster, Cement, Asbestos, Mica or Similar Materials; Ceramic Products; Glass and Glassware": {
          "Belgium": "53.36",
          "Rwanda": "0.43",
          "Abu Dhabi": "36.98",
          "New Delhi": "4.50",
          "Pretoria": "3.40"
        },
        "Natural or Cultured Pearls, Precious or Semi-precious Stones, Precious Metals, Metals Clad with Precious Metal, and Articles thereof; Imitation Jewellery; Coin": {
          "Tanzania": "9.00",
          "Beijing": "49.40",
          "Hong Kong": "8.56",
          "Maputo": "7.03"
        },
        "Base Metals and Articles of Base Metal": {
          "Tanzania": "9.04",
          "Beijing": "49.25",
          "Hong Kong": "8.23",
          "Maputo": "7.05"
        },
        "Machinery and Mechanical Appliances; Electrical Equipment; Parts thereof; Sound Recorders and Reproducers, Television Image and Sound Recorders and Reproducers, and Parts and Accessories of such Articles": {
          "Tanzania": "5.47",
          "Ukraine": "5.15",
          "Pretoria": "39.55",
          "Lusaka": "16.81",
          "Paris": "5.44"
        },
        "Vehicles, Aircraft, Vessels, and Associated Transport Equipment": {
          "Belgium": "3.15",
          "Ukraine": "3.01",
          "New Delhi": "58.70",
          "Pretoria": "21.37",
          "Harare": "4.75"
        },
        "Optical, Photographic, Cinematographic, Measuring, Checking, Precision, Medical or Surgical Instruments and Apparatus; Clocks and Watches; Musical Instruments; Parts and Accessories thereof": {
          "Beijing": "40.00",
          "Pretoria": "26.68",
          "Abu Dhabi": "6.31",
          "Maputo": "6.14"
        },
        "Miscellaneous Manufactured Articles": {
          "Ukraine": "29.94",
          "Tanzania": "16.31",
          "Belgium": "5.58",
          "Pretoria": "27.30",
          "Canberra": "4.23"
        }
      },
      "Imports": {
        "Animals & Animal Products": {
          "Seoul": "47.35",
          "Paris": "14.79",
          "Ottawa": "8.81",
          "Washington, D.C.": "7.55",
          "Libreville": "3.83"
        },
        "Vegetable Products": {
          "Belgium": "13.24",
          "Madagascar": "9.04",
          "Berlin": "23.17",
          "New Delhi": "22.67",
          "Rome": "19.67"
        },
        "Prepared Foodstuffs; Beverages, Spirits, Vinegar, Tobacco and Manufactured Tobacco Substitutes": {
          "Belgium": "11.12",
          "Uganda": "10.75",
          "New Delhi": "30.10",
          "Amsterdam": "10.90",
          "Jakarta": "9.92"
        },
        "Mineral Products": {
          "Luxembourg": "4.74",
          "Hong Kong": "32.55",
          "Beijing": "27.14",
          "Abu Dhabi": "16.80",
          "Kuala Lumpur": "8.70"
        },
        "Products of the Chemical or Allied Industries": {
          "Beijing": "45.04",
          "Pretoria": "29.47",
          "Maputo": "6.91",
          "Hong Kong": "6.27"
        },
        "Plastics and Articles thereof; Rubber and Articles thereof": {
          "Romania": "3.61",
          "Uganda": "2.52",
          "Kuala Lumpur": "75.76",
          "Ankara": "6.31",
          "New Delhi": "4.44"
        },
        "Raw Hides and Skins, Leather, Furskins, and Articles thereof; Saddlery and Harness; Travel Goods, Handbags, and Similar Containers; Articles of Animal Gut (Other than Silk-worm Gut)": {
          "Nigeria": "69.99",
          "Tanzania": "5.42",
          "Burundi": "3.92",
          "Belgium": "2.30",
          "Berlin": "12.54"
        },
        "Wood and Articles of Wood; Wood Charcoal; Cork and Articles of Cork; Manufactures of Straw, of Esparto or of Other Plaiting Materials; Basketware and Wickerwork": {
          "Belgium": "5.19",
          "Tanzania": "4.89",
          "Beijing": "44.47",
          "Hanoi": "20.63",
          "Nairobi": "5.84"
        },
        "Textiles and Textile Articles": {
          "Belgium": "26.95",
          "Bern": "12.16",
          "Ankara": "7.42",
          "Washington, D.C.": "4.92",
          "Pretoria": "4.01"
        },
        "Footwear, Headgear, Umbrellas, Sun Umbrellas, Walking-sticks, Seat-sticks, Whips, Riding-crops, and Parts thereof; Prepared Feathers and Articles Made therewith; Artificial Flowers; Articles of Human Hair": {
          "Belgium": "10.64",
          "Malawi": "8.62",
          "Nairobi": "24.73",
          "Athens": "14.66",
          "Libreville": "13.36"
        },
        "Articles of Stone, Plaster, Cement, Asbestos, Mica or Similar Materials; Ceramic Products; Glass and Glassware": {
          "Belgium": "53.36",
          "Rwanda": "0.43",
          "Abu Dhabi": "36.98",
          "New Delhi": "4.50",
          "Pretoria": "3.40"
        },
        "Natural or Cultured Pearls, Precious or Semi-precious Stones, Precious Metals, Metals Clad with Precious Metal, and Articles thereof; Imitation Jewellery; Coin": {
          "Tanzania": "9.00",
          "Beijing": "49.40",
          "Hong Kong": "8.56",
          "Maputo": "7.03"
        },
        "Base Metals and Articles of Base Metal": {
          "Tanzania": "9.04",
          "Beijing": "49.25",
          "Hong Kong": "8.23",
          "Maputo": "7.05"
        },
        "Machinery and Mechanical Appliances; Electrical Equipment; Parts thereof; Sound Recorders and Reproducers, Television Image and Sound Recorders and Reproducers, and Parts and Accessories of such Articles": {
          "Tanzania": "5.47",
          "Ukraine": "5.15",
          "Pretoria": "39.55",
          "Lusaka": "16.81",
          "Paris": "5.44"
        },
        "Vehicles, Aircraft, Vessels, and Associated Transport Equipment": {
          "Belgium": "3.15",
          "Ukraine": "3.01",
          "New Delhi": "58.70",
          "Pretoria": "21.37",
          "Harare": "4.75"
        },
        "Optical, Photographic, Cinematographic, Measuring, Checking, Precision, Medical or Surgical Instruments and Apparatus; Clocks and Watches; Musical Instruments; Parts and Accessories thereof": {
          "Beijing": "40.00",
          "Pretoria": "26.68",
          "Abu Dhabi": "6.31",
          "Maputo": "6.14"
        },
        "Miscellaneous Manufactured Articles": {
          "Ukraine": "29.94",
          "Tanzania": "16.31",
          "Belgium": "5.58",
          "Pretoria": "27.30",
          "Canberra": "4.23"
        }
      }
    }
  }
}