{
  "Main Partners": {
    "2007": {
      "Exports": {
        "Animals & Animal Products": {
          "Unspecified": "58.38",
          "Madrid": "19.61",
          "Seoul": "11.94",
          "Paris": "7.12",
          "Hong Kong": "2.26"
        },
        "Vegetable Products": {
          "Madrid": "44.19",
          "Lisbon": "30.32",
          "Berlin": "25.49"
        },
        "Wood and Articles of Wood; Wood Charcoal; Cork and Articles of Cork; Manufactures of Straw, of Esparto or of Other Plaiting Materials; Basketware and Wickerwork": {
          "Lisbon": "28.32",
          "Rome": "26.19",
          "Paris": "13.30",
          "Ankara": "13.26",
          "Berlin": "12.37"
        },
        "Articles of Stone, Plaster, Cement, Asbestos, Mica or Similar Materials; Ceramic Products; Glass and Glassware": {
          "Unspecified": "33.68",
          "Belgium": "9.13",
          "Abu Dhabi": "32.03",
          "Jerusalem": "15.52",
          "Beijing": "5.15"
        },
        "Natural or Cultured Pearls, Precious or Semi-precious Stones, Precious Metals, Metals Clad with Precious Metal, and Articles thereof; Imitation Jewellery; Coin": {
          "Unspecified": "33.68",
          "Belgium": "9.13",
          "Abu Dhabi": "32.03",
          "Jerusalem": "15.52",
          "Beijing": "5.15"
        },
        "Miscellaneous Manufactured Articles": {
          "Unspecified": "100.00"
        }
      },
      "Imports": {
        "Animals & Animal Products": {
          "Unspecified": "58.38",
          "Madrid": "19.61",
          "Seoul": "11.94",
          "Paris": "7.12",
          "Hong Kong": "2.26"
        },
        "Vegetable Products": {
          "Madrid": "44.19",
          "Lisbon": "30.32",
          "Berlin": "25.49"
        },
        "Wood and Articles of Wood; Wood Charcoal; Cork and Articles of Cork; Manufactures of Straw, of Esparto or of Other Plaiting Materials; Basketware and Wickerwork": {
          "Lisbon": "28.32",
          "Rome": "26.19",
          "Paris": "13.30",
          "Ankara": "13.26",
          "Berlin": "12.37"
        },
        "Articles of Stone, Plaster, Cement, Asbestos, Mica or Similar Materials; Ceramic Products; Glass and Glassware": {
          "Unspecified": "33.68",
          "Belgium": "9.13",
          "Abu Dhabi": "32.03",
          "Jerusalem": "15.52",
          "Beijing": "5.15"
        },
        "Natural or Cultured Pearls, Precious or Semi-precious Stones, Precious Metals, Metals Clad with Precious Metal, and Articles thereof; Imitation Jewellery; Coin": {
          "Unspecified": "33.68",
          "Belgium": "9.13",
          "Abu Dhabi": "32.03",
          "Jerusalem": "15.52",
          "Beijing": "5.15"
        },
        "Miscellaneous Manufactured Articles": {
          "Unspecified": "100.00"
        }
      }
    },
    "2009": {
      "Exports": {
        "Animals & Animal Products": {
          "Madrid": "63.50",
          "Hong Kong": "36.50"
        },
        "Vegetable Products": {
          "Cape Verde": "3.80",
          "Lisbon": "51.93",
          "Madrid": "44.27"
        },
        "Wood and Articles of Wood; Wood Charcoal; Cork and Articles of Cork; Manufactures of Straw, of Esparto or of Other Plaiting Materials; Basketware and Wickerwork": {
          "Rome": "52.18",
          "Hong Kong": "19.31",
          "Washington, D.C.": "16.42",
          "Berlin": "9.77",
          "Beijing": "2.32"
        },
        "Articles of Stone, Plaster, Cement, Asbestos, Mica or Similar Materials; Ceramic Products; Glass and Glassware": {
          "Belgium": "8.21",
          "Unspecified": "6.60",
          "Abu Dhabi": "36.91",
          "Jerusalem": "27.03",
          "Beijing": "13.96"
        },
        "Natural or Cultured Pearls, Precious or Semi-precious Stones, Precious Metals, Metals Clad with Precious Metal, and Articles thereof; Imitation Jewellery; Coin": {
          "Belgium": "8.21",
          "Unspecified": "6.60",
          "Abu Dhabi": "36.91",
          "Jerusalem": "27.03",
          "Beijing": "13.96"
        }
      },
      "Imports": {
        "Animals & Animal Products": {
          "Madrid": "63.50",
          "Hong Kong": "36.50"
        },
        "Vegetable Products": {
          "Cape Verde": "3.80",
          "Lisbon": "51.93",
          "Madrid": "44.27"
        },
        "Wood and Articles of Wood; Wood Charcoal; Cork and Articles of Cork; Manufactures of Straw, of Esparto or of Other Plaiting Materials; Basketware and Wickerwork": {
          "Rome": "52.18",
          "Hong Kong": "19.31",
          "Washington, D.C.": "16.42",
          "Berlin": "9.77",
          "Beijing": "2.32"
        },
        "Articles of Stone, Plaster, Cement, Asbestos, Mica or Similar Materials; Ceramic Products; Glass and Glassware": {
          "Belgium": "8.21",
          "Unspecified": "6.60",
          "Abu Dhabi": "36.91",
          "Jerusalem": "27.03",
          "Beijing": "13.96"
        },
        "Natural or Cultured Pearls, Precious or Semi-precious Stones, Precious Metals, Metals Clad with Precious Metal, and Articles thereof; Imitation Jewellery; Coin": {
          "Belgium": "8.21",
          "Unspecified": "6.60",
          "Abu Dhabi": "36.91",
          "Jerusalem": "27.03",
          "Beijing": "13.96"
        }
      }
    },
    "2010": {
      "Exports": {
        "Animals & Animal Products": {
          "Madrid": "67.61",
          "Hong Kong": "21.38",
          "Beijing": "9.47",
          "Seoul": "1.54"
        },
        "Vegetable Products": {
          "Lisbon": "54.55",
          "Madrid": "45.45"
        },
        "Wood and Articles of Wood; Wood Charcoal; Cork and Articles of Cork; Manufactures of Straw, of Esparto or of Other Plaiting Materials; Basketware and Wickerwork": {
          "Ankara": "38.89",
          "Rome": "17.01",
          "Pretoria": "15.09",
          "Hong Kong": "12.35",
          "Lisbon": "8.82"
        },
        "Articles of Stone, Plaster, Cement, Asbestos, Mica or Similar Materials; Ceramic Products; Glass and Glassware": {
          "Unspecified": "12.56",
          "Jerusalem": "39.77",
          "Abu Dhabi": "34.16",
          "Bern": "6.60",
          "Beijing": "4.07"
        },
        "Natural or Cultured Pearls, Precious or Semi-precious Stones, Precious Metals, Metals Clad with Precious Metal, and Articles thereof; Imitation Jewellery; Coin": {
          "Unspecified": "12.56",
          "Jerusalem": "39.77",
          "Abu Dhabi": "34.16",
          "Bern": "6.60",
          "Beijing": "4.07"
        }
      },
      "Imports": {
        "Animals & Animal Products": {
          "Madrid": "67.61",
          "Hong Kong": "21.38",
          "Beijing": "9.47",
          "Seoul": "1.54"
        },
        "Vegetable Products": {
          "Lisbon": "54.55",
          "Madrid": "45.45"
        },
        "Wood and Articles of Wood; Wood Charcoal; Cork and Articles of Cork; Manufactures of Straw, of Esparto or of Other Plaiting Materials; Basketware and Wickerwork": {
          "Ankara": "38.89",
          "Rome": "17.01",
          "Pretoria": "15.09",
          "Hong Kong": "12.35",
          "Lisbon": "8.82"
        },
        "Articles of Stone, Plaster, Cement, Asbestos, Mica or Similar Materials; Ceramic Products; Glass and Glassware": {
          "Unspecified": "12.56",
          "Jerusalem": "39.77",
          "Abu Dhabi": "34.16",
          "Bern": "6.60",
          "Beijing": "4.07"
        },
        "Natural or Cultured Pearls, Precious or Semi-precious Stones, Precious Metals, Metals Clad with Precious Metal, and Articles thereof; Imitation Jewellery; Coin": {
          "Unspecified": "12.56",
          "Jerusalem": "39.77",
          "Abu Dhabi": "34.16",
          "Bern": "6.60",
          "Beijing": "4.07"
        }
      }
    },
    "2011": {
      "Exports": {
        "Animals & Animal Products": {
          "Namibia": "9.49",
          "Madrid": "76.46",
          "Seoul": "7.43",
          "Tokyo": "5.53",
          "Beijing": "1.09"
        },
        "Vegetable Products": {
          "Lisbon": "69.54",
          "Madrid": "30.46"
        },
        "Articles of Stone, Plaster, Cement, Asbestos, Mica or Similar Materials; Ceramic Products; Glass and Glassware": {
          "Unspecified": "9.13",
          "Jerusalem": "32.28",
          "Abu Dhabi": "31.67",
          "Bern": "11.09",
          "Hong Kong": "8.88"
        },
        "Natural or Cultured Pearls, Precious or Semi-precious Stones, Precious Metals, Metals Clad with Precious Metal, and Articles thereof; Imitation Jewellery; Coin": {
          "Unspecified": "9.13",
          "Jerusalem": "32.28",
          "Abu Dhabi": "31.67",
          "Bern": "11.09",
          "Hong Kong": "8.88"
        }
      },
      "Imports": {
        "Animals & Animal Products": {
          "Namibia": "9.49",
          "Madrid": "76.46",
          "Seoul": "7.43",
          "Tokyo": "5.53",
          "Beijing": "1.09"
        },
        "Vegetable Products": {
          "Lisbon": "69.54",
          "Madrid": "30.46"
        },
        "Articles of Stone, Plaster, Cement, Asbestos, Mica or Similar Materials; Ceramic Products; Glass and Glassware": {
          "Unspecified": "9.13",
          "Jerusalem": "32.28",
          "Abu Dhabi": "31.67",
          "Bern": "11.09",
          "Hong Kong": "8.88"
        },
        "Natural or Cultured Pearls, Precious or Semi-precious Stones, Precious Metals, Metals Clad with Precious Metal, and Articles thereof; Imitation Jewellery; Coin": {
          "Unspecified": "9.13",
          "Jerusalem": "32.28",
          "Abu Dhabi": "31.67",
          "Bern": "11.09",
          "Hong Kong": "8.88"
        }
      }
    },
    "2012": {
      "Exports": {
        "Animals & Animal Products": {
          "Namibia": "3.30",
          "Madrid": "92.37",
          "Beijing": "2.87",
          "Kuala Lumpur": "1.10",
          "Seoul": "0.33"
        },
        "Vegetable Products": {
          "Lisbon": "73.70",
          "Madrid": "21.98",
          "Seoul": "4.32"
        },
        "Articles of Stone, Plaster, Cement, Asbestos, Mica or Similar Materials; Ceramic Products; Glass and Glassware": {
          "Belgium": "4.77",
          "Abu Dhabi": "59.17",
          "Jerusalem": "14.72",
          "Bern": "14.53",
          "Hong Kong": "6.21"
        },
        "Natural or Cultured Pearls, Precious or Semi-precious Stones, Precious Metals, Metals Clad with Precious Metal, and Articles thereof; Imitation Jewellery; Coin": {
          "Belgium": "4.77",
          "Abu Dhabi": "59.17",
          "Jerusalem": "14.72",
          "Bern": "14.53",
          "Hong Kong": "6.21"
        }
      },
      "Imports": {
        "Animals & Animal Products": {
          "Namibia": "3.30",
          "Madrid": "92.37",
          "Beijing": "2.87",
          "Kuala Lumpur": "1.10",
          "Seoul": "0.33"
        },
        "Vegetable Products": {
          "Lisbon": "73.70",
          "Madrid": "21.98",
          "Seoul": "4.32"
        },
        "Articles of Stone, Plaster, Cement, Asbestos, Mica or Similar Materials; Ceramic Products; Glass and Glassware": {
          "Belgium": "4.77",
          "Abu Dhabi": "59.17",
          "Jerusalem": "14.72",
          "Bern": "14.53",
          "Hong Kong": "6.21"
        },
        "Natural or Cultured Pearls, Precious or Semi-precious Stones, Precious Metals, Metals Clad with Precious Metal, and Articles thereof; Imitation Jewellery; Coin": {
          "Belgium": "4.77",
          "Abu Dhabi": "59.17",
          "Jerusalem": "14.72",
          "Bern": "14.53",
          "Hong Kong": "6.21"
        }
      }
    },
    "2013": {
      "Exports": {
        "Animals & Animal Products": {
          "Namibia": "4.99",
          "Madrid": "77.63",
          "Lisbon": "11.97",
          "Beijing": "2.59",
          "Kuala Lumpur": "1.93"
        },
        "Vegetable Products": {
          "Lisbon": "89.39",
          "Madrid": "10.61"
        },
        "Wood and Articles of Wood; Wood Charcoal; Cork and Articles of Cork; Manufactures of Straw, of Esparto or of Other Plaiting Materials; Basketware and Wickerwork": {
          "Russian Federation": "4.92",
          "Beijing": "51.85",
          "Rome": "31.72",
          "Lisbon": "6.18",
          "Ankara": "4.46"
        },
        "Articles of Stone, Plaster, Cement, Asbestos, Mica or Similar Materials; Ceramic Products; Glass and Glassware": {
          "Belgium": "1.51",
          "Abu Dhabi": "68.38",
          "Bern": "18.94",
          "Hong Kong": "8.98",
          "Jerusalem": "2.19"
        },
        "Natural or Cultured Pearls, Precious or Semi-precious Stones, Precious Metals, Metals Clad with Precious Metal, and Articles thereof; Imitation Jewellery; Coin": {
          "Belgium": "1.51",
          "Abu Dhabi": "68.38",
          "Bern": "18.94",
          "Hong Kong": "8.98",
          "Jerusalem": "2.19"
        },
        "Miscellaneous Manufactured Articles": {
          "Unspecified": "100.00"
        }
      },
      "Imports": {
        "Animals & Animal Products": {
          "Namibia": "4.99",
          "Madrid": "77.63",
          "Lisbon": "11.97",
          "Beijing": "2.59",
          "Kuala Lumpur": "1.93"
        },
        "Vegetable Products": {
          "Lisbon": "89.39",
          "Madrid": "10.61"
        },
        "Wood and Articles of Wood; Wood Charcoal; Cork and Articles of Cork; Manufactures of Straw, of Esparto or of Other Plaiting Materials; Basketware and Wickerwork": {
          "Russian Federation": "4.92",
          "Beijing": "51.85",
          "Rome": "31.72",
          "Lisbon": "6.18",
          "Ankara": "4.46"
        },
        "Articles of Stone, Plaster, Cement, Asbestos, Mica or Similar Materials; Ceramic Products; Glass and Glassware": {
          "Belgium": "1.51",
          "Abu Dhabi": "68.38",
          "Bern": "18.94",
          "Hong Kong": "8.98",
          "Jerusalem": "2.19"
        },
        "Natural or Cultured Pearls, Precious or Semi-precious Stones, Precious Metals, Metals Clad with Precious Metal, and Articles thereof; Imitation Jewellery; Coin": {
          "Belgium": "1.51",
          "Abu Dhabi": "68.38",
          "Bern": "18.94",
          "Hong Kong": "8.98",
          "Jerusalem": "2.19"
        },
        "Miscellaneous Manufactured Articles": {
          "Unspecified": "100.00"
        }
      }
    },
    "2014": {
      "Exports": {
        "Animals & Animal Products": {
          "Namibia": "3.26",
          "Madrid": "86.74",
          "Beijing": "2.49",
          "Tokyo": "2.40",
          "Seoul": "1.18"
        },
        "Vegetable Products": {
          "Lisbon": "93.58",
          "Madrid": "6.42"
        },
        "Mineral Products": {
          "Other Asia, nes": "3.23",
          "Rome": "32.06",
          "Beijing": "26.96",
          "Madrid": "26.49",
          "Warsaw": "3.24"
        },
        "Wood and Articles of Wood; Wood Charcoal; Cork and Articles of Cork; Manufactures of Straw, of Esparto or of Other Plaiting Materials; Basketware and Wickerwork": {
          "Beijing": "84.85",
          "Hanoi": "9.39",
          "Rome": "2.90",
          "Paris": "1.49",
          "Madrid": "0.53"
        },
        "Articles of Stone, Plaster, Cement, Asbestos, Mica or Similar Materials; Ceramic Products; Glass and Glassware": {
          "Unspecified": "6.89",
          "Belgium": "2.26",
          "Abu Dhabi": "68.11",
          "Bern": "17.66",
          "Hong Kong": "2.83"
        },
        "Natural or Cultured Pearls, Precious or Semi-precious Stones, Precious Metals, Metals Clad with Precious Metal, and Articles thereof; Imitation Jewellery; Coin": {
          "Unspecified": "6.85",
          "Belgium": "2.24",
          "Abu Dhabi": "67.73",
          "Bern": "17.56",
          "Hong Kong": "2.82"
        }
      },
      "Imports": {
        "Animals & Animal Products": {
          "Namibia": "3.26",
          "Madrid": "86.74",
          "Beijing": "2.49",
          "Tokyo": "2.40",
          "Seoul": "1.18"
        },
        "Vegetable Products": {
          "Lisbon": "93.58",
          "Madrid": "6.42"
        },
        "Mineral Products": {
          "Other Asia, nes": "3.23",
          "Rome": "32.06",
          "Beijing": "26.96",
          "Madrid": "26.49",
          "Warsaw": "3.24"
        },
        "Wood and Articles of Wood; Wood Charcoal; Cork and Articles of Cork; Manufactures of Straw, of Esparto or of Other Plaiting Materials; Basketware and Wickerwork": {
          "Beijing": "84.85",
          "Hanoi": "9.39",
          "Rome": "2.90",
          "Paris": "1.49",
          "Madrid": "0.53"
        },
        "Articles of Stone, Plaster, Cement, Asbestos, Mica or Similar Materials; Ceramic Products; Glass and Glassware": {
          "Unspecified": "6.89",
          "Belgium": "2.26",
          "Abu Dhabi": "68.11",
          "Bern": "17.66",
          "Hong Kong": "2.83"
        },
        "Natural or Cultured Pearls, Precious or Semi-precious Stones, Precious Metals, Metals Clad with Precious Metal, and Articles thereof; Imitation Jewellery; Coin": {
          "Unspecified": "6.85",
          "Belgium": "2.24",
          "Abu Dhabi": "67.73",
          "Bern": "17.56",
          "Hong Kong": "2.82"
        }
      }
    },
    "2015": {
      "Exports": {
        "Animals & Animal Products": {
          "Namibia": "3.31",
          "Madrid": "61.39",
          "Tokyo": "13.44",
          "Kinshasa": "6.66",
          "Seoul": "4.50"
        },
        "Vegetable Products": {
          "Namibia": "1.39",
          "Kinshasa": "89.01",
          "Santiago": "2.93",
          "Lisbon": "1.98",
          "Brazzaville": "1.09"
        },
        "Prepared Foodstuffs; Beverages, Spirits, Vinegar, Tobacco and Manufactured Tobacco Substitutes": {
          "Namibia": "8.43",
          "Other Asia, nes": "8.41",
          "Kinshasa": "59.57",
          "Brazzaville": "5.21",
          "Hanoi": "4.76"
        },
        "Mineral Products": {
          "Senegal": "0.75",
          "Kinshasa": "61.43",
          "New Delhi": "26.64",
          "Beijing": "7.98",
          "Algiers": "2.20"
        },
        "Products of the Chemical or Allied Industries": {
          "Belgium": "10.73",
          "Kinshasa": "28.18",
          "London": "11.68",
          "Brazzaville": "11.42",
          "Washington, D.C.": "8.55"
        },
        "Plastics and Articles thereof; Rubber and Articles thereof": {
          "Namibia": "13.86",
          "Belgium": "8.38",
          "Senegal": "8.16",
          "Brazzaville": "25.17",
          "Washington, D.C.": "7.56"
        },
        "Raw Hides and Skins, Leather, Furskins, and Articles thereof; Saddlery and Harness; Travel Goods, Handbags, and Similar Containers; Articles of Animal Gut (Other than Silk-worm Gut)": {
          "Hong Kong": "39.50",
          "Beijing": "23.76",
          "Paris": "14.85",
          "Bern": "3.04",
          "Pretoria": "2.90"
        },
        "Wood and Articles of Wood; Wood Charcoal; Cork and Articles of Cork; Manufactures of Straw, of Esparto or of Other Plaiting Materials; Basketware and Wickerwork": {
          "Kinshasa": "23.35",
          "Beijing": "18.78",
          "Washington, D.C.": "16.16",
          "Hanoi": "8.88",
          "Pretoria": "8.37"
        },
        "Textiles and Textile Articles": {
          "Cuba": "24.23",
          "Paris": "14.38",
          "Kinshasa": "10.36",
          "Brazzaville": "10.08",
          "Washington, D.C.": "5.59"
        },
        "Footwear, Headgear, Umbrellas, Sun Umbrellas, Walking-sticks, Seat-sticks, Whips, Riding-crops, and Parts thereof; Prepared Feathers and Articles Made therewith; Artificial Flowers; Articles of Human Hair": {
          "Belgium": "8.66",
          "Sao Tome and Principe": "2.33",
          "Kinshasa": "63.40",
          "Paris": "12.29",
          "Washington, D.C.": "2.01"
        },
        "Articles of Stone, Plaster, Cement, Asbestos, Mica or Similar Materials; Ceramic Products; Glass and Glassware": {
          "Unspecified": "19.00",
          "Abu Dhabi": "60.14",
          "Bern": "10.60",
          "Jerusalem": "5.06",
          "Hong Kong": "4.11"
        },
        "Natural or Cultured Pearls, Precious or Semi-precious Stones, Precious Metals, Metals Clad with Precious Metal, and Articles thereof; Imitation Jewellery; Coin": {
          "Unspecified": "18.82",
          "Abu Dhabi": "59.62",
          "Bern": "10.50",
          "Jerusalem": "5.01",
          "Hong Kong": "4.07"
        },
        "Base Metals and Articles of Base Metal": {
          "Senegal": "15.52",
          "Belgium": "7.93",
          "Paris": "25.09",
          "London": "7.92",
          "Brazzaville": "7.84"
        },
        "Machinery and Mechanical Appliances; Electrical Equipment; Parts thereof; Sound Recorders and Reproducers, Television Image and Sound Recorders and Reproducers, and Parts and Accessories of such Articles": {
          "Senegal": "9.38",
          "Washington, D.C.": "20.18",
          "London": "18.60",
          "Brazzaville": "7.51",
          "Pretoria": "6.06"
        },
        "Vehicles, Aircraft, Vessels, and Associated Transport Equipment": {
          "Namibia": "2.31",
          "Cote dIvoire": "1.07",
          "Washington, D.C.": "3.99",
          "Kinshasa": "0.97"
        },
        "Optical, Photographic, Cinematographic, Measuring, Checking, Precision, Medical or Surgical Instruments and Apparatus; Clocks and Watches; Musical Instruments; Parts and Accessories thereof": {
          "Senegal": "6.17",
          "Washington, D.C.": "11.80",
          "London": "10.86",
          "Brazzaville": "4.96"
        },
        "Miscellaneous Manufactured Articles": {
          "Belgium": "7.19",
          "Senegal": "5.59",
          "London": "26.17",
          "Washington, D.C.": "14.12",
          "Brazzaville": "5.72"
        }
      },
      "Imports": {
        "Animals & Animal Products": {
          "Namibia": "3.31",
          "Madrid": "61.39",
          "Tokyo": "13.44",
          "Kinshasa": "6.66",
          "Seoul": "4.50"
        },
        "Vegetable Products": {
          "Namibia": "1.39",
          "Kinshasa": "89.01",
          "Santiago": "2.93",
          "Lisbon": "1.98",
          "Brazzaville": "1.09"
        },
        "Prepared Foodstuffs; Beverages, Spirits, Vinegar, Tobacco and Manufactured Tobacco Substitutes": {
          "Namibia": "8.43",
          "Other Asia, nes": "8.41",
          "Kinshasa": "59.57",
          "Brazzaville": "5.21",
          "Hanoi": "4.76"
        },
        "Mineral Products": {
          "Senegal": "0.75",
          "Kinshasa": "61.43",
          "New Delhi": "26.64",
          "Beijing": "7.98",
          "Algiers": "2.20"
        },
        "Products of the Chemical or Allied Industries": {
          "Belgium": "10.73",
          "Kinshasa": "28.18",
          "London": "11.68",
          "Brazzaville": "11.42",
          "Washington, D.C.": "8.55"
        },
        "Plastics and Articles thereof; Rubber and Articles thereof": {
          "Namibia": "13.86",
          "Belgium": "8.38",
          "Senegal": "8.16",
          "Brazzaville": "25.17",
          "Washington, D.C.": "7.56"
        },
        "Raw Hides and Skins, Leather, Furskins, and Articles thereof; Saddlery and Harness; Travel Goods, Handbags, and Similar Containers; Articles of Animal Gut (Other than Silk-worm Gut)": {
          "Hong Kong": "39.50",
          "Beijing": "23.76",
          "Paris": "14.85",
          "Bern": "3.04",
          "Pretoria": "2.90"
        },
        "Wood and Articles of Wood; Wood Charcoal; Cork and Articles of Cork; Manufactures of Straw, of Esparto or of Other Plaiting Materials; Basketware and Wickerwork": {
          "Kinshasa": "23.35",
          "Beijing": "18.78",
          "Washington, D.C.": "16.16",
          "Hanoi": "8.88",
          "Pretoria": "8.37"
        },
        "Textiles and Textile Articles": {
          "Cuba": "24.23",
          "Paris": "14.38",
          "Kinshasa": "10.36",
          "Brazzaville": "10.08",
          "Washington, D.C.": "5.59"
        },
        "Footwear, Headgear, Umbrellas, Sun Umbrellas, Walking-sticks, Seat-sticks, Whips, Riding-crops, and Parts thereof; Prepared Feathers and Articles Made therewith; Artificial Flowers; Articles of Human Hair": {
          "Belgium": "8.66",
          "Sao Tome and Principe": "2.33",
          "Kinshasa": "63.40",
          "Paris": "12.29",
          "Washington, D.C.": "2.01"
        },
        "Articles of Stone, Plaster, Cement, Asbestos, Mica or Similar Materials; Ceramic Products; Glass and Glassware": {
          "Unspecified": "19.00",
          "Abu Dhabi": "60.14",
          "Bern": "10.60",
          "Jerusalem": "5.06",
          "Hong Kong": "4.11"
        },
        "Natural or Cultured Pearls, Precious or Semi-precious Stones, Precious Metals, Metals Clad with Precious Metal, and Articles thereof; Imitation Jewellery; Coin": {
          "Unspecified": "18.82",
          "Abu Dhabi": "59.62",
          "Bern": "10.50",
          "Jerusalem": "5.01",
          "Hong Kong": "4.07"
        },
        "Base Metals and Articles of Base Metal": {
          "Senegal": "15.52",
          "Belgium": "7.93",
          "Paris": "25.09",
          "London": "7.92",
          "Brazzaville": "7.84"
        },
        "Machinery and Mechanical Appliances; Electrical Equipment; Parts thereof; Sound Recorders and Reproducers, Television Image and Sound Recorders and Reproducers, and Parts and Accessories of such Articles": {
          "Senegal": "9.38",
          "Washington, D.C.": "20.18",
          "London": "18.60",
          "Brazzaville": "7.51",
          "Pretoria": "6.06"
        },
        "Vehicles, Aircraft, Vessels, and Associated Transport Equipment": {
          "Namibia": "2.31",
          "Cote dIvoire": "1.07",
          "Washington, D.C.": "3.99",
          "Kinshasa": "0.97"
        },
        "Optical, Photographic, Cinematographic, Measuring, Checking, Precision, Medical or Surgical Instruments and Apparatus; Clocks and Watches; Musical Instruments; Parts and Accessories thereof": {
          "Senegal": "6.17",
          "Washington, D.C.": "11.80",
          "London": "10.86",
          "Brazzaville": "4.96"
        },
        "Miscellaneous Manufactured Articles": {
          "Belgium": "7.19",
          "Senegal": "5.59",
          "London": "26.17",
          "Washington, D.C.": "14.12",
          "Brazzaville": "5.72"
        }
      }
    },
    "2016": {
      "Exports": {
        "Animals & Animal Products": {
          "Madrid": "33.98",
          "Kinshasa": "26.98",
          "Beijing": "11.13",
          "Seoul": "8.95",
          "Hanoi": "4.02"
        },
        "Vegetable Products": {
          "Peru": "3.91",
          "Kinshasa": "57.56",
          "Santiago": "15.84",
          "Accra": "4.38",
          "Lisbon": "4.24"
        },
        "Prepared Foodstuffs; Beverages, Spirits, Vinegar, Tobacco and Manufactured Tobacco Substitutes": {
          "Namibia": "4.26",
          "Other Asia, nes": "2.54",
          "Kinshasa": "73.99",
          "Brazzaville": "11.01",
          "Hanoi": "3.74"
        },
        "Mineral Products": {
          "Kinshasa": "81.62",
          "Beijing": "5.62",
          "Madrid": "3.11",
          "Rome": "2.98",
          "Lisbon": "1.94"
        },
        "Products of the Chemical or Allied Industries": {
          "Kinshasa": "54.58",
          "Amsterdam": "21.49",
          "Brazzaville": "11.28",
          "Pretoria": "1.88",
          "London": "1.64"
        },
        "Plastics and Articles thereof; Rubber and Articles thereof": {
          "Namibia": "8.20",
          "Kinshasa": "35.63",
          "Abu Dhabi": "9.66",
          "Amsterdam": "7.63",
          "Washington, D.C.": "6.18"
        },
        "Raw Hides and Skins, Leather, Furskins, and Articles thereof; Saddlery and Harness; Travel Goods, Handbags, and Similar Containers; Articles of Animal Gut (Other than Silk-worm Gut)": {
          "Sao Tome and Principe": "5.14",
          "New Delhi": "24.29",
          "Beijing": "17.29",
          "Kinshasa": "13.33",
          "Paris": "8.38"
        },
        "Wood and Articles of Wood; Wood Charcoal; Cork and Articles of Cork; Manufactures of Straw, of Esparto or of Other Plaiting Materials; Basketware and Wickerwork": {
          "Hanoi": "26.48",
          "Lisbon": "25.46",
          "Beijing": "20.99",
          "Kinshasa": "16.22",
          "Abu Dhabi": "3.03"
        },
        "Textiles and Textile Articles": {
          "Cuba": "9.85",
          "London": "32.82",
          "Kinshasa": "11.29",
          "Paris": "8.66",
          "Pretoria": "7.12"
        },
        "Footwear, Headgear, Umbrellas, Sun Umbrellas, Walking-sticks, Seat-sticks, Whips, Riding-crops, and Parts thereof; Prepared Feathers and Articles Made therewith; Artificial Flowers; Articles of Human Hair": {
          "Sao Tome and Principe": "2.66",
          "Lebanon": "0.70",
          "Kinshasa": "93.65",
          "Ottawa": "0.60",
          "Lisbon": "0.36"
        },
        "Articles of Stone, Plaster, Cement, Asbestos, Mica or Similar Materials; Ceramic Products; Glass and Glassware": {
          "Belgium": "0.81",
          "Gibraltar": "0.11",
          "Abu Dhabi": "79.14",
          "Jerusalem": "18.27",
          "Bern": "1.10"
        },
        "Natural or Cultured Pearls, Precious or Semi-precious Stones, Precious Metals, Metals Clad with Precious Metal, and Articles thereof; Imitation Jewellery; Coin": {
          "Belgium": "0.80",
          "Abu Dhabi": "78.42",
          "Jerusalem": "18.08",
          "Bern": "1.09",
          "Beijing": "0.39"
        },
        "Base Metals and Articles of Base Metal": {
          "Madrid": "13.65",
          "Washington, D.C.": "11.02",
          "London": "5.15",
          "Kinshasa": "2.76"
        },
        "Machinery and Mechanical Appliances; Electrical Equipment; Parts thereof; Sound Recorders and Reproducers, Television Image and Sound Recorders and Reproducers, and Parts and Accessories of such Articles": {
          "Washington, D.C.": "20.83",
          "London": "12.89",
          "Oslo": "8.18",
          "Pretoria": "7.25",
          "Lisbon": "6.61"
        },
        "Vehicles, Aircraft, Vessels, and Associated Transport Equipment": {
          "Namibia": "3.40",
          "Jakarta": "59.61",
          "Pretoria": "11.29",
          "Washington, D.C.": "3.41",
          "Kinshasa": "2.82"
        },
        "Optical, Photographic, Cinematographic, Measuring, Checking, Precision, Medical or Surgical Instruments and Apparatus; Clocks and Watches; Musical Instruments; Parts and Accessories thereof": {
          "Kinshasa": "13.58",
          "Washington, D.C.": "11.84",
          "Jakarta": "11.60",
          "London": "7.77"
        },
        "Miscellaneous Manufactured Articles": {
          "Belgium": "12.14",
          "London": "10.34",
          "Berlin": "8.79",
          "Amsterdam": "5.73"
        }
      },
      "Imports": {
        "Animals & Animal Products": {
          "Madrid": "33.98",
          "Kinshasa": "26.98",
          "Beijing": "11.13",
          "Seoul": "8.95",
          "Hanoi": "4.02"
        },
        "Vegetable Products": {
          "Peru": "3.91",
          "Kinshasa": "57.56",
          "Santiago": "15.84",
          "Accra": "4.38",
          "Lisbon": "4.24"
        },
        "Prepared Foodstuffs; Beverages, Spirits, Vinegar, Tobacco and Manufactured Tobacco Substitutes": {
          "Namibia": "4.26",
          "Other Asia, nes": "2.54",
          "Kinshasa": "73.99",
          "Brazzaville": "11.01",
          "Hanoi": "3.74"
        },
        "Mineral Products": {
          "Kinshasa": "81.62",
          "Beijing": "5.62",
          "Madrid": "3.11",
          "Rome": "2.98",
          "Lisbon": "1.94"
        },
        "Products of the Chemical or Allied Industries": {
          "Kinshasa": "54.58",
          "Amsterdam": "21.49",
          "Brazzaville": "11.28",
          "Pretoria": "1.88",
          "London": "1.64"
        },
        "Plastics and Articles thereof; Rubber and Articles thereof": {
          "Namibia": "8.20",
          "Kinshasa": "35.63",
          "Abu Dhabi": "9.66",
          "Amsterdam": "7.63",
          "Washington, D.C.": "6.18"
        },
        "Raw Hides and Skins, Leather, Furskins, and Articles thereof; Saddlery and Harness; Travel Goods, Handbags, and Similar Containers; Articles of Animal Gut (Other than Silk-worm Gut)": {
          "Sao Tome and Principe": "5.14",
          "New Delhi": "24.29",
          "Beijing": "17.29",
          "Kinshasa": "13.33",
          "Paris": "8.38"
        },
        "Wood and Articles of Wood; Wood Charcoal; Cork and Articles of Cork; Manufactures of Straw, of Esparto or of Other Plaiting Materials; Basketware and Wickerwork": {
          "Hanoi": "26.48",
          "Lisbon": "25.46",
          "Beijing": "20.99",
          "Kinshasa": "16.22",
          "Abu Dhabi": "3.03"
        },
        "Textiles and Textile Articles": {
          "Cuba": "9.85",
          "London": "32.82",
          "Kinshasa": "11.29",
          "Paris": "8.66",
          "Pretoria": "7.12"
        },
        "Footwear, Headgear, Umbrellas, Sun Umbrellas, Walking-sticks, Seat-sticks, Whips, Riding-crops, and Parts thereof; Prepared Feathers and Articles Made therewith; Artificial Flowers; Articles of Human Hair": {
          "Sao Tome and Principe": "2.66",
          "Lebanon": "0.70",
          "Kinshasa": "93.65",
          "Ottawa": "0.60",
          "Lisbon": "0.36"
        },
        "Articles of Stone, Plaster, Cement, Asbestos, Mica or Similar Materials; Ceramic Products; Glass and Glassware": {
          "Belgium": "0.81",
          "Gibraltar": "0.11",
          "Abu Dhabi": "79.14",
          "Jerusalem": "18.27",
          "Bern": "1.10"
        },
        "Natural or Cultured Pearls, Precious or Semi-precious Stones, Precious Metals, Metals Clad with Precious Metal, and Articles thereof; Imitation Jewellery; Coin": {
          "Belgium": "0.80",
          "Abu Dhabi": "78.42",
          "Jerusalem": "18.08",
          "Bern": "1.09",
          "Beijing": "0.39"
        },
        "Base Metals and Articles of Base Metal": {
          "Madrid": "13.65",
          "Washington, D.C.": "11.02",
          "London": "5.15",
          "Kinshasa": "2.76"
        },
        "Machinery and Mechanical Appliances; Electrical Equipment; Parts thereof; Sound Recorders and Reproducers, Television Image and Sound Recorders and Reproducers, and Parts and Accessories of such Articles": {
          "Washington, D.C.": "20.83",
          "London": "12.89",
          "Oslo": "8.18",
          "Pretoria": "7.25",
          "Lisbon": "6.61"
        },
        "Vehicles, Aircraft, Vessels, and Associated Transport Equipment": {
          "Namibia": "3.40",
          "Jakarta": "59.61",
          "Pretoria": "11.29",
          "Washington, D.C.": "3.41",
          "Kinshasa": "2.82"
        },
        "Optical, Photographic, Cinematographic, Measuring, Checking, Precision, Medical or Surgical Instruments and Apparatus; Clocks and Watches; Musical Instruments; Parts and Accessories thereof": {
          "Kinshasa": "13.58",
          "Washington, D.C.": "11.84",
          "Jakarta": "11.60",
          "London": "7.77"
        },
        "Miscellaneous Manufactured Articles": {
          "Belgium": "12.14",
          "London": "10.34",
          "Berlin": "8.79",
          "Amsterdam": "5.73"
        }
      }
    },
    "2017": {
      "Exports": {
        "Animals & Animal Products": {
          "Namibia": "11.70",
          "Madrid": "56.57",
          "Hanoi": "12.03",
          "Beijing": "6.31",
          "Accra": "4.17"
        },
        "Vegetable Products": {
          "Kinshasa": "25.54",
          "Pretoria": "17.39",
          "Santiago": "15.15",
          "Lisbon": "14.24",
          "Seoul": "4.91"
        },
        "Prepared Foodstuffs; Beverages, Spirits, Vinegar, Tobacco and Manufactured Tobacco Substitutes": {
          "Namibia": "2.18",
          "Other Asia, nes": "1.77",
          "Kinshasa": "76.30",
          "Brazzaville": "11.14",
          "Hanoi": "5.07"
        },
        "Mineral Products": {
          "Sao Tome and Principe": "5.64",
          "Beijing": "28.90",
          "Kinshasa": "24.64",
          "Madrid": "14.76",
          "Accra": "5.54"
        },
        "Products of the Chemical or Allied Industries": {
          "Nigeria": "6.65",
          "Kinshasa": "68.39",
          "Brazzaville": "8.59",
          "Oslo": "3.91",
          "Libreville": "2.29"
        },
        "Plastics and Articles thereof; Rubber and Articles thereof": {
          "Kinshasa": "38.92",
          "Abu Dhabi": "14.77",
          "Amsterdam": "5.81",
          "Seoul": "5.23",
          "Washington, D.C.": "4.78"
        },
        "Raw Hides and Skins, Leather, Furskins, and Articles thereof; Saddlery and Harness; Travel Goods, Handbags, and Similar Containers; Articles of Animal Gut (Other than Silk-worm Gut)": {
          "Togo": "31.84",
          "Beijing": "13.79",
          "Paris": "8.64",
          "Kinshasa": "6.00",
          "New Delhi": "4.90"
        },
        "Wood and Articles of Wood; Wood Charcoal; Cork and Articles of Cork; Manufactures of Straw, of Esparto or of Other Plaiting Materials; Basketware and Wickerwork": {
          "Hanoi": "46.18",
          "Beijing": "33.30",
          "Kinshasa": "13.08",
          "Lisbon": "2.92",
          "Ankara": "0.73"
        },
        "Textiles and Textile Articles": {
          "Cuba": "2.83",
          "Paris": "33.18",
          "Lisbon": "17.84",
          "Brazzaville": "16.63",
          "Kinshasa": "7.01"
        },
        "Footwear, Headgear, Umbrellas, Sun Umbrellas, Walking-sticks, Seat-sticks, Whips, Riding-crops, and Parts thereof; Prepared Feathers and Articles Made therewith; Artificial Flowers; Articles of Human Hair": {
          "Sao Tome and Principe": "1.01",
          "Namibia": "0.19",
          "Belgium": "0.14",
          "Kinshasa": "97.85",
          "Paris": "0.15"
        },
        "Articles of Stone, Plaster, Cement, Asbestos, Mica or Similar Materials; Ceramic Products; Glass and Glassware": {
          "Belgium": "0.43",
          "Abu Dhabi": "80.41",
          "Hong Kong": "11.35",
          "Jerusalem": "7.18",
          "Bern": "0.32"
        },
        "Natural or Cultured Pearls, Precious or Semi-precious Stones, Precious Metals, Metals Clad with Precious Metal, and Articles thereof; Imitation Jewellery; Coin": {
          "Belgium": "0.42",
          "Abu Dhabi": "79.58",
          "Hong Kong": "11.22",
          "Jerusalem": "7.10",
          "Beijing": "0.63"
        },
        "Base Metals and Articles of Base Metal": {
          "Oslo": "13.21",
          "London": "12.82",
          "Amsterdam": "9.15",
          "Brazzaville": "8.54",
          "Washington, D.C.": "8.19"
        },
        "Machinery and Mechanical Appliances; Electrical Equipment; Parts thereof; Sound Recorders and Reproducers, Television Image and Sound Recorders and Reproducers, and Parts and Accessories of such Articles": {
          "Oslo": "13.39",
          "London": "11.54",
          "Washington, D.C.": "10.81",
          "Amsterdam": "8.24"
        },
        "Vehicles, Aircraft, Vessels, and Associated Transport Equipment": {
          "Cote dIvoire": "16.64",
          "Washington, D.C.": "18.81",
          "Brazzaville": "11.74",
          "Paris": "7.96",
          "Lisbon": "7.83"
        },
        "Optical, Photographic, Cinematographic, Measuring, Checking, Precision, Medical or Surgical Instruments and Apparatus; Clocks and Watches; Musical Instruments; Parts and Accessories thereof": {
          "Kinshasa": "12.14",
          "Oslo": "10.64",
          "London": "9.30",
          "Washington, D.C.": "8.74",
          "Amsterdam": "8.06"
        },
        "Miscellaneous Manufactured Articles": {
          "Amsterdam": "14.44",
          "Oslo": "11.12",
          "Abu Dhabi": "9.70",
          "Berlin": "9.25",
          "London": "9.09"
        }
      },
      "Imports": {
        "Animals & Animal Products": {
          "Namibia": "11.70",
          "Madrid": "56.57",
          "Hanoi": "12.03",
          "Beijing": "6.31",
          "Accra": "4.17"
        },
        "Vegetable Products": {
          "Kinshasa": "25.54",
          "Pretoria": "17.39",
          "Santiago": "15.15",
          "Lisbon": "14.24",
          "Seoul": "4.91"
        },
        "Prepared Foodstuffs; Beverages, Spirits, Vinegar, Tobacco and Manufactured Tobacco Substitutes": {
          "Namibia": "2.18",
          "Other Asia, nes": "1.77",
          "Kinshasa": "76.30",
          "Brazzaville": "11.14",
          "Hanoi": "5.07"
        },
        "Mineral Products": {
          "Sao Tome and Principe": "5.64",
          "Beijing": "28.90",
          "Kinshasa": "24.64",
          "Madrid": "14.76",
          "Accra": "5.54"
        },
        "Products of the Chemical or Allied Industries": {
          "Nigeria": "6.65",
          "Kinshasa": "68.39",
          "Brazzaville": "8.59",
          "Oslo": "3.91",
          "Libreville": "2.29"
        },
        "Plastics and Articles thereof; Rubber and Articles thereof": {
          "Kinshasa": "38.92",
          "Abu Dhabi": "14.77",
          "Amsterdam": "5.81",
          "Seoul": "5.23",
          "Washington, D.C.": "4.78"
        },
        "Raw Hides and Skins, Leather, Furskins, and Articles thereof; Saddlery and Harness; Travel Goods, Handbags, and Similar Containers; Articles of Animal Gut (Other than Silk-worm Gut)": {
          "Togo": "31.84",
          "Beijing": "13.79",
          "Paris": "8.64",
          "Kinshasa": "6.00",
          "New Delhi": "4.90"
        },
        "Wood and Articles of Wood; Wood Charcoal; Cork and Articles of Cork; Manufactures of Straw, of Esparto or of Other Plaiting Materials; Basketware and Wickerwork": {
          "Hanoi": "46.18",
          "Beijing": "33.30",
          "Kinshasa": "13.08",
          "Lisbon": "2.92",
          "Ankara": "0.73"
        },
        "Textiles and Textile Articles": {
          "Cuba": "2.83",
          "Paris": "33.18",
          "Lisbon": "17.84",
          "Brazzaville": "16.63",
          "Kinshasa": "7.01"
        },
        "Footwear, Headgear, Umbrellas, Sun Umbrellas, Walking-sticks, Seat-sticks, Whips, Riding-crops, and Parts thereof; Prepared Feathers and Articles Made therewith; Artificial Flowers; Articles of Human Hair": {
          "Sao Tome and Principe": "1.01",
          "Namibia": "0.19",
          "Belgium": "0.14",
          "Kinshasa": "97.85",
          "Paris": "0.15"
        },
        "Articles of Stone, Plaster, Cement, Asbestos, Mica or Similar Materials; Ceramic Products; Glass and Glassware": {
          "Belgium": "0.43",
          "Abu Dhabi": "80.41",
          "Hong Kong": "11.35",
          "Jerusalem": "7.18",
          "Bern": "0.32"
        },
        "Natural or Cultured Pearls, Precious or Semi-precious Stones, Precious Metals, Metals Clad with Precious Metal, and Articles thereof; Imitation Jewellery; Coin": {
          "Belgium": "0.42",
          "Abu Dhabi": "79.58",
          "Hong Kong": "11.22",
          "Jerusalem": "7.10",
          "Beijing": "0.63"
        },
        "Base Metals and Articles of Base Metal": {
          "Oslo": "13.21",
          "London": "12.82",
          "Amsterdam": "9.15",
          "Brazzaville": "8.54",
          "Washington, D.C.": "8.19"
        },
        "Machinery and Mechanical Appliances; Electrical Equipment; Parts thereof; Sound Recorders and Reproducers, Television Image and Sound Recorders and Reproducers, and Parts and Accessories of such Articles": {
          "Oslo": "13.39",
          "London": "11.54",
          "Washington, D.C.": "10.81",
          "Amsterdam": "8.24"
        },
        "Vehicles, Aircraft, Vessels, and Associated Transport Equipment": {
          "Cote dIvoire": "16.64",
          "Washington, D.C.": "18.81",
          "Brazzaville": "11.74",
          "Paris": "7.96",
          "Lisbon": "7.83"
        },
        "Optical, Photographic, Cinematographic, Measuring, Checking, Precision, Medical or Surgical Instruments and Apparatus; Clocks and Watches; Musical Instruments; Parts and Accessories thereof": {
          "Kinshasa": "12.14",
          "Oslo": "10.64",
          "London": "9.30",
          "Washington, D.C.": "8.74",
          "Amsterdam": "8.06"
        },
        "Miscellaneous Manufactured Articles": {
          "Amsterdam": "14.44",
          "Oslo": "11.12",
          "Abu Dhabi": "9.70",
          "Berlin": "9.25",
          "London": "9.09"
        }
      }
    },
    "2018": {
      "Exports": {
        "Animals & Animal Products": {
          "Cote dIvoire": "23.80",
          "Accra": "13.76",
          "Madrid": "12.80",
          "Kinshasa": "10.10",
          "Beijing": "8.52"
        },
        "Vegetable Products": {
          "Lebanon": "3.02",
          "Kinshasa": "59.72",
          "Madrid": "14.21",
          "Santiago": "8.20",
          "Lisbon": "7.88"
        },
        "Prepared Foodstuffs; Beverages, Spirits, Vinegar, Tobacco and Manufactured Tobacco Substitutes": {
          "Ireland": "3.34",
          "Kinshasa": "61.74",
          "Brazzaville": "8.53",
          "Hanoi": "4.98",
          "Rabat": "3.20"
        },
        "Mineral Products": {
          "Sao Tome and Principe": "8.56",
          "Beijing": "28.36",
          "Yaoundé": "23.09",
          "Kinshasa": "6.41",
          "Madrid": "6.05"
        },
        "Products of the Chemical or Allied Industries": {
          "Kinshasa": "51.25",
          "Yaoundé": "9.33",
          "Washington, D.C.": "8.53",
          "Brazzaville": "7.81",
          "Amsterdam": "6.06"
        },
        "Plastics and Articles thereof; Rubber and Articles thereof": {
          "Namibia": "5.77",
          "Kinshasa": "49.07",
          "Abu Dhabi": "10.36",
          "Amsterdam": "7.24",
          "Libreville": "4.29"
        },
        "Raw Hides and Skins, Leather, Furskins, and Articles thereof; Saddlery and Harness; Travel Goods, Handbags, and Similar Containers; Articles of Animal Gut (Other than Silk-worm Gut)": {
          "Togo": "67.80",
          "Namibia": "4.00",
          "Pretoria": "4.93",
          "Lisbon": "2.31",
          "Beijing": "2.28"
        },
        "Wood and Articles of Wood; Wood Charcoal; Cork and Articles of Cork; Manufactures of Straw, of Esparto or of Other Plaiting Materials; Basketware and Wickerwork": {
          "Seychelles": "71.21",
          "Hanoi": "13.21",
          "Beijing": "8.59",
          "Kinshasa": "4.95",
          "Lisbon": "0.50"
        },
        "Textiles and Textile Articles": {
          "Lisbon": "22.32",
          "Pretoria": "11.43",
          "Beijing": "10.70",
          "Kinshasa": "10.46",
          "Amsterdam": "5.91"
        },
        "Footwear, Headgear, Umbrellas, Sun Umbrellas, Walking-sticks, Seat-sticks, Whips, Riding-crops, and Parts thereof; Prepared Feathers and Articles Made therewith; Artificial Flowers; Articles of Human Hair": {
          "Sao Tome and Principe": "0.67",
          "Kinshasa": "97.45",
          "Washington, D.C.": "0.57",
          "Lisbon": "0.45",
          "Pretoria": "0.19"
        },
        "Articles of Stone, Plaster, Cement, Asbestos, Mica or Similar Materials; Ceramic Products; Glass and Glassware": {
          "Belgium": "2.03",
          "Abu Dhabi": "68.03",
          "Washington, D.C.": "20.18",
          "Bern": "5.13",
          "Jerusalem": "2.40"
        },
        "Natural or Cultured Pearls, Precious or Semi-precious Stones, Precious Metals, Metals Clad with Precious Metal, and Articles thereof; Imitation Jewellery; Coin": {
          "Belgium": "2.00",
          "Abu Dhabi": "66.97",
          "Washington, D.C.": "19.85",
          "Bern": "5.05",
          "Jerusalem": "2.36"
        },
        "Base Metals and Articles of Base Metal": {
          "Accra": "30.19",
          "Kinshasa": "17.95",
          "London": "7.62",
          "Yaoundé": "4.96",
          "Paris": "4.63"
        },
        "Machinery and Mechanical Appliances; Electrical Equipment; Parts thereof; Sound Recorders and Reproducers, Television Image and Sound Recorders and Reproducers, and Parts and Accessories of such Articles": {
          "Nigeria": "7.05",
          "Namibia": "5.98",
          "Washington, D.C.": "18.67",
          "London": "15.20",
          "Oslo": "5.99"
        },
        "Vehicles, Aircraft, Vessels, and Associated Transport Equipment": {
          "Namibia": "17.65",
          "Washington, D.C.": "14.50",
          "London": "10.52",
          "Lisbon": "10.32",
          "Pretoria": "8.60"
        },
        "Optical, Photographic, Cinematographic, Measuring, Checking, Precision, Medical or Surgical Instruments and Apparatus; Clocks and Watches; Musical Instruments; Parts and Accessories thereof": {
          "Kinshasa": "14.99",
          "Washington, D.C.": "11.28",
          "London": "9.96",
          "Accra": "6.67",
          "Yaoundé": "4.67"
        },
        "Miscellaneous Manufactured Articles": {
          "Madrid": "45.02",
          "Abu Dhabi": "7.19",
          "London": "6.37",
          "Kinshasa": "5.94",
          "Washington, D.C.": "3.86"
        }
      },
      "Imports": {
        "Animals & Animal Products": {
          "Cote dIvoire": "23.80",
          "Accra": "13.76",
          "Madrid": "12.80",
          "Kinshasa": "10.10",
          "Beijing": "8.52"
        },
        "Vegetable Products": {
          "Lebanon": "3.02",
          "Kinshasa": "59.72",
          "Madrid": "14.21",
          "Santiago": "8.20",
          "Lisbon": "7.88"
        },
        "Prepared Foodstuffs; Beverages, Spirits, Vinegar, Tobacco and Manufactured Tobacco Substitutes": {
          "Ireland": "3.34",
          "Kinshasa": "61.74",
          "Brazzaville": "8.53",
          "Hanoi": "4.98",
          "Rabat": "3.20"
        },
        "Mineral Products": {
          "Sao Tome and Principe": "8.56",
          "Beijing": "28.36",
          "Yaoundé": "23.09",
          "Kinshasa": "6.41",
          "Madrid": "6.05"
        },
        "Products of the Chemical or Allied Industries": {
          "Kinshasa": "51.25",
          "Yaoundé": "9.33",
          "Washington, D.C.": "8.53",
          "Brazzaville": "7.81",
          "Amsterdam": "6.06"
        },
        "Plastics and Articles thereof; Rubber and Articles thereof": {
          "Namibia": "5.77",
          "Kinshasa": "49.07",
          "Abu Dhabi": "10.36",
          "Amsterdam": "7.24",
          "Libreville": "4.29"
        },
        "Raw Hides and Skins, Leather, Furskins, and Articles thereof; Saddlery and Harness; Travel Goods, Handbags, and Similar Containers; Articles of Animal Gut (Other than Silk-worm Gut)": {
          "Togo": "67.80",
          "Namibia": "4.00",
          "Pretoria": "4.93",
          "Lisbon": "2.31",
          "Beijing": "2.28"
        },
        "Wood and Articles of Wood; Wood Charcoal; Cork and Articles of Cork; Manufactures of Straw, of Esparto or of Other Plaiting Materials; Basketware and Wickerwork": {
          "Seychelles": "71.21",
          "Hanoi": "13.21",
          "Beijing": "8.59",
          "Kinshasa": "4.95",
          "Lisbon": "0.50"
        },
        "Textiles and Textile Articles": {
          "Lisbon": "22.32",
          "Pretoria": "11.43",
          "Beijing": "10.70",
          "Kinshasa": "10.46",
          "Amsterdam": "5.91"
        },
        "Footwear, Headgear, Umbrellas, Sun Umbrellas, Walking-sticks, Seat-sticks, Whips, Riding-crops, and Parts thereof; Prepared Feathers and Articles Made therewith; Artificial Flowers; Articles of Human Hair": {
          "Sao Tome and Principe": "0.67",
          "Kinshasa": "97.45",
          "Washington, D.C.": "0.57",
          "Lisbon": "0.45",
          "Pretoria": "0.19"
        },
        "Articles of Stone, Plaster, Cement, Asbestos, Mica or Similar Materials; Ceramic Products; Glass and Glassware": {
          "Belgium": "2.03",
          "Abu Dhabi": "68.03",
          "Washington, D.C.": "20.18",
          "Bern": "5.13",
          "Jerusalem": "2.40"
        },
        "Natural or Cultured Pearls, Precious or Semi-precious Stones, Precious Metals, Metals Clad with Precious Metal, and Articles thereof; Imitation Jewellery; Coin": {
          "Belgium": "2.00",
          "Abu Dhabi": "66.97",
          "Washington, D.C.": "19.85",
          "Bern": "5.05",
          "Jerusalem": "2.36"
        },
        "Base Metals and Articles of Base Metal": {
          "Accra": "30.19",
          "Kinshasa": "17.95",
          "London": "7.62",
          "Yaoundé": "4.96",
          "Paris": "4.63"
        },
        "Machinery and Mechanical Appliances; Electrical Equipment; Parts thereof; Sound Recorders and Reproducers, Television Image and Sound Recorders and Reproducers, and Parts and Accessories of such Articles": {
          "Nigeria": "7.05",
          "Namibia": "5.98",
          "Washington, D.C.": "18.67",
          "London": "15.20",
          "Oslo": "5.99"
        },
        "Vehicles, Aircraft, Vessels, and Associated Transport Equipment": {
          "Namibia": "17.65",
          "Washington, D.C.": "14.50",
          "London": "10.52",
          "Lisbon": "10.32",
          "Pretoria": "8.60"
        },
        "Optical, Photographic, Cinematographic, Measuring, Checking, Precision, Medical or Surgical Instruments and Apparatus; Clocks and Watches; Musical Instruments; Parts and Accessories thereof": {
          "Kinshasa": "14.99",
          "Washington, D.C.": "11.28",
          "London": "9.96",
          "Accra": "6.67",
          "Yaoundé": "4.67"
        },
        "Miscellaneous Manufactured Articles": {
          "Madrid": "45.02",
          "Abu Dhabi": "7.19",
          "London": "6.37",
          "Kinshasa": "5.94",
          "Washington, D.C.": "3.86"
        }
      }
    },
    "2019": {
      "Exports": {
        "Animals & Animal Products": {
          "Nigeria": "17.90",
          "Madrid": "50.33",
          "Kinshasa": "17.62",
          "Tokyo": "7.19",
          "Santiago": "2.53"
        },
        "Vegetable Products": {
          "Namibia": "3.69",
          "Belgium": "0.73",
          "Kinshasa": "77.57",
          "Brazzaville": "8.09",
          "Lisbon": "7.43"
        },
        "Prepared Foodstuffs; Beverages, Spirits, Vinegar, Tobacco and Manufactured Tobacco Substitutes": {
          "Namibia": "1.86",
          "Kinshasa": "75.49",
          "Brazzaville": "6.52",
          "Rabat": "5.48",
          "Paris": "3.37"
        },
        "Mineral Products": {
          "Sao Tome and Principe": "8.52",
          "Kinshasa": "30.93",
          "Beijing": "24.70",
          "Madrid": "10.68",
          "Yaoundé": "5.43"
        },
        "Products of the Chemical or Allied Industries": {
          "Kinshasa": "43.65",
          "Bern": "13.96",
          "Paris": "10.19",
          "London": "5.67",
          "Brazzaville": "5.55"
        },
        "Plastics and Articles thereof; Rubber and Articles thereof": {
          "Kinshasa": "43.94",
          "Oslo": "20.22",
          "Paris": "4.57",
          "Abu Dhabi": "4.02",
          "London": "3.47"
        },
        "Raw Hides and Skins, Leather, Furskins, and Articles thereof; Saddlery and Harness; Travel Goods, Handbags, and Similar Containers; Articles of Animal Gut (Other than Silk-worm Gut)": {
          "Togo": "66.61",
          "Sao Tome and Principe": "4.11",
          "Berlin": "9.31",
          "Kinshasa": "4.72",
          "Lisbon": "2.76"
        },
        "Wood and Articles of Wood; Wood Charcoal; Cork and Articles of Cork; Manufactures of Straw, of Esparto or of Other Plaiting Materials; Basketware and Wickerwork": {
          "Hanoi": "39.91",
          "Beijing": "25.00",
          "Kinshasa": "19.89",
          "Lisbon": "5.25",
          "Brazzaville": "2.89"
        },
        "Textiles and Textile Articles": {
          "Cuba": "5.60",
          "Kinshasa": "51.74",
          "Beijing": "15.92",
          "Brazzaville": "5.54",
          "Brasília": "3.65"
        },
        "Footwear, Headgear, Umbrellas, Sun Umbrellas, Walking-sticks, Seat-sticks, Whips, Riding-crops, and Parts thereof; Prepared Feathers and Articles Made therewith; Artificial Flowers; Articles of Human Hair": {
          "Sao Tome and Principe": "1.10",
          "Namibia": "0.26",
          "Kinshasa": "93.63",
          "Brasília": "3.48",
          "Brazzaville": "0.29"
        },
        "Articles of Stone, Plaster, Cement, Asbestos, Mica or Similar Materials; Ceramic Products; Glass and Glassware": {
          "Belgium": "10.32",
          "Botswana": "0.53",
          "Abu Dhabi": "85.72",
          "Hong Kong": "1.54",
          "Bern": "1.10"
        },
        "Natural or Cultured Pearls, Precious or Semi-precious Stones, Precious Metals, Metals Clad with Precious Metal, and Articles thereof; Imitation Jewellery; Coin": {
          "Belgium": "10.23",
          "Botswana": "0.52",
          "Abu Dhabi": "85.05",
          "Hong Kong": "1.53",
          "Bern": "1.09"
        },
        "Base Metals and Articles of Base Metal": {
          "Kinshasa": "31.46",
          "Oslo": "16.50",
          "Paris": "13.86",
          "Accra": "4.27",
          "Abu Dhabi": "3.84"
        },
        "Machinery and Mechanical Appliances; Electrical Equipment; Parts thereof; Sound Recorders and Reproducers, Television Image and Sound Recorders and Reproducers, and Parts and Accessories of such Articles": {
          "Washington, D.C.": "23.53",
          "London": "16.32",
          "Oslo": "10.81",
          "Paris": "7.57",
          "Nairobi": "5.48"
        },
        "Vehicles, Aircraft, Vessels, and Associated Transport Equipment": {
          "Namibia": "12.26",
          "Vanuatu": "6.46",
          "Oslo": "29.57",
          "Brazzaville": "9.29",
          "Paris": "7.61"
        },
        "Optical, Photographic, Cinematographic, Measuring, Checking, Precision, Medical or Surgical Instruments and Apparatus; Clocks and Watches; Musical Instruments; Parts and Accessories thereof": {
          "Namibia": "7.39",
          "Oslo": "21.61",
          "Paris": "7.36",
          "Washington, D.C.": "7.26",
          "Kinshasa": "7.14"
        },
        "Miscellaneous Manufactured Articles": {
          "Madrid": "35.47",
          "London": "14.27",
          "Oslo": "12.02",
          "Kinshasa": "5.34",
          "Berlin": "4.87"
        }
      },
      "Imports": {
        "Animals & Animal Products": {
          "Nigeria": "17.90",
          "Madrid": "50.33",
          "Kinshasa": "17.62",
          "Tokyo": "7.19",
          "Santiago": "2.53"
        },
        "Vegetable Products": {
          "Namibia": "3.69",
          "Belgium": "0.73",
          "Kinshasa": "77.57",
          "Brazzaville": "8.09",
          "Lisbon": "7.43"
        },
        "Prepared Foodstuffs; Beverages, Spirits, Vinegar, Tobacco and Manufactured Tobacco Substitutes": {
          "Namibia": "1.86",
          "Kinshasa": "75.49",
          "Brazzaville": "6.52",
          "Rabat": "5.48",
          "Paris": "3.37"
        },
        "Mineral Products": {
          "Sao Tome and Principe": "8.52",
          "Kinshasa": "30.93",
          "Beijing": "24.70",
          "Madrid": "10.68",
          "Yaoundé": "5.43"
        },
        "Products of the Chemical or Allied Industries": {
          "Kinshasa": "43.65",
          "Bern": "13.96",
          "Paris": "10.19",
          "London": "5.67",
          "Brazzaville": "5.55"
        },
        "Plastics and Articles thereof; Rubber and Articles thereof": {
          "Kinshasa": "43.94",
          "Oslo": "20.22",
          "Paris": "4.57",
          "Abu Dhabi": "4.02",
          "London": "3.47"
        },
        "Raw Hides and Skins, Leather, Furskins, and Articles thereof; Saddlery and Harness; Travel Goods, Handbags, and Similar Containers; Articles of Animal Gut (Other than Silk-worm Gut)": {
          "Togo": "66.61",
          "Sao Tome and Principe": "4.11",
          "Berlin": "9.31",
          "Kinshasa": "4.72",
          "Lisbon": "2.76"
        },
        "Wood and Articles of Wood; Wood Charcoal; Cork and Articles of Cork; Manufactures of Straw, of Esparto or of Other Plaiting Materials; Basketware and Wickerwork": {
          "Hanoi": "39.91",
          "Beijing": "25.00",
          "Kinshasa": "19.89",
          "Lisbon": "5.25",
          "Brazzaville": "2.89"
        },
        "Textiles and Textile Articles": {
          "Cuba": "5.60",
          "Kinshasa": "51.74",
          "Beijing": "15.92",
          "Brazzaville": "5.54",
          "Brasília": "3.65"
        },
        "Footwear, Headgear, Umbrellas, Sun Umbrellas, Walking-sticks, Seat-sticks, Whips, Riding-crops, and Parts thereof; Prepared Feathers and Articles Made therewith; Artificial Flowers; Articles of Human Hair": {
          "Sao Tome and Principe": "1.10",
          "Namibia": "0.26",
          "Kinshasa": "93.63",
          "Brasília": "3.48",
          "Brazzaville": "0.29"
        },
        "Articles of Stone, Plaster, Cement, Asbestos, Mica or Similar Materials; Ceramic Products; Glass and Glassware": {
          "Belgium": "10.32",
          "Botswana": "0.53",
          "Abu Dhabi": "85.72",
          "Hong Kong": "1.54",
          "Bern": "1.10"
        },
        "Natural or Cultured Pearls, Precious or Semi-precious Stones, Precious Metals, Metals Clad with Precious Metal, and Articles thereof; Imitation Jewellery; Coin": {
          "Belgium": "10.23",
          "Botswana": "0.52",
          "Abu Dhabi": "85.05",
          "Hong Kong": "1.53",
          "Bern": "1.09"
        },
        "Base Metals and Articles of Base Metal": {
          "Kinshasa": "31.46",
          "Oslo": "16.50",
          "Paris": "13.86",
          "Accra": "4.27",
          "Abu Dhabi": "3.84"
        },
        "Machinery and Mechanical Appliances; Electrical Equipment; Parts thereof; Sound Recorders and Reproducers, Television Image and Sound Recorders and Reproducers, and Parts and Accessories of such Articles": {
          "Washington, D.C.": "23.53",
          "London": "16.32",
          "Oslo": "10.81",
          "Paris": "7.57",
          "Nairobi": "5.48"
        },
        "Vehicles, Aircraft, Vessels, and Associated Transport Equipment": {
          "Namibia": "12.26",
          "Vanuatu": "6.46",
          "Oslo": "29.57",
          "Brazzaville": "9.29",
          "Paris": "7.61"
        },
        "Optical, Photographic, Cinematographic, Measuring, Checking, Precision, Medical or Surgical Instruments and Apparatus; Clocks and Watches; Musical Instruments; Parts and Accessories thereof": {
          "Namibia": "7.39",
          "Oslo": "21.61",
          "Paris": "7.36",
          "Washington, D.C.": "7.26",
          "Kinshasa": "7.14"
        },
        "Miscellaneous Manufactured Articles": {
          "Madrid": "35.47",
          "London": "14.27",
          "Oslo": "12.02",
          "Kinshasa": "5.34",
          "Berlin": "4.87"
        }
      }
    },
    "2020": {
      "Exports": {
        "Animals & Animal Products": {
          "Madrid": "48.39",
          "Hanoi": "23.70",
          "Accra": "16.59",
          "Beijing": "4.66",
          "Kinshasa": "4.26"
        },
        "Vegetable Products": {
          "Namibia": "3.09",
          "Kinshasa": "43.85",
          "Lisbon": "30.21",
          "Brazzaville": "11.43",
          "Madrid": "6.29"
        },
        "Prepared Foodstuffs; Beverages, Spirits, Vinegar, Tobacco and Manufactured Tobacco Substitutes": {
          "Namibia": "2.12",
          "Kinshasa": "51.16",
          "Brazzaville": "23.44",
          "Rabat": "14.20",
          "Ankara": "2.33"
        },
        "Mineral Products": {
          "Sao Tome and Principe": "6.99",
          "Beijing": "48.81",
          "Madrid": "13.46",
          "Yaoundé": "13.05",
          "Kinshasa": "3.79"
        },
        "Products of the Chemical or Allied Industries": {
          "Namibia": "48.45",
          "Kinshasa": "17.58",
          "Brazzaville": "7.16",
          "Oslo": "7.06",
          "Berlin": "3.08"
        },
        "Plastics and Articles thereof; Rubber and Articles thereof": {
          "Belgium": "15.69",
          "Namibia": "9.69",
          "Kinshasa": "49.40",
          "Washington, D.C.": "4.51",
          "Brazzaville": "3.84"
        },
        "Raw Hides and Skins, Leather, Furskins, and Articles thereof; Saddlery and Harness; Travel Goods, Handbags, and Similar Containers; Articles of Animal Gut (Other than Silk-worm Gut)": {
          "Togo": "49.71",
          "Cape Verde": "6.56",
          "Nigeria": "3.59",
          "Berlin": "8.74",
          "Washington, D.C.": "6.95"
        },
        "Wood and Articles of Wood; Wood Charcoal; Cork and Articles of Cork; Manufactures of Straw, of Esparto or of Other Plaiting Materials; Basketware and Wickerwork": {
          "Hanoi": "49.17",
          "Beijing": "21.37",
          "Kinshasa": "9.43",
          "Brazzaville": "5.50",
          "Ankara": "4.75"
        },
        "Textiles and Textile Articles": {
          "Cuba": "8.08",
          "Kinshasa": "42.45",
          "Washington, D.C.": "8.56",
          "Beijing": "6.23",
          "Paris": "5.75"
        },
        "Footwear, Headgear, Umbrellas, Sun Umbrellas, Walking-sticks, Seat-sticks, Whips, Riding-crops, and Parts thereof; Prepared Feathers and Articles Made therewith; Artificial Flowers; Articles of Human Hair": {
          "Sao Tome and Principe": "1.58",
          "Kinshasa": "89.55",
          "Brazzaville": "2.11",
          "Brasília": "1.20",
          "Washington, D.C.": "1.07"
        },
        "Articles of Stone, Plaster, Cement, Asbestos, Mica or Similar Materials; Ceramic Products; Glass and Glassware": {
          "Belgium": "13.62",
          "Abu Dhabi": "80.46",
          "Hong Kong": "3.15",
          "Beijing": "0.94",
          "New Delhi": "0.77"
        },
        "Natural or Cultured Pearls, Precious or Semi-precious Stones, Precious Metals, Metals Clad with Precious Metal, and Articles thereof; Imitation Jewellery; Coin": {
          "Belgium": "13.38",
          "Abu Dhabi": "79.14",
          "Hong Kong": "3.09",
          "Beijing": "2.27",
          "New Delhi": "0.80"
        },
        "Base Metals and Articles of Base Metal": {
          "Senegal": "10.99",
          "Kinshasa": "23.08",
          "London": "15.15",
          "Abu Dhabi": "9.90"
        },
        "Machinery and Mechanical Appliances; Electrical Equipment; Parts thereof; Sound Recorders and Reproducers, Television Image and Sound Recorders and Reproducers, and Parts and Accessories of such Articles": {
          "Washington, D.C.": "26.23",
          "London": "21.60",
          "Jakarta": "11.26",
          "Brazzaville": "5.91",
          "Pretoria": "4.57"
        },
        "Vehicles, Aircraft, Vessels, and Associated Transport Equipment": {
          "Marshall Islands": "8.59",
          "Madrid": "25.16",
          "Oslo": "11.70",
          "Abu Dhabi": "10.94",
          "Paris": "8.24"
        },
        "Optical, Photographic, Cinematographic, Measuring, Checking, Precision, Medical or Surgical Instruments and Apparatus; Clocks and Watches; Musical Instruments; Parts and Accessories thereof": {
          "Marshall Islands": "7.07",
          "Madrid": "21.09",
          "Oslo": "10.19",
          "Abu Dhabi": "9.37",
          "Paris": "6.91"
        },
        "Miscellaneous Manufactured Articles": {
          "Madrid": "61.15",
          "London": "13.45",
          "Pretoria": "3.86",
          "Washington, D.C.": "3.37",
          "Oslo": "3.22"
        }
      },
      "Imports": {
        "Animals & Animal Products": {
          "Madrid": "48.39",
          "Hanoi": "23.70",
          "Accra": "16.59",
          "Beijing": "4.66",
          "Kinshasa": "4.26"
        },
        "Vegetable Products": {
          "Namibia": "3.09",
          "Kinshasa": "43.85",
          "Lisbon": "30.21",
          "Brazzaville": "11.43",
          "Madrid": "6.29"
        },
        "Prepared Foodstuffs; Beverages, Spirits, Vinegar, Tobacco and Manufactured Tobacco Substitutes": {
          "Namibia": "2.12",
          "Kinshasa": "51.16",
          "Brazzaville": "23.44",
          "Rabat": "14.20",
          "Ankara": "2.33"
        },
        "Mineral Products": {
          "Sao Tome and Principe": "6.99",
          "Beijing": "48.81",
          "Madrid": "13.46",
          "Yaoundé": "13.05",
          "Kinshasa": "3.79"
        },
        "Products of the Chemical or Allied Industries": {
          "Namibia": "48.45",
          "Kinshasa": "17.58",
          "Brazzaville": "7.16",
          "Oslo": "7.06",
          "Berlin": "3.08"
        },
        "Plastics and Articles thereof; Rubber and Articles thereof": {
          "Belgium": "15.69",
          "Namibia": "9.69",
          "Kinshasa": "49.40",
          "Washington, D.C.": "4.51",
          "Brazzaville": "3.84"
        },
        "Raw Hides and Skins, Leather, Furskins, and Articles thereof; Saddlery and Harness; Travel Goods, Handbags, and Similar Containers; Articles of Animal Gut (Other than Silk-worm Gut)": {
          "Togo": "49.71",
          "Cape Verde": "6.56",
          "Nigeria": "3.59",
          "Berlin": "8.74",
          "Washington, D.C.": "6.95"
        },
        "Wood and Articles of Wood; Wood Charcoal; Cork and Articles of Cork; Manufactures of Straw, of Esparto or of Other Plaiting Materials; Basketware and Wickerwork": {
          "Hanoi": "49.17",
          "Beijing": "21.37",
          "Kinshasa": "9.43",
          "Brazzaville": "5.50",
          "Ankara": "4.75"
        },
        "Textiles and Textile Articles": {
          "Cuba": "8.08",
          "Kinshasa": "42.45",
          "Washington, D.C.": "8.56",
          "Beijing": "6.23",
          "Paris": "5.75"
        },
        "Footwear, Headgear, Umbrellas, Sun Umbrellas, Walking-sticks, Seat-sticks, Whips, Riding-crops, and Parts thereof; Prepared Feathers and Articles Made therewith; Artificial Flowers; Articles of Human Hair": {
          "Sao Tome and Principe": "1.58",
          "Kinshasa": "89.55",
          "Brazzaville": "2.11",
          "Brasília": "1.20",
          "Washington, D.C.": "1.07"
        },
        "Articles of Stone, Plaster, Cement, Asbestos, Mica or Similar Materials; Ceramic Products; Glass and Glassware": {
          "Belgium": "13.62",
          "Abu Dhabi": "80.46",
          "Hong Kong": "3.15",
          "Beijing": "0.94",
          "New Delhi": "0.77"
        },
        "Natural or Cultured Pearls, Precious or Semi-precious Stones, Precious Metals, Metals Clad with Precious Metal, and Articles thereof; Imitation Jewellery; Coin": {
          "Belgium": "13.38",
          "Abu Dhabi": "79.14",
          "Hong Kong": "3.09",
          "Beijing": "2.27",
          "New Delhi": "0.80"
        },
        "Base Metals and Articles of Base Metal": {
          "Senegal": "10.99",
          "Kinshasa": "23.08",
          "London": "15.15",
          "Abu Dhabi": "9.90"
        },
        "Machinery and Mechanical Appliances; Electrical Equipment; Parts thereof; Sound Recorders and Reproducers, Television Image and Sound Recorders and Reproducers, and Parts and Accessories of such Articles": {
          "Washington, D.C.": "26.23",
          "London": "21.60",
          "Jakarta": "11.26",
          "Brazzaville": "5.91",
          "Pretoria": "4.57"
        },
        "Vehicles, Aircraft, Vessels, and Associated Transport Equipment": {
          "Marshall Islands": "8.59",
          "Madrid": "25.16",
          "Oslo": "11.70",
          "Abu Dhabi": "10.94",
          "Paris": "8.24"
        },
        "Optical, Photographic, Cinematographic, Measuring, Checking, Precision, Medical or Surgical Instruments and Apparatus; Clocks and Watches; Musical Instruments; Parts and Accessories thereof": {
          "Marshall Islands": "7.07",
          "Madrid": "21.09",
          "Oslo": "10.19",
          "Abu Dhabi": "9.37",
          "Paris": "6.91"
        },
        "Miscellaneous Manufactured Articles": {
          "Madrid": "61.15",
          "London": "13.45",
          "Pretoria": "3.86",
          "Washington, D.C.": "3.37",
          "Oslo": "3.22"
        }
      }
    },
    "2021": {
      "Exports": {
        "Animals & Animal Products": {
          "Cote dIvoire": "25.87",
          "Madrid": "32.89",
          "Kinshasa": "19.48",
          "Accra": "11.82",
          "Beijing": "4.23"
        },
        "Vegetable Products": {
          "Lisbon": "43.29",
          "Kinshasa": "23.06",
          "Brazzaville": "20.50",
          "Madrid": "4.36",
          "Rabat": "3.63"
        },
        "Prepared Foodstuffs; Beverages, Spirits, Vinegar, Tobacco and Manufactured Tobacco Substitutes": {
          "Brazzaville": "34.73",
          "Kinshasa": "33.86",
          "Lisbon": "6.77",
          "Rabat": "6.47",
          "Ankara": "4.01"
        },
        "Mineral Products": {
          "Beijing": "32.70",
          "Yaoundé": "17.38",
          "Madrid": "11.31",
          "Ankara": "5.69",
          "Kinshasa": "5.43"
        },
        "Products of the Chemical or Allied Industries": {
          "Namibia": "11.86",
          "Kinshasa": "38.58",
          "Brazzaville": "18.98",
          "Berlin": "6.94",
          "Washington, D.C.": "4.46"
        },
        "Plastics and Articles thereof; Rubber and Articles thereof": {
          "Namibia": "8.28",
          "Kinshasa": "43.31",
          "Brazzaville": "13.02",
          "London": "8.88",
          "Washington, D.C.": "5.74"
        },
        "Raw Hides and Skins, Leather, Furskins, and Articles thereof; Saddlery and Harness; Travel Goods, Handbags, and Similar Containers; Articles of Animal Gut (Other than Silk-worm Gut)": {
          "Togo": "48.44",
          "Nigeria": "10.24",
          "Kinshasa": "7.13",
          "Washington, D.C.": "5.15",
          "Pretoria": "4.54"
        },
        "Wood and Articles of Wood; Wood Charcoal; Cork and Articles of Cork; Manufactures of Straw, of Esparto or of Other Plaiting Materials; Basketware and Wickerwork": {
          "Hanoi": "49.66",
          "Beijing": "20.29",
          "Kinshasa": "6.68",
          "Brazzaville": "6.27",
          "Lisbon": "5.24"
        },
        "Textiles and Textile Articles": {
          "Cuba": "6.58",
          "Kinshasa": "26.40",
          "Beijing": "15.09",
          "Pretoria": "11.81",
          "London": "4.97"
        },
        "Footwear, Headgear, Umbrellas, Sun Umbrellas, Walking-sticks, Seat-sticks, Whips, Riding-crops, and Parts thereof; Prepared Feathers and Articles Made therewith; Artificial Flowers; Articles of Human Hair": {
          "Sao Tome and Principe": "2.33",
          "Namibia": "0.83",
          "Kinshasa": "93.08",
          "Brazzaville": "0.94",
          "Pretoria": "0.47"
        },
        "Articles of Stone, Plaster, Cement, Asbestos, Mica or Similar Materials; Ceramic Products; Glass and Glassware": {
          "Belgium": "12.47",
          "Namibia": "0.38",
          "Abu Dhabi": "77.87",
          "New Delhi": "6.46",
          "Jerusalem": "1.93"
        },
        "Natural or Cultured Pearls, Precious or Semi-precious Stones, Precious Metals, Metals Clad with Precious Metal, and Articles thereof; Imitation Jewellery; Coin": {
          "Belgium": "12.29",
          "Abu Dhabi": "76.77",
          "New Delhi": "6.38",
          "Jerusalem": "1.90",
          "Beijing": "1.27"
        },
        "Base Metals and Articles of Base Metal": {
          "Senegal": "7.37",
          "Kinshasa": "34.07",
          "Abu Dhabi": "10.67",
          "London": "10.35",
          "Paris": "6.23"
        },
        "Machinery and Mechanical Appliances; Electrical Equipment; Parts thereof; Sound Recorders and Reproducers, Television Image and Sound Recorders and Reproducers, and Parts and Accessories of such Articles": {
          "Namibia": "10.79",
          "Czech Republic": "9.99",
          "Cote dIvoire": "8.80",
          "London": "17.38",
          "Washington, D.C.": "9.76"
        },
        "Vehicles, Aircraft, Vessels, and Associated Transport Equipment": {
          "Namibia": "29.61",
          "Marshall Islands": "9.21",
          "Madrid": "10.87",
          "Paris": "10.21",
          "London": "6.71"
        },
        "Optical, Photographic, Cinematographic, Measuring, Checking, Precision, Medical or Surgical Instruments and Apparatus; Clocks and Watches; Musical Instruments; Parts and Accessories thereof": {
          "Namibia": "25.18",
          "Marshall Islands": "7.34",
          "Paris": "8.77",
          "Madrid": "8.75",
          "London": "8.46"
        },
        "Miscellaneous Manufactured Articles": {
          "Namibia": "5.19",
          "London": "34.72",
          "Madrid": "32.38",
          "Paris": "4.41",
          "Washington, D.C.": "3.50"
        }
      },
      "Imports": {
        "Animals & Animal Products": {
          "Cote dIvoire": "25.87",
          "Madrid": "32.89",
          "Kinshasa": "19.48",
          "Accra": "11.82",
          "Beijing": "4.23"
        },
        "Vegetable Products": {
          "Lisbon": "43.29",
          "Kinshasa": "23.06",
          "Brazzaville": "20.50",
          "Madrid": "4.36",
          "Rabat": "3.63"
        },
        "Prepared Foodstuffs; Beverages, Spirits, Vinegar, Tobacco and Manufactured Tobacco Substitutes": {
          "Brazzaville": "34.73",
          "Kinshasa": "33.86",
          "Lisbon": "6.77",
          "Rabat": "6.47",
          "Ankara": "4.01"
        },
        "Mineral Products": {
          "Beijing": "32.70",
          "Yaoundé": "17.38",
          "Madrid": "11.31",
          "Ankara": "5.69",
          "Kinshasa": "5.43"
        },
        "Products of the Chemical or Allied Industries": {
          "Namibia": "11.86",
          "Kinshasa": "38.58",
          "Brazzaville": "18.98",
          "Berlin": "6.94",
          "Washington, D.C.": "4.46"
        },
        "Plastics and Articles thereof; Rubber and Articles thereof": {
          "Namibia": "8.28",
          "Kinshasa": "43.31",
          "Brazzaville": "13.02",
          "London": "8.88",
          "Washington, D.C.": "5.74"
        },
        "Raw Hides and Skins, Leather, Furskins, and Articles thereof; Saddlery and Harness; Travel Goods, Handbags, and Similar Containers; Articles of Animal Gut (Other than Silk-worm Gut)": {
          "Togo": "48.44",
          "Nigeria": "10.24",
          "Kinshasa": "7.13",
          "Washington, D.C.": "5.15",
          "Pretoria": "4.54"
        },
        "Wood and Articles of Wood; Wood Charcoal; Cork and Articles of Cork; Manufactures of Straw, of Esparto or of Other Plaiting Materials; Basketware and Wickerwork": {
          "Hanoi": "49.66",
          "Beijing": "20.29",
          "Kinshasa": "6.68",
          "Brazzaville": "6.27",
          "Lisbon": "5.24"
        },
        "Textiles and Textile Articles": {
          "Cuba": "6.58",
          "Kinshasa": "26.40",
          "Beijing": "15.09",
          "Pretoria": "11.81",
          "London": "4.97"
        },
        "Footwear, Headgear, Umbrellas, Sun Umbrellas, Walking-sticks, Seat-sticks, Whips, Riding-crops, and Parts thereof; Prepared Feathers and Articles Made therewith; Artificial Flowers; Articles of Human Hair": {
          "Sao Tome and Principe": "2.33",
          "Namibia": "0.83",
          "Kinshasa": "93.08",
          "Brazzaville": "0.94",
          "Pretoria": "0.47"
        },
        "Articles of Stone, Plaster, Cement, Asbestos, Mica or Similar Materials; Ceramic Products; Glass and Glassware": {
          "Belgium": "12.47",
          "Namibia": "0.38",
          "Abu Dhabi": "77.87",
          "New Delhi": "6.46",
          "Jerusalem": "1.93"
        },
        "Natural or Cultured Pearls, Precious or Semi-precious Stones, Precious Metals, Metals Clad with Precious Metal, and Articles thereof; Imitation Jewellery; Coin": {
          "Belgium": "12.29",
          "Abu Dhabi": "76.77",
          "New Delhi": "6.38",
          "Jerusalem": "1.90",
          "Beijing": "1.27"
        },
        "Base Metals and Articles of Base Metal": {
          "Senegal": "7.37",
          "Kinshasa": "34.07",
          "Abu Dhabi": "10.67",
          "London": "10.35",
          "Paris": "6.23"
        },
        "Machinery and Mechanical Appliances; Electrical Equipment; Parts thereof; Sound Recorders and Reproducers, Television Image and Sound Recorders and Reproducers, and Parts and Accessories of such Articles": {
          "Namibia": "10.79",
          "Czech Republic": "9.99",
          "Cote dIvoire": "8.80",
          "London": "17.38",
          "Washington, D.C.": "9.76"
        },
        "Vehicles, Aircraft, Vessels, and Associated Transport Equipment": {
          "Namibia": "29.61",
          "Marshall Islands": "9.21",
          "Madrid": "10.87",
          "Paris": "10.21",
          "London": "6.71"
        },
        "Optical, Photographic, Cinematographic, Measuring, Checking, Precision, Medical or Surgical Instruments and Apparatus; Clocks and Watches; Musical Instruments; Parts and Accessories thereof": {
          "Namibia": "25.18",
          "Marshall Islands": "7.34",
          "Paris": "8.77",
          "Madrid": "8.75",
          "London": "8.46"
        },
        "Miscellaneous Manufactured Articles": {
          "Namibia": "5.19",
          "London": "34.72",
          "Madrid": "32.38",
          "Paris": "4.41",
          "Washington, D.C.": "3.50"
        }
      }
    },
    "2022": {
      "Exports": {
        "Animals & Animal Products": {
          "Cote dIvoire": "33.10",
          "Beijing": "23.42",
          "Madrid": "16.84",
          "Accra": "15.09",
          "Kuala Lumpur": "4.32"
        },
        "Vegetable Products": {
          "Panama": "0.45",
          "Kinshasa": "49.23",
          "Lisbon": "39.13",
          "Brazzaville": "8.81",
          "Yaoundé": "0.35"
        },
        "Prepared Foodstuffs; Beverages, Spirits, Vinegar, Tobacco and Manufactured Tobacco Substitutes": {
          "Ireland": "10.70",
          "Kinshasa": "43.65",
          "Brazzaville": "13.57",
          "Ankara": "11.38",
          "Hanoi": "5.72"
        },
        "Mineral Products": {
          "Cote dIvoire": "3.86",
          "Beijing": "63.40",
          "Madrid": "7.37",
          "Accra": "5.74",
          "Rome": "2.85"
        },
        "Products of the Chemical or Allied Industries": {
          "Namibia": "17.33",
          "Mauritania": "15.39",
          "Kinshasa": "20.16",
          "Berlin": "15.02",
          "Brazzaville": "11.60"
        },
        "Plastics and Articles thereof; Rubber and Articles thereof": {
          "Namibia": "9.75",
          "Kinshasa": "34.99",
          "Pretoria": "10.38",
          "Paris": "10.36",
          "Brazzaville": "8.17"
        },
        "Raw Hides and Skins, Leather, Furskins, and Articles thereof; Saddlery and Harness; Travel Goods, Handbags, and Similar Containers; Articles of Animal Gut (Other than Silk-worm Gut)": {
          "Togo": "27.59",
          "Nigeria": "15.31",
          "Paris": "24.69",
          "Berlin": "8.37",
          "Kinshasa": "5.96"
        },
        "Wood and Articles of Wood; Wood Charcoal; Cork and Articles of Cork; Manufactures of Straw, of Esparto or of Other Plaiting Materials; Basketware and Wickerwork": {
          "Hanoi": "53.75",
          "Beijing": "12.86",
          "Brazzaville": "8.15",
          "Kinshasa": "6.00",
          "Pretoria": "4.56"
        },
        "Textiles and Textile Articles": {
          "Cuba": "13.21",
          "Kinshasa": "27.04",
          "Pretoria": "15.43",
          "Beijing": "7.11",
          "Nairobi": "5.22"
        },
        "Footwear, Headgear, Umbrellas, Sun Umbrellas, Walking-sticks, Seat-sticks, Whips, Riding-crops, and Parts thereof; Prepared Feathers and Articles Made therewith; Artificial Flowers; Articles of Human Hair": {
          "Sao Tome and Principe": "3.38",
          "Kinshasa": "86.11",
          "Maputo": "1.47",
          "Washington, D.C.": "1.42",
          "Pretoria": "1.24"
        },
        "Articles of Stone, Plaster, Cement, Asbestos, Mica or Similar Materials; Ceramic Products; Glass and Glassware": {
          "Belgium": "15.90",
          "Abu Dhabi": "72.01",
          "Hong Kong": "6.36",
          "New Delhi": "3.15",
          "Jerusalem": "1.04"
        },
        "Natural or Cultured Pearls, Precious or Semi-precious Stones, Precious Metals, Metals Clad with Precious Metal, and Articles thereof; Imitation Jewellery; Coin": {
          "Belgium": "15.48",
          "Abu Dhabi": "70.06",
          "Hong Kong": "6.19",
          "Beijing": "3.23",
          "New Delhi": "3.08"
        },
        "Base Metals and Articles of Base Metal": {
          "Senegal": "5.30",
          "Kinshasa": "41.18",
          "Accra": "9.95",
          "Abu Dhabi": "7.94",
          "Washington, D.C.": "4.60"
        },
        "Machinery and Mechanical Appliances; Electrical Equipment; Parts thereof; Sound Recorders and Reproducers, Television Image and Sound Recorders and Reproducers, and Parts and Accessories of such Articles": {
          "Czech Republic": "14.07",
          "Mauritania": "6.10",
          "London": "13.66",
          "Washington, D.C.": "13.64",
          "Rome": "9.52"
        },
        "Vehicles, Aircraft, Vessels, and Associated Transport Equipment": {
          "Bermuda": "5.82",
          "Pretoria": "28.75",
          "Brazzaville": "10.04",
          "Abu Dhabi": "8.82",
          "Rome": "7.53"
        },
        "Optical, Photographic, Cinematographic, Measuring, Checking, Precision, Medical or Surgical Instruments and Apparatus; Clocks and Watches; Musical Instruments; Parts and Accessories thereof": {
          "Namibia": "4.41",
          "Pretoria": "22.94",
          "Brazzaville": "8.94",
          "Abu Dhabi": "7.06",
          "Rome": "6.61"
        },
        "Miscellaneous Manufactured Articles": {
          "Namibia": "5.73",
          "Madrid": "48.98",
          "London": "14.88",
          "Brazzaville": "4.10",
          "Washington, D.C.": "3.69"
        }
      },
      "Imports": {
        "Animals & Animal Products": {
          "Cote dIvoire": "33.10",
          "Beijing": "23.42",
          "Madrid": "16.84",
          "Accra": "15.09",
          "Kuala Lumpur": "4.32"
        },
        "Vegetable Products": {
          "Panama": "0.45",
          "Kinshasa": "49.23",
          "Lisbon": "39.13",
          "Brazzaville": "8.81",
          "Yaoundé": "0.35"
        },
        "Prepared Foodstuffs; Beverages, Spirits, Vinegar, Tobacco and Manufactured Tobacco Substitutes": {
          "Ireland": "10.70",
          "Kinshasa": "43.65",
          "Brazzaville": "13.57",
          "Ankara": "11.38",
          "Hanoi": "5.72"
        },
        "Mineral Products": {
          "Cote dIvoire": "3.86",
          "Beijing": "63.40",
          "Madrid": "7.37",
          "Accra": "5.74",
          "Rome": "2.85"
        },
        "Products of the Chemical or Allied Industries": {
          "Namibia": "17.33",
          "Mauritania": "15.39",
          "Kinshasa": "20.16",
          "Berlin": "15.02",
          "Brazzaville": "11.60"
        },
        "Plastics and Articles thereof; Rubber and Articles thereof": {
          "Namibia": "9.75",
          "Kinshasa": "34.99",
          "Pretoria": "10.38",
          "Paris": "10.36",
          "Brazzaville": "8.17"
        },
        "Raw Hides and Skins, Leather, Furskins, and Articles thereof; Saddlery and Harness; Travel Goods, Handbags, and Similar Containers; Articles of Animal Gut (Other than Silk-worm Gut)": {
          "Togo": "27.59",
          "Nigeria": "15.31",
          "Paris": "24.69",
          "Berlin": "8.37",
          "Kinshasa": "5.96"
        },
        "Wood and Articles of Wood; Wood Charcoal; Cork and Articles of Cork; Manufactures of Straw, of Esparto or of Other Plaiting Materials; Basketware and Wickerwork": {
          "Hanoi": "53.75",
          "Beijing": "12.86",
          "Brazzaville": "8.15",
          "Kinshasa": "6.00",
          "Pretoria": "4.56"
        },
        "Textiles and Textile Articles": {
          "Cuba": "13.21",
          "Kinshasa": "27.04",
          "Pretoria": "15.43",
          "Beijing": "7.11",
          "Nairobi": "5.22"
        },
        "Footwear, Headgear, Umbrellas, Sun Umbrellas, Walking-sticks, Seat-sticks, Whips, Riding-crops, and Parts thereof; Prepared Feathers and Articles Made therewith; Artificial Flowers; Articles of Human Hair": {
          "Sao Tome and Principe": "3.38",
          "Kinshasa": "86.11",
          "Maputo": "1.47",
          "Washington, D.C.": "1.42",
          "Pretoria": "1.24"
        },
        "Articles of Stone, Plaster, Cement, Asbestos, Mica or Similar Materials; Ceramic Products; Glass and Glassware": {
          "Belgium": "15.90",
          "Abu Dhabi": "72.01",
          "Hong Kong": "6.36",
          "New Delhi": "3.15",
          "Jerusalem": "1.04"
        },
        "Natural or Cultured Pearls, Precious or Semi-precious Stones, Precious Metals, Metals Clad with Precious Metal, and Articles thereof; Imitation Jewellery; Coin": {
          "Belgium": "15.48",
          "Abu Dhabi": "70.06",
          "Hong Kong": "6.19",
          "Beijing": "3.23",
          "New Delhi": "3.08"
        },
        "Base Metals and Articles of Base Metal": {
          "Senegal": "5.30",
          "Kinshasa": "41.18",
          "Accra": "9.95",
          "Abu Dhabi": "7.94",
          "Washington, D.C.": "4.60"
        },
        "Machinery and Mechanical Appliances; Electrical Equipment; Parts thereof; Sound Recorders and Reproducers, Television Image and Sound Recorders and Reproducers, and Parts and Accessories of such Articles": {
          "Czech Republic": "14.07",
          "Mauritania": "6.10",
          "London": "13.66",
          "Washington, D.C.": "13.64",
          "Rome": "9.52"
        },
        "Vehicles, Aircraft, Vessels, and Associated Transport Equipment": {
          "Bermuda": "5.82",
          "Pretoria": "28.75",
          "Brazzaville": "10.04",
          "Abu Dhabi": "8.82",
          "Rome": "7.53"
        },
        "Optical, Photographic, Cinematographic, Measuring, Checking, Precision, Medical or Surgical Instruments and Apparatus; Clocks and Watches; Musical Instruments; Parts and Accessories thereof": {
          "Namibia": "4.41",
          "Pretoria": "22.94",
          "Brazzaville": "8.94",
          "Abu Dhabi": "7.06",
          "Rome": "6.61"
        },
        "Miscellaneous Manufactured Articles": {
          "Namibia": "5.73",
          "Madrid": "48.98",
          "London": "14.88",
          "Brazzaville": "4.10",
          "Washington, D.C.": "3.69"
        }
      }
    }
  }
}