{
  "Main Partners": {
    "1998": {
      "Exports": {
        "Animals & Animal Products": {
          "Pitcairn": "9.67",
          "Other Asia, nes": "5.23",
          "Canberra": "38.48",
          "Tokyo": "24.18",
          "Hong Kong": "7.41"
        },
        "Vegetable Products": {
          "Unspecified": "49.27",
          "Pitcairn": "18.06",
          "Berlin": "8.73",
          "Canberra": "6.76"
        },
        "Prepared Foodstuffs; Beverages, Spirits, Vinegar, Tobacco and Manufactured Tobacco Substitutes": {
          "Pitcairn": "16.75",
          "Washington, D.C.": "26.25",
          "Canberra": "10.60",
          "London": "10.56"
        },
        "Mineral Products": {
          "Unspecified": "70.87",
          "Tokyo": "4.62",
          "Bern": "2.95",
          "Washington, D.C.": "2.04"
        },
        "Products of the Chemical or Allied Industries": {
          "Pitcairn": "3.89",
          "Vanuatu": "2.17",
          "Unspecified": "1.03",
          "Honiara": "63.47",
          "Canberra": "29.44"
        },
        "Plastics and Articles thereof; Rubber and Articles thereof": {
          "Brussels": "52.46",
          "Rome": "15.48",
          "Canberra": "10.92",
          "London": "3.38"
        },
        "Raw Hides and Skins, Leather, Furskins, and Articles thereof; Saddlery and Harness; Travel Goods, Handbags, and Similar Containers; Articles of Animal Gut (Other than Silk-worm Gut)": {
          "Tokyo": "81.99",
          "Canberra": "5.53",
          "Paris": "5.37",
          "Hong Kong": "1.63"
        },
        "Wood and Articles of Wood; Wood Charcoal; Cork and Articles of Cork; Manufactures of Straw, of Esparto or of Other Plaiting Materials; Basketware and Wickerwork": {
          "Pitcairn": "35.23",
          "Tokyo": "34.22",
          "Canberra": "8.03",
          "Seoul": "7.58",
          "Beijing": "3.99"
        },
        "Textiles and Textile Articles": {
          "Unspecified": "5.03",
          "Canberra": "89.39",
          "Honiara": "5.57"
        },
        "Footwear, Headgear, Umbrellas, Sun Umbrellas, Walking-sticks, Seat-sticks, Whips, Riding-crops, and Parts thereof; Prepared Feathers and Articles Made therewith; Artificial Flowers; Articles of Human Hair": {
          "Unspecified": "12.93",
          "Canberra": "87.07"
        },
        "Articles of Stone, Plaster, Cement, Asbestos, Mica or Similar Materials; Ceramic Products; Glass and Glassware": {
          "Pitcairn": "16.94",
          "Canberra": "76.45",
          "Bern": "6.56",
          "Brussels": "0.02",
          "Honiara": "0.01"
        },
        "Natural or Cultured Pearls, Precious or Semi-precious Stones, Precious Metals, Metals Clad with Precious Metal, and Articles thereof; Imitation Jewellery; Coin": {
          "Unspecified": "70.75",
          "Tokyo": "4.66",
          "Bern": "2.95",
          "Washington, D.C.": "2.04"
        },
        "Base Metals and Articles of Base Metal": {
          "Pitcairn": "5.23",
          "Canberra": "68.59",
          "Tokyo": "9.11",
          "Seoul": "2.39"
        },
        "Machinery and Mechanical Appliances; Electrical Equipment; Parts thereof; Sound Recorders and Reproducers, Television Image and Sound Recorders and Reproducers, and Parts and Accessories of such Articles": {
          "Russian Federation": "5.43",
          "Pitcairn": "2.04",
          "Canberra": "66.52",
          "Washington, D.C.": "11.38"
        },
        "Vehicles, Aircraft, Vessels, and Associated Transport Equipment": {
          "Pitcairn": "17.82",
          "Washington, D.C.": "56.77",
          "Canberra": "11.93",
          "Ottawa": "4.71",
          "Paris": "3.08"
        },
        "Optical, Photographic, Cinematographic, Measuring, Checking, Precision, Medical or Surgical Instruments and Apparatus; Clocks and Watches; Musical Instruments; Parts and Accessories thereof": {
          "Pitcairn": "9.87",
          "Washington, D.C.": "31.76",
          "Canberra": "28.88",
          "Bern": "2.85"
        },
        "Miscellaneous Manufactured Articles": {
          "Pitcairn": "2.98",
          "Canberra": "22.20",
          "Washington, D.C.": "5.26",
          "Bern": "3.60"
        }
      },
      "Imports": {
        "Animals & Animal Products": {
          "Pitcairn": "9.67",
          "Other Asia, nes": "5.23",
          "Canberra": "38.48",
          "Tokyo": "24.18",
          "Hong Kong": "7.41"
        },
        "Vegetable Products": {
          "Unspecified": "49.27",
          "Pitcairn": "18.06",
          "Berlin": "8.73",
          "Canberra": "6.76"
        },
        "Prepared Foodstuffs; Beverages, Spirits, Vinegar, Tobacco and Manufactured Tobacco Substitutes": {
          "Pitcairn": "16.75",
          "Washington, D.C.": "26.25",
          "Canberra": "10.60",
          "London": "10.56"
        },
        "Mineral Products": {
          "Unspecified": "70.87",
          "Tokyo": "4.62",
          "Bern": "2.95",
          "Washington, D.C.": "2.04"
        },
        "Products of the Chemical or Allied Industries": {
          "Pitcairn": "3.89",
          "Vanuatu": "2.17",
          "Unspecified": "1.03",
          "Honiara": "63.47",
          "Canberra": "29.44"
        },
        "Plastics and Articles thereof; Rubber and Articles thereof": {
          "Brussels": "52.46",
          "Rome": "15.48",
          "Canberra": "10.92",
          "London": "3.38"
        },
        "Raw Hides and Skins, Leather, Furskins, and Articles thereof; Saddlery and Harness; Travel Goods, Handbags, and Similar Containers; Articles of Animal Gut (Other than Silk-worm Gut)": {
          "Tokyo": "81.99",
          "Canberra": "5.53",
          "Paris": "5.37",
          "Hong Kong": "1.63"
        },
        "Wood and Articles of Wood; Wood Charcoal; Cork and Articles of Cork; Manufactures of Straw, of Esparto or of Other Plaiting Materials; Basketware and Wickerwork": {
          "Pitcairn": "35.23",
          "Tokyo": "34.22",
          "Canberra": "8.03",
          "Seoul": "7.58",
          "Beijing": "3.99"
        },
        "Textiles and Textile Articles": {
          "Unspecified": "5.03",
          "Canberra": "89.39",
          "Honiara": "5.57"
        },
        "Footwear, Headgear, Umbrellas, Sun Umbrellas, Walking-sticks, Seat-sticks, Whips, Riding-crops, and Parts thereof; Prepared Feathers and Articles Made therewith; Artificial Flowers; Articles of Human Hair": {
          "Unspecified": "12.93",
          "Canberra": "87.07"
        },
        "Articles of Stone, Plaster, Cement, Asbestos, Mica or Similar Materials; Ceramic Products; Glass and Glassware": {
          "Pitcairn": "16.94",
          "Canberra": "76.45",
          "Bern": "6.56",
          "Brussels": "0.02",
          "Honiara": "0.01"
        },
        "Natural or Cultured Pearls, Precious or Semi-precious Stones, Precious Metals, Metals Clad with Precious Metal, and Articles thereof; Imitation Jewellery; Coin": {
          "Unspecified": "70.75",
          "Tokyo": "4.66",
          "Bern": "2.95",
          "Washington, D.C.": "2.04"
        },
        "Base Metals and Articles of Base Metal": {
          "Pitcairn": "5.23",
          "Canberra": "68.59",
          "Tokyo": "9.11",
          "Seoul": "2.39"
        },
        "Machinery and Mechanical Appliances; Electrical Equipment; Parts thereof; Sound Recorders and Reproducers, Television Image and Sound Recorders and Reproducers, and Parts and Accessories of such Articles": {
          "Russian Federation": "5.43",
          "Pitcairn": "2.04",
          "Canberra": "66.52",
          "Washington, D.C.": "11.38"
        },
        "Vehicles, Aircraft, Vessels, and Associated Transport Equipment": {
          "Pitcairn": "17.82",
          "Washington, D.C.": "56.77",
          "Canberra": "11.93",
          "Ottawa": "4.71",
          "Paris": "3.08"
        },
        "Optical, Photographic, Cinematographic, Measuring, Checking, Precision, Medical or Surgical Instruments and Apparatus; Clocks and Watches; Musical Instruments; Parts and Accessories thereof": {
          "Pitcairn": "9.87",
          "Washington, D.C.": "31.76",
          "Canberra": "28.88",
          "Bern": "2.85"
        },
        "Miscellaneous Manufactured Articles": {
          "Pitcairn": "2.98",
          "Canberra": "22.20",
          "Washington, D.C.": "5.26",
          "Bern": "3.60"
        }
      }
    },
    "2000": {
      "Exports": {
        "Animals & Animal Products": {
          "Tokyo": "32.53",
          "Washington, D.C.": "29.54",
          "Manila": "14.94",
          "Berlin": "8.18",
          "Hong Kong": "5.38"
        },
        "Vegetable Products": {
          "Unspecified": "70.07",
          "Berlin": "6.82",
          "London": "5.97",
          "Canberra": "5.10",
          "Rome": "3.69"
        },
        "Prepared Foodstuffs; Beverages, Spirits, Vinegar, Tobacco and Manufactured Tobacco Substitutes": {
          "Pitcairn": "36.47",
          "Washington, D.C.": "15.44",
          "Honiara": "6.29",
          "London": "4.51"
        },
        "Mineral Products": {
          "Unspecified": "74.28",
          "Pitcairn": "0.81",
          "Tokyo": "3.82",
          "Berlin": "2.40"
        },
        "Products of the Chemical or Allied Industries": {
          "Vanuatu": "5.98",
          "Honiara": "79.09",
          "Canberra": "14.93"
        },
        "Plastics and Articles thereof; Rubber and Articles thereof": {
          "Belgium": "31.41",
          "Rome": "18.81",
          "Berlin": "12.96",
          "Canberra": "12.19",
          "Copenhagen": "9.04"
        },
        "Raw Hides and Skins, Leather, Furskins, and Articles thereof; Saddlery and Harness; Travel Goods, Handbags, and Similar Containers; Articles of Animal Gut (Other than Silk-worm Gut)": {
          "Pitcairn": "0.46",
          "Tokyo": "82.26",
          "Canberra": "11.80",
          "Paris": "2.91"
        },
        "Wood and Articles of Wood; Wood Charcoal; Cork and Articles of Cork; Manufactures of Straw, of Esparto or of Other Plaiting Materials; Basketware and Wickerwork": {
          "Tokyo": "33.13",
          "Beijing": "24.20",
          "Seoul": "18.66",
          "Canberra": "5.33",
          "Hong Kong": "5.26"
        },
        "Textiles and Textile Articles": {
          "Fiji": "2.74",
          "Canberra": "68.15",
          "Honiara": "13.78",
          "Wellington": "13.70",
          "London": "0.88"
        },
        "Footwear, Headgear, Umbrellas, Sun Umbrellas, Walking-sticks, Seat-sticks, Whips, Riding-crops, and Parts thereof; Prepared Feathers and Articles Made therewith; Artificial Flowers; Articles of Human Hair": {
          "Pitcairn": "0.26",
          "Honiara": "99.61",
          "Canberra": "0.13"
        },
        "Articles of Stone, Plaster, Cement, Asbestos, Mica or Similar Materials; Ceramic Products; Glass and Glassware": {
          "East Timor": "0.09",
          "Pretoria": "64.10",
          "Washington, D.C.": "33.45",
          "Canberra": "2.27",
          "Honiara": "0.08"
        },
        "Natural or Cultured Pearls, Precious or Semi-precious Stones, Precious Metals, Metals Clad with Precious Metal, and Articles thereof; Imitation Jewellery; Coin": {
          "Unspecified": "74.26",
          "Pitcairn": "0.81",
          "Tokyo": "3.81",
          "Berlin": "2.40"
        },
        "Base Metals and Articles of Base Metal": {
          "Washington, D.C.": "46.63",
          "Canberra": "44.41",
          "Honiara": "2.49",
          "Jakarta": "1.58"
        },
        "Machinery and Mechanical Appliances; Electrical Equipment; Parts thereof; Sound Recorders and Reproducers, Television Image and Sound Recorders and Reproducers, and Parts and Accessories of such Articles": {
          "Canberra": "69.92",
          "Washington, D.C.": "12.48",
          "Kuala Lumpur": "2.20",
          "Honiara": "2.18"
        },
        "Vehicles, Aircraft, Vessels, and Associated Transport Equipment": {
          "Pitcairn": "27.89",
          "Washington, D.C.": "30.36",
          "Canberra": "8.85",
          "Jakarta": "5.14"
        },
        "Optical, Photographic, Cinematographic, Measuring, Checking, Precision, Medical or Surgical Instruments and Apparatus; Clocks and Watches; Musical Instruments; Parts and Accessories thereof": {
          "Pitcairn": "17.19",
          "Canberra": "29.12",
          "Washington, D.C.": "25.78",
          "Jakarta": "3.32"
        },
        "Miscellaneous Manufactured Articles": {
          "Pitcairn": "9.44",
          "Canberra": "44.02",
          "Wellington": "6.02",
          "Washington, D.C.": "5.66"
        }
      },
      "Imports": {
        "Animals & Animal Products": {
          "Tokyo": "32.53",
          "Washington, D.C.": "29.54",
          "Manila": "14.94",
          "Berlin": "8.18",
          "Hong Kong": "5.38"
        },
        "Vegetable Products": {
          "Unspecified": "70.07",
          "Berlin": "6.82",
          "London": "5.97",
          "Canberra": "5.10",
          "Rome": "3.69"
        },
        "Prepared Foodstuffs; Beverages, Spirits, Vinegar, Tobacco and Manufactured Tobacco Substitutes": {
          "Pitcairn": "36.47",
          "Washington, D.C.": "15.44",
          "Honiara": "6.29",
          "London": "4.51"
        },
        "Mineral Products": {
          "Unspecified": "74.28",
          "Pitcairn": "0.81",
          "Tokyo": "3.82",
          "Berlin": "2.40"
        },
        "Products of the Chemical or Allied Industries": {
          "Vanuatu": "5.98",
          "Honiara": "79.09",
          "Canberra": "14.93"
        },
        "Plastics and Articles thereof; Rubber and Articles thereof": {
          "Belgium": "31.41",
          "Rome": "18.81",
          "Berlin": "12.96",
          "Canberra": "12.19",
          "Copenhagen": "9.04"
        },
        "Raw Hides and Skins, Leather, Furskins, and Articles thereof; Saddlery and Harness; Travel Goods, Handbags, and Similar Containers; Articles of Animal Gut (Other than Silk-worm Gut)": {
          "Pitcairn": "0.46",
          "Tokyo": "82.26",
          "Canberra": "11.80",
          "Paris": "2.91"
        },
        "Wood and Articles of Wood; Wood Charcoal; Cork and Articles of Cork; Manufactures of Straw, of Esparto or of Other Plaiting Materials; Basketware and Wickerwork": {
          "Tokyo": "33.13",
          "Beijing": "24.20",
          "Seoul": "18.66",
          "Canberra": "5.33",
          "Hong Kong": "5.26"
        },
        "Textiles and Textile Articles": {
          "Fiji": "2.74",
          "Canberra": "68.15",
          "Honiara": "13.78",
          "Wellington": "13.70",
          "London": "0.88"
        },
        "Footwear, Headgear, Umbrellas, Sun Umbrellas, Walking-sticks, Seat-sticks, Whips, Riding-crops, and Parts thereof; Prepared Feathers and Articles Made therewith; Artificial Flowers; Articles of Human Hair": {
          "Pitcairn": "0.26",
          "Honiara": "99.61",
          "Canberra": "0.13"
        },
        "Articles of Stone, Plaster, Cement, Asbestos, Mica or Similar Materials; Ceramic Products; Glass and Glassware": {
          "East Timor": "0.09",
          "Pretoria": "64.10",
          "Washington, D.C.": "33.45",
          "Canberra": "2.27",
          "Honiara": "0.08"
        },
        "Natural or Cultured Pearls, Precious or Semi-precious Stones, Precious Metals, Metals Clad with Precious Metal, and Articles thereof; Imitation Jewellery; Coin": {
          "Unspecified": "74.26",
          "Pitcairn": "0.81",
          "Tokyo": "3.81",
          "Berlin": "2.40"
        },
        "Base Metals and Articles of Base Metal": {
          "Washington, D.C.": "46.63",
          "Canberra": "44.41",
          "Honiara": "2.49",
          "Jakarta": "1.58"
        },
        "Machinery and Mechanical Appliances; Electrical Equipment; Parts thereof; Sound Recorders and Reproducers, Television Image and Sound Recorders and Reproducers, and Parts and Accessories of such Articles": {
          "Canberra": "69.92",
          "Washington, D.C.": "12.48",
          "Kuala Lumpur": "2.20",
          "Honiara": "2.18"
        },
        "Vehicles, Aircraft, Vessels, and Associated Transport Equipment": {
          "Pitcairn": "27.89",
          "Washington, D.C.": "30.36",
          "Canberra": "8.85",
          "Jakarta": "5.14"
        },
        "Optical, Photographic, Cinematographic, Measuring, Checking, Precision, Medical or Surgical Instruments and Apparatus; Clocks and Watches; Musical Instruments; Parts and Accessories thereof": {
          "Pitcairn": "17.19",
          "Canberra": "29.12",
          "Washington, D.C.": "25.78",
          "Jakarta": "3.32"
        },
        "Miscellaneous Manufactured Articles": {
          "Pitcairn": "9.44",
          "Canberra": "44.02",
          "Wellington": "6.02",
          "Washington, D.C.": "5.66"
        }
      }
    },
    "2001": {
      "Exports": {
        "Animals & Animal Products": {
          "Hong Kong": "24.50",
          "Tokyo": "22.39",
          "Washington, D.C.": "12.44",
          "Berlin": "12.40",
          "Manila": "12.21"
        },
        "Vegetable Products": {
          "Unspecified": "14.89",
          "London": "19.43",
          "Rome": "14.47",
          "Canberra": "13.23",
          "Amsterdam": "11.68"
        },
        "Prepared Foodstuffs; Beverages, Spirits, Vinegar, Tobacco and Manufactured Tobacco Substitutes": {
          "Unspecified": "30.96",
          "Honiara": "14.12",
          "Canberra": "13.74",
          "Hong Kong": "11.43"
        },
        "Mineral Products": {
          "Unspecified": "52.24",
          "Tokyo": "7.97",
          "Berlin": "4.21",
          "Canberra": "1.23"
        },
        "Products of the Chemical or Allied Industries": {
          "Slovenia": "16.18",
          "Washington, D.C.": "58.70",
          "Honiara": "10.80",
          "Canberra": "9.21",
          "Jakarta": "4.97"
        },
        "Plastics and Articles thereof; Rubber and Articles thereof": {
          "Belgium": "37.51",
          "London": "15.67",
          "Rome": "14.56",
          "Berlin": "10.61",
          "Canberra": "9.74"
        },
        "Raw Hides and Skins, Leather, Furskins, and Articles thereof; Saddlery and Harness; Travel Goods, Handbags, and Similar Containers; Articles of Animal Gut (Other than Silk-worm Gut)": {
          "Thailand": "3.37",
          "Tokyo": "72.27",
          "Canberra": "4.07",
          "Paris": "1.98"
        },
        "Wood and Articles of Wood; Wood Charcoal; Cork and Articles of Cork; Manufactures of Straw, of Esparto or of Other Plaiting Materials; Basketware and Wickerwork": {
          "Unspecified": "7.15",
          "Beijing": "32.35",
          "Tokyo": "24.20",
          "Seoul": "10.43",
          "Canberra": "9.03"
        },
        "Textiles and Textile Articles": {
          "Unspecified": "4.49",
          "Canberra": "50.67",
          "Jakarta": "3.13",
          "Washington, D.C.": "0.26"
        },
        "Articles of Stone, Plaster, Cement, Asbestos, Mica or Similar Materials; Ceramic Products; Glass and Glassware": {
          "Unspecified": "99.49",
          "Canberra": "0.51",
          "Jakarta": "0.00",
          "Hong Kong": "0.00",
          "Honiara": "0.00"
        },
        "Natural or Cultured Pearls, Precious or Semi-precious Stones, Precious Metals, Metals Clad with Precious Metal, and Articles thereof; Imitation Jewellery; Coin": {
          "Unspecified": "52.19",
          "Tokyo": "7.94",
          "Berlin": "4.19",
          "Canberra": "1.37"
        },
        "Base Metals and Articles of Base Metal": {
          "Unspecified": "2.64",
          "Canberra": "72.86",
          "Washington, D.C.": "14.20",
          "Jakarta": "3.39",
          "Wellington": "2.28"
        },
        "Machinery and Mechanical Appliances; Electrical Equipment; Parts thereof; Sound Recorders and Reproducers, Television Image and Sound Recorders and Reproducers, and Parts and Accessories of such Articles": {
          "Unspecified": "9.21",
          "Nauru": "2.91",
          "Hanoi": "42.22",
          "Canberra": "27.93",
          "Tokyo": "3.78"
        },
        "Vehicles, Aircraft, Vessels, and Associated Transport Equipment": {
          "Russian Federation": "16.96",
          "Unspecified": "6.33",
          "Canberra": "43.89",
          "Ottawa": "6.51"
        },
        "Optical, Photographic, Cinematographic, Measuring, Checking, Precision, Medical or Surgical Instruments and Apparatus; Clocks and Watches; Musical Instruments; Parts and Accessories thereof": {
          "Russian Federation": "12.19",
          "Unspecified": "6.49",
          "Canberra": "39.66",
          "Hanoi": "8.61"
        },
        "Miscellaneous Manufactured Articles": {
          "Fiji": "3.45",
          "Canberra": "55.53",
          "Washington, D.C.": "7.82",
          "London": "6.96",
          "Wellington": "4.71"
        }
      },
      "Imports": {
        "Animals & Animal Products": {
          "Hong Kong": "24.50",
          "Tokyo": "22.39",
          "Washington, D.C.": "12.44",
          "Berlin": "12.40",
          "Manila": "12.21"
        },
        "Vegetable Products": {
          "Unspecified": "14.89",
          "London": "19.43",
          "Rome": "14.47",
          "Canberra": "13.23",
          "Amsterdam": "11.68"
        },
        "Prepared Foodstuffs; Beverages, Spirits, Vinegar, Tobacco and Manufactured Tobacco Substitutes": {
          "Unspecified": "30.96",
          "Honiara": "14.12",
          "Canberra": "13.74",
          "Hong Kong": "11.43"
        },
        "Mineral Products": {
          "Unspecified": "52.24",
          "Tokyo": "7.97",
          "Berlin": "4.21",
          "Canberra": "1.23"
        },
        "Products of the Chemical or Allied Industries": {
          "Slovenia": "16.18",
          "Washington, D.C.": "58.70",
          "Honiara": "10.80",
          "Canberra": "9.21",
          "Jakarta": "4.97"
        },
        "Plastics and Articles thereof; Rubber and Articles thereof": {
          "Belgium": "37.51",
          "London": "15.67",
          "Rome": "14.56",
          "Berlin": "10.61",
          "Canberra": "9.74"
        },
        "Raw Hides and Skins, Leather, Furskins, and Articles thereof; Saddlery and Harness; Travel Goods, Handbags, and Similar Containers; Articles of Animal Gut (Other than Silk-worm Gut)": {
          "Thailand": "3.37",
          "Tokyo": "72.27",
          "Canberra": "4.07",
          "Paris": "1.98"
        },
        "Wood and Articles of Wood; Wood Charcoal; Cork and Articles of Cork; Manufactures of Straw, of Esparto or of Other Plaiting Materials; Basketware and Wickerwork": {
          "Unspecified": "7.15",
          "Beijing": "32.35",
          "Tokyo": "24.20",
          "Seoul": "10.43",
          "Canberra": "9.03"
        },
        "Textiles and Textile Articles": {
          "Unspecified": "4.49",
          "Canberra": "50.67",
          "Jakarta": "3.13",
          "Washington, D.C.": "0.26"
        },
        "Articles of Stone, Plaster, Cement, Asbestos, Mica or Similar Materials; Ceramic Products; Glass and Glassware": {
          "Unspecified": "99.49",
          "Canberra": "0.51",
          "Jakarta": "0.00",
          "Hong Kong": "0.00",
          "Honiara": "0.00"
        },
        "Natural or Cultured Pearls, Precious or Semi-precious Stones, Precious Metals, Metals Clad with Precious Metal, and Articles thereof; Imitation Jewellery; Coin": {
          "Unspecified": "52.19",
          "Tokyo": "7.94",
          "Berlin": "4.19",
          "Canberra": "1.37"
        },
        "Base Metals and Articles of Base Metal": {
          "Unspecified": "2.64",
          "Canberra": "72.86",
          "Washington, D.C.": "14.20",
          "Jakarta": "3.39",
          "Wellington": "2.28"
        },
        "Machinery and Mechanical Appliances; Electrical Equipment; Parts thereof; Sound Recorders and Reproducers, Television Image and Sound Recorders and Reproducers, and Parts and Accessories of such Articles": {
          "Unspecified": "9.21",
          "Nauru": "2.91",
          "Hanoi": "42.22",
          "Canberra": "27.93",
          "Tokyo": "3.78"
        },
        "Vehicles, Aircraft, Vessels, and Associated Transport Equipment": {
          "Russian Federation": "16.96",
          "Unspecified": "6.33",
          "Canberra": "43.89",
          "Ottawa": "6.51"
        },
        "Optical, Photographic, Cinematographic, Measuring, Checking, Precision, Medical or Surgical Instruments and Apparatus; Clocks and Watches; Musical Instruments; Parts and Accessories thereof": {
          "Russian Federation": "12.19",
          "Unspecified": "6.49",
          "Canberra": "39.66",
          "Hanoi": "8.61"
        },
        "Miscellaneous Manufactured Articles": {
          "Fiji": "3.45",
          "Canberra": "55.53",
          "Washington, D.C.": "7.82",
          "London": "6.96",
          "Wellington": "4.71"
        }
      }
    },
    "2002": {
      "Exports": {
        "Animals & Animal Products": {
          "Tokyo": "25.69",
          "Manila": "19.55",
          "Washington, D.C.": "17.47",
          "Berlin": "15.43"
        },
        "Vegetable Products": {
          "London": "22.84",
          "Berlin": "20.27",
          "Rome": "11.64",
          "Canberra": "6.96",
          "Washington, D.C.": "6.27"
        },
        "Prepared Foodstuffs; Beverages, Spirits, Vinegar, Tobacco and Manufactured Tobacco Substitutes": {
          "Washington, D.C.": "27.13",
          "Canberra": "13.04",
          "Jakarta": "9.61",
          "London": "8.77"
        },
        "Mineral Products": {
          "Unspecified": "38.23",
          "Canberra": "40.05",
          "Tokyo": "2.88",
          "Berlin": "2.34"
        },
        "Products of the Chemical or Allied Industries": {
          "Fiji": "4.92",
          "Thailand": "2.25",
          "Samoa": "1.70",
          "Canberra": "72.38",
          "Honiara": "15.35"
        },
        "Plastics and Articles thereof; Rubber and Articles thereof": {
          "Belgium": "16.96",
          "Rome": "33.76",
          "Canberra": "14.12",
          "Honiara": "10.67"
        },
        "Raw Hides and Skins, Leather, Furskins, and Articles thereof; Saddlery and Harness; Travel Goods, Handbags, and Similar Containers; Articles of Animal Gut (Other than Silk-worm Gut)": {
          "Thailand": "2.30",
          "Tokyo": "81.54",
          "Canberra": "9.62",
          "Paris": "2.44"
        },
        "Wood and Articles of Wood; Wood Charcoal; Cork and Articles of Cork; Manufactures of Straw, of Esparto or of Other Plaiting Materials; Basketware and Wickerwork": {
          "Other Asia, nes": "4.90",
          "Beijing": "41.54",
          "Tokyo": "18.81",
          "Canberra": "14.86",
          "Seoul": "9.35"
        },
        "Textiles and Textile Articles": {
          "Unspecified": "0.53",
          "Wellington": "41.58",
          "Canberra": "27.79",
          "Washington, D.C.": "24.65",
          "Honiara": "5.41"
        },
        "Footwear, Headgear, Umbrellas, Sun Umbrellas, Walking-sticks, Seat-sticks, Whips, Riding-crops, and Parts thereof; Prepared Feathers and Articles Made therewith; Artificial Flowers; Articles of Human Hair": {
          "Vanuatu": "0.86",
          "Beijing": "59.85",
          "Canberra": "22.52",
          "Tokyo": "13.58",
          "Washington, D.C.": "3.20"
        },
        "Articles of Stone, Plaster, Cement, Asbestos, Mica or Similar Materials; Ceramic Products; Glass and Glassware": {
          "Unspecified": "58.81",
          "Vanuatu": "0.14",
          "Canberra": "41.04",
          "Honiara": "0.00"
        },
        "Natural or Cultured Pearls, Precious or Semi-precious Stones, Precious Metals, Metals Clad with Precious Metal, and Articles thereof; Imitation Jewellery; Coin": {
          "Unspecified": "38.10",
          "Canberra": "40.54",
          "Tokyo": "2.86",
          "Berlin": "2.33"
        },
        "Base Metals and Articles of Base Metal": {
          "Fiji": "1.28",
          "Canberra": "81.30",
          "Honiara": "5.49",
          "Wellington": "4.12"
        },
        "Machinery and Mechanical Appliances; Electrical Equipment; Parts thereof; Sound Recorders and Reproducers, Television Image and Sound Recorders and Reproducers, and Parts and Accessories of such Articles": {
          "Fiji": "1.44",
          "Canberra": "88.89",
          "Honiara": "3.36",
          "Washington, D.C.": "1.43",
          "Jakarta": "0.97"
        },
        "Vehicles, Aircraft, Vessels, and Associated Transport Equipment": {
          "Unspecified": "6.52",
          "Washington, D.C.": "44.57",
          "Canberra": "33.37",
          "Wellington": "2.48"
        },
        "Optical, Photographic, Cinematographic, Measuring, Checking, Precision, Medical or Surgical Instruments and Apparatus; Clocks and Watches; Musical Instruments; Parts and Accessories thereof": {
          "Other Asia, nes": "5.11",
          "Canberra": "57.63",
          "Washington, D.C.": "15.28",
          "Honiara": "3.98",
          "Seoul": "3.22"
        },
        "Miscellaneous Manufactured Articles": {
          "Unspecified": "82.51",
          "Canberra": "12.01",
          "London": "2.68",
          "Honiara": "0.84",
          "Tokyo": "0.65"
        }
      },
      "Imports": {
        "Animals & Animal Products": {
          "Tokyo": "25.69",
          "Manila": "19.55",
          "Washington, D.C.": "17.47",
          "Berlin": "15.43"
        },
        "Vegetable Products": {
          "London": "22.84",
          "Berlin": "20.27",
          "Rome": "11.64",
          "Canberra": "6.96",
          "Washington, D.C.": "6.27"
        },
        "Prepared Foodstuffs; Beverages, Spirits, Vinegar, Tobacco and Manufactured Tobacco Substitutes": {
          "Washington, D.C.": "27.13",
          "Canberra": "13.04",
          "Jakarta": "9.61",
          "London": "8.77"
        },
        "Mineral Products": {
          "Unspecified": "38.23",
          "Canberra": "40.05",
          "Tokyo": "2.88",
          "Berlin": "2.34"
        },
        "Products of the Chemical or Allied Industries": {
          "Fiji": "4.92",
          "Thailand": "2.25",
          "Samoa": "1.70",
          "Canberra": "72.38",
          "Honiara": "15.35"
        },
        "Plastics and Articles thereof; Rubber and Articles thereof": {
          "Belgium": "16.96",
          "Rome": "33.76",
          "Canberra": "14.12",
          "Honiara": "10.67"
        },
        "Raw Hides and Skins, Leather, Furskins, and Articles thereof; Saddlery and Harness; Travel Goods, Handbags, and Similar Containers; Articles of Animal Gut (Other than Silk-worm Gut)": {
          "Thailand": "2.30",
          "Tokyo": "81.54",
          "Canberra": "9.62",
          "Paris": "2.44"
        },
        "Wood and Articles of Wood; Wood Charcoal; Cork and Articles of Cork; Manufactures of Straw, of Esparto or of Other Plaiting Materials; Basketware and Wickerwork": {
          "Other Asia, nes": "4.90",
          "Beijing": "41.54",
          "Tokyo": "18.81",
          "Canberra": "14.86",
          "Seoul": "9.35"
        },
        "Textiles and Textile Articles": {
          "Unspecified": "0.53",
          "Wellington": "41.58",
          "Canberra": "27.79",
          "Washington, D.C.": "24.65",
          "Honiara": "5.41"
        },
        "Footwear, Headgear, Umbrellas, Sun Umbrellas, Walking-sticks, Seat-sticks, Whips, Riding-crops, and Parts thereof; Prepared Feathers and Articles Made therewith; Artificial Flowers; Articles of Human Hair": {
          "Vanuatu": "0.86",
          "Beijing": "59.85",
          "Canberra": "22.52",
          "Tokyo": "13.58",
          "Washington, D.C.": "3.20"
        },
        "Articles of Stone, Plaster, Cement, Asbestos, Mica or Similar Materials; Ceramic Products; Glass and Glassware": {
          "Unspecified": "58.81",
          "Vanuatu": "0.14",
          "Canberra": "41.04",
          "Honiara": "0.00"
        },
        "Natural or Cultured Pearls, Precious or Semi-precious Stones, Precious Metals, Metals Clad with Precious Metal, and Articles thereof; Imitation Jewellery; Coin": {
          "Unspecified": "38.10",
          "Canberra": "40.54",
          "Tokyo": "2.86",
          "Berlin": "2.33"
        },
        "Base Metals and Articles of Base Metal": {
          "Fiji": "1.28",
          "Canberra": "81.30",
          "Honiara": "5.49",
          "Wellington": "4.12"
        },
        "Machinery and Mechanical Appliances; Electrical Equipment; Parts thereof; Sound Recorders and Reproducers, Television Image and Sound Recorders and Reproducers, and Parts and Accessories of such Articles": {
          "Fiji": "1.44",
          "Canberra": "88.89",
          "Honiara": "3.36",
          "Washington, D.C.": "1.43",
          "Jakarta": "0.97"
        },
        "Vehicles, Aircraft, Vessels, and Associated Transport Equipment": {
          "Unspecified": "6.52",
          "Washington, D.C.": "44.57",
          "Canberra": "33.37",
          "Wellington": "2.48"
        },
        "Optical, Photographic, Cinematographic, Measuring, Checking, Precision, Medical or Surgical Instruments and Apparatus; Clocks and Watches; Musical Instruments; Parts and Accessories thereof": {
          "Other Asia, nes": "5.11",
          "Canberra": "57.63",
          "Washington, D.C.": "15.28",
          "Honiara": "3.98",
          "Seoul": "3.22"
        },
        "Miscellaneous Manufactured Articles": {
          "Unspecified": "82.51",
          "Canberra": "12.01",
          "London": "2.68",
          "Honiara": "0.84",
          "Tokyo": "0.65"
        }
      }
    },
    "2003": {
      "Exports": {
        "Animals & Animal Products": {
          "Tokyo": "33.83",
          "Berlin": "25.86",
          "Manila": "16.98",
          "Canberra": "5.07",
          "Washington, D.C.": "3.70"
        },
        "Vegetable Products": {
          "Belgium": "6.57",
          "London": "20.28",
          "Berlin": "16.92",
          "Rome": "10.06",
          "Washington, D.C.": "7.80"
        },
        "Prepared Foodstuffs; Beverages, Spirits, Vinegar, Tobacco and Manufactured Tobacco Substitutes": {
          "Thailand": "7.64",
          "Washington, D.C.": "28.04",
          "Canberra": "13.94",
          "London": "7.23"
        },
        "Mineral Products": {
          "Unspecified": "73.79",
          "Canberra": "9.84",
          "Tokyo": "4.77",
          "Manila": "2.03",
          "Seoul": "1.84"
        },
        "Products of the Chemical or Allied Industries": {
          "Fiji": "7.13",
          "Honiara": "59.67",
          "Canberra": "21.85",
          "Manila": "8.24",
          "Rome": "1.38"
        },
        "Plastics and Articles thereof; Rubber and Articles thereof": {
          "Belgium": "48.44",
          "Rome": "12.54",
          "London": "9.30",
          "Washington, D.C.": "7.18",
          "Honiara": "5.86"
        },
        "Raw Hides and Skins, Leather, Furskins, and Articles thereof; Saddlery and Harness; Travel Goods, Handbags, and Similar Containers; Articles of Animal Gut (Other than Silk-worm Gut)": {
          "Tokyo": "62.56",
          "Canberra": "17.92",
          "Paris": "3.62",
          "Washington, D.C.": "0.14"
        },
        "Wood and Articles of Wood; Wood Charcoal; Cork and Articles of Cork; Manufactures of Straw, of Esparto or of Other Plaiting Materials; Basketware and Wickerwork": {
          "Other Asia, nes": "8.89",
          "Canberra": "31.18",
          "Beijing": "22.47",
          "Tokyo": "15.47",
          "Seoul": "6.86"
        },
        "Textiles and Textile Articles": {
          "Unspecified": "24.42",
          "Netherlands Antilles": "7.92",
          "Canberra": "43.02",
          "Honiara": "18.59",
          "Reykjavik": "4.01"
        },
        "Footwear, Headgear, Umbrellas, Sun Umbrellas, Walking-sticks, Seat-sticks, Whips, Riding-crops, and Parts thereof; Prepared Feathers and Articles Made therewith; Artificial Flowers; Articles of Human Hair": {
          "Slovenia": "44.93",
          "Samoa": "22.54",
          "Unspecified": "2.28",
          "Honiara": "30.25"
        },
        "Articles of Stone, Plaster, Cement, Asbestos, Mica or Similar Materials; Ceramic Products; Glass and Glassware": {
          "Unspecified": "0.00",
          "Vanuatu": "0.00",
          "Canberra": "99.88",
          "Manila": "0.11",
          "Honiara": "0.01"
        },
        "Natural or Cultured Pearls, Precious or Semi-precious Stones, Precious Metals, Metals Clad with Precious Metal, and Articles thereof; Imitation Jewellery; Coin": {
          "Unspecified": "73.71",
          "Canberra": "10.13",
          "Tokyo": "4.77",
          "Manila": "2.04",
          "Seoul": "1.84"
        },
        "Base Metals and Articles of Base Metal": {
          "Canberra": "76.22",
          "Wellington": "5.23",
          "New Delhi": "3.17",
          "Washington, D.C.": "1.75"
        },
        "Machinery and Mechanical Appliances; Electrical Equipment; Parts thereof; Sound Recorders and Reproducers, Television Image and Sound Recorders and Reproducers, and Parts and Accessories of such Articles": {
          "Canberra": "77.36",
          "Washington, D.C.": "11.41",
          "Jakarta": "3.53",
          "Honiara": "1.99"
        },
        "Vehicles, Aircraft, Vessels, and Associated Transport Equipment": {
          "Afghanistan": "6.77",
          "Canberra": "50.75",
          "Wellington": "18.58",
          "Washington, D.C.": "17.52",
          "Kuala Lumpur": "3.16"
        },
        "Optical, Photographic, Cinematographic, Measuring, Checking, Precision, Medical or Surgical Instruments and Apparatus; Clocks and Watches; Musical Instruments; Parts and Accessories thereof": {
          "Other Asia, nes": "5.60",
          "Canberra": "60.76",
          "Washington, D.C.": "9.65",
          "Wellington": "7.70",
          "Seoul": "3.50"
        },
        "Miscellaneous Manufactured Articles": {
          "Unspecified": "36.56",
          "Canberra": "53.90",
          "Washington, D.C.": "3.17",
          "Oslo": "2.18",
          "Tokyo": "1.68"
        }
      },
      "Imports": {
        "Animals & Animal Products": {
          "Tokyo": "33.83",
          "Berlin": "25.86",
          "Manila": "16.98",
          "Canberra": "5.07",
          "Washington, D.C.": "3.70"
        },
        "Vegetable Products": {
          "Belgium": "6.57",
          "London": "20.28",
          "Berlin": "16.92",
          "Rome": "10.06",
          "Washington, D.C.": "7.80"
        },
        "Prepared Foodstuffs; Beverages, Spirits, Vinegar, Tobacco and Manufactured Tobacco Substitutes": {
          "Thailand": "7.64",
          "Washington, D.C.": "28.04",
          "Canberra": "13.94",
          "London": "7.23"
        },
        "Mineral Products": {
          "Unspecified": "73.79",
          "Canberra": "9.84",
          "Tokyo": "4.77",
          "Manila": "2.03",
          "Seoul": "1.84"
        },
        "Products of the Chemical or Allied Industries": {
          "Fiji": "7.13",
          "Honiara": "59.67",
          "Canberra": "21.85",
          "Manila": "8.24",
          "Rome": "1.38"
        },
        "Plastics and Articles thereof; Rubber and Articles thereof": {
          "Belgium": "48.44",
          "Rome": "12.54",
          "London": "9.30",
          "Washington, D.C.": "7.18",
          "Honiara": "5.86"
        },
        "Raw Hides and Skins, Leather, Furskins, and Articles thereof; Saddlery and Harness; Travel Goods, Handbags, and Similar Containers; Articles of Animal Gut (Other than Silk-worm Gut)": {
          "Tokyo": "62.56",
          "Canberra": "17.92",
          "Paris": "3.62",
          "Washington, D.C.": "0.14"
        },
        "Wood and Articles of Wood; Wood Charcoal; Cork and Articles of Cork; Manufactures of Straw, of Esparto or of Other Plaiting Materials; Basketware and Wickerwork": {
          "Other Asia, nes": "8.89",
          "Canberra": "31.18",
          "Beijing": "22.47",
          "Tokyo": "15.47",
          "Seoul": "6.86"
        },
        "Textiles and Textile Articles": {
          "Unspecified": "24.42",
          "Netherlands Antilles": "7.92",
          "Canberra": "43.02",
          "Honiara": "18.59",
          "Reykjavik": "4.01"
        },
        "Footwear, Headgear, Umbrellas, Sun Umbrellas, Walking-sticks, Seat-sticks, Whips, Riding-crops, and Parts thereof; Prepared Feathers and Articles Made therewith; Artificial Flowers; Articles of Human Hair": {
          "Slovenia": "44.93",
          "Samoa": "22.54",
          "Unspecified": "2.28",
          "Honiara": "30.25"
        },
        "Articles of Stone, Plaster, Cement, Asbestos, Mica or Similar Materials; Ceramic Products; Glass and Glassware": {
          "Unspecified": "0.00",
          "Vanuatu": "0.00",
          "Canberra": "99.88",
          "Manila": "0.11",
          "Honiara": "0.01"
        },
        "Natural or Cultured Pearls, Precious or Semi-precious Stones, Precious Metals, Metals Clad with Precious Metal, and Articles thereof; Imitation Jewellery; Coin": {
          "Unspecified": "73.71",
          "Canberra": "10.13",
          "Tokyo": "4.77",
          "Manila": "2.04",
          "Seoul": "1.84"
        },
        "Base Metals and Articles of Base Metal": {
          "Canberra": "76.22",
          "Wellington": "5.23",
          "New Delhi": "3.17",
          "Washington, D.C.": "1.75"
        },
        "Machinery and Mechanical Appliances; Electrical Equipment; Parts thereof; Sound Recorders and Reproducers, Television Image and Sound Recorders and Reproducers, and Parts and Accessories of such Articles": {
          "Canberra": "77.36",
          "Washington, D.C.": "11.41",
          "Jakarta": "3.53",
          "Honiara": "1.99"
        },
        "Vehicles, Aircraft, Vessels, and Associated Transport Equipment": {
          "Afghanistan": "6.77",
          "Canberra": "50.75",
          "Wellington": "18.58",
          "Washington, D.C.": "17.52",
          "Kuala Lumpur": "3.16"
        },
        "Optical, Photographic, Cinematographic, Measuring, Checking, Precision, Medical or Surgical Instruments and Apparatus; Clocks and Watches; Musical Instruments; Parts and Accessories thereof": {
          "Other Asia, nes": "5.60",
          "Canberra": "60.76",
          "Washington, D.C.": "9.65",
          "Wellington": "7.70",
          "Seoul": "3.50"
        },
        "Miscellaneous Manufactured Articles": {
          "Unspecified": "36.56",
          "Canberra": "53.90",
          "Washington, D.C.": "3.17",
          "Oslo": "2.18",
          "Tokyo": "1.68"
        }
      }
    },
    "2004": {
      "Exports": {
        "Animals & Animal Products": {
          "Berlin": "31.14",
          "Tokyo": "23.68",
          "Manila": "16.88",
          "Canberra": "6.27",
          "Hong Kong": "4.96"
        },
        "Vegetable Products": {
          "Berlin": "21.40",
          "London": "18.09",
          "Washington, D.C.": "8.16",
          "Madrid": "7.79",
          "Canberra": "6.78"
        },
        "Prepared Foodstuffs; Beverages, Spirits, Vinegar, Tobacco and Manufactured Tobacco Substitutes": {
          "Thailand": "9.41",
          "Washington, D.C.": "32.53",
          "Jakarta": "14.53",
          "Kuala Lumpur": "7.92"
        },
        "Mineral Products": {
          "Unspecified": "30.49",
          "Canberra": "18.79",
          "Berlin": "13.65",
          "Tokyo": "9.38",
          "Manila": "7.48"
        },
        "Products of the Chemical or Allied Industries": {
          "Fiji": "10.15",
          "Pitcairn": "2.18",
          "Honiara": "62.03",
          "Canberra": "19.33",
          "Hong Kong": "3.44"
        },
        "Plastics and Articles thereof; Rubber and Articles thereof": {
          "Belgium": "24.64",
          "London": "37.97",
          "Canberra": "9.98",
          "Berlin": "6.92",
          "Honiara": "4.14"
        },
        "Raw Hides and Skins, Leather, Furskins, and Articles thereof; Saddlery and Harness; Travel Goods, Handbags, and Similar Containers; Articles of Animal Gut (Other than Silk-worm Gut)": {
          "Fiji": "0.64",
          "Tokyo": "59.92",
          "Canberra": "16.57",
          "Paris": "7.33"
        },
        "Wood and Articles of Wood; Wood Charcoal; Cork and Articles of Cork; Manufactures of Straw, of Esparto or of Other Plaiting Materials; Basketware and Wickerwork": {
          "Other Asia, nes": "6.41",
          "Beijing": "54.12",
          "Tokyo": "12.76",
          "Seoul": "7.34",
          "Hong Kong": "5.70"
        },
        "Textiles and Textile Articles": {
          "Vanuatu": "4.10",
          "Pitcairn": "0.34",
          "Canberra": "85.23",
          "Honiara": "9.42",
          "Washington, D.C.": "0.41"
        },
        "Footwear, Headgear, Umbrellas, Sun Umbrellas, Walking-sticks, Seat-sticks, Whips, Riding-crops, and Parts thereof; Prepared Feathers and Articles Made therewith; Artificial Flowers; Articles of Human Hair": {
          "Vanuatu": "9.50",
          "Honiara": "79.16",
          "Canberra": "11.33",
          "Washington, D.C.": "0.01"
        },
        "Articles of Stone, Plaster, Cement, Asbestos, Mica or Similar Materials; Ceramic Products; Glass and Glassware": {
          "Unspecified": "94.20",
          "Canberra": "5.78",
          "Rome": "0.01",
          "Ottawa": "0.00",
          "Honiara": "0.00"
        },
        "Natural or Cultured Pearls, Precious or Semi-precious Stones, Precious Metals, Metals Clad with Precious Metal, and Articles thereof; Imitation Jewellery; Coin": {
          "Unspecified": "30.46",
          "Canberra": "19.25",
          "Berlin": "13.64",
          "Tokyo": "9.37",
          "Manila": "7.47"
        },
        "Base Metals and Articles of Base Metal": {
          "French Polynesia": "4.83",
          "Canberra": "51.94",
          "Seoul": "13.34",
          "New Delhi": "6.16"
        },
        "Machinery and Mechanical Appliances; Electrical Equipment; Parts thereof; Sound Recorders and Reproducers, Television Image and Sound Recorders and Reproducers, and Parts and Accessories of such Articles": {
          "Pitcairn": "1.96",
          "Canberra": "51.47",
          "Washington, D.C.": "25.03",
          "Jakarta": "2.59"
        },
        "Vehicles, Aircraft, Vessels, and Associated Transport Equipment": {
          "Pitcairn": "4.32",
          "Norfolk Island": "0.22",
          "Canberra": "90.07",
          "Washington, D.C.": "4.32",
          "Jakarta": "0.23"
        },
        "Optical, Photographic, Cinematographic, Measuring, Checking, Precision, Medical or Surgical Instruments and Apparatus; Clocks and Watches; Musical Instruments; Parts and Accessories thereof": {
          "Pitcairn": "3.49",
          "Canberra": "78.73",
          "Washington, D.C.": "7.50",
          "Honiara": "2.30"
        },
        "Miscellaneous Manufactured Articles": {
          "Fiji": "1.55",
          "Canberra": "67.55",
          "Wellington": "9.48",
          "Washington, D.C.": "9.41",
          "Honiara": "3.41"
        }
      },
      "Imports": {
        "Animals & Animal Products": {
          "Berlin": "31.14",
          "Tokyo": "23.68",
          "Manila": "16.88",
          "Canberra": "6.27",
          "Hong Kong": "4.96"
        },
        "Vegetable Products": {
          "Berlin": "21.40",
          "London": "18.09",
          "Washington, D.C.": "8.16",
          "Madrid": "7.79",
          "Canberra": "6.78"
        },
        "Prepared Foodstuffs; Beverages, Spirits, Vinegar, Tobacco and Manufactured Tobacco Substitutes": {
          "Thailand": "9.41",
          "Washington, D.C.": "32.53",
          "Jakarta": "14.53",
          "Kuala Lumpur": "7.92"
        },
        "Mineral Products": {
          "Unspecified": "30.49",
          "Canberra": "18.79",
          "Berlin": "13.65",
          "Tokyo": "9.38",
          "Manila": "7.48"
        },
        "Products of the Chemical or Allied Industries": {
          "Fiji": "10.15",
          "Pitcairn": "2.18",
          "Honiara": "62.03",
          "Canberra": "19.33",
          "Hong Kong": "3.44"
        },
        "Plastics and Articles thereof; Rubber and Articles thereof": {
          "Belgium": "24.64",
          "London": "37.97",
          "Canberra": "9.98",
          "Berlin": "6.92",
          "Honiara": "4.14"
        },
        "Raw Hides and Skins, Leather, Furskins, and Articles thereof; Saddlery and Harness; Travel Goods, Handbags, and Similar Containers; Articles of Animal Gut (Other than Silk-worm Gut)": {
          "Fiji": "0.64",
          "Tokyo": "59.92",
          "Canberra": "16.57",
          "Paris": "7.33"
        },
        "Wood and Articles of Wood; Wood Charcoal; Cork and Articles of Cork; Manufactures of Straw, of Esparto or of Other Plaiting Materials; Basketware and Wickerwork": {
          "Other Asia, nes": "6.41",
          "Beijing": "54.12",
          "Tokyo": "12.76",
          "Seoul": "7.34",
          "Hong Kong": "5.70"
        },
        "Textiles and Textile Articles": {
          "Vanuatu": "4.10",
          "Pitcairn": "0.34",
          "Canberra": "85.23",
          "Honiara": "9.42",
          "Washington, D.C.": "0.41"
        },
        "Footwear, Headgear, Umbrellas, Sun Umbrellas, Walking-sticks, Seat-sticks, Whips, Riding-crops, and Parts thereof; Prepared Feathers and Articles Made therewith; Artificial Flowers; Articles of Human Hair": {
          "Vanuatu": "9.50",
          "Honiara": "79.16",
          "Canberra": "11.33",
          "Washington, D.C.": "0.01"
        },
        "Articles of Stone, Plaster, Cement, Asbestos, Mica or Similar Materials; Ceramic Products; Glass and Glassware": {
          "Unspecified": "94.20",
          "Canberra": "5.78",
          "Rome": "0.01",
          "Ottawa": "0.00",
          "Honiara": "0.00"
        },
        "Natural or Cultured Pearls, Precious or Semi-precious Stones, Precious Metals, Metals Clad with Precious Metal, and Articles thereof; Imitation Jewellery; Coin": {
          "Unspecified": "30.46",
          "Canberra": "19.25",
          "Berlin": "13.64",
          "Tokyo": "9.37",
          "Manila": "7.47"
        },
        "Base Metals and Articles of Base Metal": {
          "French Polynesia": "4.83",
          "Canberra": "51.94",
          "Seoul": "13.34",
          "New Delhi": "6.16"
        },
        "Machinery and Mechanical Appliances; Electrical Equipment; Parts thereof; Sound Recorders and Reproducers, Television Image and Sound Recorders and Reproducers, and Parts and Accessories of such Articles": {
          "Pitcairn": "1.96",
          "Canberra": "51.47",
          "Washington, D.C.": "25.03",
          "Jakarta": "2.59"
        },
        "Vehicles, Aircraft, Vessels, and Associated Transport Equipment": {
          "Pitcairn": "4.32",
          "Norfolk Island": "0.22",
          "Canberra": "90.07",
          "Washington, D.C.": "4.32",
          "Jakarta": "0.23"
        },
        "Optical, Photographic, Cinematographic, Measuring, Checking, Precision, Medical or Surgical Instruments and Apparatus; Clocks and Watches; Musical Instruments; Parts and Accessories thereof": {
          "Pitcairn": "3.49",
          "Canberra": "78.73",
          "Washington, D.C.": "7.50",
          "Honiara": "2.30"
        },
        "Miscellaneous Manufactured Articles": {
          "Fiji": "1.55",
          "Canberra": "67.55",
          "Wellington": "9.48",
          "Washington, D.C.": "9.41",
          "Honiara": "3.41"
        }
      }
    },
    "2011": {
      "Exports": {
        "Animals & Animal Products": {
          "Other Asia, nes": "8.32",
          "Thailand": "5.79",
          "Manila": "48.25",
          "Tokyo": "20.32",
          "Madrid": "4.98"
        },
        "Vegetable Products": {
          "Curaçao": "7.89",
          "Berlin": "22.68",
          "London": "13.21",
          "Amsterdam": "11.79"
        },
        "Prepared Foodstuffs; Beverages, Spirits, Vinegar, Tobacco and Manufactured Tobacco Substitutes": {
          "Belgium": "4.30",
          "Kuala Lumpur": "26.87",
          "Berlin": "18.21",
          "London": "4.41"
        },
        "Mineral Products": {
          "Tokyo": "40.67",
          "Seoul": "19.66",
          "Manila": "18.38",
          "New Delhi": "8.43"
        },
        "Products of the Chemical or Allied Industries": {
          "Berlin": "10.22",
          "Honiara": "1.33",
          "Canberra": "1.08",
          "Mexico City": "0.73"
        },
        "Plastics and Articles thereof; Rubber and Articles thereof": {
          "Belgium": "6.52",
          "Kuala Lumpur": "55.85",
          "Canberra": "10.53",
          "Beijing": "10.42",
          "Hanoi": "6.60"
        },
        "Raw Hides and Skins, Leather, Furskins, and Articles thereof; Saddlery and Harness; Travel Goods, Handbags, and Similar Containers; Articles of Animal Gut (Other than Silk-worm Gut)": {
          "Tokyo": "47.31",
          "Canberra": "18.14",
          "Paris": "14.78",
          "Washington, D.C.": "1.52"
        },
        "Wood and Articles of Wood; Wood Charcoal; Cork and Articles of Cork; Manufactures of Straw, of Esparto or of Other Plaiting Materials; Basketware and Wickerwork": {
          "Beijing": "65.87",
          "New Delhi": "6.47",
          "Hong Kong": "5.98",
          "Tokyo": "4.97",
          "Canberra": "4.49"
        },
        "Textiles and Textile Articles": {
          "Fiji": "40.06",
          "Vanuatu": "2.70",
          "Canberra": "31.83",
          "Honiara": "18.17"
        },
        "Footwear, Headgear, Umbrellas, Sun Umbrellas, Walking-sticks, Seat-sticks, Whips, Riding-crops, and Parts thereof; Prepared Feathers and Articles Made therewith; Artificial Flowers; Articles of Human Hair": {
          "Honiara": "99.87",
          "Canberra": "0.13"
        },
        "Articles of Stone, Plaster, Cement, Asbestos, Mica or Similar Materials; Ceramic Products; Glass and Glassware": {
          "Canberra": "94.48",
          "Rome": "5.10",
          "Bern": "0.37",
          "Brasília": "0.05",
          "Beijing": "0.00"
        },
        "Natural or Cultured Pearls, Precious or Semi-precious Stones, Precious Metals, Metals Clad with Precious Metal, and Articles thereof; Imitation Jewellery; Coin": {
          "Canberra": "69.63",
          "Tokyo": "10.22",
          "Seoul": "4.97",
          "Manila": "4.60",
          "Rome": "3.81"
        },
        "Base Metals and Articles of Base Metal": {
          "Canberra": "25.58",
          "Seoul": "2.57",
          "Tokyo": "2.10",
          "Jakarta": "1.61"
        },
        "Machinery and Mechanical Appliances; Electrical Equipment; Parts thereof; Sound Recorders and Reproducers, Television Image and Sound Recorders and Reproducers, and Parts and Accessories of such Articles": {
          "Canberra": "41.03",
          "Tokyo": "4.00",
          "Ottawa": "3.64",
          "Jakarta": "3.58"
        },
        "Vehicles, Aircraft, Vessels, and Associated Transport Equipment": {
          "Reykjavik": "28.24",
          "Canberra": "8.82",
          "Wellington": "4.86",
          "Washington, D.C.": "2.07"
        },
        "Optical, Photographic, Cinematographic, Measuring, Checking, Precision, Medical or Surgical Instruments and Apparatus; Clocks and Watches; Musical Instruments; Parts and Accessories thereof": {
          "Canberra": "19.94",
          "Reykjavik": "13.95",
          "Wellington": "3.25",
          "Beijing": "2.30"
        },
        "Miscellaneous Manufactured Articles": {
          "Canberra": "32.54",
          "Kuala Lumpur": "13.47",
          "Beijing": "8.96",
          "Washington, D.C.": "7.68"
        }
      },
      "Imports": {
        "Animals & Animal Products": {
          "Other Asia, nes": "8.32",
          "Thailand": "5.79",
          "Manila": "48.25",
          "Tokyo": "20.32",
          "Madrid": "4.98"
        },
        "Vegetable Products": {
          "Curaçao": "7.89",
          "Berlin": "22.68",
          "London": "13.21",
          "Amsterdam": "11.79"
        },
        "Prepared Foodstuffs; Beverages, Spirits, Vinegar, Tobacco and Manufactured Tobacco Substitutes": {
          "Belgium": "4.30",
          "Kuala Lumpur": "26.87",
          "Berlin": "18.21",
          "London": "4.41"
        },
        "Mineral Products": {
          "Tokyo": "40.67",
          "Seoul": "19.66",
          "Manila": "18.38",
          "New Delhi": "8.43"
        },
        "Products of the Chemical or Allied Industries": {
          "Berlin": "10.22",
          "Honiara": "1.33",
          "Canberra": "1.08",
          "Mexico City": "0.73"
        },
        "Plastics and Articles thereof; Rubber and Articles thereof": {
          "Belgium": "6.52",
          "Kuala Lumpur": "55.85",
          "Canberra": "10.53",
          "Beijing": "10.42",
          "Hanoi": "6.60"
        },
        "Raw Hides and Skins, Leather, Furskins, and Articles thereof; Saddlery and Harness; Travel Goods, Handbags, and Similar Containers; Articles of Animal Gut (Other than Silk-worm Gut)": {
          "Tokyo": "47.31",
          "Canberra": "18.14",
          "Paris": "14.78",
          "Washington, D.C.": "1.52"
        },
        "Wood and Articles of Wood; Wood Charcoal; Cork and Articles of Cork; Manufactures of Straw, of Esparto or of Other Plaiting Materials; Basketware and Wickerwork": {
          "Beijing": "65.87",
          "New Delhi": "6.47",
          "Hong Kong": "5.98",
          "Tokyo": "4.97",
          "Canberra": "4.49"
        },
        "Textiles and Textile Articles": {
          "Fiji": "40.06",
          "Vanuatu": "2.70",
          "Canberra": "31.83",
          "Honiara": "18.17"
        },
        "Footwear, Headgear, Umbrellas, Sun Umbrellas, Walking-sticks, Seat-sticks, Whips, Riding-crops, and Parts thereof; Prepared Feathers and Articles Made therewith; Artificial Flowers; Articles of Human Hair": {
          "Honiara": "99.87",
          "Canberra": "0.13"
        },
        "Articles of Stone, Plaster, Cement, Asbestos, Mica or Similar Materials; Ceramic Products; Glass and Glassware": {
          "Canberra": "94.48",
          "Rome": "5.10",
          "Bern": "0.37",
          "Brasília": "0.05",
          "Beijing": "0.00"
        },
        "Natural or Cultured Pearls, Precious or Semi-precious Stones, Precious Metals, Metals Clad with Precious Metal, and Articles thereof; Imitation Jewellery; Coin": {
          "Canberra": "69.63",
          "Tokyo": "10.22",
          "Seoul": "4.97",
          "Manila": "4.60",
          "Rome": "3.81"
        },
        "Base Metals and Articles of Base Metal": {
          "Canberra": "25.58",
          "Seoul": "2.57",
          "Tokyo": "2.10",
          "Jakarta": "1.61"
        },
        "Machinery and Mechanical Appliances; Electrical Equipment; Parts thereof; Sound Recorders and Reproducers, Television Image and Sound Recorders and Reproducers, and Parts and Accessories of such Articles": {
          "Canberra": "41.03",
          "Tokyo": "4.00",
          "Ottawa": "3.64",
          "Jakarta": "3.58"
        },
        "Vehicles, Aircraft, Vessels, and Associated Transport Equipment": {
          "Reykjavik": "28.24",
          "Canberra": "8.82",
          "Wellington": "4.86",
          "Washington, D.C.": "2.07"
        },
        "Optical, Photographic, Cinematographic, Measuring, Checking, Precision, Medical or Surgical Instruments and Apparatus; Clocks and Watches; Musical Instruments; Parts and Accessories thereof": {
          "Canberra": "19.94",
          "Reykjavik": "13.95",
          "Wellington": "3.25",
          "Beijing": "2.30"
        },
        "Miscellaneous Manufactured Articles": {
          "Canberra": "32.54",
          "Kuala Lumpur": "13.47",
          "Beijing": "8.96",
          "Washington, D.C.": "7.68"
        }
      }
    },
    "2012": {
      "Exports": {
        "Animals & Animal Products": {
          "Thailand": "6.17",
          "Other Asia, nes": "4.67",
          "Manila": "50.84",
          "Tokyo": "19.01",
          "Madrid": "11.13"
        },
        "Vegetable Products": {
          "Amsterdam": "22.61",
          "Berlin": "17.27",
          "London": "15.24",
          "Madrid": "10.76",
          "Washington, D.C.": "7.75"
        },
        "Prepared Foodstuffs; Beverages, Spirits, Vinegar, Tobacco and Manufactured Tobacco Substitutes": {
          "Belgium": "5.18",
          "Berlin": "31.62",
          "Kuala Lumpur": "16.18",
          "London": "6.06"
        },
        "Mineral Products": {
          "Tokyo": "41.66",
          "New Delhi": "18.34",
          "Seoul": "10.05",
          "Berlin": "8.17"
        },
        "Products of the Chemical or Allied Industries": {
          "Tokyo": "46.28",
          "Beijing": "35.14",
          "Honiara": "0.20",
          "Canberra": "0.17"
        },
        "Plastics and Articles thereof; Rubber and Articles thereof": {
          "Berlin": "38.98",
          "Seoul": "20.85",
          "Kuala Lumpur": "19.41",
          "Beijing": "8.04",
          "Pyongyang": "6.89"
        },
        "Raw Hides and Skins, Leather, Furskins, and Articles thereof; Saddlery and Harness; Travel Goods, Handbags, and Similar Containers; Articles of Animal Gut (Other than Silk-worm Gut)": {
          "Tokyo": "47.88",
          "Canberra": "27.83",
          "Paris": "12.63",
          "Honiara": "1.04"
        },
        "Wood and Articles of Wood; Wood Charcoal; Cork and Articles of Cork; Manufactures of Straw, of Esparto or of Other Plaiting Materials; Basketware and Wickerwork": {
          "Beijing": "61.49",
          "New Delhi": "13.26",
          "Hong Kong": "3.68",
          "Canberra": "3.38",
          "Seoul": "3.22"
        },
        "Textiles and Textile Articles": {
          "Fiji": "33.56",
          "Vanuatu": "10.26",
          "Thailand": "3.60",
          "Canberra": "33.70",
          "Honiara": "16.48"
        },
        "Footwear, Headgear, Umbrellas, Sun Umbrellas, Walking-sticks, Seat-sticks, Whips, Riding-crops, and Parts thereof; Prepared Feathers and Articles Made therewith; Artificial Flowers; Articles of Human Hair": {
          "Honiara": "88.25",
          "Canberra": "8.25",
          "Jakarta": "3.50"
        },
        "Articles of Stone, Plaster, Cement, Asbestos, Mica or Similar Materials; Ceramic Products; Glass and Glassware": {
          "Canberra": "95.57",
          "Rome": "3.32",
          "Berlin": "0.37",
          "Seoul": "0.33",
          "Hong Kong": "0.21"
        },
        "Natural or Cultured Pearls, Precious or Semi-precious Stones, Precious Metals, Metals Clad with Precious Metal, and Articles thereof; Imitation Jewellery; Coin": {
          "Canberra": "60.00",
          "Tokyo": "14.63",
          "New Delhi": "6.79",
          "Seoul": "3.58"
        },
        "Base Metals and Articles of Base Metal": {
          "Antigua and Barbuda": "39.39",
          "Canberra": "36.36",
          "New Delhi": "7.31",
          "Jakarta": "4.68"
        },
        "Machinery and Mechanical Appliances; Electrical Equipment; Parts thereof; Sound Recorders and Reproducers, Television Image and Sound Recorders and Reproducers, and Parts and Accessories of such Articles": {
          "Canberra": "61.32",
          "Jakarta": "11.90",
          "Beijing": "3.03",
          "Washington, D.C.": "2.60"
        },
        "Vehicles, Aircraft, Vessels, and Associated Transport Equipment": {
          "Canberra": "31.39",
          "Jakarta": "11.61",
          "Seoul": "10.47",
          "Washington, D.C.": "4.35"
        },
        "Optical, Photographic, Cinematographic, Measuring, Checking, Precision, Medical or Surgical Instruments and Apparatus; Clocks and Watches; Musical Instruments; Parts and Accessories thereof": {
          "Canberra": "21.43",
          "Tokyo": "20.87",
          "Beijing": "16.89",
          "Berlin": "6.09"
        },
        "Miscellaneous Manufactured Articles": {
          "Other Asia, nes": "4.87",
          "Andorra": "3.52",
          "Canberra": "68.65",
          "Washington, D.C.": "4.15"
        }
      },
      "Imports": {
        "Animals & Animal Products": {
          "Thailand": "6.17",
          "Other Asia, nes": "4.67",
          "Manila": "50.84",
          "Tokyo": "19.01",
          "Madrid": "11.13"
        },
        "Vegetable Products": {
          "Amsterdam": "22.61",
          "Berlin": "17.27",
          "London": "15.24",
          "Madrid": "10.76",
          "Washington, D.C.": "7.75"
        },
        "Prepared Foodstuffs; Beverages, Spirits, Vinegar, Tobacco and Manufactured Tobacco Substitutes": {
          "Belgium": "5.18",
          "Berlin": "31.62",
          "Kuala Lumpur": "16.18",
          "London": "6.06"
        },
        "Mineral Products": {
          "Tokyo": "41.66",
          "New Delhi": "18.34",
          "Seoul": "10.05",
          "Berlin": "8.17"
        },
        "Products of the Chemical or Allied Industries": {
          "Tokyo": "46.28",
          "Beijing": "35.14",
          "Honiara": "0.20",
          "Canberra": "0.17"
        },
        "Plastics and Articles thereof; Rubber and Articles thereof": {
          "Berlin": "38.98",
          "Seoul": "20.85",
          "Kuala Lumpur": "19.41",
          "Beijing": "8.04",
          "Pyongyang": "6.89"
        },
        "Raw Hides and Skins, Leather, Furskins, and Articles thereof; Saddlery and Harness; Travel Goods, Handbags, and Similar Containers; Articles of Animal Gut (Other than Silk-worm Gut)": {
          "Tokyo": "47.88",
          "Canberra": "27.83",
          "Paris": "12.63",
          "Honiara": "1.04"
        },
        "Wood and Articles of Wood; Wood Charcoal; Cork and Articles of Cork; Manufactures of Straw, of Esparto or of Other Plaiting Materials; Basketware and Wickerwork": {
          "Beijing": "61.49",
          "New Delhi": "13.26",
          "Hong Kong": "3.68",
          "Canberra": "3.38",
          "Seoul": "3.22"
        },
        "Textiles and Textile Articles": {
          "Fiji": "33.56",
          "Vanuatu": "10.26",
          "Thailand": "3.60",
          "Canberra": "33.70",
          "Honiara": "16.48"
        },
        "Footwear, Headgear, Umbrellas, Sun Umbrellas, Walking-sticks, Seat-sticks, Whips, Riding-crops, and Parts thereof; Prepared Feathers and Articles Made therewith; Artificial Flowers; Articles of Human Hair": {
          "Honiara": "88.25",
          "Canberra": "8.25",
          "Jakarta": "3.50"
        },
        "Articles of Stone, Plaster, Cement, Asbestos, Mica or Similar Materials; Ceramic Products; Glass and Glassware": {
          "Canberra": "95.57",
          "Rome": "3.32",
          "Berlin": "0.37",
          "Seoul": "0.33",
          "Hong Kong": "0.21"
        },
        "Natural or Cultured Pearls, Precious or Semi-precious Stones, Precious Metals, Metals Clad with Precious Metal, and Articles thereof; Imitation Jewellery; Coin": {
          "Canberra": "60.00",
          "Tokyo": "14.63",
          "New Delhi": "6.79",
          "Seoul": "3.58"
        },
        "Base Metals and Articles of Base Metal": {
          "Antigua and Barbuda": "39.39",
          "Canberra": "36.36",
          "New Delhi": "7.31",
          "Jakarta": "4.68"
        },
        "Machinery and Mechanical Appliances; Electrical Equipment; Parts thereof; Sound Recorders and Reproducers, Television Image and Sound Recorders and Reproducers, and Parts and Accessories of such Articles": {
          "Canberra": "61.32",
          "Jakarta": "11.90",
          "Beijing": "3.03",
          "Washington, D.C.": "2.60"
        },
        "Vehicles, Aircraft, Vessels, and Associated Transport Equipment": {
          "Canberra": "31.39",
          "Jakarta": "11.61",
          "Seoul": "10.47",
          "Washington, D.C.": "4.35"
        },
        "Optical, Photographic, Cinematographic, Measuring, Checking, Precision, Medical or Surgical Instruments and Apparatus; Clocks and Watches; Musical Instruments; Parts and Accessories thereof": {
          "Canberra": "21.43",
          "Tokyo": "20.87",
          "Beijing": "16.89",
          "Berlin": "6.09"
        },
        "Miscellaneous Manufactured Articles": {
          "Other Asia, nes": "4.87",
          "Andorra": "3.52",
          "Canberra": "68.65",
          "Washington, D.C.": "4.15"
        }
      }
    },
    "2019": {
      "Exports": {
        "Animals & Animal Products": {
          "Other Asia, nes": "4.43",
          "Thailand": "3.18",
          "Manila": "78.57",
          "Rome": "4.04",
          "Hanoi": "3.33"
        },
        "Vegetable Products": {
          "Belgium": "13.30",
          "Amsterdam": "23.16",
          "Bern": "14.60",
          "London": "11.64",
          "Berlin": "7.47"
        },
        "Prepared Foodstuffs; Beverages, Spirits, Vinegar, Tobacco and Manufactured Tobacco Substitutes": {
          "Madrid": "23.28",
          "Berlin": "19.73",
          "Kuala Lumpur": "8.10",
          "Amsterdam": "6.55",
          "Canberra": "6.54"
        },
        "Mineral Products": {
          "Tokyo": "39.93",
          "Beijing": "19.60",
          "Pyongyang": "15.01",
          "Manila": "12.22",
          "Sofia": "8.34"
        },
        "Products of the Chemical or Allied Industries": {
          "Fiji": "1.72",
          "Beijing": "61.52",
          "Canberra": "29.03",
          "Honiara": "4.29"
        },
        "Plastics and Articles thereof; Rubber and Articles thereof": {
          "Kuala Lumpur": "80.35",
          "Washington, D.C.": "10.93",
          "Jakarta": "3.91",
          "Canberra": "3.46"
        },
        "Raw Hides and Skins, Leather, Furskins, and Articles thereof; Saddlery and Harness; Travel Goods, Handbags, and Similar Containers; Articles of Animal Gut (Other than Silk-worm Gut)": {
          "Fiji": "0.76",
          "Tokyo": "66.62",
          "Canberra": "17.98",
          "Paris": "11.18",
          "Berlin": "3.10"
        },
        "Wood and Articles of Wood; Wood Charcoal; Cork and Articles of Cork; Manufactures of Straw, of Esparto or of Other Plaiting Materials; Basketware and Wickerwork": {
          "Beijing": "81.78",
          "New Delhi": "4.45",
          "Hanoi": "3.51",
          "Tokyo": "2.10",
          "Canberra": "1.33"
        },
        "Textiles and Textile Articles": {
          "Fiji": "52.79",
          "Canberra": "18.49",
          "Honiara": "8.45",
          "Kuala Lumpur": "1.72"
        },
        "Footwear, Headgear, Umbrellas, Sun Umbrellas, Walking-sticks, Seat-sticks, Whips, Riding-crops, and Parts thereof; Prepared Feathers and Articles Made therewith; Artificial Flowers; Articles of Human Hair": {
          "Fiji": "28.56",
          "Honiara": "53.35",
          "Canberra": "11.36",
          "London": "0.78"
        },
        "Articles of Stone, Plaster, Cement, Asbestos, Mica or Similar Materials; Ceramic Products; Glass and Glassware": {
          "Canberra": "97.74",
          "Rome": "1.81",
          "New Delhi": "0.29",
          "Ottawa": "0.13",
          "Honiara": "0.02"
        },
        "Natural or Cultured Pearls, Precious or Semi-precious Stones, Precious Metals, Metals Clad with Precious Metal, and Articles thereof; Imitation Jewellery; Coin": {
          "Canberra": "59.63",
          "Beijing": "14.76",
          "Tokyo": "11.91",
          "Pyongyang": "4.54",
          "Manila": "3.64"
        },
        "Base Metals and Articles of Base Metal": {
          "Bangladesh": "0.78",
          "Beijing": "94.24",
          "Canberra": "1.87",
          "Pyongyang": "0.80",
          "Kuala Lumpur": "0.53"
        },
        "Machinery and Mechanical Appliances; Electrical Equipment; Parts thereof; Sound Recorders and Reproducers, Television Image and Sound Recorders and Reproducers, and Parts and Accessories of such Articles": {
          "Canberra": "47.51",
          "Rome": "16.03",
          "Washington, D.C.": "9.29",
          "London": "1.98"
        },
        "Vehicles, Aircraft, Vessels, and Associated Transport Equipment": {
          "Canberra": "63.97",
          "Wellington": "17.07",
          "Washington, D.C.": "12.41",
          "Ottawa": "1.90"
        },
        "Optical, Photographic, Cinematographic, Measuring, Checking, Precision, Medical or Surgical Instruments and Apparatus; Clocks and Watches; Musical Instruments; Parts and Accessories thereof": {
          "Canberra": "49.63",
          "Rome": "8.72",
          "Washington, D.C.": "8.66",
          "Beijing": "6.01"
        },
        "Miscellaneous Manufactured Articles": {
          "Canberra": "51.38",
          "New Delhi": "10.74",
          "Paris": "10.13",
          "Washington, D.C.": "8.54"
        }
      },
      "Imports": {
        "Animals & Animal Products": {
          "Other Asia, nes": "4.43",
          "Thailand": "3.18",
          "Manila": "78.57",
          "Rome": "4.04",
          "Hanoi": "3.33"
        },
        "Vegetable Products": {
          "Belgium": "13.30",
          "Amsterdam": "23.16",
          "Bern": "14.60",
          "London": "11.64",
          "Berlin": "7.47"
        },
        "Prepared Foodstuffs; Beverages, Spirits, Vinegar, Tobacco and Manufactured Tobacco Substitutes": {
          "Madrid": "23.28",
          "Berlin": "19.73",
          "Kuala Lumpur": "8.10",
          "Amsterdam": "6.55",
          "Canberra": "6.54"
        },
        "Mineral Products": {
          "Tokyo": "39.93",
          "Beijing": "19.60",
          "Pyongyang": "15.01",
          "Manila": "12.22",
          "Sofia": "8.34"
        },
        "Products of the Chemical or Allied Industries": {
          "Fiji": "1.72",
          "Beijing": "61.52",
          "Canberra": "29.03",
          "Honiara": "4.29"
        },
        "Plastics and Articles thereof; Rubber and Articles thereof": {
          "Kuala Lumpur": "80.35",
          "Washington, D.C.": "10.93",
          "Jakarta": "3.91",
          "Canberra": "3.46"
        },
        "Raw Hides and Skins, Leather, Furskins, and Articles thereof; Saddlery and Harness; Travel Goods, Handbags, and Similar Containers; Articles of Animal Gut (Other than Silk-worm Gut)": {
          "Fiji": "0.76",
          "Tokyo": "66.62",
          "Canberra": "17.98",
          "Paris": "11.18",
          "Berlin": "3.10"
        },
        "Wood and Articles of Wood; Wood Charcoal; Cork and Articles of Cork; Manufactures of Straw, of Esparto or of Other Plaiting Materials; Basketware and Wickerwork": {
          "Beijing": "81.78",
          "New Delhi": "4.45",
          "Hanoi": "3.51",
          "Tokyo": "2.10",
          "Canberra": "1.33"
        },
        "Textiles and Textile Articles": {
          "Fiji": "52.79",
          "Canberra": "18.49",
          "Honiara": "8.45",
          "Kuala Lumpur": "1.72"
        },
        "Footwear, Headgear, Umbrellas, Sun Umbrellas, Walking-sticks, Seat-sticks, Whips, Riding-crops, and Parts thereof; Prepared Feathers and Articles Made therewith; Artificial Flowers; Articles of Human Hair": {
          "Fiji": "28.56",
          "Honiara": "53.35",
          "Canberra": "11.36",
          "London": "0.78"
        },
        "Articles of Stone, Plaster, Cement, Asbestos, Mica or Similar Materials; Ceramic Products; Glass and Glassware": {
          "Canberra": "97.74",
          "Rome": "1.81",
          "New Delhi": "0.29",
          "Ottawa": "0.13",
          "Honiara": "0.02"
        },
        "Natural or Cultured Pearls, Precious or Semi-precious Stones, Precious Metals, Metals Clad with Precious Metal, and Articles thereof; Imitation Jewellery; Coin": {
          "Canberra": "59.63",
          "Beijing": "14.76",
          "Tokyo": "11.91",
          "Pyongyang": "4.54",
          "Manila": "3.64"
        },
        "Base Metals and Articles of Base Metal": {
          "Bangladesh": "0.78",
          "Beijing": "94.24",
          "Canberra": "1.87",
          "Pyongyang": "0.80",
          "Kuala Lumpur": "0.53"
        },
        "Machinery and Mechanical Appliances; Electrical Equipment; Parts thereof; Sound Recorders and Reproducers, Television Image and Sound Recorders and Reproducers, and Parts and Accessories of such Articles": {
          "Canberra": "47.51",
          "Rome": "16.03",
          "Washington, D.C.": "9.29",
          "London": "1.98"
        },
        "Vehicles, Aircraft, Vessels, and Associated Transport Equipment": {
          "Canberra": "63.97",
          "Wellington": "17.07",
          "Washington, D.C.": "12.41",
          "Ottawa": "1.90"
        },
        "Optical, Photographic, Cinematographic, Measuring, Checking, Precision, Medical or Surgical Instruments and Apparatus; Clocks and Watches; Musical Instruments; Parts and Accessories thereof": {
          "Canberra": "49.63",
          "Rome": "8.72",
          "Washington, D.C.": "8.66",
          "Beijing": "6.01"
        },
        "Miscellaneous Manufactured Articles": {
          "Canberra": "51.38",
          "New Delhi": "10.74",
          "Paris": "10.13",
          "Washington, D.C.": "8.54"
        }
      }
    },
    "2020": {
      "Exports": {
        "Animals & Animal Products": {
          "Thailand": "3.75",
          "Other Asia, nes": "2.94",
          "Manila": "67.26",
          "Pyongyang": "14.97",
          "Rome": "4.97"
        },
        "Vegetable Products": {
          "Belgium": "13.02",
          "Amsterdam": "21.75",
          "Bern": "16.66",
          "Kuala Lumpur": "14.61",
          "London": "12.56"
        },
        "Prepared Foodstuffs; Beverages, Spirits, Vinegar, Tobacco and Manufactured Tobacco Substitutes": {
          "Madrid": "72.58",
          "Berlin": "6.81",
          "Washington, D.C.": "3.86",
          "Kuala Lumpur": "3.34",
          "Amsterdam": "3.30"
        },
        "Mineral Products": {
          "Tokyo": "46.66",
          "Manila": "13.09",
          "Pyongyang": "11.19",
          "Sofia": "10.29",
          "Beijing": "5.66"
        },
        "Products of the Chemical or Allied Industries": {
          "New Caledonia": "3.84",
          "Canberra": "44.94",
          "Honiara": "23.02",
          "Beijing": "11.65",
          "Pretoria": "7.92"
        },
        "Plastics and Articles thereof; Rubber and Articles thereof": {
          "Kuala Lumpur": "80.49",
          "Canberra": "8.79",
          "Beijing": "4.70",
          "Jakarta": "3.39"
        },
        "Raw Hides and Skins, Leather, Furskins, and Articles thereof; Saddlery and Harness; Travel Goods, Handbags, and Similar Containers; Articles of Animal Gut (Other than Silk-worm Gut)": {
          "Fiji": "4.15",
          "Thailand": "1.28",
          "Tokyo": "64.74",
          "Paris": "15.97",
          "Canberra": "13.86"
        },
        "Wood and Articles of Wood; Wood Charcoal; Cork and Articles of Cork; Manufactures of Straw, of Esparto or of Other Plaiting Materials; Basketware and Wickerwork": {
          "Other Asia, nes": "2.21",
          "Beijing": "73.42",
          "New Delhi": "7.22",
          "Hanoi": "4.40",
          "Kuala Lumpur": "2.70"
        },
        "Textiles and Textile Articles": {
          "Fiji": "31.27",
          "Honiara": "25.51",
          "Beijing": "11.35",
          "Manila": "11.34",
          "Canberra": "11.18"
        },
        "Footwear, Headgear, Umbrellas, Sun Umbrellas, Walking-sticks, Seat-sticks, Whips, Riding-crops, and Parts thereof; Prepared Feathers and Articles Made therewith; Artificial Flowers; Articles of Human Hair": {
          "Fiji": "1.70",
          "Honiara": "93.06",
          "Canberra": "3.74",
          "Pyongyang": "1.05",
          "Warsaw": "0.45"
        },
        "Articles of Stone, Plaster, Cement, Asbestos, Mica or Similar Materials; Ceramic Products; Glass and Glassware": {
          "Canberra": "93.33",
          "Rome": "4.41",
          "Ottawa": "1.56",
          "New Delhi": "0.37",
          "Hong Kong": "0.31"
        },
        "Natural or Cultured Pearls, Precious or Semi-precious Stones, Precious Metals, Metals Clad with Precious Metal, and Articles thereof; Imitation Jewellery; Coin": {
          "Canberra": "56.01",
          "Tokyo": "14.94",
          "Beijing": "9.56",
          "Manila": "4.19",
          "Pyongyang": "3.70"
        },
        "Base Metals and Articles of Base Metal": {
          "Bangladesh": "0.41",
          "Beijing": "93.87",
          "Canberra": "2.72",
          "Pyongyang": "1.54"
        },
        "Machinery and Mechanical Appliances; Electrical Equipment; Parts thereof; Sound Recorders and Reproducers, Television Image and Sound Recorders and Reproducers, and Parts and Accessories of such Articles": {
          "Czech Republic": "3.38",
          "Canberra": "60.04",
          "Washington, D.C.": "10.59",
          "Berlin": "3.12"
        },
        "Vehicles, Aircraft, Vessels, and Associated Transport Equipment": {
          "Canberra": "80.68",
          "Wellington": "10.60",
          "Washington, D.C.": "0.97",
          "Kuala Lumpur": "0.82"
        },
        "Optical, Photographic, Cinematographic, Measuring, Checking, Precision, Medical or Surgical Instruments and Apparatus; Clocks and Watches; Musical Instruments; Parts and Accessories thereof": {
          "Canberra": "66.80",
          "Washington, D.C.": "5.33",
          "Wellington": "4.04",
          "Beijing": "2.07"
        },
        "Miscellaneous Manufactured Articles": {
          "Canberra": "62.52",
          "Washington, D.C.": "5.43",
          "Amsterdam": "3.25",
          "Kuala Lumpur": "2.32"
        }
      },
      "Imports": {
        "Animals & Animal Products": {
          "Thailand": "3.75",
          "Other Asia, nes": "2.94",
          "Manila": "67.26",
          "Pyongyang": "14.97",
          "Rome": "4.97"
        },
        "Vegetable Products": {
          "Belgium": "13.02",
          "Amsterdam": "21.75",
          "Bern": "16.66",
          "Kuala Lumpur": "14.61",
          "London": "12.56"
        },
        "Prepared Foodstuffs; Beverages, Spirits, Vinegar, Tobacco and Manufactured Tobacco Substitutes": {
          "Madrid": "72.58",
          "Berlin": "6.81",
          "Washington, D.C.": "3.86",
          "Kuala Lumpur": "3.34",
          "Amsterdam": "3.30"
        },
        "Mineral Products": {
          "Tokyo": "46.66",
          "Manila": "13.09",
          "Pyongyang": "11.19",
          "Sofia": "10.29",
          "Beijing": "5.66"
        },
        "Products of the Chemical or Allied Industries": {
          "New Caledonia": "3.84",
          "Canberra": "44.94",
          "Honiara": "23.02",
          "Beijing": "11.65",
          "Pretoria": "7.92"
        },
        "Plastics and Articles thereof; Rubber and Articles thereof": {
          "Kuala Lumpur": "80.49",
          "Canberra": "8.79",
          "Beijing": "4.70",
          "Jakarta": "3.39"
        },
        "Raw Hides and Skins, Leather, Furskins, and Articles thereof; Saddlery and Harness; Travel Goods, Handbags, and Similar Containers; Articles of Animal Gut (Other than Silk-worm Gut)": {
          "Fiji": "4.15",
          "Thailand": "1.28",
          "Tokyo": "64.74",
          "Paris": "15.97",
          "Canberra": "13.86"
        },
        "Wood and Articles of Wood; Wood Charcoal; Cork and Articles of Cork; Manufactures of Straw, of Esparto or of Other Plaiting Materials; Basketware and Wickerwork": {
          "Other Asia, nes": "2.21",
          "Beijing": "73.42",
          "New Delhi": "7.22",
          "Hanoi": "4.40",
          "Kuala Lumpur": "2.70"
        },
        "Textiles and Textile Articles": {
          "Fiji": "31.27",
          "Honiara": "25.51",
          "Beijing": "11.35",
          "Manila": "11.34",
          "Canberra": "11.18"
        },
        "Footwear, Headgear, Umbrellas, Sun Umbrellas, Walking-sticks, Seat-sticks, Whips, Riding-crops, and Parts thereof; Prepared Feathers and Articles Made therewith; Artificial Flowers; Articles of Human Hair": {
          "Fiji": "1.70",
          "Honiara": "93.06",
          "Canberra": "3.74",
          "Pyongyang": "1.05",
          "Warsaw": "0.45"
        },
        "Articles of Stone, Plaster, Cement, Asbestos, Mica or Similar Materials; Ceramic Products; Glass and Glassware": {
          "Canberra": "93.33",
          "Rome": "4.41",
          "Ottawa": "1.56",
          "New Delhi": "0.37",
          "Hong Kong": "0.31"
        },
        "Natural or Cultured Pearls, Precious or Semi-precious Stones, Precious Metals, Metals Clad with Precious Metal, and Articles thereof; Imitation Jewellery; Coin": {
          "Canberra": "56.01",
          "Tokyo": "14.94",
          "Beijing": "9.56",
          "Manila": "4.19",
          "Pyongyang": "3.70"
        },
        "Base Metals and Articles of Base Metal": {
          "Bangladesh": "0.41",
          "Beijing": "93.87",
          "Canberra": "2.72",
          "Pyongyang": "1.54"
        },
        "Machinery and Mechanical Appliances; Electrical Equipment; Parts thereof; Sound Recorders and Reproducers, Television Image and Sound Recorders and Reproducers, and Parts and Accessories of such Articles": {
          "Czech Republic": "3.38",
          "Canberra": "60.04",
          "Washington, D.C.": "10.59",
          "Berlin": "3.12"
        },
        "Vehicles, Aircraft, Vessels, and Associated Transport Equipment": {
          "Canberra": "80.68",
          "Wellington": "10.60",
          "Washington, D.C.": "0.97",
          "Kuala Lumpur": "0.82"
        },
        "Optical, Photographic, Cinematographic, Measuring, Checking, Precision, Medical or Surgical Instruments and Apparatus; Clocks and Watches; Musical Instruments; Parts and Accessories thereof": {
          "Canberra": "66.80",
          "Washington, D.C.": "5.33",
          "Wellington": "4.04",
          "Beijing": "2.07"
        },
        "Miscellaneous Manufactured Articles": {
          "Canberra": "62.52",
          "Washington, D.C.": "5.43",
          "Amsterdam": "3.25",
          "Kuala Lumpur": "2.32"
        }
      }
    },
    "2021": {
      "Exports": {
        "Animals & Animal Products": {
          "Other Asia, nes": "12.71",
          "Thailand": "7.41",
          "Manila": "36.91",
          "Pyongyang": "24.49",
          "Tokyo": "8.61"
        },
        "Vegetable Products": {
          "Belgium": "8.20",
          "Amsterdam": "24.38",
          "Kuala Lumpur": "19.02",
          "Bern": "14.27",
          "London": "10.64"
        },
        "Prepared Foodstuffs; Beverages, Spirits, Vinegar, Tobacco and Manufactured Tobacco Substitutes": {
          "Madrid": "22.04",
          "Berlin": "18.52",
          "Kuala Lumpur": "9.20",
          "Amsterdam": "8.97",
          "Jakarta": "7.95"
        },
        "Mineral Products": {
          "Tokyo": "50.77",
          "Pyongyang": "11.55",
          "Berlin": "10.35",
          "Manila": "8.89"
        },
        "Products of the Chemical or Allied Industries": {
          "Cambodia": "21.85",
          "Honiara": "21.53",
          "Kuala Lumpur": "17.52",
          "Canberra": "10.76",
          "Wellington": "9.58"
        },
        "Plastics and Articles thereof; Rubber and Articles thereof": {
          "Thailand": "1.87",
          "Kuala Lumpur": "73.45",
          "Beijing": "14.37",
          "Jakarta": "4.68",
          "New Delhi": "2.95"
        },
        "Raw Hides and Skins, Leather, Furskins, and Articles thereof; Saddlery and Harness; Travel Goods, Handbags, and Similar Containers; Articles of Animal Gut (Other than Silk-worm Gut)": {
          "Tokyo": "71.63",
          "Paris": "16.76",
          "Canberra": "8.24",
          "Honiara": "0.82"
        },
        "Wood and Articles of Wood; Wood Charcoal; Cork and Articles of Cork; Manufactures of Straw, of Esparto or of Other Plaiting Materials; Basketware and Wickerwork": {
          "Other Asia, nes": "2.02",
          "Beijing": "73.18",
          "Kuala Lumpur": "7.36",
          "New Delhi": "5.09",
          "Hanoi": "2.86"
        },
        "Textiles and Textile Articles": {
          "Fiji": "58.80",
          "East Timor": "5.57",
          "Honiara": "11.36",
          "Washington, D.C.": "3.36"
        },
        "Footwear, Headgear, Umbrellas, Sun Umbrellas, Walking-sticks, Seat-sticks, Whips, Riding-crops, and Parts thereof; Prepared Feathers and Articles Made therewith; Artificial Flowers; Articles of Human Hair": {
          "East Timor": "7.00",
          "Thailand": "0.69",
          "Honiara": "89.60",
          "Abu Dhabi": "0.76"
        },
        "Articles of Stone, Plaster, Cement, Asbestos, Mica or Similar Materials; Ceramic Products; Glass and Glassware": {
          "Canberra": "88.25",
          "Rome": "5.53",
          "Ottawa": "4.18",
          "Hong Kong": "1.65",
          "New Delhi": "0.22"
        },
        "Natural or Cultured Pearls, Precious or Semi-precious Stones, Precious Metals, Metals Clad with Precious Metal, and Articles thereof; Imitation Jewellery; Coin": {
          "Canberra": "46.28",
          "Tokyo": "18.11",
          "Beijing": "11.31",
          "Pyongyang": "4.23"
        },
        "Base Metals and Articles of Base Metal": {
          "Bangladesh": "0.52",
          "Beijing": "85.84",
          "Canberra": "10.50",
          "Pyongyang": "1.23"
        },
        "Machinery and Mechanical Appliances; Electrical Equipment; Parts thereof; Sound Recorders and Reproducers, Television Image and Sound Recorders and Reproducers, and Parts and Accessories of such Articles": {
          "Czech Republic": "3.79",
          "Canberra": "67.82",
          "Rome": "14.35",
          "Jakarta": "3.04"
        },
        "Vehicles, Aircraft, Vessels, and Associated Transport Equipment": {
          "Micronesia, Fed. Sts.": "0.53",
          "Canberra": "63.33",
          "Washington, D.C.": "30.87",
          "Wellington": "2.18",
          "Jakarta": "1.77"
        },
        "Optical, Photographic, Cinematographic, Measuring, Checking, Precision, Medical or Surgical Instruments and Apparatus; Clocks and Watches; Musical Instruments; Parts and Accessories thereof": {
          "Canberra": "65.25",
          "Washington, D.C.": "12.24",
          "Rome": "5.43",
          "Jakarta": "2.01"
        },
        "Miscellaneous Manufactured Articles": {
          "Thailand": "3.42",
          "Canberra": "36.33",
          "Abu Dhabi": "15.42",
          "Washington, D.C.": "6.55"
        }
      },
      "Imports": {
        "Animals & Animal Products": {
          "Other Asia, nes": "12.71",
          "Thailand": "7.41",
          "Manila": "36.91",
          "Pyongyang": "24.49",
          "Tokyo": "8.61"
        },
        "Vegetable Products": {
          "Belgium": "8.20",
          "Amsterdam": "24.38",
          "Kuala Lumpur": "19.02",
          "Bern": "14.27",
          "London": "10.64"
        },
        "Prepared Foodstuffs; Beverages, Spirits, Vinegar, Tobacco and Manufactured Tobacco Substitutes": {
          "Madrid": "22.04",
          "Berlin": "18.52",
          "Kuala Lumpur": "9.20",
          "Amsterdam": "8.97",
          "Jakarta": "7.95"
        },
        "Mineral Products": {
          "Tokyo": "50.77",
          "Pyongyang": "11.55",
          "Berlin": "10.35",
          "Manila": "8.89"
        },
        "Products of the Chemical or Allied Industries": {
          "Cambodia": "21.85",
          "Honiara": "21.53",
          "Kuala Lumpur": "17.52",
          "Canberra": "10.76",
          "Wellington": "9.58"
        },
        "Plastics and Articles thereof; Rubber and Articles thereof": {
          "Thailand": "1.87",
          "Kuala Lumpur": "73.45",
          "Beijing": "14.37",
          "Jakarta": "4.68",
          "New Delhi": "2.95"
        },
        "Raw Hides and Skins, Leather, Furskins, and Articles thereof; Saddlery and Harness; Travel Goods, Handbags, and Similar Containers; Articles of Animal Gut (Other than Silk-worm Gut)": {
          "Tokyo": "71.63",
          "Paris": "16.76",
          "Canberra": "8.24",
          "Honiara": "0.82"
        },
        "Wood and Articles of Wood; Wood Charcoal; Cork and Articles of Cork; Manufactures of Straw, of Esparto or of Other Plaiting Materials; Basketware and Wickerwork": {
          "Other Asia, nes": "2.02",
          "Beijing": "73.18",
          "Kuala Lumpur": "7.36",
          "New Delhi": "5.09",
          "Hanoi": "2.86"
        },
        "Textiles and Textile Articles": {
          "Fiji": "58.80",
          "East Timor": "5.57",
          "Honiara": "11.36",
          "Washington, D.C.": "3.36"
        },
        "Footwear, Headgear, Umbrellas, Sun Umbrellas, Walking-sticks, Seat-sticks, Whips, Riding-crops, and Parts thereof; Prepared Feathers and Articles Made therewith; Artificial Flowers; Articles of Human Hair": {
          "East Timor": "7.00",
          "Thailand": "0.69",
          "Honiara": "89.60",
          "Abu Dhabi": "0.76"
        },
        "Articles of Stone, Plaster, Cement, Asbestos, Mica or Similar Materials; Ceramic Products; Glass and Glassware": {
          "Canberra": "88.25",
          "Rome": "5.53",
          "Ottawa": "4.18",
          "Hong Kong": "1.65",
          "New Delhi": "0.22"
        },
        "Natural or Cultured Pearls, Precious or Semi-precious Stones, Precious Metals, Metals Clad with Precious Metal, and Articles thereof; Imitation Jewellery; Coin": {
          "Canberra": "46.28",
          "Tokyo": "18.11",
          "Beijing": "11.31",
          "Pyongyang": "4.23"
        },
        "Base Metals and Articles of Base Metal": {
          "Bangladesh": "0.52",
          "Beijing": "85.84",
          "Canberra": "10.50",
          "Pyongyang": "1.23"
        },
        "Machinery and Mechanical Appliances; Electrical Equipment; Parts thereof; Sound Recorders and Reproducers, Television Image and Sound Recorders and Reproducers, and Parts and Accessories of such Articles": {
          "Czech Republic": "3.79",
          "Canberra": "67.82",
          "Rome": "14.35",
          "Jakarta": "3.04"
        },
        "Vehicles, Aircraft, Vessels, and Associated Transport Equipment": {
          "Micronesia, Fed. Sts.": "0.53",
          "Canberra": "63.33",
          "Washington, D.C.": "30.87",
          "Wellington": "2.18",
          "Jakarta": "1.77"
        },
        "Optical, Photographic, Cinematographic, Measuring, Checking, Precision, Medical or Surgical Instruments and Apparatus; Clocks and Watches; Musical Instruments; Parts and Accessories thereof": {
          "Canberra": "65.25",
          "Washington, D.C.": "12.24",
          "Rome": "5.43",
          "Jakarta": "2.01"
        },
        "Miscellaneous Manufactured Articles": {
          "Thailand": "3.42",
          "Canberra": "36.33",
          "Abu Dhabi": "15.42",
          "Washington, D.C.": "6.55"
        }
      }
    }
  }
}