{
  "Main Partners": {
    "2007": {
      "Exports": {
        "Animals & Animal Products": {
          "Tunisia": "64.07",
          "Cairo": "33.85",
          "Rome": "2.08"
        },
        "Vegetable Products": {
          "Rome": "40.08",
          "Cairo": "24.51",
          "Madrid": "22.08",
          "Abu Dhabi": "13.33"
        },
        "Prepared Foodstuffs; Beverages, Spirits, Vinegar, Tobacco and Manufactured Tobacco Substitutes": {
          "Abu Dhabi": "100.00"
        },
        "Mineral Products": {
          "Cairo": "97.05",
          "Rome": "2.95"
        },
        "Products of the Chemical or Allied Industries": {
          "Rome": "15.96",
          "Washington, D.C.": "10.61",
          "Amsterdam": "10.05",
          "Athens": "9.46",
          "Berlin": "7.58"
        },
        "Plastics and Articles thereof; Rubber and Articles thereof": {
          "Slovenia": "33.27",
          "Tunisia": "11.55",
          "Syrian Arab Republic": "9.25",
          "Ankara": "23.41",
          "Cairo": "6.44"
        },
        "Raw Hides and Skins, Leather, Furskins, and Articles thereof; Saddlery and Harness; Travel Goods, Handbags, and Similar Containers; Articles of Animal Gut (Other than Silk-worm Gut)": {
          "Ankara": "51.86",
          "Rome": "35.63",
          "Cairo": "12.51"
        },
        "Wood and Articles of Wood; Wood Charcoal; Cork and Articles of Cork; Manufactures of Straw, of Esparto or of Other Plaiting Materials; Basketware and Wickerwork": {
          "Cairo": "100.00"
        },
        "Textiles and Textile Articles": {
          "Abu Dhabi": "42.58",
          "Beijing": "18.32",
          "London": "16.72",
          "Ankara": "12.63",
          "Lisbon": "6.72"
        },
        "Natural or Cultured Pearls, Precious or Semi-precious Stones, Precious Metals, Metals Clad with Precious Metal, and Articles thereof; Imitation Jewellery; Coin": {
          "Jordan": "7.98",
          "London": "64.39",
          "Madrid": "9.33",
          "Rome": "5.34",
          "Abu Dhabi": "5.23"
        },
        "Base Metals and Articles of Base Metal": {
          "Iran, Islamic Rep.": "9.63",
          "Rome": "26.12",
          "Cairo": "20.74",
          "Madrid": "14.22",
          "Nicosia": "5.05"
        },
        "Machinery and Mechanical Appliances; Electrical Equipment; Parts thereof; Sound Recorders and Reproducers, Television Image and Sound Recorders and Reproducers, and Parts and Accessories of such Articles": {
          "Algiers": "94.67",
          "Rome": "5.33"
        },
        "Optical, Photographic, Cinematographic, Measuring, Checking, Precision, Medical or Surgical Instruments and Apparatus; Clocks and Watches; Musical Instruments; Parts and Accessories thereof": {
          "Rome": "16.45",
          "Cairo": "9.27",
          "Washington, D.C.": "8.01",
          "Amsterdam": "7.62",
          "Athens": "7.37"
        },
        "Miscellaneous Manufactured Articles": {
          "Unspecified": "100.00"
        }
      },
      "Imports": {
        "Animals & Animal Products": {
          "Tunisia": "64.07",
          "Cairo": "33.85",
          "Rome": "2.08"
        },
        "Vegetable Products": {
          "Rome": "40.08",
          "Cairo": "24.51",
          "Madrid": "22.08",
          "Abu Dhabi": "13.33"
        },
        "Prepared Foodstuffs; Beverages, Spirits, Vinegar, Tobacco and Manufactured Tobacco Substitutes": {
          "Abu Dhabi": "100.00"
        },
        "Mineral Products": {
          "Cairo": "97.05",
          "Rome": "2.95"
        },
        "Products of the Chemical or Allied Industries": {
          "Rome": "15.96",
          "Washington, D.C.": "10.61",
          "Amsterdam": "10.05",
          "Athens": "9.46",
          "Berlin": "7.58"
        },
        "Plastics and Articles thereof; Rubber and Articles thereof": {
          "Slovenia": "33.27",
          "Tunisia": "11.55",
          "Syrian Arab Republic": "9.25",
          "Ankara": "23.41",
          "Cairo": "6.44"
        },
        "Raw Hides and Skins, Leather, Furskins, and Articles thereof; Saddlery and Harness; Travel Goods, Handbags, and Similar Containers; Articles of Animal Gut (Other than Silk-worm Gut)": {
          "Ankara": "51.86",
          "Rome": "35.63",
          "Cairo": "12.51"
        },
        "Wood and Articles of Wood; Wood Charcoal; Cork and Articles of Cork; Manufactures of Straw, of Esparto or of Other Plaiting Materials; Basketware and Wickerwork": {
          "Cairo": "100.00"
        },
        "Textiles and Textile Articles": {
          "Abu Dhabi": "42.58",
          "Beijing": "18.32",
          "London": "16.72",
          "Ankara": "12.63",
          "Lisbon": "6.72"
        },
        "Natural or Cultured Pearls, Precious or Semi-precious Stones, Precious Metals, Metals Clad with Precious Metal, and Articles thereof; Imitation Jewellery; Coin": {
          "Jordan": "7.98",
          "London": "64.39",
          "Madrid": "9.33",
          "Rome": "5.34",
          "Abu Dhabi": "5.23"
        },
        "Base Metals and Articles of Base Metal": {
          "Iran, Islamic Rep.": "9.63",
          "Rome": "26.12",
          "Cairo": "20.74",
          "Madrid": "14.22",
          "Nicosia": "5.05"
        },
        "Machinery and Mechanical Appliances; Electrical Equipment; Parts thereof; Sound Recorders and Reproducers, Television Image and Sound Recorders and Reproducers, and Parts and Accessories of such Articles": {
          "Algiers": "94.67",
          "Rome": "5.33"
        },
        "Optical, Photographic, Cinematographic, Measuring, Checking, Precision, Medical or Surgical Instruments and Apparatus; Clocks and Watches; Musical Instruments; Parts and Accessories thereof": {
          "Rome": "16.45",
          "Cairo": "9.27",
          "Washington, D.C.": "8.01",
          "Amsterdam": "7.62",
          "Athens": "7.37"
        },
        "Miscellaneous Manufactured Articles": {
          "Unspecified": "100.00"
        }
      }
    },
    "2008": {
      "Exports": {
        "Animals & Animal Products": {
          "Tunisia": "92.47",
          "Cairo": "7.53"
        },
        "Vegetable Products": {
          "Madrid": "100.00"
        },
        "Prepared Foodstuffs; Beverages, Spirits, Vinegar, Tobacco and Manufactured Tobacco Substitutes": {
          "Tunisia": "71.34",
          "Unspecified": "28.66"
        },
        "Products of the Chemical or Allied Industries": {
          "Romania": "8.32",
          "Rome": "12.48",
          "Cairo": "9.79",
          "Athens": "8.76",
          "Washington, D.C.": "7.15"
        },
        "Plastics and Articles thereof; Rubber and Articles thereof": {
          "Slovak Republic": "25.51",
          "Tunisia": "6.83",
          "Ankara": "32.55",
          "Madrid": "8.93",
          "Athens": "6.18"
        },
        "Raw Hides and Skins, Leather, Furskins, and Articles thereof; Saddlery and Harness; Travel Goods, Handbags, and Similar Containers; Articles of Animal Gut (Other than Silk-worm Gut)": {
          "Tunisia": "14.88",
          "Syrian Arab Republic": "3.93",
          "Rome": "46.37",
          "Ankara": "34.82"
        },
        "Wood and Articles of Wood; Wood Charcoal; Cork and Articles of Cork; Manufactures of Straw, of Esparto or of Other Plaiting Materials; Basketware and Wickerwork": {
          "Thailand": "100.00"
        },
        "Textiles and Textile Articles": {
          "Lisbon": "91.44",
          "Abu Dhabi": "3.33",
          "Berlin": "3.00",
          "London": "1.17",
          "Rome": "0.61"
        },
        "Natural or Cultured Pearls, Precious or Semi-precious Stones, Precious Metals, Metals Clad with Precious Metal, and Articles thereof; Imitation Jewellery; Coin": {
          "Belgium": "68.96",
          "Abu Dhabi": "28.21",
          "Bern": "2.82"
        },
        "Base Metals and Articles of Base Metal": {
          "Tunisia": "7.60",
          "Cairo": "23.16",
          "Madrid": "16.33",
          "Rome": "15.03",
          "London": "8.81"
        },
        "Machinery and Mechanical Appliances; Electrical Equipment; Parts thereof; Sound Recorders and Reproducers, Television Image and Sound Recorders and Reproducers, and Parts and Accessories of such Articles": {
          "Algiers": "100.00"
        },
        "Optical, Photographic, Cinematographic, Measuring, Checking, Precision, Medical or Surgical Instruments and Apparatus; Clocks and Watches; Musical Instruments; Parts and Accessories thereof": {
          "Romania": "5.98",
          "Cairo": "12.36",
          "Rome": "12.35",
          "Madrid": "8.86",
          "Athens": "6.62"
        }
      },
      "Imports": {
        "Animals & Animal Products": {
          "Tunisia": "92.47",
          "Cairo": "7.53"
        },
        "Vegetable Products": {
          "Madrid": "100.00"
        },
        "Prepared Foodstuffs; Beverages, Spirits, Vinegar, Tobacco and Manufactured Tobacco Substitutes": {
          "Tunisia": "71.34",
          "Unspecified": "28.66"
        },
        "Products of the Chemical or Allied Industries": {
          "Romania": "8.32",
          "Rome": "12.48",
          "Cairo": "9.79",
          "Athens": "8.76",
          "Washington, D.C.": "7.15"
        },
        "Plastics and Articles thereof; Rubber and Articles thereof": {
          "Slovak Republic": "25.51",
          "Tunisia": "6.83",
          "Ankara": "32.55",
          "Madrid": "8.93",
          "Athens": "6.18"
        },
        "Raw Hides and Skins, Leather, Furskins, and Articles thereof; Saddlery and Harness; Travel Goods, Handbags, and Similar Containers; Articles of Animal Gut (Other than Silk-worm Gut)": {
          "Tunisia": "14.88",
          "Syrian Arab Republic": "3.93",
          "Rome": "46.37",
          "Ankara": "34.82"
        },
        "Wood and Articles of Wood; Wood Charcoal; Cork and Articles of Cork; Manufactures of Straw, of Esparto or of Other Plaiting Materials; Basketware and Wickerwork": {
          "Thailand": "100.00"
        },
        "Textiles and Textile Articles": {
          "Lisbon": "91.44",
          "Abu Dhabi": "3.33",
          "Berlin": "3.00",
          "London": "1.17",
          "Rome": "0.61"
        },
        "Natural or Cultured Pearls, Precious or Semi-precious Stones, Precious Metals, Metals Clad with Precious Metal, and Articles thereof; Imitation Jewellery; Coin": {
          "Belgium": "68.96",
          "Abu Dhabi": "28.21",
          "Bern": "2.82"
        },
        "Base Metals and Articles of Base Metal": {
          "Tunisia": "7.60",
          "Cairo": "23.16",
          "Madrid": "16.33",
          "Rome": "15.03",
          "London": "8.81"
        },
        "Machinery and Mechanical Appliances; Electrical Equipment; Parts thereof; Sound Recorders and Reproducers, Television Image and Sound Recorders and Reproducers, and Parts and Accessories of such Articles": {
          "Algiers": "100.00"
        },
        "Optical, Photographic, Cinematographic, Measuring, Checking, Precision, Medical or Surgical Instruments and Apparatus; Clocks and Watches; Musical Instruments; Parts and Accessories thereof": {
          "Romania": "5.98",
          "Cairo": "12.36",
          "Rome": "12.35",
          "Madrid": "8.86",
          "Athens": "6.62"
        }
      }
    },
    "2009": {
      "Exports": {
        "Animals & Animal Products": {
          "Tunisia": "100.00"
        },
        "Vegetable Products": {
          "Madrid": "100.00"
        },
        "Prepared Foodstuffs; Beverages, Spirits, Vinegar, Tobacco and Manufactured Tobacco Substitutes": {
          "Tunisia": "53.66",
          "Guinea": "2.87",
          "Cairo": "43.46"
        },
        "Products of the Chemical or Allied Industries": {
          "Romania": "14.17",
          "Cairo": "13.18",
          "Athens": "13.16",
          "Ankara": "11.54",
          "Rome": "6.01"
        },
        "Plastics and Articles thereof; Rubber and Articles thereof": {
          "Slovenia": "20.52",
          "Syrian Arab Republic": "10.67",
          "Tunisia": "4.46",
          "Ankara": "50.52",
          "Cairo": "6.39"
        },
        "Raw Hides and Skins, Leather, Furskins, and Articles thereof; Saddlery and Harness; Travel Goods, Handbags, and Similar Containers; Articles of Animal Gut (Other than Silk-worm Gut)": {
          "Tunisia": "11.30",
          "Syrian Arab Republic": "1.16",
          "Rome": "71.12",
          "Ankara": "16.42"
        },
        "Wood and Articles of Wood; Wood Charcoal; Cork and Articles of Cork; Manufactures of Straw, of Esparto or of Other Plaiting Materials; Basketware and Wickerwork": {
          "Syrian Arab Republic": "92.16",
          "Rome": "7.84"
        },
        "Textiles and Textile Articles": {
          "Jordan": "19.61",
          "Berlin": "32.19",
          "Lisbon": "25.03",
          "Ankara": "16.01",
          "New Delhi": "3.10"
        },
        "Natural or Cultured Pearls, Precious or Semi-precious Stones, Precious Metals, Metals Clad with Precious Metal, and Articles thereof; Imitation Jewellery; Coin": {
          "Belgium": "57.14",
          "Abu Dhabi": "42.86"
        },
        "Base Metals and Articles of Base Metal": {
          "Tunisia": "10.85",
          "Cairo": "51.74",
          "Rome": "11.72",
          "Madrid": "6.74",
          "Berlin": "6.24"
        },
        "Machinery and Mechanical Appliances; Electrical Equipment; Parts thereof; Sound Recorders and Reproducers, Television Image and Sound Recorders and Reproducers, and Parts and Accessories of such Articles": {
          "Mali": "100.00"
        },
        "Vehicles, Aircraft, Vessels, and Associated Transport Equipment": {
          "Rabat": "100.00"
        },
        "Optical, Photographic, Cinematographic, Measuring, Checking, Precision, Medical or Surgical Instruments and Apparatus; Clocks and Watches; Musical Instruments; Parts and Accessories thereof": {
          "Romania": "9.02",
          "Cairo": "20.34",
          "Ankara": "14.94",
          "Athens": "8.84",
          "Rome": "6.48"
        }
      },
      "Imports": {
        "Animals & Animal Products": {
          "Tunisia": "100.00"
        },
        "Vegetable Products": {
          "Madrid": "100.00"
        },
        "Prepared Foodstuffs; Beverages, Spirits, Vinegar, Tobacco and Manufactured Tobacco Substitutes": {
          "Tunisia": "53.66",
          "Guinea": "2.87",
          "Cairo": "43.46"
        },
        "Products of the Chemical or Allied Industries": {
          "Romania": "14.17",
          "Cairo": "13.18",
          "Athens": "13.16",
          "Ankara": "11.54",
          "Rome": "6.01"
        },
        "Plastics and Articles thereof; Rubber and Articles thereof": {
          "Slovenia": "20.52",
          "Syrian Arab Republic": "10.67",
          "Tunisia": "4.46",
          "Ankara": "50.52",
          "Cairo": "6.39"
        },
        "Raw Hides and Skins, Leather, Furskins, and Articles thereof; Saddlery and Harness; Travel Goods, Handbags, and Similar Containers; Articles of Animal Gut (Other than Silk-worm Gut)": {
          "Tunisia": "11.30",
          "Syrian Arab Republic": "1.16",
          "Rome": "71.12",
          "Ankara": "16.42"
        },
        "Wood and Articles of Wood; Wood Charcoal; Cork and Articles of Cork; Manufactures of Straw, of Esparto or of Other Plaiting Materials; Basketware and Wickerwork": {
          "Syrian Arab Republic": "92.16",
          "Rome": "7.84"
        },
        "Textiles and Textile Articles": {
          "Jordan": "19.61",
          "Berlin": "32.19",
          "Lisbon": "25.03",
          "Ankara": "16.01",
          "New Delhi": "3.10"
        },
        "Natural or Cultured Pearls, Precious or Semi-precious Stones, Precious Metals, Metals Clad with Precious Metal, and Articles thereof; Imitation Jewellery; Coin": {
          "Belgium": "57.14",
          "Abu Dhabi": "42.86"
        },
        "Base Metals and Articles of Base Metal": {
          "Tunisia": "10.85",
          "Cairo": "51.74",
          "Rome": "11.72",
          "Madrid": "6.74",
          "Berlin": "6.24"
        },
        "Machinery and Mechanical Appliances; Electrical Equipment; Parts thereof; Sound Recorders and Reproducers, Television Image and Sound Recorders and Reproducers, and Parts and Accessories of such Articles": {
          "Mali": "100.00"
        },
        "Vehicles, Aircraft, Vessels, and Associated Transport Equipment": {
          "Rabat": "100.00"
        },
        "Optical, Photographic, Cinematographic, Measuring, Checking, Precision, Medical or Surgical Instruments and Apparatus; Clocks and Watches; Musical Instruments; Parts and Accessories thereof": {
          "Romania": "9.02",
          "Cairo": "20.34",
          "Ankara": "14.94",
          "Athens": "8.84",
          "Rome": "6.48"
        }
      }
    },
    "2010": {
      "Exports": {
        "Animals & Animal Products": {
          "Beijing": "100.00"
        },
        "Vegetable Products": {
          "Mauritania": "73.62",
          "Abu Dhabi": "26.38"
        },
        "Prepared Foodstuffs; Beverages, Spirits, Vinegar, Tobacco and Manufactured Tobacco Substitutes": {
          "Tunisia": "72.23",
          "Jordan": "6.85",
          "Liberia": "4.57",
          "Abu Dhabi": "16.35"
        },
        "Products of the Chemical or Allied Industries": {
          "Romania": "8.36",
          "Ankara": "14.49",
          "Cairo": "12.52",
          "Berlin": "9.33",
          "Athens": "8.21"
        },
        "Plastics and Articles thereof; Rubber and Articles thereof": {
          "Tunisia": "6.32",
          "Slovenia": "2.61",
          "Ankara": "66.16",
          "Cairo": "12.86",
          "Sofia": "7.92"
        },
        "Raw Hides and Skins, Leather, Furskins, and Articles thereof; Saddlery and Harness; Travel Goods, Handbags, and Similar Containers; Articles of Animal Gut (Other than Silk-worm Gut)": {
          "Tunisia": "93.07",
          "Ankara": "6.93"
        },
        "Textiles and Textile Articles": {
          "Syrian Arab Republic": "9.18",
          "Belgium": "3.25",
          "London": "37.93",
          "Abu Dhabi": "31.00",
          "New Delhi": "17.23"
        },
        "Natural or Cultured Pearls, Precious or Semi-precious Stones, Precious Metals, Metals Clad with Precious Metal, and Articles thereof; Imitation Jewellery; Coin": {
          "Belgium": "20.91",
          "Ankara": "77.96",
          "Abu Dhabi": "1.13"
        },
        "Base Metals and Articles of Base Metal": {
          "Cairo": "30.26",
          "Paris": "11.23",
          "Madrid": "7.82",
          "Ankara": "7.61",
          "Rome": "7.56"
        },
        "Optical, Photographic, Cinematographic, Measuring, Checking, Precision, Medical or Surgical Instruments and Apparatus; Clocks and Watches; Musical Instruments; Parts and Accessories thereof": {
          "Cairo": "18.48",
          "Ankara": "17.88",
          "Berlin": "7.50",
          "Paris": "7.34",
          "Rome": "6.28"
        }
      },
      "Imports": {
        "Animals & Animal Products": {
          "Beijing": "100.00"
        },
        "Vegetable Products": {
          "Mauritania": "73.62",
          "Abu Dhabi": "26.38"
        },
        "Prepared Foodstuffs; Beverages, Spirits, Vinegar, Tobacco and Manufactured Tobacco Substitutes": {
          "Tunisia": "72.23",
          "Jordan": "6.85",
          "Liberia": "4.57",
          "Abu Dhabi": "16.35"
        },
        "Products of the Chemical or Allied Industries": {
          "Romania": "8.36",
          "Ankara": "14.49",
          "Cairo": "12.52",
          "Berlin": "9.33",
          "Athens": "8.21"
        },
        "Plastics and Articles thereof; Rubber and Articles thereof": {
          "Tunisia": "6.32",
          "Slovenia": "2.61",
          "Ankara": "66.16",
          "Cairo": "12.86",
          "Sofia": "7.92"
        },
        "Raw Hides and Skins, Leather, Furskins, and Articles thereof; Saddlery and Harness; Travel Goods, Handbags, and Similar Containers; Articles of Animal Gut (Other than Silk-worm Gut)": {
          "Tunisia": "93.07",
          "Ankara": "6.93"
        },
        "Textiles and Textile Articles": {
          "Syrian Arab Republic": "9.18",
          "Belgium": "3.25",
          "London": "37.93",
          "Abu Dhabi": "31.00",
          "New Delhi": "17.23"
        },
        "Natural or Cultured Pearls, Precious or Semi-precious Stones, Precious Metals, Metals Clad with Precious Metal, and Articles thereof; Imitation Jewellery; Coin": {
          "Belgium": "20.91",
          "Ankara": "77.96",
          "Abu Dhabi": "1.13"
        },
        "Base Metals and Articles of Base Metal": {
          "Cairo": "30.26",
          "Paris": "11.23",
          "Madrid": "7.82",
          "Ankara": "7.61",
          "Rome": "7.56"
        },
        "Optical, Photographic, Cinematographic, Measuring, Checking, Precision, Medical or Surgical Instruments and Apparatus; Clocks and Watches; Musical Instruments; Parts and Accessories thereof": {
          "Cairo": "18.48",
          "Ankara": "17.88",
          "Berlin": "7.50",
          "Paris": "7.34",
          "Rome": "6.28"
        }
      }
    },
    "2016": {
      "Exports": {
        "Animals & Animal Products": {
          "Malta": "36.62",
          "Tokyo": "27.96",
          "Ankara": "15.03",
          "Seoul": "14.05",
          "Cairo": "2.47"
        },
        "Vegetable Products": {
          "Tunisia": "20.70",
          "Georgia": "3.99",
          "Rome": "51.99",
          "Abu Dhabi": "5.03",
          "Ottawa": "2.34"
        },
        "Prepared Foodstuffs; Beverages, Spirits, Vinegar, Tobacco and Manufactured Tobacco Substitutes": {
          "Tunisia": "52.52",
          "Thailand": "21.58",
          "Luxembourg": "9.50",
          "Kuala Lumpur": "5.43",
          "Santiago": "4.36"
        },
        "Mineral Products": {
          "Tunisia": "23.23",
          "Uruguay": "8.05",
          "Buenos Aires": "47.43",
          "Cairo": "15.16",
          "New Delhi": "5.20"
        },
        "Products of the Chemical or Allied Industries": {
          "Washington, D.C.": "16.51",
          "Cairo": "13.66",
          "Rome": "13.28",
          "Accra": "8.50",
          "Ottawa": "7.16"
        },
        "Plastics and Articles thereof; Rubber and Articles thereof": {
          "Tunisia": "62.25",
          "Belgium": "4.41",
          "Accra": "10.66",
          "Ankara": "8.39",
          "Warsaw": "2.85"
        },
        "Raw Hides and Skins, Leather, Furskins, and Articles thereof; Saddlery and Harness; Travel Goods, Handbags, and Similar Containers; Articles of Animal Gut (Other than Silk-worm Gut)": {
          "Tunisia": "1.98",
          "Ukraine": "1.12",
          "Ankara": "63.78",
          "Rome": "29.62",
          "Cairo": "3.29"
        },
        "Wood and Articles of Wood; Wood Charcoal; Cork and Articles of Cork; Manufactures of Straw, of Esparto or of Other Plaiting Materials; Basketware and Wickerwork": {
          "Tunisia": "79.03",
          "Thailand": "0.81",
          "Ankara": "15.99",
          "New Delhi": "2.53",
          "Paris": "0.86"
        },
        "Textiles and Textile Articles": {
          "Mauritania": "10.50",
          "Tunisia": "5.82",
          "New Delhi": "31.30",
          "London": "19.01",
          "Ankara": "15.53"
        },
        "Footwear, Headgear, Umbrellas, Sun Umbrellas, Walking-sticks, Seat-sticks, Whips, Riding-crops, and Parts thereof; Prepared Feathers and Articles Made therewith; Artificial Flowers; Articles of Human Hair": {
          "Jordan": "91.77",
          "Bern": "5.08",
          "Stockholm": "3.15"
        },
        "Articles of Stone, Plaster, Cement, Asbestos, Mica or Similar Materials; Ceramic Products; Glass and Glassware": {
          "Tunisia": "0.08",
          "Abu Dhabi": "97.01",
          "Ankara": "2.79",
          "Stockholm": "0.06",
          "Rome": "0.06"
        },
        "Natural or Cultured Pearls, Precious or Semi-precious Stones, Precious Metals, Metals Clad with Precious Metal, and Articles thereof; Imitation Jewellery; Coin": {
          "Ankara": "61.06",
          "Berlin": "8.09",
          "New Delhi": "6.92",
          "Paris": "5.74",
          "Amsterdam": "4.83"
        },
        "Base Metals and Articles of Base Metal": {
          "Ankara": "49.60",
          "Rome": "7.60",
          "Berlin": "6.46",
          "New Delhi": "5.50",
          "Cairo": "5.21"
        },
        "Machinery and Mechanical Appliances; Electrical Equipment; Parts thereof; Sound Recorders and Reproducers, Television Image and Sound Recorders and Reproducers, and Parts and Accessories of such Articles": {
          "Sudan": "5.55",
          "Tunisia": "4.21",
          "New Delhi": "37.83",
          "Cairo": "32.92",
          "Seoul": "3.69"
        },
        "Vehicles, Aircraft, Vessels, and Associated Transport Equipment": {
          "Sudan": "75.93",
          "Tunisia": "8.06",
          "Cairo": "2.87",
          "Amsterdam": "2.53",
          "Berlin": "2.50"
        },
        "Optical, Photographic, Cinematographic, Measuring, Checking, Precision, Medical or Surgical Instruments and Apparatus; Clocks and Watches; Musical Instruments; Parts and Accessories thereof": {
          "Tunisia": "9.43",
          "Cairo": "16.63",
          "Rome": "16.43",
          "Ankara": "9.77",
          "Washington, D.C.": "7.27"
        },
        "Miscellaneous Manufactured Articles": {
          "Albania": "77.23",
          "Belgium": "4.16",
          "Rome": "4.00",
          "Washington, D.C.": "3.64",
          "Berlin": "2.94"
        }
      },
      "Imports": {
        "Animals & Animal Products": {
          "Malta": "36.62",
          "Tokyo": "27.96",
          "Ankara": "15.03",
          "Seoul": "14.05",
          "Cairo": "2.47"
        },
        "Vegetable Products": {
          "Tunisia": "20.70",
          "Georgia": "3.99",
          "Rome": "51.99",
          "Abu Dhabi": "5.03",
          "Ottawa": "2.34"
        },
        "Prepared Foodstuffs; Beverages, Spirits, Vinegar, Tobacco and Manufactured Tobacco Substitutes": {
          "Tunisia": "52.52",
          "Thailand": "21.58",
          "Luxembourg": "9.50",
          "Kuala Lumpur": "5.43",
          "Santiago": "4.36"
        },
        "Mineral Products": {
          "Tunisia": "23.23",
          "Uruguay": "8.05",
          "Buenos Aires": "47.43",
          "Cairo": "15.16",
          "New Delhi": "5.20"
        },
        "Products of the Chemical or Allied Industries": {
          "Washington, D.C.": "16.51",
          "Cairo": "13.66",
          "Rome": "13.28",
          "Accra": "8.50",
          "Ottawa": "7.16"
        },
        "Plastics and Articles thereof; Rubber and Articles thereof": {
          "Tunisia": "62.25",
          "Belgium": "4.41",
          "Accra": "10.66",
          "Ankara": "8.39",
          "Warsaw": "2.85"
        },
        "Raw Hides and Skins, Leather, Furskins, and Articles thereof; Saddlery and Harness; Travel Goods, Handbags, and Similar Containers; Articles of Animal Gut (Other than Silk-worm Gut)": {
          "Tunisia": "1.98",
          "Ukraine": "1.12",
          "Ankara": "63.78",
          "Rome": "29.62",
          "Cairo": "3.29"
        },
        "Wood and Articles of Wood; Wood Charcoal; Cork and Articles of Cork; Manufactures of Straw, of Esparto or of Other Plaiting Materials; Basketware and Wickerwork": {
          "Tunisia": "79.03",
          "Thailand": "0.81",
          "Ankara": "15.99",
          "New Delhi": "2.53",
          "Paris": "0.86"
        },
        "Textiles and Textile Articles": {
          "Mauritania": "10.50",
          "Tunisia": "5.82",
          "New Delhi": "31.30",
          "London": "19.01",
          "Ankara": "15.53"
        },
        "Footwear, Headgear, Umbrellas, Sun Umbrellas, Walking-sticks, Seat-sticks, Whips, Riding-crops, and Parts thereof; Prepared Feathers and Articles Made therewith; Artificial Flowers; Articles of Human Hair": {
          "Jordan": "91.77",
          "Bern": "5.08",
          "Stockholm": "3.15"
        },
        "Articles of Stone, Plaster, Cement, Asbestos, Mica or Similar Materials; Ceramic Products; Glass and Glassware": {
          "Tunisia": "0.08",
          "Abu Dhabi": "97.01",
          "Ankara": "2.79",
          "Stockholm": "0.06",
          "Rome": "0.06"
        },
        "Natural or Cultured Pearls, Precious or Semi-precious Stones, Precious Metals, Metals Clad with Precious Metal, and Articles thereof; Imitation Jewellery; Coin": {
          "Ankara": "61.06",
          "Berlin": "8.09",
          "New Delhi": "6.92",
          "Paris": "5.74",
          "Amsterdam": "4.83"
        },
        "Base Metals and Articles of Base Metal": {
          "Ankara": "49.60",
          "Rome": "7.60",
          "Berlin": "6.46",
          "New Delhi": "5.50",
          "Cairo": "5.21"
        },
        "Machinery and Mechanical Appliances; Electrical Equipment; Parts thereof; Sound Recorders and Reproducers, Television Image and Sound Recorders and Reproducers, and Parts and Accessories of such Articles": {
          "Sudan": "5.55",
          "Tunisia": "4.21",
          "New Delhi": "37.83",
          "Cairo": "32.92",
          "Seoul": "3.69"
        },
        "Vehicles, Aircraft, Vessels, and Associated Transport Equipment": {
          "Sudan": "75.93",
          "Tunisia": "8.06",
          "Cairo": "2.87",
          "Amsterdam": "2.53",
          "Berlin": "2.50"
        },
        "Optical, Photographic, Cinematographic, Measuring, Checking, Precision, Medical or Surgical Instruments and Apparatus; Clocks and Watches; Musical Instruments; Parts and Accessories thereof": {
          "Tunisia": "9.43",
          "Cairo": "16.63",
          "Rome": "16.43",
          "Ankara": "9.77",
          "Washington, D.C.": "7.27"
        },
        "Miscellaneous Manufactured Articles": {
          "Albania": "77.23",
          "Belgium": "4.16",
          "Rome": "4.00",
          "Washington, D.C.": "3.64",
          "Berlin": "2.94"
        }
      }
    },
    "2017": {
      "Exports": {
        "Animals & Animal Products": {
          "Malta": "36.62",
          "Tokyo": "27.96",
          "Ankara": "15.03",
          "Seoul": "14.05",
          "Cairo": "2.47"
        },
        "Vegetable Products": {
          "Tunisia": "20.70",
          "Georgia": "3.99",
          "Rome": "51.99",
          "Abu Dhabi": "5.03",
          "Ottawa": "2.34"
        },
        "Prepared Foodstuffs; Beverages, Spirits, Vinegar, Tobacco and Manufactured Tobacco Substitutes": {
          "Tunisia": "52.52",
          "Thailand": "21.58",
          "Luxembourg": "9.50",
          "Kuala Lumpur": "5.43",
          "Santiago": "4.36"
        },
        "Mineral Products": {
          "Tunisia": "23.23",
          "Uruguay": "8.05",
          "Buenos Aires": "47.43",
          "Cairo": "15.16",
          "New Delhi": "5.20"
        },
        "Products of the Chemical or Allied Industries": {
          "Washington, D.C.": "16.51",
          "Cairo": "13.66",
          "Rome": "13.28",
          "Accra": "8.50",
          "Ottawa": "7.16"
        },
        "Plastics and Articles thereof; Rubber and Articles thereof": {
          "Tunisia": "62.25",
          "Belgium": "4.41",
          "Accra": "10.66",
          "Ankara": "8.39",
          "Warsaw": "2.85"
        },
        "Raw Hides and Skins, Leather, Furskins, and Articles thereof; Saddlery and Harness; Travel Goods, Handbags, and Similar Containers; Articles of Animal Gut (Other than Silk-worm Gut)": {
          "Tunisia": "1.98",
          "Ukraine": "1.12",
          "Ankara": "63.78",
          "Rome": "29.62",
          "Cairo": "3.29"
        },
        "Wood and Articles of Wood; Wood Charcoal; Cork and Articles of Cork; Manufactures of Straw, of Esparto or of Other Plaiting Materials; Basketware and Wickerwork": {
          "Tunisia": "79.03",
          "Thailand": "0.81",
          "Ankara": "15.99",
          "New Delhi": "2.53",
          "Paris": "0.86"
        },
        "Textiles and Textile Articles": {
          "Mauritania": "10.50",
          "Tunisia": "5.82",
          "New Delhi": "31.30",
          "London": "19.01",
          "Ankara": "15.53"
        },
        "Footwear, Headgear, Umbrellas, Sun Umbrellas, Walking-sticks, Seat-sticks, Whips, Riding-crops, and Parts thereof; Prepared Feathers and Articles Made therewith; Artificial Flowers; Articles of Human Hair": {
          "Jordan": "91.77",
          "Bern": "5.08",
          "Stockholm": "3.15"
        },
        "Articles of Stone, Plaster, Cement, Asbestos, Mica or Similar Materials; Ceramic Products; Glass and Glassware": {
          "Tunisia": "0.08",
          "Abu Dhabi": "97.01",
          "Ankara": "2.79",
          "Stockholm": "0.06",
          "Rome": "0.06"
        },
        "Natural or Cultured Pearls, Precious or Semi-precious Stones, Precious Metals, Metals Clad with Precious Metal, and Articles thereof; Imitation Jewellery; Coin": {
          "Ankara": "61.06",
          "Berlin": "8.09",
          "New Delhi": "6.92",
          "Paris": "5.74",
          "Amsterdam": "4.83"
        },
        "Base Metals and Articles of Base Metal": {
          "Ankara": "49.60",
          "Rome": "7.60",
          "Berlin": "6.46",
          "New Delhi": "5.50",
          "Cairo": "5.21"
        },
        "Machinery and Mechanical Appliances; Electrical Equipment; Parts thereof; Sound Recorders and Reproducers, Television Image and Sound Recorders and Reproducers, and Parts and Accessories of such Articles": {
          "Sudan": "5.55",
          "Tunisia": "4.21",
          "New Delhi": "37.83",
          "Cairo": "32.92",
          "Seoul": "3.69"
        },
        "Vehicles, Aircraft, Vessels, and Associated Transport Equipment": {
          "Sudan": "75.93",
          "Tunisia": "8.06",
          "Cairo": "2.87",
          "Amsterdam": "2.53",
          "Berlin": "2.50"
        },
        "Optical, Photographic, Cinematographic, Measuring, Checking, Precision, Medical or Surgical Instruments and Apparatus; Clocks and Watches; Musical Instruments; Parts and Accessories thereof": {
          "Tunisia": "9.43",
          "Cairo": "16.63",
          "Rome": "16.43",
          "Ankara": "9.77",
          "Washington, D.C.": "7.27"
        },
        "Miscellaneous Manufactured Articles": {
          "Albania": "77.23",
          "Belgium": "4.16",
          "Rome": "4.00",
          "Washington, D.C.": "3.64",
          "Berlin": "2.94"
        }
      },
      "Imports": {
        "Animals & Animal Products": {
          "Malta": "36.62",
          "Tokyo": "27.96",
          "Ankara": "15.03",
          "Seoul": "14.05",
          "Cairo": "2.47"
        },
        "Vegetable Products": {
          "Tunisia": "20.70",
          "Georgia": "3.99",
          "Rome": "51.99",
          "Abu Dhabi": "5.03",
          "Ottawa": "2.34"
        },
        "Prepared Foodstuffs; Beverages, Spirits, Vinegar, Tobacco and Manufactured Tobacco Substitutes": {
          "Tunisia": "52.52",
          "Thailand": "21.58",
          "Luxembourg": "9.50",
          "Kuala Lumpur": "5.43",
          "Santiago": "4.36"
        },
        "Mineral Products": {
          "Tunisia": "23.23",
          "Uruguay": "8.05",
          "Buenos Aires": "47.43",
          "Cairo": "15.16",
          "New Delhi": "5.20"
        },
        "Products of the Chemical or Allied Industries": {
          "Washington, D.C.": "16.51",
          "Cairo": "13.66",
          "Rome": "13.28",
          "Accra": "8.50",
          "Ottawa": "7.16"
        },
        "Plastics and Articles thereof; Rubber and Articles thereof": {
          "Tunisia": "62.25",
          "Belgium": "4.41",
          "Accra": "10.66",
          "Ankara": "8.39",
          "Warsaw": "2.85"
        },
        "Raw Hides and Skins, Leather, Furskins, and Articles thereof; Saddlery and Harness; Travel Goods, Handbags, and Similar Containers; Articles of Animal Gut (Other than Silk-worm Gut)": {
          "Tunisia": "1.98",
          "Ukraine": "1.12",
          "Ankara": "63.78",
          "Rome": "29.62",
          "Cairo": "3.29"
        },
        "Wood and Articles of Wood; Wood Charcoal; Cork and Articles of Cork; Manufactures of Straw, of Esparto or of Other Plaiting Materials; Basketware and Wickerwork": {
          "Tunisia": "79.03",
          "Thailand": "0.81",
          "Ankara": "15.99",
          "New Delhi": "2.53",
          "Paris": "0.86"
        },
        "Textiles and Textile Articles": {
          "Mauritania": "10.50",
          "Tunisia": "5.82",
          "New Delhi": "31.30",
          "London": "19.01",
          "Ankara": "15.53"
        },
        "Footwear, Headgear, Umbrellas, Sun Umbrellas, Walking-sticks, Seat-sticks, Whips, Riding-crops, and Parts thereof; Prepared Feathers and Articles Made therewith; Artificial Flowers; Articles of Human Hair": {
          "Jordan": "91.77",
          "Bern": "5.08",
          "Stockholm": "3.15"
        },
        "Articles of Stone, Plaster, Cement, Asbestos, Mica or Similar Materials; Ceramic Products; Glass and Glassware": {
          "Tunisia": "0.08",
          "Abu Dhabi": "97.01",
          "Ankara": "2.79",
          "Stockholm": "0.06",
          "Rome": "0.06"
        },
        "Natural or Cultured Pearls, Precious or Semi-precious Stones, Precious Metals, Metals Clad with Precious Metal, and Articles thereof; Imitation Jewellery; Coin": {
          "Ankara": "61.06",
          "Berlin": "8.09",
          "New Delhi": "6.92",
          "Paris": "5.74",
          "Amsterdam": "4.83"
        },
        "Base Metals and Articles of Base Metal": {
          "Ankara": "49.60",
          "Rome": "7.60",
          "Berlin": "6.46",
          "New Delhi": "5.50",
          "Cairo": "5.21"
        },
        "Machinery and Mechanical Appliances; Electrical Equipment; Parts thereof; Sound Recorders and Reproducers, Television Image and Sound Recorders and Reproducers, and Parts and Accessories of such Articles": {
          "Sudan": "5.55",
          "Tunisia": "4.21",
          "New Delhi": "37.83",
          "Cairo": "32.92",
          "Seoul": "3.69"
        },
        "Vehicles, Aircraft, Vessels, and Associated Transport Equipment": {
          "Sudan": "75.93",
          "Tunisia": "8.06",
          "Cairo": "2.87",
          "Amsterdam": "2.53",
          "Berlin": "2.50"
        },
        "Optical, Photographic, Cinematographic, Measuring, Checking, Precision, Medical or Surgical Instruments and Apparatus; Clocks and Watches; Musical Instruments; Parts and Accessories thereof": {
          "Tunisia": "9.43",
          "Cairo": "16.63",
          "Rome": "16.43",
          "Ankara": "9.77",
          "Washington, D.C.": "7.27"
        },
        "Miscellaneous Manufactured Articles": {
          "Albania": "77.23",
          "Belgium": "4.16",
          "Rome": "4.00",
          "Washington, D.C.": "3.64",
          "Berlin": "2.94"
        }
      }
    },
    "2018": {
      "Exports": {
        "Animals & Animal Products": {
          "Malta": "38.30",
          "Tokyo": "35.91",
          "Ankara": "11.03",
          "Seoul": "9.67",
          "Cairo": "3.08"
        },
        "Vegetable Products": {
          "Romania": "7.75",
          "Rabat": "58.82",
          "Paris": "3.92",
          "Madrid": "3.53",
          "Kuala Lumpur": "3.23"
        },
        "Prepared Foodstuffs; Beverages, Spirits, Vinegar, Tobacco and Manufactured Tobacco Substitutes": {
          "Georgia": "37.19",
          "Tunisia": "21.29",
          "Malta": "8.58",
          "Santiago": "8.77",
          "Paris": "7.57"
        },
        "Mineral Products": {
          "Tunisia": "94.79",
          "Qatar": "2.13",
          "Abu Dhabi": "1.68",
          "Rome": "0.46",
          "New Delhi": "0.41"
        },
        "Products of the Chemical or Allied Industries": {
          "Ankara": "13.56",
          "Paris": "11.96",
          "Madrid": "11.95",
          "Cairo": "11.03",
          "Oslo": "10.35"
        },
        "Plastics and Articles thereof; Rubber and Articles thereof": {
          "Tunisia": "68.10",
          "Malta": "7.19",
          "Belgium": "7.13",
          "Ankara": "11.01",
          "Jakarta": "2.13"
        },
        "Raw Hides and Skins, Leather, Furskins, and Articles thereof; Saddlery and Harness; Travel Goods, Handbags, and Similar Containers; Articles of Animal Gut (Other than Silk-worm Gut)": {
          "Uruguay": "1.60",
          "Tunisia": "1.17",
          "Ankara": "53.31",
          "Rome": "32.38",
          "Cairo": "11.43"
        },
        "Wood and Articles of Wood; Wood Charcoal; Cork and Articles of Cork; Manufactures of Straw, of Esparto or of Other Plaiting Materials; Basketware and Wickerwork": {
          "Tunisia": "51.03",
          "Slovenia": "2.50",
          "Ankara": "32.03",
          "New Delhi": "10.13",
          "Cairo": "3.03"
        },
        "Textiles and Textile Articles": {
          "New Delhi": "38.29",
          "Ankara": "28.12",
          "London": "11.48",
          "Cairo": "8.01",
          "Beijing": "2.69"
        },
        "Articles of Stone, Plaster, Cement, Asbestos, Mica or Similar Materials; Ceramic Products; Glass and Glassware": {
          "Malta": "0.02",
          "Abu Dhabi": "84.27",
          "Ankara": "14.19",
          "Rome": "1.49",
          "London": "0.03"
        },
        "Natural or Cultured Pearls, Precious or Semi-precious Stones, Precious Metals, Metals Clad with Precious Metal, and Articles thereof; Imitation Jewellery; Coin": {
          "Ankara": "70.38",
          "New Delhi": "9.01",
          "Berlin": "7.42",
          "Paris": "2.55",
          "Madrid": "2.44"
        },
        "Base Metals and Articles of Base Metal": {
          "Ankara": "50.81",
          "Cairo": "11.38",
          "Rome": "6.86",
          "New Delhi": "5.29",
          "Berlin": "4.36"
        },
        "Machinery and Mechanical Appliances; Electrical Equipment; Parts thereof; Sound Recorders and Reproducers, Television Image and Sound Recorders and Reproducers, and Parts and Accessories of such Articles": {
          "Malta": "38.14",
          "Tunisia": "10.41",
          "New Delhi": "37.00",
          "Cairo": "4.67",
          "Madrid": "2.25"
        },
        "Vehicles, Aircraft, Vessels, and Associated Transport Equipment": {
          "Tunisia": "48.11",
          "Malta": "15.85",
          "Cairo": "13.36",
          "Berlin": "7.03",
          "Amsterdam": "2.80"
        },
        "Optical, Photographic, Cinematographic, Measuring, Checking, Precision, Medical or Surgical Instruments and Apparatus; Clocks and Watches; Musical Instruments; Parts and Accessories thereof": {
          "Malta": "6.85",
          "Cairo": "17.80",
          "Ankara": "17.07",
          "Rome": "7.91",
          "Madrid": "6.38"
        },
        "Miscellaneous Manufactured Articles": {
          "Albania": "80.94",
          "Malta": "14.04",
          "London": "1.57",
          "Berlin": "1.29",
          "Washington, D.C.": "0.96"
        }
      },
      "Imports": {
        "Animals & Animal Products": {
          "Malta": "38.30",
          "Tokyo": "35.91",
          "Ankara": "11.03",
          "Seoul": "9.67",
          "Cairo": "3.08"
        },
        "Vegetable Products": {
          "Romania": "7.75",
          "Rabat": "58.82",
          "Paris": "3.92",
          "Madrid": "3.53",
          "Kuala Lumpur": "3.23"
        },
        "Prepared Foodstuffs; Beverages, Spirits, Vinegar, Tobacco and Manufactured Tobacco Substitutes": {
          "Georgia": "37.19",
          "Tunisia": "21.29",
          "Malta": "8.58",
          "Santiago": "8.77",
          "Paris": "7.57"
        },
        "Mineral Products": {
          "Tunisia": "94.79",
          "Qatar": "2.13",
          "Abu Dhabi": "1.68",
          "Rome": "0.46",
          "New Delhi": "0.41"
        },
        "Products of the Chemical or Allied Industries": {
          "Ankara": "13.56",
          "Paris": "11.96",
          "Madrid": "11.95",
          "Cairo": "11.03",
          "Oslo": "10.35"
        },
        "Plastics and Articles thereof; Rubber and Articles thereof": {
          "Tunisia": "68.10",
          "Malta": "7.19",
          "Belgium": "7.13",
          "Ankara": "11.01",
          "Jakarta": "2.13"
        },
        "Raw Hides and Skins, Leather, Furskins, and Articles thereof; Saddlery and Harness; Travel Goods, Handbags, and Similar Containers; Articles of Animal Gut (Other than Silk-worm Gut)": {
          "Uruguay": "1.60",
          "Tunisia": "1.17",
          "Ankara": "53.31",
          "Rome": "32.38",
          "Cairo": "11.43"
        },
        "Wood and Articles of Wood; Wood Charcoal; Cork and Articles of Cork; Manufactures of Straw, of Esparto or of Other Plaiting Materials; Basketware and Wickerwork": {
          "Tunisia": "51.03",
          "Slovenia": "2.50",
          "Ankara": "32.03",
          "New Delhi": "10.13",
          "Cairo": "3.03"
        },
        "Textiles and Textile Articles": {
          "New Delhi": "38.29",
          "Ankara": "28.12",
          "London": "11.48",
          "Cairo": "8.01",
          "Beijing": "2.69"
        },
        "Articles of Stone, Plaster, Cement, Asbestos, Mica or Similar Materials; Ceramic Products; Glass and Glassware": {
          "Malta": "0.02",
          "Abu Dhabi": "84.27",
          "Ankara": "14.19",
          "Rome": "1.49",
          "London": "0.03"
        },
        "Natural or Cultured Pearls, Precious or Semi-precious Stones, Precious Metals, Metals Clad with Precious Metal, and Articles thereof; Imitation Jewellery; Coin": {
          "Ankara": "70.38",
          "New Delhi": "9.01",
          "Berlin": "7.42",
          "Paris": "2.55",
          "Madrid": "2.44"
        },
        "Base Metals and Articles of Base Metal": {
          "Ankara": "50.81",
          "Cairo": "11.38",
          "Rome": "6.86",
          "New Delhi": "5.29",
          "Berlin": "4.36"
        },
        "Machinery and Mechanical Appliances; Electrical Equipment; Parts thereof; Sound Recorders and Reproducers, Television Image and Sound Recorders and Reproducers, and Parts and Accessories of such Articles": {
          "Malta": "38.14",
          "Tunisia": "10.41",
          "New Delhi": "37.00",
          "Cairo": "4.67",
          "Madrid": "2.25"
        },
        "Vehicles, Aircraft, Vessels, and Associated Transport Equipment": {
          "Tunisia": "48.11",
          "Malta": "15.85",
          "Cairo": "13.36",
          "Berlin": "7.03",
          "Amsterdam": "2.80"
        },
        "Optical, Photographic, Cinematographic, Measuring, Checking, Precision, Medical or Surgical Instruments and Apparatus; Clocks and Watches; Musical Instruments; Parts and Accessories thereof": {
          "Malta": "6.85",
          "Cairo": "17.80",
          "Ankara": "17.07",
          "Rome": "7.91",
          "Madrid": "6.38"
        },
        "Miscellaneous Manufactured Articles": {
          "Albania": "80.94",
          "Malta": "14.04",
          "London": "1.57",
          "Berlin": "1.29",
          "Washington, D.C.": "0.96"
        }
      }
    },
    "2019": {
      "Exports": {
        "Animals & Animal Products": {
          "Malta": "46.40",
          "Tunisia": "7.98",
          "Ankara": "22.91",
          "Seoul": "10.90",
          "Tokyo": "5.54"
        },
        "Vegetable Products": {
          "Tunisia": "6.06",
          "Qatar": "2.79",
          "Ankara": "49.82",
          "Rabat": "28.76",
          "Abu Dhabi": "4.96"
        },
        "Prepared Foodstuffs; Beverages, Spirits, Vinegar, Tobacco and Manufactured Tobacco Substitutes": {
          "Mauritania": "7.37",
          "Jordan": "6.14",
          "Ankara": "52.58",
          "New Delhi": "9.87",
          "Warsaw": "6.72"
        },
        "Mineral Products": {
          "Tunisia": "11.80",
          "Ukraine": "4.81",
          "Cairo": "79.00",
          "Ankara": "4.01",
          "Beijing": "0.36"
        },
        "Products of the Chemical or Allied Industries": {
          "Slovenia": "10.74",
          "Washington, D.C.": "27.39",
          "Seoul": "13.47",
          "Ankara": "9.11",
          "New Delhi": "7.51"
        },
        "Plastics and Articles thereof; Rubber and Articles thereof": {
          "Tunisia": "59.73",
          "Malta": "6.31",
          "Ankara": "23.95",
          "Madrid": "2.40",
          "Jakarta": "2.19"
        },
        "Raw Hides and Skins, Leather, Furskins, and Articles thereof; Saddlery and Harness; Travel Goods, Handbags, and Similar Containers; Articles of Animal Gut (Other than Silk-worm Gut)": {
          "Tunisia": "7.24",
          "Ankara": "34.73",
          "Rome": "30.56",
          "Cairo": "26.83",
          "New Delhi": "0.64"
        },
        "Wood and Articles of Wood; Wood Charcoal; Cork and Articles of Cork; Manufactures of Straw, of Esparto or of Other Plaiting Materials; Basketware and Wickerwork": {
          "Tunisia": "67.00",
          "Ankara": "26.94",
          "New Delhi": "3.94",
          "Madrid": "0.67",
          "Washington, D.C.": "0.27"
        },
        "Textiles and Textile Articles": {
          "Tunisia": "19.55",
          "Mauritania": "13.27",
          "New Delhi": "41.48",
          "London": "11.05",
          "Cairo": "3.79"
        },
        "Footwear, Headgear, Umbrellas, Sun Umbrellas, Walking-sticks, Seat-sticks, Whips, Riding-crops, and Parts thereof; Prepared Feathers and Articles Made therewith; Artificial Flowers; Articles of Human Hair": {
          "Jordan": "61.81",
          "Senegal": "23.57",
          "Lebanon": "14.63"
        },
        "Articles of Stone, Plaster, Cement, Asbestos, Mica or Similar Materials; Ceramic Products; Glass and Glassware": {
          "Qatar": "0.23",
          "Luxembourg": "0.01",
          "Abu Dhabi": "81.09",
          "Ankara": "18.46",
          "Rome": "0.21"
        },
        "Natural or Cultured Pearls, Precious or Semi-precious Stones, Precious Metals, Metals Clad with Precious Metal, and Articles thereof; Imitation Jewellery; Coin": {
          "Ankara": "79.44",
          "Cairo": "6.11",
          "New Delhi": "3.62",
          "Athens": "2.74",
          "Islamabad": "2.14"
        },
        "Base Metals and Articles of Base Metal": {
          "Ankara": "62.14",
          "Cairo": "7.64",
          "Rome": "6.88",
          "Paris": "4.22",
          "Riyadh": "3.46"
        },
        "Machinery and Mechanical Appliances; Electrical Equipment; Parts thereof; Sound Recorders and Reproducers, Television Image and Sound Recorders and Reproducers, and Parts and Accessories of such Articles": {
          "Malta": "49.71",
          "Belgium": "3.09",
          "Cairo": "18.81",
          "Nicosia": "7.61",
          "Rome": "4.36"
        },
        "Vehicles, Aircraft, Vessels, and Associated Transport Equipment": {
          "Tunisia": "55.00",
          "Luxembourg": "6.91",
          "Ukraine": "4.03",
          "Cairo": "11.84",
          "Nicosia": "7.88"
        },
        "Optical, Photographic, Cinematographic, Measuring, Checking, Precision, Medical or Surgical Instruments and Apparatus; Clocks and Watches; Musical Instruments; Parts and Accessories thereof": {
          "Ankara": "15.85",
          "Cairo": "13.05",
          "Rome": "12.52",
          "Washington, D.C.": "8.66",
          "Paris": "7.70"
        },
        "Miscellaneous Manufactured Articles": {
          "Albania": "87.28",
          "Malta": "2.02",
          "Berlin": "3.07",
          "Paris": "3.06",
          "London": "1.80"
        }
      },
      "Imports": {
        "Animals & Animal Products": {
          "Malta": "46.40",
          "Tunisia": "7.98",
          "Ankara": "22.91",
          "Seoul": "10.90",
          "Tokyo": "5.54"
        },
        "Vegetable Products": {
          "Tunisia": "6.06",
          "Qatar": "2.79",
          "Ankara": "49.82",
          "Rabat": "28.76",
          "Abu Dhabi": "4.96"
        },
        "Prepared Foodstuffs; Beverages, Spirits, Vinegar, Tobacco and Manufactured Tobacco Substitutes": {
          "Mauritania": "7.37",
          "Jordan": "6.14",
          "Ankara": "52.58",
          "New Delhi": "9.87",
          "Warsaw": "6.72"
        },
        "Mineral Products": {
          "Tunisia": "11.80",
          "Ukraine": "4.81",
          "Cairo": "79.00",
          "Ankara": "4.01",
          "Beijing": "0.36"
        },
        "Products of the Chemical or Allied Industries": {
          "Slovenia": "10.74",
          "Washington, D.C.": "27.39",
          "Seoul": "13.47",
          "Ankara": "9.11",
          "New Delhi": "7.51"
        },
        "Plastics and Articles thereof; Rubber and Articles thereof": {
          "Tunisia": "59.73",
          "Malta": "6.31",
          "Ankara": "23.95",
          "Madrid": "2.40",
          "Jakarta": "2.19"
        },
        "Raw Hides and Skins, Leather, Furskins, and Articles thereof; Saddlery and Harness; Travel Goods, Handbags, and Similar Containers; Articles of Animal Gut (Other than Silk-worm Gut)": {
          "Tunisia": "7.24",
          "Ankara": "34.73",
          "Rome": "30.56",
          "Cairo": "26.83",
          "New Delhi": "0.64"
        },
        "Wood and Articles of Wood; Wood Charcoal; Cork and Articles of Cork; Manufactures of Straw, of Esparto or of Other Plaiting Materials; Basketware and Wickerwork": {
          "Tunisia": "67.00",
          "Ankara": "26.94",
          "New Delhi": "3.94",
          "Madrid": "0.67",
          "Washington, D.C.": "0.27"
        },
        "Textiles and Textile Articles": {
          "Tunisia": "19.55",
          "Mauritania": "13.27",
          "New Delhi": "41.48",
          "London": "11.05",
          "Cairo": "3.79"
        },
        "Footwear, Headgear, Umbrellas, Sun Umbrellas, Walking-sticks, Seat-sticks, Whips, Riding-crops, and Parts thereof; Prepared Feathers and Articles Made therewith; Artificial Flowers; Articles of Human Hair": {
          "Jordan": "61.81",
          "Senegal": "23.57",
          "Lebanon": "14.63"
        },
        "Articles of Stone, Plaster, Cement, Asbestos, Mica or Similar Materials; Ceramic Products; Glass and Glassware": {
          "Qatar": "0.23",
          "Luxembourg": "0.01",
          "Abu Dhabi": "81.09",
          "Ankara": "18.46",
          "Rome": "0.21"
        },
        "Natural or Cultured Pearls, Precious or Semi-precious Stones, Precious Metals, Metals Clad with Precious Metal, and Articles thereof; Imitation Jewellery; Coin": {
          "Ankara": "79.44",
          "Cairo": "6.11",
          "New Delhi": "3.62",
          "Athens": "2.74",
          "Islamabad": "2.14"
        },
        "Base Metals and Articles of Base Metal": {
          "Ankara": "62.14",
          "Cairo": "7.64",
          "Rome": "6.88",
          "Paris": "4.22",
          "Riyadh": "3.46"
        },
        "Machinery and Mechanical Appliances; Electrical Equipment; Parts thereof; Sound Recorders and Reproducers, Television Image and Sound Recorders and Reproducers, and Parts and Accessories of such Articles": {
          "Malta": "49.71",
          "Belgium": "3.09",
          "Cairo": "18.81",
          "Nicosia": "7.61",
          "Rome": "4.36"
        },
        "Vehicles, Aircraft, Vessels, and Associated Transport Equipment": {
          "Tunisia": "55.00",
          "Luxembourg": "6.91",
          "Ukraine": "4.03",
          "Cairo": "11.84",
          "Nicosia": "7.88"
        },
        "Optical, Photographic, Cinematographic, Measuring, Checking, Precision, Medical or Surgical Instruments and Apparatus; Clocks and Watches; Musical Instruments; Parts and Accessories thereof": {
          "Ankara": "15.85",
          "Cairo": "13.05",
          "Rome": "12.52",
          "Washington, D.C.": "8.66",
          "Paris": "7.70"
        },
        "Miscellaneous Manufactured Articles": {
          "Albania": "87.28",
          "Malta": "2.02",
          "Berlin": "3.07",
          "Paris": "3.06",
          "London": "1.80"
        }
      }
    }
  }
}