{
  "Main Partners": {
    "2014": {
      "Imports": {
        "Animals & Animal Products": {
          "Iran, Islamic Rep.": "12.43",
          "Brasília": "11.45",
          "New Delhi": "11.31",
          "Kuwait City": "9.81",
          "Cairo": "9.12"
        },
        "Vegetable Products": {
          "Iran, Islamic Rep.": "9.96",
          "Ottawa": "23.16",
          "Beijing": "12.90",
          "Canberra": "11.28",
          "New Delhi": "9.69"
        },
        "Prepared Foodstuffs; Beverages, Spirits, Vinegar, Tobacco and Manufactured Tobacco Substitutes": {
          "Unspecified": "5.06",
          "Abu Dhabi": "41.16",
          "Riyadh": "11.05",
          "Kuwait City": "7.10",
          "Beijing": "6.08"
        },
        "Mineral Products": {
          "Iran, Islamic Rep.": "18.64",
          "Unspecified": "17.87",
          "Abu Dhabi": "53.46",
          "Beijing": "4.95",
          "Washington, D.C.": "1.83"
        },
        "Products of the Chemical or Allied Industries": {
          "Jordan": "13.20",
          "Abu Dhabi": "19.61",
          "Beijing": "14.48",
          "Rome": "11.84",
          "Washington, D.C.": "8.66"
        },
        "Plastics and Articles thereof; Rubber and Articles thereof": {
          "Jordan": "3.65",
          "Beijing": "34.44",
          "Seoul": "28.84",
          "Riyadh": "8.43",
          "New Delhi": "3.75"
        },
        "Raw Hides and Skins, Leather, Furskins, and Articles thereof; Saddlery and Harness; Travel Goods, Handbags, and Similar Containers; Articles of Animal Gut (Other than Silk-worm Gut)": {
          "Jordan": "0.22",
          "Beijing": "91.89",
          "London": "6.60",
          "Tokyo": "0.81",
          "New Delhi": "0.32"
        },
        "Wood and Articles of Wood; Wood Charcoal; Cork and Articles of Cork; Manufactures of Straw, of Esparto or of Other Plaiting Materials; Basketware and Wickerwork": {
          "Jordan": "2.19",
          "Lebanon": "2.16",
          "Jakarta": "79.63",
          "Beijing": "3.62",
          "Madrid": "2.33"
        },
        "Textiles and Textile Articles": {
          "Jordan": "2.37",
          "Iran, Islamic Rep.": "1.49",
          "Seoul": "56.42",
          "Beijing": "28.88",
          "Islamabad": "2.25"
        },
        "Footwear, Headgear, Umbrellas, Sun Umbrellas, Walking-sticks, Seat-sticks, Whips, Riding-crops, and Parts thereof; Prepared Feathers and Articles Made therewith; Artificial Flowers; Articles of Human Hair": {
          "Iran, Islamic Rep.": "6.98",
          "Seoul": "43.27",
          "Beijing": "40.18",
          "New Delhi": "1.89"
        },
        "Articles of Stone, Plaster, Cement, Asbestos, Mica or Similar Materials; Ceramic Products; Glass and Glassware": {
          "Iran, Islamic Rep.": "11.74",
          "Seoul": "35.97",
          "Beijing": "30.59",
          "Kuwait City": "5.54",
          "New Delhi": "3.60"
        },
        "Natural or Cultured Pearls, Precious or Semi-precious Stones, Precious Metals, Metals Clad with Precious Metal, and Articles thereof; Imitation Jewellery; Coin": {
          "Unspecified": "15.88",
          "Abu Dhabi": "46.81",
          "Beijing": "25.50",
          "Seoul": "5.00",
          "Brasília": "1.81"
        },
        "Base Metals and Articles of Base Metal": {
          "Beijing": "63.88",
          "Tokyo": "8.68",
          "Paris": "6.00",
          "Rome": "4.27",
          "Seoul": "3.11"
        },
        "Machinery and Mechanical Appliances; Electrical Equipment; Parts thereof; Sound Recorders and Reproducers, Television Image and Sound Recorders and Reproducers, and Parts and Accessories of such Articles": {
          "Unspecified": "4.57",
          "Washington, D.C.": "28.14",
          "Beijing": "27.60",
          "Seoul": "12.62",
          "New Delhi": "4.61"
        },
        "Vehicles, Aircraft, Vessels, and Associated Transport Equipment": {
          "Thailand": "7.38",
          "Beijing": "27.44",
          "Seoul": "21.56",
          "Tokyo": "10.18",
          "Washington, D.C.": "9.68"
        },
        "Optical, Photographic, Cinematographic, Measuring, Checking, Precision, Medical or Surgical Instruments and Apparatus; Clocks and Watches; Musical Instruments; Parts and Accessories thereof": {
          "Beijing": "40.36",
          "Seoul": "11.41",
          "Washington, D.C.": "9.57",
          "Tokyo": "6.33",
          "Rome": "3.69"
        },
        "Miscellaneous Manufactured Articles": {
          "Seoul": "47.33",
          "Beijing": "22.65",
          "Washington, D.C.": "12.10",
          "Tokyo": "2.35",
          "Berlin": "2.25"
        }
      }
    }
  }
}