{
  "Main Partners": {
    "1996": {
      "Imports": {
        "Animals & Animal Products": {
          "Cote dIvoire": "1.79",
          "Paris": "49.48",
          "Amsterdam": "34.56",
          "Brussels": "6.09",
          "London": "2.25"
        },
        "Vegetable Products": {
          "Cote dIvoire": "11.97",
          "Beijing": "32.74",
          "Paris": "23.46",
          "Hanoi": "15.13",
          "Tokyo": "3.10"
        },
        "Prepared Foodstuffs; Beverages, Spirits, Vinegar, Tobacco and Manufactured Tobacco Substitutes": {
          "Cote dIvoire": "13.99",
          "Brasília": "25.81",
          "London": "15.40",
          "Paris": "13.26",
          "Madrid": "8.88"
        },
        "Mineral Products": {
          "Cote dIvoire": "81.41",
          "Senegal": "6.99",
          "Accra": "3.14",
          "Paris": "3.00",
          "London": "1.74"
        },
        "Products of the Chemical or Allied Industries": {
          "Cote dIvoire": "27.99",
          "Senegal": "17.53",
          "Paris": "26.35",
          "Brussels": "3.54",
          "Amsterdam": "3.47"
        },
        "Plastics and Articles thereof; Rubber and Articles thereof": {
          "Cote dIvoire": "8.37",
          "Paris": "59.17",
          "Washington, D.C.": "4.29",
          "London": "3.35",
          "Madrid": "2.71"
        },
        "Raw Hides and Skins, Leather, Furskins, and Articles thereof; Saddlery and Harness; Travel Goods, Handbags, and Similar Containers; Articles of Animal Gut (Other than Silk-worm Gut)": {
          "Hong Kong": "25.34",
          "Madrid": "25.28",
          "Paris": "21.25",
          "Beijing": "6.08",
          "Abu Dhabi": "5.33"
        },
        "Wood and Articles of Wood; Wood Charcoal; Cork and Articles of Cork; Manufactures of Straw, of Esparto or of Other Plaiting Materials; Basketware and Wickerwork": {
          "Cote dIvoire": "30.99",
          "Senegal": "9.53",
          "Paris": "28.09",
          "London": "5.39",
          "Washington, D.C.": "4.13"
        },
        "Textiles and Textile Articles": {
          "Cote dIvoire": "44.33",
          "Beijing": "11.21",
          "Hong Kong": "8.09",
          "Washington, D.C.": "6.72",
          "Paris": "4.57"
        },
        "Footwear, Headgear, Umbrellas, Sun Umbrellas, Walking-sticks, Seat-sticks, Whips, Riding-crops, and Parts thereof; Prepared Feathers and Articles Made therewith; Artificial Flowers; Articles of Human Hair": {
          "Hong Kong": "31.24",
          "Beijing": "26.97",
          "Tokyo": "12.70",
          "Abu Dhabi": "5.29",
          "Paris": "5.25"
        },
        "Articles of Stone, Plaster, Cement, Asbestos, Mica or Similar Materials; Ceramic Products; Glass and Glassware": {
          "Paris": "27.97",
          "Rome": "12.80",
          "Abu Dhabi": "7.77",
          "Yaoundé": "6.57",
          "Madrid": "6.17"
        },
        "Natural or Cultured Pearls, Precious or Semi-precious Stones, Precious Metals, Metals Clad with Precious Metal, and Articles thereof; Imitation Jewellery; Coin": {
          "Senegal": "19.50",
          "Cote dIvoire": "15.81",
          "Paris": "33.22",
          "Hong Kong": "9.02",
          "Brussels": "7.70"
        },
        "Base Metals and Articles of Base Metal": {
          "Cote dIvoire": "16.28",
          "Pretoria": "26.92",
          "Brussels": "14.95",
          "Paris": "13.86",
          "Ankara": "6.06"
        },
        "Machinery and Mechanical Appliances; Electrical Equipment; Parts thereof; Sound Recorders and Reproducers, Television Image and Sound Recorders and Reproducers, and Parts and Accessories of such Articles": {
          "Paris": "41.82",
          "Washington, D.C.": "21.68",
          "Tokyo": "4.81",
          "Berlin": "4.80",
          "Ottawa": "3.68"
        },
        "Vehicles, Aircraft, Vessels, and Associated Transport Equipment": {
          "Paris": "35.17",
          "Tokyo": "31.93",
          "Berlin": "15.10",
          "Washington, D.C.": "3.15",
          "New Delhi": "1.95"
        },
        "Optical, Photographic, Cinematographic, Measuring, Checking, Precision, Medical or Surgical Instruments and Apparatus; Clocks and Watches; Musical Instruments; Parts and Accessories thereof": {
          "Cote dIvoire": "17.92",
          "Paris": "30.28",
          "Washington, D.C.": "6.74",
          "Pretoria": "5.94",
          "Tokyo": "5.55"
        },
        "Miscellaneous Manufactured Articles": {
          "Paris": "76.33",
          "Rome": "3.36",
          "Beijing": "2.51",
          "Berlin": "2.36",
          "Pretoria": "1.90"
        }
      }
    },
    "1997": {
      "Imports": {
        "Animals & Animal Products": {
          "Ireland": "4.42",
          "Cote dIvoire": "4.22",
          "Paris": "45.75",
          "Amsterdam": "28.18",
          "Brussels": "5.26"
        },
        "Vegetable Products": {
          "Cote dIvoire": "16.76",
          "Beijing": "26.20",
          "Paris": "23.07",
          "Hanoi": "10.33",
          "Islamabad": "6.63"
        },
        "Prepared Foodstuffs; Beverages, Spirits, Vinegar, Tobacco and Manufactured Tobacco Substitutes": {
          "Cote dIvoire": "16.25",
          "Brasília": "27.53",
          "Madrid": "15.71",
          "Paris": "9.32",
          "London": "7.57"
        },
        "Mineral Products": {
          "Cote dIvoire": "90.68",
          "Senegal": "2.65",
          "Accra": "3.41",
          "Paris": "1.41",
          "Bern": "0.96"
        },
        "Products of the Chemical or Allied Industries": {
          "Cote dIvoire": "29.29",
          "Senegal": "16.55",
          "Russian Federation": "8.05",
          "Romania": "4.80",
          "Paris": "20.45"
        },
        "Plastics and Articles thereof; Rubber and Articles thereof": {
          "Cote dIvoire": "9.11",
          "Paris": "37.17",
          "Madrid": "9.37",
          "Amsterdam": "5.02",
          "Tokyo": "4.53"
        },
        "Raw Hides and Skins, Leather, Furskins, and Articles thereof; Saddlery and Harness; Travel Goods, Handbags, and Similar Containers; Articles of Animal Gut (Other than Silk-worm Gut)": {
          "Thailand": "4.25",
          "Paris": "40.85",
          "Hong Kong": "24.64",
          "Ottawa": "3.98",
          "Lisbon": "3.92"
        },
        "Wood and Articles of Wood; Wood Charcoal; Cork and Articles of Cork; Manufactures of Straw, of Esparto or of Other Plaiting Materials; Basketware and Wickerwork": {
          "Cote dIvoire": "25.00",
          "Senegal": "8.56",
          "Paris": "27.10",
          "London": "11.88",
          "Pretoria": "4.59"
        },
        "Textiles and Textile Articles": {
          "Cote dIvoire": "29.88",
          "Benin": "9.11",
          "Beijing": "22.78",
          "Hong Kong": "7.34",
          "Paris": "5.17"
        },
        "Footwear, Headgear, Umbrellas, Sun Umbrellas, Walking-sticks, Seat-sticks, Whips, Riding-crops, and Parts thereof; Prepared Feathers and Articles Made therewith; Artificial Flowers; Articles of Human Hair": {
          "Cote dIvoire": "6.64",
          "Tokyo": "24.92",
          "Beijing": "15.98",
          "Hong Kong": "15.89",
          "Paris": "8.53"
        },
        "Articles of Stone, Plaster, Cement, Asbestos, Mica or Similar Materials; Ceramic Products; Glass and Glassware": {
          "Paris": "40.04",
          "Rome": "13.24",
          "Madrid": "7.82",
          "Yaoundé": "6.83",
          "Abu Dhabi": "3.80"
        },
        "Natural or Cultured Pearls, Precious or Semi-precious Stones, Precious Metals, Metals Clad with Precious Metal, and Articles thereof; Imitation Jewellery; Coin": {
          "Senegal": "13.11",
          "Paris": "58.47",
          "Hong Kong": "10.90",
          "Yaoundé": "3.61",
          "Accra": "3.22"
        },
        "Base Metals and Articles of Base Metal": {
          "Cote dIvoire": "24.45",
          "Peru": "4.83",
          "Paris": "21.01",
          "Brussels": "18.82",
          "Pretoria": "6.92"
        },
        "Machinery and Mechanical Appliances; Electrical Equipment; Parts thereof; Sound Recorders and Reproducers, Television Image and Sound Recorders and Reproducers, and Parts and Accessories of such Articles": {
          "Paris": "50.28",
          "Washington, D.C.": "15.62",
          "Pretoria": "5.10",
          "Ottawa": "4.06",
          "Berlin": "3.23"
        },
        "Vehicles, Aircraft, Vessels, and Associated Transport Equipment": {
          "Cote dIvoire": "2.70",
          "Tokyo": "35.39",
          "Paris": "31.73",
          "Berlin": "12.16",
          "Washington, D.C.": "3.26"
        },
        "Optical, Photographic, Cinematographic, Measuring, Checking, Precision, Medical or Surgical Instruments and Apparatus; Clocks and Watches; Musical Instruments; Parts and Accessories thereof": {
          "Cote dIvoire": "20.50",
          "Senegal": "5.36",
          "Paris": "28.96",
          "Washington, D.C.": "5.28",
          "Tokyo": "5.01"
        },
        "Miscellaneous Manufactured Articles": {
          "Paris": "47.60",
          "Washington, D.C.": "8.49",
          "Berlin": "6.73",
          "Pretoria": "5.54",
          "Tokyo": "5.17"
        }
      }
    },
    "1998": {
      "Imports": {
        "Animals & Animal Products": {
          "Cote dIvoire": "12.41",
          "Ireland": "2.60",
          "Paris": "49.27",
          "Amsterdam": "23.56",
          "Brussels": "5.83"
        },
        "Vegetable Products": {
          "Cote dIvoire": "9.07",
          "Thailand": "7.54",
          "Beijing": "28.04",
          "Paris": "15.42",
          "Berlin": "5.93"
        },
        "Prepared Foodstuffs; Beverages, Spirits, Vinegar, Tobacco and Manufactured Tobacco Substitutes": {
          "Cote dIvoire": "17.15",
          "Paris": "23.34",
          "Madrid": "14.83",
          "Brasília": "11.22",
          "London": "7.78"
        },
        "Mineral Products": {
          "Cote dIvoire": "80.67",
          "Senegal": "10.12",
          "Unspecified": "0.88",
          "Accra": "3.67",
          "Paris": "1.39"
        },
        "Products of the Chemical or Allied Industries": {
          "Senegal": "23.14",
          "Cote dIvoire": "20.73",
          "Russian Federation": "3.89",
          "Paris": "24.44",
          "Amsterdam": "5.58"
        },
        "Plastics and Articles thereof; Rubber and Articles thereof": {
          "Cote dIvoire": "10.25",
          "Unspecified": "4.87",
          "Paris": "30.99",
          "Tokyo": "5.23",
          "Madrid": "4.49"
        },
        "Raw Hides and Skins, Leather, Furskins, and Articles thereof; Saddlery and Harness; Travel Goods, Handbags, and Similar Containers; Articles of Animal Gut (Other than Silk-worm Gut)": {
          "Unspecified": "10.23",
          "Cote dIvoire": "7.04",
          "Paris": "23.16",
          "Hong Kong": "22.36",
          "Abu Dhabi": "11.39"
        },
        "Wood and Articles of Wood; Wood Charcoal; Cork and Articles of Cork; Manufactures of Straw, of Esparto or of Other Plaiting Materials; Basketware and Wickerwork": {
          "Cote dIvoire": "27.55",
          "Paris": "29.96",
          "Ottawa": "9.08",
          "London": "6.77",
          "Berlin": "3.59"
        },
        "Textiles and Textile Articles": {
          "Cote dIvoire": "34.77",
          "Beijing": "15.22",
          "Washington, D.C.": "11.19",
          "Hong Kong": "6.76",
          "Paris": "4.78"
        },
        "Footwear, Headgear, Umbrellas, Sun Umbrellas, Walking-sticks, Seat-sticks, Whips, Riding-crops, and Parts thereof; Prepared Feathers and Articles Made therewith; Artificial Flowers; Articles of Human Hair": {
          "Cote dIvoire": "10.76",
          "Unspecified": "7.44",
          "Hong Kong": "17.28",
          "Beijing": "16.93",
          "Tokyo": "10.25"
        },
        "Articles of Stone, Plaster, Cement, Asbestos, Mica or Similar Materials; Ceramic Products; Glass and Glassware": {
          "Cote dIvoire": "4.94",
          "Paris": "32.64",
          "Madrid": "12.38",
          "Rome": "11.65",
          "Abu Dhabi": "7.47"
        },
        "Natural or Cultured Pearls, Precious or Semi-precious Stones, Precious Metals, Metals Clad with Precious Metal, and Articles thereof; Imitation Jewellery; Coin": {
          "Senegal": "17.63",
          "Cote dIvoire": "5.46",
          "Paris": "56.67",
          "Hong Kong": "5.41",
          "Pretoria": "2.55"
        },
        "Base Metals and Articles of Base Metal": {
          "Cote dIvoire": "26.58",
          "Peru": "3.96",
          "Brussels": "17.06",
          "Paris": "15.62",
          "Tokyo": "4.70"
        },
        "Machinery and Mechanical Appliances; Electrical Equipment; Parts thereof; Sound Recorders and Reproducers, Television Image and Sound Recorders and Reproducers, and Parts and Accessories of such Articles": {
          "Paris": "42.24",
          "Washington, D.C.": "13.25",
          "Pretoria": "8.48",
          "Brussels": "5.03",
          "Berlin": "4.82"
        },
        "Vehicles, Aircraft, Vessels, and Associated Transport Equipment": {
          "Unspecified": "3.34",
          "Tokyo": "31.94",
          "Paris": "25.89",
          "Berlin": "12.65",
          "Washington, D.C.": "10.07"
        },
        "Optical, Photographic, Cinematographic, Measuring, Checking, Precision, Medical or Surgical Instruments and Apparatus; Clocks and Watches; Musical Instruments; Parts and Accessories thereof": {
          "Cote dIvoire": "17.84",
          "Senegal": "6.95",
          "Paris": "26.17",
          "Washington, D.C.": "5.64",
          "Tokyo": "5.57"
        },
        "Miscellaneous Manufactured Articles": {
          "Niger": "5.33",
          "Paris": "38.00",
          "Brussels": "10.49",
          "Washington, D.C.": "5.79",
          "Berlin": "4.72"
        }
      }
    },
    "1999": {
      "Imports": {
        "Animals & Animal Products": {
          "Cote dIvoire": "11.42",
          "Ireland": "8.15",
          "Belgium": "5.31",
          "Paris": "44.76",
          "Amsterdam": "23.80"
        },
        "Vegetable Products": {
          "Cote dIvoire": "9.87",
          "Thailand": "9.20",
          "Beijing": "26.09",
          "Paris": "19.31",
          "Hanoi": "7.36"
        },
        "Prepared Foodstuffs; Beverages, Spirits, Vinegar, Tobacco and Manufactured Tobacco Substitutes": {
          "Cote dIvoire": "19.44",
          "Brasília": "27.69",
          "Madrid": "15.60",
          "Paris": "11.22",
          "Rome": "5.64"
        },
        "Mineral Products": {
          "Cote dIvoire": "74.64",
          "Senegal": "14.13",
          "Unspecified": "1.60",
          "Paris": "2.32",
          "Accra": "2.29"
        },
        "Products of the Chemical or Allied Industries": {
          "Cote dIvoire": "16.13",
          "Senegal": "14.39",
          "Russian Federation": "7.02",
          "Paris": "28.89",
          "Amsterdam": "4.18"
        },
        "Plastics and Articles thereof; Rubber and Articles thereof": {
          "Cote dIvoire": "17.21",
          "Belgium": "6.25",
          "Paris": "31.13",
          "Madrid": "5.56",
          "Rome": "4.78"
        },
        "Raw Hides and Skins, Leather, Furskins, and Articles thereof; Saddlery and Harness; Travel Goods, Handbags, and Similar Containers; Articles of Animal Gut (Other than Silk-worm Gut)": {
          "Unspecified": "16.72",
          "Hong Kong": "44.14",
          "Abu Dhabi": "10.60",
          "Paris": "8.74",
          "Beijing": "3.54"
        },
        "Wood and Articles of Wood; Wood Charcoal; Cork and Articles of Cork; Manufactures of Straw, of Esparto or of Other Plaiting Materials; Basketware and Wickerwork": {
          "Cote dIvoire": "28.21",
          "Senegal": "4.44",
          "Paris": "34.56",
          "Ottawa": "5.84",
          "Pretoria": "4.64"
        },
        "Textiles and Textile Articles": {
          "Cote dIvoire": "18.03",
          "Nigeria": "7.67",
          "Beijing": "12.28",
          "Hong Kong": "11.55",
          "Paris": "7.25"
        },
        "Footwear, Headgear, Umbrellas, Sun Umbrellas, Walking-sticks, Seat-sticks, Whips, Riding-crops, and Parts thereof; Prepared Feathers and Articles Made therewith; Artificial Flowers; Articles of Human Hair": {
          "Unspecified": "10.30",
          "Gambia, The": "3.07",
          "Hong Kong": "32.03",
          "Beijing": "25.63",
          "Paris": "9.34"
        },
        "Articles of Stone, Plaster, Cement, Asbestos, Mica or Similar Materials; Ceramic Products; Glass and Glassware": {
          "Unspecified": "5.18",
          "Paris": "29.50",
          "Madrid": "12.61",
          "Rome": "11.90",
          "Abu Dhabi": "5.98"
        },
        "Natural or Cultured Pearls, Precious or Semi-precious Stones, Precious Metals, Metals Clad with Precious Metal, and Articles thereof; Imitation Jewellery; Coin": {
          "Senegal": "20.11",
          "Cote dIvoire": "4.70",
          "Paris": "47.76",
          "Hong Kong": "6.58",
          "Madrid": "4.43"
        },
        "Base Metals and Articles of Base Metal": {
          "Belgium": "19.37",
          "Cote dIvoire": "13.50",
          "Russian Federation": "9.16",
          "Paris": "19.84",
          "Pretoria": "7.57"
        },
        "Machinery and Mechanical Appliances; Electrical Equipment; Parts thereof; Sound Recorders and Reproducers, Television Image and Sound Recorders and Reproducers, and Parts and Accessories of such Articles": {
          "Unspecified": "5.56",
          "Paris": "40.60",
          "Washington, D.C.": "12.14",
          "Pretoria": "6.36",
          "London": "4.36"
        },
        "Vehicles, Aircraft, Vessels, and Associated Transport Equipment": {
          "Unspecified": "2.81",
          "Paris": "32.48",
          "Tokyo": "27.46",
          "Berlin": "15.07",
          "Washington, D.C.": "6.75"
        },
        "Optical, Photographic, Cinematographic, Measuring, Checking, Precision, Medical or Surgical Instruments and Apparatus; Clocks and Watches; Musical Instruments; Parts and Accessories thereof": {
          "Cote dIvoire": "11.86",
          "Belgium": "5.41",
          "Paris": "29.48",
          "Tokyo": "5.53",
          "Washington, D.C.": "5.25"
        },
        "Miscellaneous Manufactured Articles": {
          "Tunisia": "4.48",
          "Paris": "37.87",
          "Tokyo": "5.72",
          "Washington, D.C.": "5.55",
          "Berlin": "4.39"
        }
      }
    },
    "2000": {
      "Imports": {
        "Animals & Animal Products": {
          "Cote dIvoire": "51.50",
          "Senegal": "46.96",
          "Gambia, The": "0.01",
          "Paris": "1.49",
          "Pretoria": "0.04"
        },
        "Vegetable Products": {
          "Cote dIvoire": "57.39",
          "Senegal": "39.34",
          "Burkina Faso": "1.83",
          "Paris": "0.61",
          "Washington, D.C.": "0.22"
        },
        "Prepared Foodstuffs; Beverages, Spirits, Vinegar, Tobacco and Manufactured Tobacco Substitutes": {
          "Cote dIvoire": "79.76",
          "Senegal": "18.62",
          "Burkina Faso": "0.40",
          "Togo": "0.14",
          "Paris": "0.72"
        },
        "Mineral Products": {
          "Cote dIvoire": "77.34",
          "Senegal": "21.15",
          "Togo": "0.03",
          "Accra": "1.38",
          "Paris": "0.02"
        },
        "Products of the Chemical or Allied Industries": {
          "Cote dIvoire": "64.90",
          "Senegal": "22.38",
          "Belgium": "0.70",
          "Burkina Faso": "0.33",
          "Paris": "9.59"
        },
        "Plastics and Articles thereof; Rubber and Articles thereof": {
          "Cote dIvoire": "64.29",
          "Senegal": "31.76",
          "Paris": "1.46",
          "Abu Dhabi": "0.41",
          "Pretoria": "0.39"
        },
        "Raw Hides and Skins, Leather, Furskins, and Articles thereof; Saddlery and Harness; Travel Goods, Handbags, and Similar Containers; Articles of Animal Gut (Other than Silk-worm Gut)": {
          "Cote dIvoire": "91.47",
          "Senegal": "2.54",
          "Niger": "1.05",
          "Paris": "1.42",
          "Rabat": "1.09"
        },
        "Wood and Articles of Wood; Wood Charcoal; Cork and Articles of Cork; Manufactures of Straw, of Esparto or of Other Plaiting Materials; Basketware and Wickerwork": {
          "Cote dIvoire": "69.24",
          "Senegal": "22.14",
          "Paris": "4.08",
          "London": "2.83",
          "Abu Dhabi": "0.24"
        },
        "Textiles and Textile Articles": {
          "Cote dIvoire": "81.70",
          "Senegal": "10.47",
          "Nigeria": "3.30",
          "Togo": "0.60",
          "Paris": "1.08"
        },
        "Footwear, Headgear, Umbrellas, Sun Umbrellas, Walking-sticks, Seat-sticks, Whips, Riding-crops, and Parts thereof; Prepared Feathers and Articles Made therewith; Artificial Flowers; Articles of Human Hair": {
          "Cote dIvoire": "88.28",
          "Senegal": "6.87",
          "Gambia, The": "0.55",
          "Hong Kong": "1.84",
          "Paris": "0.36"
        },
        "Articles of Stone, Plaster, Cement, Asbestos, Mica or Similar Materials; Ceramic Products; Glass and Glassware": {
          "Cote dIvoire": "54.93",
          "Senegal": "40.42",
          "Paris": "2.10",
          "Abu Dhabi": "0.79",
          "Rabat": "0.41"
        },
        "Natural or Cultured Pearls, Precious or Semi-precious Stones, Precious Metals, Metals Clad with Precious Metal, and Articles thereof; Imitation Jewellery; Coin": {
          "Cote dIvoire": "51.42",
          "Senegal": "45.66",
          "Guinea": "0.47",
          "Cairo": "1.15",
          "Paris": "0.66"
        },
        "Base Metals and Articles of Base Metal": {
          "Cote dIvoire": "71.23",
          "Senegal": "25.85",
          "Nigeria": "0.29",
          "Burkina Faso": "0.22",
          "Paris": "1.12"
        },
        "Machinery and Mechanical Appliances; Electrical Equipment; Parts thereof; Sound Recorders and Reproducers, Television Image and Sound Recorders and Reproducers, and Parts and Accessories of such Articles": {
          "Cote dIvoire": "49.85",
          "Senegal": "25.59",
          "Paris": "14.26",
          "Washington, D.C.": "2.30",
          "Pretoria": "1.68"
        },
        "Vehicles, Aircraft, Vessels, and Associated Transport Equipment": {
          "Cote dIvoire": "57.36",
          "Senegal": "36.56",
          "Belgium": "1.12",
          "Nigeria": "0.65",
          "Paris": "1.18"
        },
        "Optical, Photographic, Cinematographic, Measuring, Checking, Precision, Medical or Surgical Instruments and Apparatus; Clocks and Watches; Musical Instruments; Parts and Accessories thereof": {
          "Cote dIvoire": "61.40",
          "Senegal": "25.74",
          "Belgium": "0.76",
          "Paris": "7.14",
          "Washington, D.C.": "0.85"
        },
        "Miscellaneous Manufactured Articles": {
          "Cote dIvoire": "38.85",
          "Senegal": "18.04",
          "Unspecified": "14.90",
          "Paris": "15.37",
          "Washington, D.C.": "3.00"
        }
      }
    },
    "2001": {
      "Imports": {
        "Animals & Animal Products": {
          "Cote dIvoire": "6.42",
          "Belgium": "4.52",
          "Senegal": "3.03",
          "Paris": "44.10",
          "Amsterdam": "34.84"
        },
        "Vegetable Products": {
          "Cote dIvoire": "15.96",
          "Thailand": "6.26",
          "Paris": "24.41",
          "Beijing": "20.31",
          "Hanoi": "7.23"
        },
        "Prepared Foodstuffs; Beverages, Spirits, Vinegar, Tobacco and Manufactured Tobacco Substitutes": {
          "Cote dIvoire": "25.12",
          "Ireland": "8.13",
          "Paris": "18.37",
          "Brasília": "18.03",
          "London": "9.39"
        },
        "Mineral Products": {
          "Cote dIvoire": "75.91",
          "Senegal": "16.73",
          "Rome": "2.74",
          "Accra": "1.70",
          "Paris": "0.81"
        },
        "Products of the Chemical or Allied Industries": {
          "Cote dIvoire": "16.43",
          "Senegal": "8.85",
          "Paris": "35.19",
          "Washington, D.C.": "4.92",
          "Tokyo": "4.84"
        },
        "Plastics and Articles thereof; Rubber and Articles thereof": {
          "Cote dIvoire": "8.57",
          "Paris": "22.11",
          "Pretoria": "9.28",
          "Tokyo": "8.51",
          "Washington, D.C.": "8.16"
        },
        "Raw Hides and Skins, Leather, Furskins, and Articles thereof; Saddlery and Harness; Travel Goods, Handbags, and Similar Containers; Articles of Animal Gut (Other than Silk-worm Gut)": {
          "Thailand": "19.40",
          "Hong Kong": "32.61",
          "Jakarta": "18.99",
          "Abu Dhabi": "9.51",
          "Beijing": "4.45"
        },
        "Wood and Articles of Wood; Wood Charcoal; Cork and Articles of Cork; Manufactures of Straw, of Esparto or of Other Plaiting Materials; Basketware and Wickerwork": {
          "Cote dIvoire": "24.86",
          "Senegal": "8.48",
          "Paris": "28.47",
          "Helsinki": "8.42",
          "Rome": "2.80"
        },
        "Textiles and Textile Articles": {
          "Cote dIvoire": "20.38",
          "Thailand": "9.31",
          "Hong Kong": "9.77",
          "Paris": "8.82",
          "Beijing": "7.77"
        },
        "Footwear, Headgear, Umbrellas, Sun Umbrellas, Walking-sticks, Seat-sticks, Whips, Riding-crops, and Parts thereof; Prepared Feathers and Articles Made therewith; Artificial Flowers; Articles of Human Hair": {
          "Cote dIvoire": "19.52",
          "Thailand": "6.92",
          "Beijing": "29.97",
          "Hong Kong": "20.37",
          "Jakarta": "5.11"
        },
        "Articles of Stone, Plaster, Cement, Asbestos, Mica or Similar Materials; Ceramic Products; Glass and Glassware": {
          "Paris": "25.75",
          "Madrid": "14.85",
          "Abu Dhabi": "12.84",
          "Rome": "7.93",
          "Beijing": "7.18"
        },
        "Natural or Cultured Pearls, Precious or Semi-precious Stones, Precious Metals, Metals Clad with Precious Metal, and Articles thereof; Imitation Jewellery; Coin": {
          "Senegal": "27.59",
          "Cote dIvoire": "3.35",
          "Paris": "42.27",
          "Rome": "9.34",
          "Berlin": "3.49"
        },
        "Base Metals and Articles of Base Metal": {
          "Belgium": "11.57",
          "Cote dIvoire": "7.90",
          "Paris": "17.61",
          "Pretoria": "17.16",
          "Rome": "9.40"
        },
        "Machinery and Mechanical Appliances; Electrical Equipment; Parts thereof; Sound Recorders and Reproducers, Television Image and Sound Recorders and Reproducers, and Parts and Accessories of such Articles": {
          "Paris": "26.20",
          "Berlin": "10.85",
          "Washington, D.C.": "10.62",
          "London": "9.42",
          "Pretoria": "9.05"
        },
        "Vehicles, Aircraft, Vessels, and Associated Transport Equipment": {
          "Belgium": "2.50",
          "Tokyo": "30.62",
          "Paris": "18.33",
          "Washington, D.C.": "18.19",
          "Berlin": "12.06"
        },
        "Optical, Photographic, Cinematographic, Measuring, Checking, Precision, Medical or Surgical Instruments and Apparatus; Clocks and Watches; Musical Instruments; Parts and Accessories thereof": {
          "Cote dIvoire": "11.75",
          "Paris": "22.72",
          "Washington, D.C.": "7.88",
          "Pretoria": "6.87",
          "Tokyo": "6.26"
        },
        "Miscellaneous Manufactured Articles": {
          "Paris": "34.28",
          "Pretoria": "12.34",
          "Washington, D.C.": "5.52",
          "Beijing": "5.04",
          "Abu Dhabi": "3.84"
        }
      }
    },
    "2002": {
      "Imports": {
        "Animals & Animal Products": {
          "Belgium": "12.17",
          "Cote dIvoire": "6.23",
          "Paris": "38.24",
          "Amsterdam": "29.78",
          "Buenos Aires": "2.44"
        },
        "Vegetable Products": {
          "Cote dIvoire": "8.24",
          "Thailand": "7.85",
          "New Delhi": "29.84",
          "Paris": "16.31",
          "Beijing": "9.77"
        },
        "Prepared Foodstuffs; Beverages, Spirits, Vinegar, Tobacco and Manufactured Tobacco Substitutes": {
          "Cote dIvoire": "25.40",
          "Ireland": "10.52",
          "Brasília": "20.75",
          "London": "12.43",
          "Paris": "9.44"
        },
        "Mineral Products": {
          "Cote dIvoire": "59.89",
          "Senegal": "26.97",
          "Togo": "5.79",
          "Rome": "4.03",
          "Accra": "1.08"
        },
        "Products of the Chemical or Allied Industries": {
          "Cote dIvoire": "20.78",
          "Senegal": "17.88",
          "Russian Federation": "6.18",
          "Paris": "26.41",
          "Canberra": "4.92"
        },
        "Plastics and Articles thereof; Rubber and Articles thereof": {
          "Cote dIvoire": "9.90",
          "Paris": "19.32",
          "Pretoria": "11.86",
          "Tokyo": "9.14",
          "Washington, D.C.": "8.94"
        },
        "Raw Hides and Skins, Leather, Furskins, and Articles thereof; Saddlery and Harness; Travel Goods, Handbags, and Similar Containers; Articles of Animal Gut (Other than Silk-worm Gut)": {
          "Thailand": "5.66",
          "Cote dIvoire": "5.29",
          "Hong Kong": "35.65",
          "Beijing": "15.01",
          "Jakarta": "12.84"
        },
        "Wood and Articles of Wood; Wood Charcoal; Cork and Articles of Cork; Manufactures of Straw, of Esparto or of Other Plaiting Materials; Basketware and Wickerwork": {
          "Cote dIvoire": "19.79",
          "Senegal": "11.02",
          "Paris": "30.84",
          "Helsinki": "5.98",
          "Buenos Aires": "5.75"
        },
        "Textiles and Textile Articles": {
          "Cote dIvoire": "28.99",
          "Beijing": "10.52",
          "Paris": "9.19",
          "Hong Kong": "6.72",
          "Jakarta": "5.48"
        },
        "Footwear, Headgear, Umbrellas, Sun Umbrellas, Walking-sticks, Seat-sticks, Whips, Riding-crops, and Parts thereof; Prepared Feathers and Articles Made therewith; Artificial Flowers; Articles of Human Hair": {
          "Cote dIvoire": "14.26",
          "Thailand": "5.73",
          "Beijing": "35.03",
          "Hong Kong": "16.56",
          "Paris": "10.99"
        },
        "Articles of Stone, Plaster, Cement, Asbestos, Mica or Similar Materials; Ceramic Products; Glass and Glassware": {
          "Paris": "19.20",
          "Abu Dhabi": "15.91",
          "Madrid": "13.82",
          "Rome": "8.93",
          "Beijing": "7.78"
        },
        "Natural or Cultured Pearls, Precious or Semi-precious Stones, Precious Metals, Metals Clad with Precious Metal, and Articles thereof; Imitation Jewellery; Coin": {
          "Senegal": "28.45",
          "Lebanon": "7.48",
          "Paris": "23.93",
          "Rome": "18.88",
          "Cairo": "6.48"
        },
        "Base Metals and Articles of Base Metal": {
          "Belgium": "13.32",
          "Cote dIvoire": "8.87",
          "Russian Federation": "5.57",
          "Paris": "20.93",
          "Rome": "8.53"
        },
        "Machinery and Mechanical Appliances; Electrical Equipment; Parts thereof; Sound Recorders and Reproducers, Television Image and Sound Recorders and Reproducers, and Parts and Accessories of such Articles": {
          "Belgium": "7.27",
          "Paris": "37.24",
          "Washington, D.C.": "12.98",
          "Pretoria": "6.65",
          "London": "5.20"
        },
        "Vehicles, Aircraft, Vessels, and Associated Transport Equipment": {
          "Tokyo": "33.54",
          "Paris": "20.54",
          "Berlin": "14.34",
          "Washington, D.C.": "8.54",
          "New Delhi": "2.49"
        },
        "Optical, Photographic, Cinematographic, Measuring, Checking, Precision, Medical or Surgical Instruments and Apparatus; Clocks and Watches; Musical Instruments; Parts and Accessories thereof": {
          "Cote dIvoire": "14.43",
          "Senegal": "9.50",
          "Paris": "24.55",
          "Tokyo": "6.34",
          "Washington, D.C.": "5.50"
        },
        "Miscellaneous Manufactured Articles": {
          "Belgium": "4.04",
          "Paris": "43.71",
          "Washington, D.C.": "6.51",
          "Rome": "4.86",
          "Abu Dhabi": "4.23"
        }
      }
    },
    "2003": {
      "Imports": {
        "Animals & Animal Products": {
          "Senegal": "6.10",
          "Belgium": "5.64",
          "Paris": "40.15",
          "Amsterdam": "26.61",
          "Accra": "5.62"
        },
        "Vegetable Products": {
          "Cote dIvoire": "6.79",
          "Thailand": "5.32",
          "New Delhi": "30.24",
          "Paris": "24.15",
          "Beijing": "8.44"
        },
        "Prepared Foodstuffs; Beverages, Spirits, Vinegar, Tobacco and Manufactured Tobacco Substitutes": {
          "Cote dIvoire": "30.16",
          "Ireland": "8.04",
          "Brasília": "22.05",
          "London": "10.41",
          "Paris": "9.40"
        },
        "Mineral Products": {
          "Togo": "50.71",
          "Senegal": "24.22",
          "Cote dIvoire": "16.99",
          "Rome": "2.98",
          "Accra": "2.11"
        },
        "Products of the Chemical or Allied Industries": {
          "Senegal": "15.42",
          "Cote dIvoire": "13.48",
          "Belgium": "3.29",
          "Paris": "25.42",
          "Amsterdam": "5.99"
        },
        "Plastics and Articles thereof; Rubber and Articles thereof": {
          "Cote dIvoire": "10.55",
          "Senegal": "8.32",
          "Paris": "16.57",
          "Washington, D.C.": "8.89",
          "Tokyo": "6.35"
        },
        "Raw Hides and Skins, Leather, Furskins, and Articles thereof; Saddlery and Harness; Travel Goods, Handbags, and Similar Containers; Articles of Animal Gut (Other than Silk-worm Gut)": {
          "Hong Kong": "31.79",
          "Beijing": "17.55",
          "Abu Dhabi": "11.81",
          "Accra": "11.33",
          "Paris": "7.19"
        },
        "Wood and Articles of Wood; Wood Charcoal; Cork and Articles of Cork; Manufactures of Straw, of Esparto or of Other Plaiting Materials; Basketware and Wickerwork": {
          "Cote dIvoire": "16.67",
          "Senegal": "11.37",
          "Paris": "28.94",
          "Pretoria": "4.49",
          "Accra": "4.33"
        },
        "Textiles and Textile Articles": {
          "Cote dIvoire": "16.26",
          "Thailand": "6.34",
          "Beijing": "12.29",
          "Hong Kong": "10.82",
          "Paris": "8.53"
        },
        "Footwear, Headgear, Umbrellas, Sun Umbrellas, Walking-sticks, Seat-sticks, Whips, Riding-crops, and Parts thereof; Prepared Feathers and Articles Made therewith; Artificial Flowers; Articles of Human Hair": {
          "Cote dIvoire": "9.29",
          "Beijing": "29.98",
          "Paris": "12.63",
          "Hong Kong": "11.84",
          "Accra": "6.20"
        },
        "Articles of Stone, Plaster, Cement, Asbestos, Mica or Similar Materials; Ceramic Products; Glass and Glassware": {
          "Belgium": "7.73",
          "Paris": "18.72",
          "Beijing": "16.41",
          "Madrid": "12.26",
          "Rome": "10.40"
        },
        "Natural or Cultured Pearls, Precious or Semi-precious Stones, Precious Metals, Metals Clad with Precious Metal, and Articles thereof; Imitation Jewellery; Coin": {
          "Senegal": "24.89",
          "Cote dIvoire": "17.96",
          "Tunisia": "5.33",
          "Paris": "20.10",
          "Rome": "10.97"
        },
        "Base Metals and Articles of Base Metal": {
          "Ukraine": "9.13",
          "Cote dIvoire": "8.07",
          "Belgium": "8.07",
          "Russian Federation": "7.14",
          "Paris": "17.17"
        },
        "Machinery and Mechanical Appliances; Electrical Equipment; Parts thereof; Sound Recorders and Reproducers, Television Image and Sound Recorders and Reproducers, and Parts and Accessories of such Articles": {
          "Senegal": "7.80",
          "Belgium": "5.74",
          "Paris": "36.62",
          "Washington, D.C.": "13.05",
          "Pretoria": "6.58"
        },
        "Vehicles, Aircraft, Vessels, and Associated Transport Equipment": {
          "Tokyo": "27.64",
          "Paris": "20.17",
          "Washington, D.C.": "14.55",
          "Berlin": "14.28",
          "Beijing": "5.86"
        },
        "Optical, Photographic, Cinematographic, Measuring, Checking, Precision, Medical or Surgical Instruments and Apparatus; Clocks and Watches; Musical Instruments; Parts and Accessories thereof": {
          "Senegal": "9.20",
          "Cote dIvoire": "6.86",
          "Togo": "5.70",
          "Paris": "23.14",
          "Washington, D.C.": "7.39"
        },
        "Miscellaneous Manufactured Articles": {
          "Senegal": "8.40",
          "Paris": "32.68",
          "Washington, D.C.": "9.48",
          "Rome": "4.89",
          "Abu Dhabi": "4.43"
        }
      }
    },
    "2004": {
      "Imports": {
        "Animals & Animal Products": {
          "Senegal": "13.22",
          "Guinea": "5.35",
          "Belgium": "4.60",
          "Paris": "48.96",
          "Amsterdam": "7.74"
        },
        "Vegetable Products": {
          "Cote dIvoire": "16.20",
          "Thailand": "7.06",
          "Paris": "19.61",
          "New Delhi": "16.25",
          "Beijing": "12.84"
        },
        "Prepared Foodstuffs; Beverages, Spirits, Vinegar, Tobacco and Manufactured Tobacco Substitutes": {
          "Cote dIvoire": "15.74",
          "Ireland": "7.22",
          "Togo": "6.85",
          "Brasília": "14.84",
          "London": "12.43"
        },
        "Mineral Products": {
          "Togo": "34.08",
          "Senegal": "25.03",
          "Cote dIvoire": "20.87",
          "Rome": "12.20",
          "Madrid": "4.77"
        },
        "Products of the Chemical or Allied Industries": {
          "Senegal": "18.76",
          "Cote dIvoire": "15.18",
          "Paris": "27.59",
          "Washington, D.C.": "5.99",
          "Amsterdam": "3.90"
        },
        "Plastics and Articles thereof; Rubber and Articles thereof": {
          "Cote dIvoire": "9.67",
          "Belgium": "5.80",
          "Paris": "15.81",
          "Washington, D.C.": "8.24",
          "Tokyo": "6.99"
        },
        "Raw Hides and Skins, Leather, Furskins, and Articles thereof; Saddlery and Harness; Travel Goods, Handbags, and Similar Containers; Articles of Animal Gut (Other than Silk-worm Gut)": {
          "Burkina Faso": "22.44",
          "Beijing": "21.94",
          "Abu Dhabi": "17.21",
          "Accra": "15.17",
          "Hong Kong": "13.15"
        },
        "Wood and Articles of Wood; Wood Charcoal; Cork and Articles of Cork; Manufactures of Straw, of Esparto or of Other Plaiting Materials; Basketware and Wickerwork": {
          "Cote dIvoire": "17.49",
          "Senegal": "10.45",
          "Paris": "25.07",
          "Accra": "7.37",
          "Ottawa": "6.71"
        },
        "Textiles and Textile Articles": {
          "Belgium": "17.03",
          "Cote dIvoire": "6.22",
          "Burkina Faso": "4.92",
          "Beijing": "23.44",
          "Hong Kong": "10.56"
        },
        "Footwear, Headgear, Umbrellas, Sun Umbrellas, Walking-sticks, Seat-sticks, Whips, Riding-crops, and Parts thereof; Prepared Feathers and Articles Made therewith; Artificial Flowers; Articles of Human Hair": {
          "Cote dIvoire": "9.68",
          "Burkina Faso": "4.20",
          "Beijing": "39.74",
          "Hong Kong": "21.83",
          "Rome": "5.27"
        },
        "Articles of Stone, Plaster, Cement, Asbestos, Mica or Similar Materials; Ceramic Products; Glass and Glassware": {
          "Beijing": "22.95",
          "Rome": "15.55",
          "Paris": "14.47",
          "Madrid": "9.05",
          "Abu Dhabi": "6.00"
        },
        "Natural or Cultured Pearls, Precious or Semi-precious Stones, Precious Metals, Metals Clad with Precious Metal, and Articles thereof; Imitation Jewellery; Coin": {
          "Senegal": "27.20",
          "Cote dIvoire": "9.40",
          "Tunisia": "8.22",
          "Paris": "24.23",
          "Rome": "7.86"
        },
        "Base Metals and Articles of Base Metal": {
          "Cote dIvoire": "6.43",
          "Ukraine": "4.77",
          "Pretoria": "21.40",
          "Paris": "11.55",
          "Rome": "5.20"
        },
        "Machinery and Mechanical Appliances; Electrical Equipment; Parts thereof; Sound Recorders and Reproducers, Television Image and Sound Recorders and Reproducers, and Parts and Accessories of such Articles": {
          "Belgium": "9.27",
          "Paris": "27.73",
          "Washington, D.C.": "10.47",
          "Berlin": "7.49",
          "Pretoria": "5.85"
        },
        "Vehicles, Aircraft, Vessels, and Associated Transport Equipment": {
          "Paris": "26.06",
          "Tokyo": "24.11",
          "Berlin": "19.22",
          "Beijing": "13.60",
          "Hong Kong": "1.66"
        },
        "Optical, Photographic, Cinematographic, Measuring, Checking, Precision, Medical or Surgical Instruments and Apparatus; Clocks and Watches; Musical Instruments; Parts and Accessories thereof": {
          "Senegal": "10.06",
          "Cote dIvoire": "8.06",
          "Paris": "20.79",
          "Beijing": "6.27",
          "Berlin": "5.24"
        },
        "Miscellaneous Manufactured Articles": {
          "Paris": "35.83",
          "Washington, D.C.": "7.33",
          "Beijing": "7.05",
          "Pretoria": "6.71",
          "Abu Dhabi": "5.52"
        }
      }
    },
    "2005": {
      "Imports": {
        "Animals & Animal Products": {
          "Senegal": "16.19",
          "Belgium": "9.81",
          "Guinea": "8.62",
          "Paris": "40.38",
          "Amsterdam": "9.08"
        },
        "Vegetable Products": {
          "Thailand": "13.76",
          "Cote dIvoire": "9.34",
          "Paris": "19.52",
          "New Delhi": "14.16",
          "Hanoi": "12.97"
        },
        "Prepared Foodstuffs; Beverages, Spirits, Vinegar, Tobacco and Manufactured Tobacco Substitutes": {
          "Cote dIvoire": "21.08",
          "Ireland": "10.60",
          "Unspecified": "6.03",
          "Brasília": "25.53",
          "Pretoria": "13.25"
        },
        "Mineral Products": {
          "Senegal": "39.05",
          "Cote dIvoire": "35.63",
          "Togo": "17.75",
          "Rome": "3.05",
          "Accra": "1.06"
        },
        "Products of the Chemical or Allied Industries": {
          "Senegal": "15.20",
          "Cote dIvoire": "13.35",
          "Nigeria": "12.99",
          "Paris": "22.64",
          "Canberra": "4.47"
        },
        "Plastics and Articles thereof; Rubber and Articles thereof": {
          "Senegal": "7.30",
          "Paris": "14.96",
          "Pretoria": "10.16",
          "Washington, D.C.": "8.69",
          "Beijing": "7.84"
        },
        "Raw Hides and Skins, Leather, Furskins, and Articles thereof; Saddlery and Harness; Travel Goods, Handbags, and Similar Containers; Articles of Animal Gut (Other than Silk-worm Gut)": {
          "Burkina Faso": "10.66",
          "Unspecified": "3.41",
          "Beijing": "43.75",
          "Hong Kong": "19.81",
          "Abu Dhabi": "9.14"
        },
        "Wood and Articles of Wood; Wood Charcoal; Cork and Articles of Cork; Manufactures of Straw, of Esparto or of Other Plaiting Materials; Basketware and Wickerwork": {
          "Cote dIvoire": "16.82",
          "Senegal": "9.60",
          "Paris": "35.88",
          "Brasília": "4.84",
          "Buenos Aires": "3.59"
        },
        "Textiles and Textile Articles": {
          "Belgium": "17.46",
          "Cote dIvoire": "4.53",
          "Beijing": "28.01",
          "Hong Kong": "7.80",
          "Abu Dhabi": "4.84"
        },
        "Footwear, Headgear, Umbrellas, Sun Umbrellas, Walking-sticks, Seat-sticks, Whips, Riding-crops, and Parts thereof; Prepared Feathers and Articles Made therewith; Artificial Flowers; Articles of Human Hair": {
          "Cote dIvoire": "8.58",
          "Burkina Faso": "4.00",
          "Senegal": "2.62",
          "Beijing": "51.66",
          "Hong Kong": "20.90"
        },
        "Articles of Stone, Plaster, Cement, Asbestos, Mica or Similar Materials; Ceramic Products; Glass and Glassware": {
          "Unspecified": "9.84",
          "Belgium": "4.46",
          "Beijing": "34.18",
          "Paris": "18.29",
          "Abu Dhabi": "6.15"
        },
        "Natural or Cultured Pearls, Precious or Semi-precious Stones, Precious Metals, Metals Clad with Precious Metal, and Articles thereof; Imitation Jewellery; Coin": {
          "Senegal": "21.34",
          "Cote dIvoire": "19.15",
          "Tunisia": "10.25",
          "Paris": "16.48",
          "Hong Kong": "8.21"
        },
        "Base Metals and Articles of Base Metal": {
          "Ukraine": "14.28",
          "Russian Federation": "7.78",
          "Washington, D.C.": "15.96",
          "Pretoria": "8.43",
          "New Delhi": "7.35"
        },
        "Machinery and Mechanical Appliances; Electrical Equipment; Parts thereof; Sound Recorders and Reproducers, Television Image and Sound Recorders and Reproducers, and Parts and Accessories of such Articles": {
          "Belgium": "8.76",
          "Senegal": "8.30",
          "Paris": "24.03",
          "Washington, D.C.": "16.99",
          "Pretoria": "9.81"
        },
        "Vehicles, Aircraft, Vessels, and Associated Transport Equipment": {
          "Tokyo": "28.61",
          "Paris": "20.56",
          "Berlin": "16.40",
          "Beijing": "11.50",
          "Washington, D.C.": "6.30"
        },
        "Optical, Photographic, Cinematographic, Measuring, Checking, Precision, Medical or Surgical Instruments and Apparatus; Clocks and Watches; Musical Instruments; Parts and Accessories thereof": {
          "Senegal": "11.06",
          "Cote dIvoire": "8.36",
          "Paris": "17.05",
          "Washington, D.C.": "7.87",
          "Beijing": "7.27"
        },
        "Miscellaneous Manufactured Articles": {
          "Paris": "21.63",
          "Pretoria": "17.71",
          "Beijing": "11.40",
          "Abu Dhabi": "7.38",
          "Washington, D.C.": "5.25"
        }
      }
    },
    "2006": {
      "Imports": {
        "Animals & Animal Products": {
          "Belgium": "10.49",
          "Senegal": "9.39",
          "Guinea": "4.60",
          "Paris": "41.90",
          "Amsterdam": "18.01"
        },
        "Vegetable Products": {
          "Cote dIvoire": "15.18",
          "Senegal": "8.36",
          "Paris": "17.88",
          "Islamabad": "10.10",
          "New Delhi": "7.28"
        },
        "Prepared Foodstuffs; Beverages, Spirits, Vinegar, Tobacco and Manufactured Tobacco Substitutes": {
          "Cote dIvoire": "18.73",
          "Ireland": "10.84",
          "Senegal": "6.91",
          "Brasília": "23.51",
          "Pretoria": "12.62"
        },
        "Mineral Products": {
          "Senegal": "38.18",
          "Cote dIvoire": "35.66",
          "Togo": "18.08",
          "Tunisia": "1.11",
          "Rome": "3.21"
        },
        "Products of the Chemical or Allied Industries": {
          "Cote dIvoire": "20.22",
          "Senegal": "11.17",
          "Paris": "28.68",
          "Beijing": "5.02",
          "Washington, D.C.": "3.99"
        },
        "Plastics and Articles thereof; Rubber and Articles thereof": {
          "Belgium": "6.24",
          "Senegal": "6.18",
          "Paris": "15.30",
          "Beijing": "11.52",
          "Pretoria": "7.08"
        },
        "Raw Hides and Skins, Leather, Furskins, and Articles thereof; Saddlery and Harness; Travel Goods, Handbags, and Similar Containers; Articles of Animal Gut (Other than Silk-worm Gut)": {
          "Burkina Faso": "8.43",
          "Guinea": "5.37",
          "Beijing": "49.07",
          "Abu Dhabi": "18.80",
          "Hong Kong": "9.00"
        },
        "Wood and Articles of Wood; Wood Charcoal; Cork and Articles of Cork; Manufactures of Straw, of Esparto or of Other Plaiting Materials; Basketware and Wickerwork": {
          "Cote dIvoire": "16.65",
          "Senegal": "13.91",
          "Paris": "33.26",
          "Berlin": "4.20",
          "Pretoria": "3.75"
        },
        "Textiles and Textile Articles": {
          "Burkina Faso": "5.88",
          "Belgium": "5.41",
          "Beijing": "35.13",
          "Paris": "10.26",
          "Hong Kong": "5.99"
        },
        "Footwear, Headgear, Umbrellas, Sun Umbrellas, Walking-sticks, Seat-sticks, Whips, Riding-crops, and Parts thereof; Prepared Feathers and Articles Made therewith; Artificial Flowers; Articles of Human Hair": {
          "Cote dIvoire": "8.41",
          "Senegal": "6.92",
          "Guinea": "5.28",
          "Beijing": "53.99",
          "Abu Dhabi": "5.22"
        },
        "Articles of Stone, Plaster, Cement, Asbestos, Mica or Similar Materials; Ceramic Products; Glass and Glassware": {
          "Beijing": "43.51",
          "Paris": "13.41",
          "Abu Dhabi": "10.16",
          "Rome": "7.12",
          "Madrid": "6.52"
        },
        "Natural or Cultured Pearls, Precious or Semi-precious Stones, Precious Metals, Metals Clad with Precious Metal, and Articles thereof; Imitation Jewellery; Coin": {
          "Senegal": "23.24",
          "Cote dIvoire": "15.03",
          "Tunisia": "10.78",
          "Paris": "19.06",
          "Rome": "12.39"
        },
        "Base Metals and Articles of Base Metal": {
          "Ukraine": "14.68",
          "Cote dIvoire": "6.97",
          "Washington, D.C.": "14.35",
          "Paris": "9.84",
          "Pretoria": "8.13"
        },
        "Machinery and Mechanical Appliances; Electrical Equipment; Parts thereof; Sound Recorders and Reproducers, Television Image and Sound Recorders and Reproducers, and Parts and Accessories of such Articles": {
          "Belgium": "6.99",
          "Paris": "31.53",
          "Washington, D.C.": "13.80",
          "Beijing": "10.26",
          "Pretoria": "7.47"
        },
        "Vehicles, Aircraft, Vessels, and Associated Transport Equipment": {
          "Tokyo": "28.67",
          "Berlin": "20.58",
          "Paris": "18.47",
          "Beijing": "9.60",
          "Washington, D.C.": "6.58"
        },
        "Optical, Photographic, Cinematographic, Measuring, Checking, Precision, Medical or Surgical Instruments and Apparatus; Clocks and Watches; Musical Instruments; Parts and Accessories thereof": {
          "Cote dIvoire": "9.04",
          "Senegal": "7.87",
          "Paris": "20.98",
          "Beijing": "9.60",
          "Washington, D.C.": "8.04"
        },
        "Miscellaneous Manufactured Articles": {
          "Paris": "22.29",
          "Beijing": "17.43",
          "Pretoria": "12.70",
          "Washington, D.C.": "9.41",
          "Abu Dhabi": "6.46"
        }
      }
    },
    "2007": {
      "Imports": {
        "Animals & Animal Products": {
          "Senegal": "32.45",
          "Belgium": "10.40",
          "Amsterdam": "15.29",
          "Paris": "14.42",
          "Brasília": "5.82"
        },
        "Vegetable Products": {
          "Cote dIvoire": "30.86",
          "Senegal": "8.21",
          "Paris": "16.41",
          "Washington, D.C.": "6.70",
          "Beijing": "6.35"
        },
        "Prepared Foodstuffs; Beverages, Spirits, Vinegar, Tobacco and Manufactured Tobacco Substitutes": {
          "Cote dIvoire": "22.41",
          "Senegal": "19.18",
          "Ireland": "8.23",
          "Brasília": "16.64",
          "Pretoria": "12.14"
        },
        "Mineral Products": {
          "Senegal": "41.52",
          "Cote dIvoire": "38.72",
          "Togo": "12.28",
          "Rome": "2.60",
          "Accra": "1.40"
        },
        "Products of the Chemical or Allied Industries": {
          "Senegal": "11.09",
          "Cote dIvoire": "7.32",
          "Paris": "38.19",
          "Beijing": "5.27",
          "Washington, D.C.": "5.24"
        },
        "Plastics and Articles thereof; Rubber and Articles thereof": {
          "Senegal": "18.14",
          "Paris": "12.08",
          "Beijing": "11.14",
          "Pretoria": "8.30",
          "Washington, D.C.": "7.11"
        },
        "Raw Hides and Skins, Leather, Furskins, and Articles thereof; Saddlery and Harness; Travel Goods, Handbags, and Similar Containers; Articles of Animal Gut (Other than Silk-worm Gut)": {
          "Senegal": "21.48",
          "Burkina Faso": "5.93",
          "Beijing": "42.09",
          "Accra": "12.02",
          "Abu Dhabi": "9.71"
        },
        "Wood and Articles of Wood; Wood Charcoal; Cork and Articles of Cork; Manufactures of Straw, of Esparto or of Other Plaiting Materials; Basketware and Wickerwork": {
          "Cote dIvoire": "20.07",
          "Senegal": "15.09",
          "Paris": "25.92",
          "Beijing": "5.20",
          "Pretoria": "4.45"
        },
        "Textiles and Textile Articles": {
          "Belgium": "12.98",
          "Senegal": "9.99",
          "Beijing": "22.13",
          "Hanoi": "9.49",
          "Paris": "7.68"
        },
        "Footwear, Headgear, Umbrellas, Sun Umbrellas, Walking-sticks, Seat-sticks, Whips, Riding-crops, and Parts thereof; Prepared Feathers and Articles Made therewith; Artificial Flowers; Articles of Human Hair": {
          "Senegal": "12.66",
          "Burkina Faso": "9.95",
          "Cote dIvoire": "9.37",
          "Beijing": "39.99",
          "Accra": "8.37"
        },
        "Articles of Stone, Plaster, Cement, Asbestos, Mica or Similar Materials; Ceramic Products; Glass and Glassware": {
          "Senegal": "23.06",
          "Beijing": "32.77",
          "Paris": "7.33",
          "Abu Dhabi": "6.26",
          "Rome": "3.95"
        },
        "Natural or Cultured Pearls, Precious or Semi-precious Stones, Precious Metals, Metals Clad with Precious Metal, and Articles thereof; Imitation Jewellery; Coin": {
          "Senegal": "39.51",
          "Tunisia": "10.88",
          "Cote dIvoire": "7.04",
          "Berlin": "10.13",
          "Rome": "8.62"
        },
        "Base Metals and Articles of Base Metal": {
          "Senegal": "17.55",
          "Ukraine": "6.45",
          "Beijing": "10.29",
          "Paris": "9.99",
          "Pretoria": "8.58"
        },
        "Machinery and Mechanical Appliances; Electrical Equipment; Parts thereof; Sound Recorders and Reproducers, Television Image and Sound Recorders and Reproducers, and Parts and Accessories of such Articles": {
          "Senegal": "8.14",
          "Belgium": "8.06",
          "Paris": "25.46",
          "New Delhi": "11.22",
          "Pretoria": "7.70"
        },
        "Vehicles, Aircraft, Vessels, and Associated Transport Equipment": {
          "Senegal": "14.77",
          "Tokyo": "19.29",
          "Paris": "16.65",
          "Berlin": "15.62",
          "Beijing": "10.34"
        },
        "Miscellaneous Manufactured Articles": {
          "Senegal": "15.60",
          "Paris": "29.57",
          "Beijing": "14.32",
          "Washington, D.C.": "8.47",
          "New Delhi": "4.57"
        }
      }
    },
    "2008": {
      "Imports": {
        "Animals & Animal Products": {
          "Senegal": "10.85",
          "Belgium": "10.41",
          "Paris": "28.97",
          "Amsterdam": "24.15",
          "Kuala Lumpur": "4.36"
        },
        "Vegetable Products": {
          "Cote dIvoire": "24.50",
          "Thailand": "12.37",
          "Paris": "13.44",
          "Beijing": "11.05",
          "New Delhi": "6.31"
        },
        "Prepared Foodstuffs; Beverages, Spirits, Vinegar, Tobacco and Manufactured Tobacco Substitutes": {
          "Cote dIvoire": "19.14",
          "Ireland": "6.27",
          "Brasília": "24.72",
          "Pretoria": "14.74",
          "Paris": "10.29"
        },
        "Mineral Products": {
          "Senegal": "55.94",
          "Cote dIvoire": "28.27",
          "Togo": "5.76",
          "Beijing": "2.03",
          "Rome": "1.87"
        },
        "Products of the Chemical or Allied Industries": {
          "Russian Federation": "16.40",
          "Belgium": "5.87",
          "Cote dIvoire": "4.98",
          "Paris": "29.76",
          "Beijing": "8.32"
        },
        "Plastics and Articles thereof; Rubber and Articles thereof": {
          "Cote dIvoire": "4.51",
          "Paris": "16.32",
          "Washington, D.C.": "14.26",
          "Beijing": "10.14",
          "Pretoria": "8.51"
        },
        "Raw Hides and Skins, Leather, Furskins, and Articles thereof; Saddlery and Harness; Travel Goods, Handbags, and Similar Containers; Articles of Animal Gut (Other than Silk-worm Gut)": {
          "Beijing": "39.39",
          "Abu Dhabi": "17.46",
          "Paris": "13.46",
          "Washington, D.C.": "13.06",
          "Bern": "3.93"
        },
        "Wood and Articles of Wood; Wood Charcoal; Cork and Articles of Cork; Manufactures of Straw, of Esparto or of Other Plaiting Materials; Basketware and Wickerwork": {
          "Cote dIvoire": "19.85",
          "Senegal": "9.79",
          "Paris": "25.04",
          "Beijing": "8.47",
          "Pretoria": "3.59"
        },
        "Footwear, Headgear, Umbrellas, Sun Umbrellas, Walking-sticks, Seat-sticks, Whips, Riding-crops, and Parts thereof; Prepared Feathers and Articles Made therewith; Artificial Flowers; Articles of Human Hair": {
          "Senegal": "8.65",
          "Cote dIvoire": "6.84",
          "Beijing": "39.17",
          "Paris": "19.43",
          "Abu Dhabi": "6.21"
        },
        "Articles of Stone, Plaster, Cement, Asbestos, Mica or Similar Materials; Ceramic Products; Glass and Glassware": {
          "Beijing": "47.19",
          "Paris": "12.13",
          "Abu Dhabi": "6.04",
          "Pretoria": "5.92",
          "Washington, D.C.": "5.29"
        },
        "Natural or Cultured Pearls, Precious or Semi-precious Stones, Precious Metals, Metals Clad with Precious Metal, and Articles thereof; Imitation Jewellery; Coin": {
          "Senegal": "32.13",
          "Tunisia": "10.00",
          "Cote dIvoire": "5.30",
          "Beijing": "22.80",
          "Paris": "7.48"
        },
        "Base Metals and Articles of Base Metal": {
          "Ukraine": "12.08",
          "Beijing": "15.09",
          "Paris": "11.46",
          "Washington, D.C.": "10.89",
          "Pretoria": "7.30"
        },
        "Vehicles, Aircraft, Vessels, and Associated Transport Equipment": {
          "Tokyo": "28.67",
          "Berlin": "17.67",
          "Beijing": "15.26",
          "Paris": "14.25",
          "Washington, D.C.": "10.29"
        },
        "Optical, Photographic, Cinematographic, Measuring, Checking, Precision, Medical or Surgical Instruments and Apparatus; Clocks and Watches; Musical Instruments; Parts and Accessories thereof": {
          "Senegal": "6.45",
          "Paris": "18.43",
          "Beijing": "14.34",
          "Washington, D.C.": "9.93",
          "Pretoria": "5.58"
        },
        "Miscellaneous Manufactured Articles": {
          "Paris": "42.40",
          "Beijing": "18.51",
          "Washington, D.C.": "7.96",
          "Pretoria": "4.96",
          "Abu Dhabi": "4.26"
        }
      }
    },
    "2010": {
      "Imports": {
        "Animals & Animal Products": {
          "Senegal": "14.74",
          "Belgium": "11.55",
          "Paris": "24.43",
          "Amsterdam": "16.15",
          "Wellington": "10.64"
        },
        "Vegetable Products": {
          "Cote dIvoire": "19.99",
          "Paris": "26.85",
          "Beijing": "12.73",
          "Washington, D.C.": "7.19",
          "Naypyidaw": "5.79"
        },
        "Prepared Foodstuffs; Beverages, Spirits, Vinegar, Tobacco and Manufactured Tobacco Substitutes": {
          "Cote dIvoire": "22.36",
          "Senegal": "8.64",
          "Brasília": "21.20",
          "Pretoria": "14.45",
          "Paris": "9.57"
        },
        "Mineral Products": {
          "Senegal": "83.26",
          "Cote dIvoire": "8.69",
          "Tunisia": "2.29",
          "Togo": "1.38",
          "Rome": "1.21"
        },
        "Products of the Chemical or Allied Industries": {
          "Russian Federation": "6.99",
          "Paris": "26.10",
          "Washington, D.C.": "15.63",
          "Amsterdam": "14.22",
          "Beijing": "5.93"
        },
        "Plastics and Articles thereof; Rubber and Articles thereof": {
          "Cote dIvoire": "4.31",
          "Paris": "16.99",
          "Washington, D.C.": "15.02",
          "Pretoria": "14.21",
          "Beijing": "11.63"
        },
        "Raw Hides and Skins, Leather, Furskins, and Articles thereof; Saddlery and Harness; Travel Goods, Handbags, and Similar Containers; Articles of Animal Gut (Other than Silk-worm Gut)": {
          "Senegal": "6.26",
          "Beijing": "50.90",
          "Washington, D.C.": "15.58",
          "Paris": "6.14",
          "Pretoria": "5.92"
        },
        "Wood and Articles of Wood; Wood Charcoal; Cork and Articles of Cork; Manufactures of Straw, of Esparto or of Other Plaiting Materials; Basketware and Wickerwork": {
          "Cote dIvoire": "19.14",
          "Senegal": "12.28",
          "Paris": "18.70",
          "Beijing": "15.53",
          "Pretoria": "5.04"
        },
        "Textiles and Textile Articles": {
          "Beijing": "47.70",
          "Paris": "9.58",
          "Abu Dhabi": "7.91",
          "Washington, D.C.": "5.78",
          "Pretoria": "5.63"
        },
        "Footwear, Headgear, Umbrellas, Sun Umbrellas, Walking-sticks, Seat-sticks, Whips, Riding-crops, and Parts thereof; Prepared Feathers and Articles Made therewith; Artificial Flowers; Articles of Human Hair": {
          "Cote dIvoire": "7.19",
          "Senegal": "3.84",
          "Beijing": "48.56",
          "Pretoria": "13.32",
          "Paris": "8.42"
        },
        "Articles of Stone, Plaster, Cement, Asbestos, Mica or Similar Materials; Ceramic Products; Glass and Glassware": {
          "Beijing": "51.20",
          "Paris": "13.60",
          "Pretoria": "5.89",
          "Rome": "5.56",
          "Washington, D.C.": "3.88"
        },
        "Natural or Cultured Pearls, Precious or Semi-precious Stones, Precious Metals, Metals Clad with Precious Metal, and Articles thereof; Imitation Jewellery; Coin": {
          "Senegal": "23.83",
          "Tunisia": "10.58",
          "Cote dIvoire": "9.70",
          "Paris": "12.58",
          "Rome": "11.99"
        },
        "Base Metals and Articles of Base Metal": {
          "Ukraine": "12.77",
          "Washington, D.C.": "13.86",
          "Paris": "11.84",
          "Beijing": "11.65",
          "Pretoria": "10.30"
        },
        "Machinery and Mechanical Appliances; Electrical Equipment; Parts thereof; Sound Recorders and Reproducers, Television Image and Sound Recorders and Reproducers, and Parts and Accessories of such Articles": {
          "Washington, D.C.": "21.68",
          "Paris": "21.65",
          "Beijing": "16.93",
          "Pretoria": "14.66",
          "London": "3.60"
        },
        "Vehicles, Aircraft, Vessels, and Associated Transport Equipment": {
          "Tokyo": "29.02",
          "Berlin": "20.53",
          "Beijing": "17.08",
          "Paris": "12.31",
          "Pretoria": "7.60"
        },
        "Optical, Photographic, Cinematographic, Measuring, Checking, Precision, Medical or Surgical Instruments and Apparatus; Clocks and Watches; Musical Instruments; Parts and Accessories thereof": {
          "Senegal": "6.82",
          "Paris": "17.94",
          "Beijing": "14.63",
          "Washington, D.C.": "13.80",
          "Pretoria": "9.00"
        },
        "Miscellaneous Manufactured Articles": {
          "Paris": "27.84",
          "Beijing": "27.16",
          "Washington, D.C.": "11.41",
          "Pretoria": "10.45",
          "Canberra": "2.21"
        }
      }
    },
    "2011": {
      "Imports": {
        "Animals & Animal Products": {
          "Senegal": "17.69",
          "Belgium": "9.21",
          "Amsterdam": "19.13",
          "Paris": "16.42",
          "Wellington": "12.22"
        },
        "Vegetable Products": {
          "Cote dIvoire": "18.61",
          "Thailand": "6.03",
          "Paris": "25.69",
          "Beijing": "11.14",
          "Naypyidaw": "6.48"
        },
        "Prepared Foodstuffs; Beverages, Spirits, Vinegar, Tobacco and Manufactured Tobacco Substitutes": {
          "Cote dIvoire": "15.13",
          "Senegal": "12.13",
          "Ireland": "6.26",
          "Brasília": "26.02",
          "Pretoria": "20.77"
        },
        "Mineral Products": {
          "Senegal": "92.42",
          "Cote dIvoire": "2.35",
          "Tunisia": "1.09",
          "Lisbon": "0.99",
          "Accra": "0.77"
        },
        "Products of the Chemical or Allied Industries": {
          "Russian Federation": "14.74",
          "Ukraine": "10.66",
          "Paris": "25.49",
          "Beijing": "9.44",
          "Rabat": "8.00"
        },
        "Plastics and Articles thereof; Rubber and Articles thereof": {
          "Cote dIvoire": "7.66",
          "Beijing": "14.49",
          "Pretoria": "10.44",
          "Paris": "9.27",
          "Madrid": "5.44"
        },
        "Raw Hides and Skins, Leather, Furskins, and Articles thereof; Saddlery and Harness; Travel Goods, Handbags, and Similar Containers; Articles of Animal Gut (Other than Silk-worm Gut)": {
          "Beijing": "74.69",
          "Abu Dhabi": "9.87",
          "Washington, D.C.": "3.77",
          "Ottawa": "2.69",
          "Accra": "2.07"
        },
        "Wood and Articles of Wood; Wood Charcoal; Cork and Articles of Cork; Manufactures of Straw, of Esparto or of Other Plaiting Materials; Basketware and Wickerwork": {
          "Senegal": "18.47",
          "Cote dIvoire": "18.37",
          "Paris": "13.42",
          "Beijing": "11.49",
          "Jakarta": "5.43"
        },
        "Textiles and Textile Articles": {
          "Beijing": "49.30",
          "Hanoi": "7.30",
          "Paris": "7.19",
          "Abu Dhabi": "6.54",
          "Washington, D.C.": "4.73"
        },
        "Footwear, Headgear, Umbrellas, Sun Umbrellas, Walking-sticks, Seat-sticks, Whips, Riding-crops, and Parts thereof; Prepared Feathers and Articles Made therewith; Artificial Flowers; Articles of Human Hair": {
          "Cote dIvoire": "12.68",
          "Senegal": "5.93",
          "Beijing": "65.97",
          "Pretoria": "2.37",
          "Abu Dhabi": "2.33"
        },
        "Articles of Stone, Plaster, Cement, Asbestos, Mica or Similar Materials; Ceramic Products; Glass and Glassware": {
          "Beijing": "65.06",
          "Madrid": "5.19",
          "Paris": "5.17",
          "Rome": "4.61",
          "Abu Dhabi": "4.11"
        },
        "Natural or Cultured Pearls, Precious or Semi-precious Stones, Precious Metals, Metals Clad with Precious Metal, and Articles thereof; Imitation Jewellery; Coin": {
          "Senegal": "38.23",
          "Cote dIvoire": "6.65",
          "Burkina Faso": "6.47",
          "Tunisia": "6.16",
          "Beijing": "13.49"
        },
        "Base Metals and Articles of Base Metal": {
          "Ukraine": "9.91",
          "Beijing": "15.17",
          "Ankara": "10.40",
          "New Delhi": "9.89",
          "Pretoria": "7.34"
        },
        "Machinery and Mechanical Appliances; Electrical Equipment; Parts thereof; Sound Recorders and Reproducers, Television Image and Sound Recorders and Reproducers, and Parts and Accessories of such Articles": {
          "Beijing": "20.97",
          "Paris": "19.63",
          "Pretoria": "12.42",
          "Washington, D.C.": "8.63",
          "Canberra": "5.13"
        },
        "Vehicles, Aircraft, Vessels, and Associated Transport Equipment": {
          "Berlin": "29.42",
          "Beijing": "20.13",
          "Tokyo": "18.14",
          "Paris": "14.14",
          "Washington, D.C.": "7.63"
        },
        "Optical, Photographic, Cinematographic, Measuring, Checking, Precision, Medical or Surgical Instruments and Apparatus; Clocks and Watches; Musical Instruments; Parts and Accessories thereof": {
          "Senegal": "12.34",
          "Beijing": "17.35",
          "Paris": "14.43",
          "Berlin": "6.02",
          "Pretoria": "5.87"
        },
        "Miscellaneous Manufactured Articles": {
          "Beijing": "35.29",
          "Paris": "17.30",
          "Pretoria": "7.81",
          "Vienna": "5.41",
          "Rome": "4.20"
        }
      }
    },
    "2012": {
      "Imports": {
        "Animals & Animal Products": {
          "Senegal": "33.22",
          "Paris": "14.00",
          "Amsterdam": "13.64",
          "Reykjavik": "11.03",
          "Wellington": "6.68"
        },
        "Vegetable Products": {
          "Cote dIvoire": "19.12",
          "Senegal": "4.95",
          "Paris": "23.11",
          "New Delhi": "13.33",
          "Beijing": "6.16"
        },
        "Prepared Foodstuffs; Beverages, Spirits, Vinegar, Tobacco and Manufactured Tobacco Substitutes": {
          "Cote dIvoire": "20.10",
          "Senegal": "19.13",
          "Brasília": "23.15",
          "Pretoria": "17.32",
          "Paris": "3.19"
        },
        "Mineral Products": {
          "Senegal": "89.52",
          "Thailand": "2.34",
          "Cote dIvoire": "1.72",
          "Lisbon": "1.57",
          "Accra": "1.23"
        },
        "Products of the Chemical or Allied Industries": {
          "Russian Federation": "12.82",
          "Senegal": "10.90",
          "Cote dIvoire": "4.66",
          "Paris": "32.72",
          "Beijing": "5.94"
        },
        "Plastics and Articles thereof; Rubber and Articles thereof": {
          "Senegal": "11.79",
          "Cote dIvoire": "10.31",
          "Beijing": "14.30",
          "Washington, D.C.": "8.65",
          "Madrid": "7.71"
        },
        "Raw Hides and Skins, Leather, Furskins, and Articles thereof; Saddlery and Harness; Travel Goods, Handbags, and Similar Containers; Articles of Animal Gut (Other than Silk-worm Gut)": {
          "Senegal": "7.07",
          "Beijing": "60.28",
          "Paris": "8.99",
          "Accra": "6.09",
          "Berlin": "5.03"
        },
        "Wood and Articles of Wood; Wood Charcoal; Cork and Articles of Cork; Manufactures of Straw, of Esparto or of Other Plaiting Materials; Basketware and Wickerwork": {
          "Senegal": "22.08",
          "Cote dIvoire": "17.96",
          "Beijing": "20.05",
          "Paris": "11.60",
          "Ottawa": "4.93"
        },
        "Textiles and Textile Articles": {
          "Senegal": "8.49",
          "Cote dIvoire": "5.61",
          "Beijing": "37.60",
          "Hanoi": "10.43",
          "Paris": "7.46"
        },
        "Footwear, Headgear, Umbrellas, Sun Umbrellas, Walking-sticks, Seat-sticks, Whips, Riding-crops, and Parts thereof; Prepared Feathers and Articles Made therewith; Artificial Flowers; Articles of Human Hair": {
          "Cote dIvoire": "13.17",
          "Senegal": "9.24",
          "Beijing": "48.62",
          "Paris": "11.14",
          "Accra": "3.49"
        },
        "Articles of Stone, Plaster, Cement, Asbestos, Mica or Similar Materials; Ceramic Products; Glass and Glassware": {
          "Senegal": "12.89",
          "Thailand": "5.14",
          "Beijing": "51.98",
          "Paris": "3.72",
          "Madrid": "3.36"
        },
        "Natural or Cultured Pearls, Precious or Semi-precious Stones, Precious Metals, Metals Clad with Precious Metal, and Articles thereof; Imitation Jewellery; Coin": {
          "Senegal": "46.74",
          "Burkina Faso": "7.98",
          "Cote dIvoire": "7.04",
          "Beijing": "8.38",
          "Hong Kong": "5.01"
        },
        "Base Metals and Articles of Base Metal": {
          "Senegal": "11.30",
          "Ukraine": "7.36",
          "Beijing": "16.64",
          "Ankara": "8.97",
          "Rome": "7.49"
        },
        "Machinery and Mechanical Appliances; Electrical Equipment; Parts thereof; Sound Recorders and Reproducers, Television Image and Sound Recorders and Reproducers, and Parts and Accessories of such Articles": {
          "Beijing": "27.37",
          "Paris": "15.13",
          "Washington, D.C.": "8.26",
          "Pretoria": "6.67",
          "Canberra": "5.22"
        },
        "Vehicles, Aircraft, Vessels, and Associated Transport Equipment": {
          "Senegal": "13.45",
          "Beijing": "18.60",
          "Berlin": "16.05",
          "Tokyo": "14.88",
          "Paris": "12.60"
        },
        "Optical, Photographic, Cinematographic, Measuring, Checking, Precision, Medical or Surgical Instruments and Apparatus; Clocks and Watches; Musical Instruments; Parts and Accessories thereof": {
          "Senegal": "17.34",
          "Beijing": "17.51",
          "Paris": "15.30",
          "Washington, D.C.": "4.57",
          "Pretoria": "3.67"
        },
        "Miscellaneous Manufactured Articles": {
          "Senegal": "8.20",
          "Beijing": "22.54",
          "Paris": "16.50",
          "Pretoria": "7.06",
          "Rome": "6.56"
        }
      }
    },
    "2016": {
      "Imports": {
        "Animals & Animal Products": {
          "Senegal": "27.08",
          "Ireland": "22.28",
          "Mauritania": "9.77",
          "Paris": "6.59",
          "Beijing": "6.09"
        },
        "Vegetable Products": {
          "Cote dIvoire": "14.66",
          "Paris": "22.15",
          "New Delhi": "13.65",
          "Beijing": "8.72",
          "Islamabad": "6.62"
        },
        "Prepared Foodstuffs; Beverages, Spirits, Vinegar, Tobacco and Manufactured Tobacco Substitutes": {
          "Cote dIvoire": "18.15",
          "Senegal": "16.37",
          "Pretoria": "20.35",
          "Brasília": "13.14",
          "Paris": "5.59"
        },
        "Mineral Products": {
          "Senegal": "91.38",
          "Unspecified": "1.29",
          "Accra": "2.11",
          "Ankara": "1.77",
          "Rome": "1.13"
        },
        "Plastics and Articles thereof; Rubber and Articles thereof": {
          "Cote dIvoire": "13.44",
          "Senegal": "6.90",
          "Belgium": "5.78",
          "Beijing": "21.71",
          "Paris": "6.21"
        },
        "Wood and Articles of Wood; Wood Charcoal; Cork and Articles of Cork; Manufactures of Straw, of Esparto or of Other Plaiting Materials; Basketware and Wickerwork": {
          "Cote dIvoire": "28.85",
          "Senegal": "9.44",
          "Beijing": "13.83",
          "Brasília": "8.37",
          "Paris": "7.21"
        },
        "Textiles and Textile Articles": {
          "Cote dIvoire": "6.18",
          "Beijing": "48.94",
          "Washington, D.C.": "8.88",
          "Abu Dhabi": "4.30",
          "Hanoi": "4.05"
        },
        "Footwear, Headgear, Umbrellas, Sun Umbrellas, Walking-sticks, Seat-sticks, Whips, Riding-crops, and Parts thereof; Prepared Feathers and Articles Made therewith; Artificial Flowers; Articles of Human Hair": {
          "Senegal": "10.46",
          "Cote dIvoire": "9.65",
          "Mauritania": "4.79",
          "Beijing": "48.43",
          "Copenhagen": "4.47"
        },
        "Articles of Stone, Plaster, Cement, Asbestos, Mica or Similar Materials; Ceramic Products; Glass and Glassware": {
          "Unspecified": "9.52",
          "Beijing": "66.01",
          "New Delhi": "3.71",
          "Paris": "3.00",
          "Rabat": "2.64"
        },
        "Natural or Cultured Pearls, Precious or Semi-precious Stones, Precious Metals, Metals Clad with Precious Metal, and Articles thereof; Imitation Jewellery; Coin": {
          "Senegal": "39.20",
          "Mauritania": "7.58",
          "Tunisia": "5.03",
          "Beijing": "12.35",
          "Rome": "9.10"
        },
        "Base Metals and Articles of Base Metal": {
          "Cote dIvoire": "6.02",
          "Beijing": "33.41",
          "Rome": "5.49",
          "Accra": "5.47",
          "Pretoria": "5.21"
        },
        "Machinery and Mechanical Appliances; Electrical Equipment; Parts thereof; Sound Recorders and Reproducers, Television Image and Sound Recorders and Reproducers, and Parts and Accessories of such Articles": {
          "Beijing": "34.68",
          "Paris": "13.42",
          "Washington, D.C.": "6.70",
          "Berlin": "6.37",
          "Pretoria": "4.62"
        },
        "Vehicles, Aircraft, Vessels, and Associated Transport Equipment": {
          "Beijing": "24.00",
          "Berlin": "22.90",
          "Tokyo": "19.30",
          "Paris": "9.53",
          "Washington, D.C.": "5.80"
        },
        "Optical, Photographic, Cinematographic, Measuring, Checking, Precision, Medical or Surgical Instruments and Apparatus; Clocks and Watches; Musical Instruments; Parts and Accessories thereof": {
          "Senegal": "10.60",
          "Beijing": "24.16",
          "Paris": "10.57",
          "Berlin": "6.54",
          "Washington, D.C.": "3.89"
        },
        "Miscellaneous Manufactured Articles": {
          "Berlin": "19.78",
          "Rome": "17.10",
          "Beijing": "16.80",
          "Paris": "8.34",
          "Amsterdam": "7.84"
        }
      }
    },
    "2017": {
      "Imports": {
        "Animals & Animal Products": {
          "Senegal": "16.08",
          "Mauritania": "8.16",
          "Reykjavik": "14.72",
          "Beijing": "12.32",
          "Rabat": "9.84"
        },
        "Vegetable Products": {
          "Cote dIvoire": "22.22",
          "Paris": "12.68",
          "New Delhi": "9.35",
          "Beijing": "9.32",
          "Amsterdam": "6.75"
        },
        "Prepared Foodstuffs; Beverages, Spirits, Vinegar, Tobacco and Manufactured Tobacco Substitutes": {
          "Senegal": "17.12",
          "Cote dIvoire": "14.89",
          "Pretoria": "20.25",
          "Brasília": "16.07",
          "Paris": "7.73"
        },
        "Mineral Products": {
          "Senegal": "86.55",
          "Ankara": "2.99",
          "Accra": "2.20",
          "Madrid": "1.96",
          "Rome": "1.95"
        },
        "Products of the Chemical or Allied Industries": {
          "Russian Federation": "6.45",
          "Paris": "17.45",
          "Amsterdam": "16.04",
          "Beijing": "11.13",
          "Rabat": "6.65"
        },
        "Plastics and Articles thereof; Rubber and Articles thereof": {
          "Cote dIvoire": "12.47",
          "Senegal": "7.07",
          "Beijing": "23.72",
          "Washington, D.C.": "7.07",
          "Paris": "4.80"
        },
        "Raw Hides and Skins, Leather, Furskins, and Articles thereof; Saddlery and Harness; Travel Goods, Handbags, and Similar Containers; Articles of Animal Gut (Other than Silk-worm Gut)": {
          "Beijing": "79.09",
          "New Delhi": "4.55",
          "Accra": "3.44",
          "Paris": "2.16",
          "Washington, D.C.": "1.98"
        },
        "Wood and Articles of Wood; Wood Charcoal; Cork and Articles of Cork; Manufactures of Straw, of Esparto or of Other Plaiting Materials; Basketware and Wickerwork": {
          "Cote dIvoire": "26.46",
          "Senegal": "8.47",
          "Paris": "15.60",
          "Beijing": "14.37",
          "Berlin": "4.61"
        },
        "Textiles and Textile Articles": {
          "Cote dIvoire": "5.73",
          "Beijing": "53.65",
          "Washington, D.C.": "6.58",
          "Berlin": "5.01",
          "Islamabad": "3.69"
        },
        "Footwear, Headgear, Umbrellas, Sun Umbrellas, Walking-sticks, Seat-sticks, Whips, Riding-crops, and Parts thereof; Prepared Feathers and Articles Made therewith; Artificial Flowers; Articles of Human Hair": {
          "Cote dIvoire": "13.12",
          "Senegal": "8.15",
          "Beijing": "47.60",
          "Rabat": "5.87",
          "Paris": "5.09"
        },
        "Articles of Stone, Plaster, Cement, Asbestos, Mica or Similar Materials; Ceramic Products; Glass and Glassware": {
          "Beijing": "62.82",
          "Madrid": "7.67",
          "Accra": "6.43",
          "Ankara": "3.86",
          "New Delhi": "3.22"
        },
        "Natural or Cultured Pearls, Precious or Semi-precious Stones, Precious Metals, Metals Clad with Precious Metal, and Articles thereof; Imitation Jewellery; Coin": {
          "Senegal": "36.32",
          "Mauritania": "7.96",
          "Beijing": "13.44",
          "Hong Kong": "6.66",
          "Rome": "5.74"
        },
        "Base Metals and Articles of Base Metal": {
          "Beijing": "34.86",
          "Pretoria": "6.54",
          "Rome": "5.80",
          "Paris": "5.66",
          "Accra": "4.90"
        },
        "Machinery and Mechanical Appliances; Electrical Equipment; Parts thereof; Sound Recorders and Reproducers, Television Image and Sound Recorders and Reproducers, and Parts and Accessories of such Articles": {
          "Beijing": "32.72",
          "Washington, D.C.": "12.40",
          "Paris": "11.70",
          "Berlin": "5.58",
          "Pretoria": "5.40"
        },
        "Vehicles, Aircraft, Vessels, and Associated Transport Equipment": {
          "Bangladesh": "4.96",
          "Berlin": "22.90",
          "Beijing": "21.33",
          "Tokyo": "18.85",
          "Paris": "8.98"
        },
        "Optical, Photographic, Cinematographic, Measuring, Checking, Precision, Medical or Surgical Instruments and Apparatus; Clocks and Watches; Musical Instruments; Parts and Accessories thereof": {
          "Senegal": "9.84",
          "Beijing": "23.73",
          "Paris": "10.43",
          "Berlin": "5.98",
          "Washington, D.C.": "5.27"
        },
        "Miscellaneous Manufactured Articles": {
          "Beijing": "19.53",
          "Paris": "17.11",
          "Rome": "15.98",
          "Berlin": "10.93",
          "Washington, D.C.": "4.89"
        }
      }
    },
    "2018": {
      "Imports": {
        "Animals & Animal Products": {
          "Senegal": "12.17",
          "Mauritania": "8.67",
          "Beijing": "20.97",
          "Rabat": "13.41",
          "Reykjavik": "12.49"
        },
        "Vegetable Products": {
          "Cote dIvoire": "14.46",
          "Russian Federation": "12.19",
          "Paris": "12.41",
          "Beijing": "12.29",
          "New Delhi": "7.39"
        },
        "Mineral Products": {
          "Senegal": "77.53",
          "Cote dIvoire": "3.63",
          "Ankara": "9.25",
          "Lisbon": "3.36",
          "Accra": "1.41"
        },
        "Products of the Chemical or Allied Industries": {
          "Paris": "23.80",
          "Beijing": "13.11",
          "New Delhi": "9.24",
          "Rabat": "7.22",
          "Washington, D.C.": "4.45"
        },
        "Plastics and Articles thereof; Rubber and Articles thereof": {
          "Cote dIvoire": "14.27",
          "Senegal": "5.10",
          "Beijing": "19.55",
          "Paris": "7.49",
          "Washington, D.C.": "6.70"
        },
        "Raw Hides and Skins, Leather, Furskins, and Articles thereof; Saddlery and Harness; Travel Goods, Handbags, and Similar Containers; Articles of Animal Gut (Other than Silk-worm Gut)": {
          "Beijing": "75.81",
          "Berlin": "4.49",
          "Washington, D.C.": "3.78",
          "New Delhi": "3.23",
          "Accra": "2.48"
        },
        "Wood and Articles of Wood; Wood Charcoal; Cork and Articles of Cork; Manufactures of Straw, of Esparto or of Other Plaiting Materials; Basketware and Wickerwork": {
          "Cote dIvoire": "13.15",
          "Senegal": "3.90",
          "Paris": "32.11",
          "London": "21.19",
          "Beijing": "6.49"
        },
        "Textiles and Textile Articles": {
          "Cote dIvoire": "5.70",
          "Senegal": "4.14",
          "Beijing": "48.91",
          "Berlin": "11.28",
          "Paris": "4.65"
        },
        "Footwear, Headgear, Umbrellas, Sun Umbrellas, Walking-sticks, Seat-sticks, Whips, Riding-crops, and Parts thereof; Prepared Feathers and Articles Made therewith; Artificial Flowers; Articles of Human Hair": {
          "Cote dIvoire": "16.43",
          "Senegal": "13.20",
          "Togo": "8.22",
          "Beijing": "41.99",
          "Rabat": "6.29"
        },
        "Articles of Stone, Plaster, Cement, Asbestos, Mica or Similar Materials; Ceramic Products; Glass and Glassware": {
          "Beijing": "50.38",
          "Accra": "24.31",
          "Madrid": "6.40",
          "Paris": "3.27",
          "New Delhi": "2.87"
        },
        "Natural or Cultured Pearls, Precious or Semi-precious Stones, Precious Metals, Metals Clad with Precious Metal, and Articles thereof; Imitation Jewellery; Coin": {
          "Senegal": "37.88",
          "Mauritania": "10.17",
          "Cote dIvoire": "4.20",
          "Beijing": "17.24",
          "Ankara": "11.73"
        },
        "Base Metals and Articles of Base Metal": {
          "Ukraine": "7.92",
          "Cote dIvoire": "6.14",
          "Beijing": "23.82",
          "Ankara": "8.27",
          "Rome": "6.49"
        },
        "Machinery and Mechanical Appliances; Electrical Equipment; Parts thereof; Sound Recorders and Reproducers, Television Image and Sound Recorders and Reproducers, and Parts and Accessories of such Articles": {
          "Beijing": "32.35",
          "Paris": "10.62",
          "Berlin": "8.61",
          "Washington, D.C.": "7.01",
          "Pretoria": "4.51"
        },
        "Vehicles, Aircraft, Vessels, and Associated Transport Equipment": {
          "Beijing": "23.31",
          "Tokyo": "20.58",
          "Berlin": "15.87",
          "Paris": "14.23",
          "Washington, D.C.": "7.45"
        },
        "Optical, Photographic, Cinematographic, Measuring, Checking, Precision, Medical or Surgical Instruments and Apparatus; Clocks and Watches; Musical Instruments; Parts and Accessories thereof": {
          "Senegal": "9.19",
          "Beijing": "22.50",
          "Paris": "12.95",
          "Berlin": "5.85",
          "Washington, D.C.": "4.45"
        },
        "Miscellaneous Manufactured Articles": {
          "Beijing": "26.45",
          "Paris": "18.68",
          "Berlin": "9.53",
          "Washington, D.C.": "7.22",
          "Rome": "3.91"
        }
      }
    },
    "2019": {
      "Imports": {
        "Animals & Animal Products": {
          "Ireland": "18.26",
          "Senegal": "13.08",
          "Mauritania": "6.77",
          "Beijing": "18.21",
          "Rabat": "9.95"
        },
        "Vegetable Products": {
          "Cote dIvoire": "11.22",
          "Russian Federation": "10.47",
          "Paris": "16.53",
          "New Delhi": "16.17",
          "Beijing": "13.76"
        },
        "Prepared Foodstuffs; Beverages, Spirits, Vinegar, Tobacco and Manufactured Tobacco Substitutes": {
          "Cote dIvoire": "13.53",
          "Senegal": "13.05",
          "Brasília": "21.93",
          "Pretoria": "17.14",
          "Paris": "8.11"
        },
        "Mineral Products": {
          "Senegal": "71.92",
          "Cote dIvoire": "3.65",
          "Burkina Faso": "2.87",
          "Ankara": "9.92",
          "Paris": "2.63"
        },
        "Products of the Chemical or Allied Industries": {
          "Senegal": "8.51",
          "Paris": "22.72",
          "Beijing": "12.93",
          "New Delhi": "7.80",
          "Rabat": "6.55"
        },
        "Plastics and Articles thereof; Rubber and Articles thereof": {
          "Cote dIvoire": "12.81",
          "Beijing": "21.24",
          "Paris": "7.60",
          "Washington, D.C.": "5.71",
          "Accra": "4.83"
        },
        "Raw Hides and Skins, Leather, Furskins, and Articles thereof; Saddlery and Harness; Travel Goods, Handbags, and Similar Containers; Articles of Animal Gut (Other than Silk-worm Gut)": {
          "Beijing": "80.35",
          "Paris": "3.28",
          "Washington, D.C.": "3.27",
          "New Delhi": "1.79",
          "Accra": "1.66"
        },
        "Wood and Articles of Wood; Wood Charcoal; Cork and Articles of Cork; Manufactures of Straw, of Esparto or of Other Plaiting Materials; Basketware and Wickerwork": {
          "Cote dIvoire": "22.47",
          "Senegal": "7.67",
          "Paris": "21.87",
          "Beijing": "12.09",
          "London": "6.97"
        },
        "Textiles and Textile Articles": {
          "Cote dIvoire": "5.62",
          "Senegal": "3.65",
          "Beijing": "49.82",
          "Berlin": "8.05",
          "Cairo": "4.07"
        },
        "Footwear, Headgear, Umbrellas, Sun Umbrellas, Walking-sticks, Seat-sticks, Whips, Riding-crops, and Parts thereof; Prepared Feathers and Articles Made therewith; Artificial Flowers; Articles of Human Hair": {
          "Cote dIvoire": "17.21",
          "Senegal": "13.02",
          "Togo": "7.91",
          "Beijing": "38.50",
          "Rabat": "4.87"
        },
        "Articles of Stone, Plaster, Cement, Asbestos, Mica or Similar Materials; Ceramic Products; Glass and Glassware": {
          "Accra": "38.28",
          "Beijing": "38.20",
          "Rome": "4.75",
          "Madrid": "4.24",
          "New Delhi": "3.05"
        },
        "Natural or Cultured Pearls, Precious or Semi-precious Stones, Precious Metals, Metals Clad with Precious Metal, and Articles thereof; Imitation Jewellery; Coin": {
          "Senegal": "39.46",
          "Mauritania": "7.42",
          "Beijing": "27.08",
          "Berlin": "4.66",
          "Rome": "3.56"
        },
        "Base Metals and Articles of Base Metal": {
          "Ukraine": "6.79",
          "Beijing": "30.43",
          "Ankara": "7.76",
          "Rome": "6.46",
          "Accra": "5.54"
        },
        "Machinery and Mechanical Appliances; Electrical Equipment; Parts thereof; Sound Recorders and Reproducers, Television Image and Sound Recorders and Reproducers, and Parts and Accessories of such Articles": {
          "Beijing": "40.00",
          "Paris": "8.54",
          "Washington, D.C.": "7.37",
          "Berlin": "6.86",
          "Rome": "4.60"
        },
        "Vehicles, Aircraft, Vessels, and Associated Transport Equipment": {
          "Beijing": "26.66",
          "Tokyo": "21.40",
          "Berlin": "15.77",
          "Paris": "10.25",
          "Washington, D.C.": "5.05"
        },
        "Optical, Photographic, Cinematographic, Measuring, Checking, Precision, Medical or Surgical Instruments and Apparatus; Clocks and Watches; Musical Instruments; Parts and Accessories thereof": {
          "Senegal": "8.54",
          "Beijing": "25.62",
          "Paris": "11.29",
          "Berlin": "5.05",
          "Washington, D.C.": "4.32"
        },
        "Miscellaneous Manufactured Articles": {
          "Rome": "28.43",
          "Beijing": "16.05",
          "Paris": "12.00",
          "Washington, D.C.": "9.90",
          "Cairo": "4.32"
        }
      }
    }
  }
}