{
  "Main Partners": {
    "1993": {
      "Imports": {
        "Animals & Animal Products": {
          "Unspecified": "9.30",
          "Amsterdam": "34.58",
          "Paris": "29.30",
          "Brussels": "17.84",
          "Buenos Aires": "5.59"
        },
        "Vegetable Products": {
          "Amsterdam": "42.45",
          "Paris": "35.23",
          "Hanoi": "8.07",
          "Washington, D.C.": "3.08"
        },
        "Prepared Foodstuffs; Beverages, Spirits, Vinegar, Tobacco and Manufactured Tobacco Substitutes": {
          "Paris": "30.96",
          "Rome": "18.23",
          "Madrid": "14.63",
          "Brussels": "6.01",
          "London": "5.90"
        },
        "Mineral Products": {
          "Berlin": "42.59",
          "Rabat": "15.43",
          "Paris": "10.18",
          "Amsterdam": "9.04",
          "Madrid": "6.09"
        },
        "Products of the Chemical or Allied Industries": {
          "Unspecified": "52.59",
          "Paris": "31.11",
          "Rome": "2.64",
          "Brussels": "2.28",
          "Amsterdam": "1.94"
        },
        "Plastics and Articles thereof; Rubber and Articles thereof": {
          "Unspecified": "7.82",
          "Paris": "24.17",
          "London": "15.79",
          "Rome": "6.88",
          "Berlin": "6.86"
        },
        "Raw Hides and Skins, Leather, Furskins, and Articles thereof; Saddlery and Harness; Travel Goods, Handbags, and Similar Containers; Articles of Animal Gut (Other than Silk-worm Gut)": {
          "Unspecified": "3.38",
          "Other Asia, nes": "3.08",
          "Hong Kong": "46.63",
          "Paris": "18.67"
        },
        "Wood and Articles of Wood; Wood Charcoal; Cork and Articles of Cork; Manufactures of Straw, of Esparto or of Other Plaiting Materials; Basketware and Wickerwork": {
          "Cote dIvoire": "15.49",
          "Senegal": "10.32",
          "Paris": "49.50",
          "Oslo": "7.08",
          "Ottawa": "4.30"
        },
        "Textiles and Textile Articles": {
          "Benin": "3.05",
          "Cote dIvoire": "2.30",
          "Paris": "52.79",
          "Hong Kong": "20.10"
        },
        "Footwear, Headgear, Umbrellas, Sun Umbrellas, Walking-sticks, Seat-sticks, Whips, Riding-crops, and Parts thereof; Prepared Feathers and Articles Made therewith; Artificial Flowers; Articles of Human Hair": {
          "Nigeria": "8.70",
          "Cote dIvoire": "4.95",
          "Paris": "36.50",
          "Hong Kong": "17.93"
        },
        "Articles of Stone, Plaster, Cement, Asbestos, Mica or Similar Materials; Ceramic Products; Glass and Glassware": {
          "Unspecified": "5.86",
          "Paris": "30.37",
          "Kinshasa": "13.35",
          "Madrid": "9.57",
          "Yaoundé": "6.78"
        },
        "Natural or Cultured Pearls, Precious or Semi-precious Stones, Precious Metals, Metals Clad with Precious Metal, and Articles thereof; Imitation Jewellery; Coin": {
          "Yaoundé": "25.21",
          "Berlin": "24.89",
          "Paris": "12.72",
          "Brussels": "10.41",
          "Rabat": "9.18"
        },
        "Base Metals and Articles of Base Metal": {
          "Paris": "55.48",
          "Rome": "8.08",
          "London": "7.07",
          "Yaoundé": "6.24",
          "Washington, D.C.": "3.86"
        },
        "Machinery and Mechanical Appliances; Electrical Equipment; Parts thereof; Sound Recorders and Reproducers, Television Image and Sound Recorders and Reproducers, and Parts and Accessories of such Articles": {
          "Unspecified": "9.25",
          "Paris": "41.66",
          "Washington, D.C.": "16.05",
          "Rome": "10.96",
          "London": "4.19"
        },
        "Vehicles, Aircraft, Vessels, and Associated Transport Equipment": {
          "Unspecified": "1.42",
          "Rome": "67.70",
          "Tokyo": "13.25",
          "Paris": "10.82",
          "Berlin": "2.44"
        },
        "Optical, Photographic, Cinematographic, Measuring, Checking, Precision, Medical or Surgical Instruments and Apparatus; Clocks and Watches; Musical Instruments; Parts and Accessories thereof": {
          "Unspecified": "14.65",
          "Paris": "32.95",
          "Rome": "24.25",
          "Washington, D.C.": "5.51",
          "Tokyo": "4.17"
        },
        "Miscellaneous Manufactured Articles": {
          "Unspecified": "7.51",
          "Rome": "37.16",
          "Paris": "32.98",
          "Washington, D.C.": "11.91",
          "London": "3.46"
        }
      }
    },
    "1994": {
      "Imports": {
        "Animals & Animal Products": {
          "Senegal": "8.64",
          "Paris": "28.59",
          "Amsterdam": "12.64",
          "Pretoria": "8.82",
          "Brussels": "8.59"
        },
        "Vegetable Products": {
          "Amsterdam": "33.41",
          "Washington, D.C.": "23.83",
          "Paris": "20.90",
          "Brussels": "6.42",
          "Hanoi": "4.88"
        },
        "Prepared Foodstuffs; Beverages, Spirits, Vinegar, Tobacco and Manufactured Tobacco Substitutes": {
          "Unspecified": "23.92",
          "Paris": "29.35",
          "Rome": "15.94",
          "Brussels": "6.33",
          "Madrid": "5.73"
        },
        "Mineral Products": {
          "Senegal": "15.07",
          "Unspecified": "10.23",
          "Berlin": "23.41",
          "Brussels": "16.21",
          "Rabat": "9.18"
        },
        "Products of the Chemical or Allied Industries": {
          "Unspecified": "45.32",
          "Paris": "18.26",
          "Washington, D.C.": "7.23",
          "London": "6.03",
          "Rome": "4.43"
        },
        "Plastics and Articles thereof; Rubber and Articles thereof": {
          "Unspecified": "6.63",
          "Cote dIvoire": "2.18",
          "Paris": "67.02",
          "Berlin": "4.49",
          "Brussels": "2.34"
        },
        "Raw Hides and Skins, Leather, Furskins, and Articles thereof; Saddlery and Harness; Travel Goods, Handbags, and Similar Containers; Articles of Animal Gut (Other than Silk-worm Gut)": {
          "Unspecified": "5.64",
          "Other Asia, nes": "4.97",
          "Hong Kong": "42.88",
          "Paris": "14.19"
        },
        "Wood and Articles of Wood; Wood Charcoal; Cork and Articles of Cork; Manufactures of Straw, of Esparto or of Other Plaiting Materials; Basketware and Wickerwork": {
          "Senegal": "7.59",
          "Cote dIvoire": "6.52",
          "Unspecified": "3.69",
          "Paris": "59.11",
          "Pretoria": "5.67"
        },
        "Textiles and Textile Articles": {
          "Benin": "8.36",
          "Hong Kong": "21.87",
          "Paris": "19.48",
          "Brussels": "15.50"
        },
        "Footwear, Headgear, Umbrellas, Sun Umbrellas, Walking-sticks, Seat-sticks, Whips, Riding-crops, and Parts thereof; Prepared Feathers and Articles Made therewith; Artificial Flowers; Articles of Human Hair": {
          "Nigeria": "17.91",
          "Togo": "5.28",
          "Paris": "29.44",
          "Hong Kong": "21.18"
        },
        "Articles of Stone, Plaster, Cement, Asbestos, Mica or Similar Materials; Ceramic Products; Glass and Glassware": {
          "Unspecified": "7.36",
          "Paris": "40.45",
          "Rome": "11.70",
          "Washington, D.C.": "7.55",
          "Lisbon": "5.93"
        },
        "Natural or Cultured Pearls, Precious or Semi-precious Stones, Precious Metals, Metals Clad with Precious Metal, and Articles thereof; Imitation Jewellery; Coin": {
          "Senegal": "15.10",
          "Berlin": "25.14",
          "Yaoundé": "17.80",
          "Paris": "11.30",
          "Rabat": "9.20"
        },
        "Base Metals and Articles of Base Metal": {
          "Unspecified": "34.75",
          "Paris": "35.82",
          "Washington, D.C.": "7.88",
          "Rome": "6.43",
          "Brussels": "2.64"
        },
        "Machinery and Mechanical Appliances; Electrical Equipment; Parts thereof; Sound Recorders and Reproducers, Television Image and Sound Recorders and Reproducers, and Parts and Accessories of such Articles": {
          "Unspecified": "18.50",
          "Paris": "41.32",
          "Washington, D.C.": "14.83",
          "London": "6.04",
          "Rome": "5.80"
        },
        "Vehicles, Aircraft, Vessels, and Associated Transport Equipment": {
          "Unspecified": "12.18",
          "Paris": "31.63",
          "Tokyo": "30.77",
          "Berlin": "9.88",
          "Washington, D.C.": "5.60"
        },
        "Optical, Photographic, Cinematographic, Measuring, Checking, Precision, Medical or Surgical Instruments and Apparatus; Clocks and Watches; Musical Instruments; Parts and Accessories thereof": {
          "Unspecified": "25.03",
          "Paris": "34.73",
          "Washington, D.C.": "11.11",
          "Rome": "4.81",
          "London": "4.34"
        },
        "Miscellaneous Manufactured Articles": {
          "Unspecified": "18.87",
          "Washington, D.C.": "31.21",
          "Paris": "28.83",
          "Rome": "6.47",
          "London": "5.44"
        }
      }
    },
    "1995": {
      "Imports": {
        "Animals & Animal Products": {
          "Unspecified": "11.46",
          "Mauritania": "10.53",
          "Paris": "30.52",
          "Amsterdam": "15.85",
          "Brussels": "9.41"
        },
        "Vegetable Products": {
          "Amsterdam": "38.51",
          "Paris": "14.42",
          "Hanoi": "12.61",
          "Brussels": "12.47",
          "Washington, D.C.": "9.96"
        },
        "Prepared Foodstuffs; Beverages, Spirits, Vinegar, Tobacco and Manufactured Tobacco Substitutes": {
          "Unspecified": "25.73",
          "Paris": "28.64",
          "Rome": "12.12",
          "Brussels": "4.51",
          "Rabat": "3.89"
        },
        "Mineral Products": {
          "Berlin": "34.94",
          "Brussels": "20.91",
          "Paris": "10.37",
          "Amsterdam": "9.72",
          "Rabat": "8.74"
        },
        "Products of the Chemical or Allied Industries": {
          "Unspecified": "49.10",
          "Paris": "22.77",
          "Rome": "5.34",
          "Washington, D.C.": "4.99",
          "London": "3.84"
        },
        "Plastics and Articles thereof; Rubber and Articles thereof": {
          "Unspecified": "12.18",
          "Cote dIvoire": "4.92",
          "Paris": "48.94",
          "Berlin": "5.74",
          "Washington, D.C.": "5.73"
        },
        "Raw Hides and Skins, Leather, Furskins, and Articles thereof; Saddlery and Harness; Travel Goods, Handbags, and Similar Containers; Articles of Animal Gut (Other than Silk-worm Gut)": {
          "Hong Kong": "44.11",
          "Paris": "22.98",
          "New Delhi": "11.58",
          "Rome": "6.29",
          "Washington, D.C.": "2.80"
        },
        "Wood and Articles of Wood; Wood Charcoal; Cork and Articles of Cork; Manufactures of Straw, of Esparto or of Other Plaiting Materials; Basketware and Wickerwork": {
          "Senegal": "11.20",
          "Unspecified": "4.58",
          "Paris": "57.28",
          "Brussels": "6.17",
          "Berlin": "5.64"
        },
        "Textiles and Textile Articles": {
          "Benin": "5.99",
          "Paris": "28.91",
          "Brussels": "14.67",
          "Hong Kong": "12.32",
          "Amsterdam": "7.53"
        },
        "Footwear, Headgear, Umbrellas, Sun Umbrellas, Walking-sticks, Seat-sticks, Whips, Riding-crops, and Parts thereof; Prepared Feathers and Articles Made therewith; Artificial Flowers; Articles of Human Hair": {
          "Nigeria": "21.08",
          "Cote dIvoire": "8.98",
          "Paris": "21.78",
          "Hong Kong": "13.44"
        },
        "Articles of Stone, Plaster, Cement, Asbestos, Mica or Similar Materials; Ceramic Products; Glass and Glassware": {
          "Unspecified": "8.67",
          "Paris": "47.07",
          "Kinshasa": "10.85",
          "Rome": "7.63",
          "Berlin": "6.13"
        },
        "Natural or Cultured Pearls, Precious or Semi-precious Stones, Precious Metals, Metals Clad with Precious Metal, and Articles thereof; Imitation Jewellery; Coin": {
          "Berlin": "29.56",
          "Yaoundé": "24.38",
          "Paris": "17.28",
          "Rabat": "7.30",
          "Rome": "6.34"
        },
        "Base Metals and Articles of Base Metal": {
          "Unspecified": "8.39",
          "Paris": "40.59",
          "Washington, D.C.": "12.33",
          "Tokyo": "7.74",
          "London": "7.58"
        },
        "Machinery and Mechanical Appliances; Electrical Equipment; Parts thereof; Sound Recorders and Reproducers, Television Image and Sound Recorders and Reproducers, and Parts and Accessories of such Articles": {
          "Unspecified": "9.03",
          "Paris": "41.07",
          "Washington, D.C.": "22.29",
          "Rome": "9.65",
          "London": "6.70"
        },
        "Vehicles, Aircraft, Vessels, and Associated Transport Equipment": {
          "Unspecified": "9.59",
          "Paris": "34.07",
          "Tokyo": "26.07",
          "Washington, D.C.": "11.72",
          "Berlin": "10.27"
        },
        "Optical, Photographic, Cinematographic, Measuring, Checking, Precision, Medical or Surgical Instruments and Apparatus; Clocks and Watches; Musical Instruments; Parts and Accessories thereof": {
          "Unspecified": "22.33",
          "Paris": "35.43",
          "Washington, D.C.": "12.49",
          "Rome": "5.61",
          "London": "4.73"
        },
        "Miscellaneous Manufactured Articles": {
          "Unspecified": "36.45",
          "Paris": "32.27",
          "Washington, D.C.": "15.12",
          "Rome": "4.75",
          "London": "4.63"
        }
      }
    },
    "2007": {
      "Imports": {
        "Animals & Animal Products": {
          "Mauritania": "13.06",
          "Brasília": "15.29",
          "Paris": "12.39",
          "Buenos Aires": "8.84",
          "New Delhi": "8.20"
        },
        "Vegetable Products": {
          "Belgium": "18.88",
          "Thailand": "8.48",
          "Paris": "15.10",
          "Washington, D.C.": "13.31",
          "Buenos Aires": "10.72"
        },
        "Prepared Foodstuffs; Beverages, Spirits, Vinegar, Tobacco and Manufactured Tobacco Substitutes": {
          "Paris": "24.35",
          "Libreville": "19.22",
          "Amsterdam": "12.62",
          "Yaoundé": "11.74",
          "Rome": "4.48"
        },
        "Mineral Products": {
          "Belgium": "6.88",
          "Nigeria": "1.61",
          "Beijing": "68.51",
          "Kinshasa": "6.64",
          "Paris": "5.88"
        },
        "Products of the Chemical or Allied Industries": {
          "Belgium": "13.36",
          "Paris": "49.48",
          "Rome": "7.93",
          "Washington, D.C.": "5.93",
          "Yaoundé": "2.49"
        },
        "Plastics and Articles thereof; Rubber and Articles thereof": {
          "Belgium": "17.43",
          "Paris": "40.05",
          "Beijing": "5.17",
          "Abu Dhabi": "4.23",
          "Amsterdam": "3.11"
        },
        "Raw Hides and Skins, Leather, Furskins, and Articles thereof; Saddlery and Harness; Travel Goods, Handbags, and Similar Containers; Articles of Animal Gut (Other than Silk-worm Gut)": {
          "Beijing": "33.49",
          "Paris": "28.48",
          "Abu Dhabi": "19.04",
          "Hong Kong": "8.57",
          "Rome": "2.04"
        },
        "Wood and Articles of Wood; Wood Charcoal; Cork and Articles of Cork; Manufactures of Straw, of Esparto or of Other Plaiting Materials; Basketware and Wickerwork": {
          "Cote dIvoire": "9.60",
          "Belgium": "8.92",
          "Paris": "33.90",
          "London": "12.29",
          "Yaoundé": "11.06"
        },
        "Textiles and Textile Articles": {
          "Beijing": "22.50",
          "Paris": "12.60",
          "Abu Dhabi": "11.13",
          "New Delhi": "8.65",
          "Hong Kong": "7.35"
        },
        "Footwear, Headgear, Umbrellas, Sun Umbrellas, Walking-sticks, Seat-sticks, Whips, Riding-crops, and Parts thereof; Prepared Feathers and Articles Made therewith; Artificial Flowers; Articles of Human Hair": {
          "Nigeria": "9.30",
          "Belgium": "6.94",
          "Beijing": "40.07",
          "Paris": "17.03",
          "Hong Kong": "9.06"
        },
        "Articles of Stone, Plaster, Cement, Asbestos, Mica or Similar Materials; Ceramic Products; Glass and Glassware": {
          "Beijing": "33.13",
          "Paris": "12.93",
          "Abu Dhabi": "12.91",
          "Rome": "6.45",
          "Yaoundé": "4.71"
        },
        "Natural or Cultured Pearls, Precious or Semi-precious Stones, Precious Metals, Metals Clad with Precious Metal, and Articles thereof; Imitation Jewellery; Coin": {
          "Belgium": "8.06",
          "Nigeria": "4.29",
          "Paris": "33.75",
          "Yaoundé": "25.39",
          "Beijing": "5.30"
        },
        "Base Metals and Articles of Base Metal": {
          "Belgium": "13.66",
          "Equatorial Guinea": "7.67",
          "Paris": "26.51",
          "Yaoundé": "7.65",
          "Washington, D.C.": "6.38"
        },
        "Machinery and Mechanical Appliances; Electrical Equipment; Parts thereof; Sound Recorders and Reproducers, Television Image and Sound Recorders and Reproducers, and Parts and Accessories of such Articles": {
          "Belgium": "8.84",
          "Equatorial Guinea": "5.46",
          "Paris": "41.57",
          "Washington, D.C.": "8.21",
          "Rome": "6.09"
        },
        "Vehicles, Aircraft, Vessels, and Associated Transport Equipment": {
          "Angola": "32.21",
          "Nigeria": "17.83",
          "Namibia": "4.50",
          "Pretoria": "11.12",
          "Libreville": "7.79"
        },
        "Optical, Photographic, Cinematographic, Measuring, Checking, Precision, Medical or Surgical Instruments and Apparatus; Clocks and Watches; Musical Instruments; Parts and Accessories thereof": {
          "Angola": "24.72",
          "Nigeria": "13.54",
          "Paris": "11.73",
          "Pretoria": "8.74",
          "Libreville": "6.22"
        },
        "Miscellaneous Manufactured Articles": {
          "Equatorial Guinea": "10.35",
          "Paris": "38.86",
          "Washington, D.C.": "8.39",
          "Rome": "7.42",
          "London": "5.66"
        }
      }
    },
    "2008": {
      "Imports": {
        "Animals & Animal Products": {
          "Senegal": "9.83",
          "Belgium": "9.66",
          "Brasília": "21.57",
          "Paris": "12.28",
          "Amsterdam": "9.52"
        },
        "Vegetable Products": {
          "Belgium": "20.47",
          "Thailand": "18.30",
          "Buenos Aires": "19.81",
          "Paris": "9.99",
          "Amsterdam": "5.99"
        },
        "Prepared Foodstuffs; Beverages, Spirits, Vinegar, Tobacco and Manufactured Tobacco Substitutes": {
          "Paris": "22.27",
          "Yaoundé": "13.86",
          "Libreville": "12.61",
          "Amsterdam": "12.38",
          "Pretoria": "4.94"
        },
        "Mineral Products": {
          "Belgium": "2.22",
          "Senegal": "1.06",
          "Beijing": "86.91",
          "Kinshasa": "2.68",
          "Paris": "1.41"
        },
        "Products of the Chemical or Allied Industries": {
          "Belgium": "6.50",
          "Paris": "57.55",
          "Cairo": "7.26",
          "Yaoundé": "3.36",
          "Jakarta": "3.31"
        },
        "Plastics and Articles thereof; Rubber and Articles thereof": {
          "Belgium": "7.37",
          "Paris": "26.37",
          "Beijing": "12.32",
          "Abu Dhabi": "7.08",
          "Amsterdam": "5.87"
        },
        "Raw Hides and Skins, Leather, Furskins, and Articles thereof; Saddlery and Harness; Travel Goods, Handbags, and Similar Containers; Articles of Animal Gut (Other than Silk-worm Gut)": {
          "Beijing": "38.26",
          "Abu Dhabi": "27.23",
          "Paris": "17.90",
          "Hong Kong": "7.52",
          "Rome": "1.38"
        },
        "Wood and Articles of Wood; Wood Charcoal; Cork and Articles of Cork; Manufactures of Straw, of Esparto or of Other Plaiting Materials; Basketware and Wickerwork": {
          "Cote dIvoire": "11.07",
          "Paris": "34.08",
          "London": "11.54",
          "Yaoundé": "8.25",
          "Beijing": "7.19"
        },
        "Textiles and Textile Articles": {
          "Beijing": "28.57",
          "Washington, D.C.": "9.95",
          "New Delhi": "8.45",
          "Paris": "7.07",
          "Abu Dhabi": "5.61"
        },
        "Footwear, Headgear, Umbrellas, Sun Umbrellas, Walking-sticks, Seat-sticks, Whips, Riding-crops, and Parts thereof; Prepared Feathers and Articles Made therewith; Artificial Flowers; Articles of Human Hair": {
          "Nigeria": "6.44",
          "Belgium": "5.78",
          "Beijing": "57.73",
          "Paris": "8.46",
          "Hong Kong": "7.36"
        },
        "Articles of Stone, Plaster, Cement, Asbestos, Mica or Similar Materials; Ceramic Products; Glass and Glassware": {
          "Beijing": "33.80",
          "Paris": "18.52",
          "Abu Dhabi": "11.56",
          "Rome": "9.22",
          "Yaoundé": "6.24"
        },
        "Natural or Cultured Pearls, Precious or Semi-precious Stones, Precious Metals, Metals Clad with Precious Metal, and Articles thereof; Imitation Jewellery; Coin": {
          "Belgium": "9.01",
          "Paris": "21.84",
          "Yaoundé": "20.11",
          "New Delhi": "9.78",
          "Beijing": "6.31"
        },
        "Base Metals and Articles of Base Metal": {
          "Belgium": "6.20",
          "Rome": "43.60",
          "Copenhagen": "12.55",
          "Paris": "8.70",
          "Washington, D.C.": "6.27"
        },
        "Machinery and Mechanical Appliances; Electrical Equipment; Parts thereof; Sound Recorders and Reproducers, Television Image and Sound Recorders and Reproducers, and Parts and Accessories of such Articles": {
          "Belgium": "9.29",
          "Paris": "37.73",
          "Washington, D.C.": "11.31",
          "Beijing": "5.76",
          "Rome": "3.73"
        },
        "Vehicles, Aircraft, Vessels, and Associated Transport Equipment": {
          "Angola": "12.63",
          "Malta": "10.87",
          "Libreville": "31.19",
          "Yaoundé": "8.00",
          "London": "7.70"
        },
        "Optical, Photographic, Cinematographic, Measuring, Checking, Precision, Medical or Surgical Instruments and Apparatus; Clocks and Watches; Musical Instruments; Parts and Accessories thereof": {
          "Angola": "8.51",
          "Malta": "7.05",
          "Libreville": "20.77",
          "Paris": "10.21",
          "Rome": "7.36"
        },
        "Miscellaneous Manufactured Articles": {
          "Rome": "37.09",
          "Paris": "15.86",
          "Oslo": "14.36",
          "Amsterdam": "6.03",
          "Washington, D.C.": "5.34"
        }
      }
    },
    "2009": {
      "Imports": {
        "Animals & Animal Products": {
          "Belgium": "18.00",
          "Senegal": "9.55",
          "Brasília": "15.68",
          "Paris": "9.53",
          "Oslo": "8.61"
        },
        "Vegetable Products": {
          "Belgium": "22.04",
          "Thailand": "9.94",
          "Paris": "22.70",
          "Kuala Lumpur": "7.10",
          "Hanoi": "6.67"
        },
        "Prepared Foodstuffs; Beverages, Spirits, Vinegar, Tobacco and Manufactured Tobacco Substitutes": {
          "Paris": "20.14",
          "Libreville": "17.02",
          "Amsterdam": "11.78",
          "Yaoundé": "10.79",
          "New Delhi": "4.10"
        },
        "Mineral Products": {
          "Belgium": "1.49",
          "Beijing": "82.00",
          "Kinshasa": "3.49",
          "Ankara": "3.09",
          "Paris": "1.71"
        },
        "Products of the Chemical or Allied Industries": {
          "Belgium": "9.36",
          "Paris": "60.51",
          "Jakarta": "3.86",
          "Cairo": "3.50",
          "Beijing": "3.29"
        },
        "Plastics and Articles thereof; Rubber and Articles thereof": {
          "Paris": "24.44",
          "Beijing": "11.34",
          "London": "9.81",
          "Abu Dhabi": "6.40",
          "Rome": "5.57"
        },
        "Raw Hides and Skins, Leather, Furskins, and Articles thereof; Saddlery and Harness; Travel Goods, Handbags, and Similar Containers; Articles of Animal Gut (Other than Silk-worm Gut)": {
          "Belgium": "2.68",
          "Beijing": "43.54",
          "Paris": "25.97",
          "Abu Dhabi": "12.27",
          "Hong Kong": "5.70"
        },
        "Wood and Articles of Wood; Wood Charcoal; Cork and Articles of Cork; Manufactures of Straw, of Esparto or of Other Plaiting Materials; Basketware and Wickerwork": {
          "Belgium": "14.93",
          "Cote dIvoire": "8.90",
          "Paris": "37.58",
          "Beijing": "7.42",
          "Yaoundé": "6.38"
        },
        "Textiles and Textile Articles": {
          "Belgium": "6.69",
          "Beijing": "31.87",
          "Washington, D.C.": "9.56",
          "Abu Dhabi": "9.23",
          "Paris": "8.18"
        },
        "Footwear, Headgear, Umbrellas, Sun Umbrellas, Walking-sticks, Seat-sticks, Whips, Riding-crops, and Parts thereof; Prepared Feathers and Articles Made therewith; Artificial Flowers; Articles of Human Hair": {
          "Nigeria": "9.51",
          "Belgium": "9.06",
          "Beijing": "52.96",
          "Paris": "8.85",
          "Hong Kong": "4.09"
        },
        "Articles of Stone, Plaster, Cement, Asbestos, Mica or Similar Materials; Ceramic Products; Glass and Glassware": {
          "Beijing": "34.34",
          "Paris": "15.57",
          "Yaoundé": "10.16",
          "Abu Dhabi": "8.81",
          "Rome": "8.64"
        },
        "Natural or Cultured Pearls, Precious or Semi-precious Stones, Precious Metals, Metals Clad with Precious Metal, and Articles thereof; Imitation Jewellery; Coin": {
          "Tunisia": "5.56",
          "Paris": "26.82",
          "Yaoundé": "23.36",
          "Beijing": "9.24",
          "New Delhi": "6.57"
        },
        "Base Metals and Articles of Base Metal": {
          "Angola": "10.08",
          "Belgium": "5.66",
          "Paris": "37.46",
          "Washington, D.C.": "5.34"
        },
        "Machinery and Mechanical Appliances; Electrical Equipment; Parts thereof; Sound Recorders and Reproducers, Television Image and Sound Recorders and Reproducers, and Parts and Accessories of such Articles": {
          "Belgium": "6.34",
          "Paris": "26.03",
          "Rome": "18.79",
          "Washington, D.C.": "13.97",
          "Beijing": "6.74"
        },
        "Vehicles, Aircraft, Vessels, and Associated Transport Equipment": {
          "Angola": "22.35",
          "Equatorial Guinea": "9.65",
          "Bunkers": "7.77",
          "London": "9.67"
        },
        "Optical, Photographic, Cinematographic, Measuring, Checking, Precision, Medical or Surgical Instruments and Apparatus; Clocks and Watches; Musical Instruments; Parts and Accessories thereof": {
          "Angola": "17.28",
          "Equatorial Guinea": "7.21",
          "Paris": "12.17",
          "London": "7.70"
        },
        "Miscellaneous Manufactured Articles": {
          "Paris": "34.28",
          "Washington, D.C.": "12.51",
          "Rome": "10.21",
          "Beijing": "7.44"
        }
      }
    },
    "2010": {
      "Imports": {
        "Animals & Animal Products": {
          "Belgium": "19.19",
          "Senegal": "6.46",
          "Brasília": "14.26",
          "Amsterdam": "11.81",
          "Paris": "10.78"
        },
        "Vegetable Products": {
          "Belgium": "22.12",
          "Thailand": "9.42",
          "Paris": "22.54",
          "Kuala Lumpur": "7.68",
          "Hanoi": "6.32"
        },
        "Prepared Foodstuffs; Beverages, Spirits, Vinegar, Tobacco and Manufactured Tobacco Substitutes": {
          "Paris": "19.37",
          "Libreville": "16.90",
          "Amsterdam": "11.82",
          "Yaoundé": "10.80",
          "Rome": "4.21"
        },
        "Mineral Products": {
          "Belgium": "1.49",
          "Beijing": "81.99",
          "Kinshasa": "3.49",
          "Ankara": "3.09",
          "Paris": "1.71"
        },
        "Products of the Chemical or Allied Industries": {
          "Belgium": "6.54",
          "Paris": "61.68",
          "Jakarta": "4.45",
          "Cairo": "4.16",
          "Beijing": "3.50"
        },
        "Plastics and Articles thereof; Rubber and Articles thereof": {
          "Paris": "24.45",
          "Beijing": "11.34",
          "London": "9.86",
          "Abu Dhabi": "6.36",
          "Rome": "5.56"
        },
        "Raw Hides and Skins, Leather, Furskins, and Articles thereof; Saddlery and Harness; Travel Goods, Handbags, and Similar Containers; Articles of Animal Gut (Other than Silk-worm Gut)": {
          "Belgium": "2.68",
          "Beijing": "43.52",
          "Paris": "26.00",
          "Abu Dhabi": "12.27",
          "Hong Kong": "5.70"
        },
        "Wood and Articles of Wood; Wood Charcoal; Cork and Articles of Cork; Manufactures of Straw, of Esparto or of Other Plaiting Materials; Basketware and Wickerwork": {
          "Belgium": "14.99",
          "Cote dIvoire": "9.32",
          "Paris": "36.80",
          "Beijing": "7.51",
          "Yaoundé": "6.29"
        },
        "Textiles and Textile Articles": {
          "Belgium": "7.53",
          "Beijing": "29.51",
          "Abu Dhabi": "10.56",
          "Paris": "9.51",
          "Washington, D.C.": "7.94"
        },
        "Footwear, Headgear, Umbrellas, Sun Umbrellas, Walking-sticks, Seat-sticks, Whips, Riding-crops, and Parts thereof; Prepared Feathers and Articles Made therewith; Artificial Flowers; Articles of Human Hair": {
          "Nigeria": "9.52",
          "Belgium": "9.07",
          "Beijing": "52.96",
          "Paris": "8.84",
          "Hong Kong": "4.09"
        },
        "Articles of Stone, Plaster, Cement, Asbestos, Mica or Similar Materials; Ceramic Products; Glass and Glassware": {
          "Beijing": "35.81",
          "Paris": "13.15",
          "Yaoundé": "10.26",
          "Abu Dhabi": "9.52",
          "Rome": "8.15"
        },
        "Natural or Cultured Pearls, Precious or Semi-precious Stones, Precious Metals, Metals Clad with Precious Metal, and Articles thereof; Imitation Jewellery; Coin": {
          "Tunisia": "6.07",
          "Paris": "27.67",
          "Yaoundé": "21.17",
          "Beijing": "8.38",
          "New Delhi": "7.20"
        },
        "Base Metals and Articles of Base Metal": {
          "Angola": "9.76",
          "Belgium": "5.64",
          "Paris": "35.77",
          "Washington, D.C.": "6.04"
        },
        "Machinery and Mechanical Appliances; Electrical Equipment; Parts thereof; Sound Recorders and Reproducers, Television Image and Sound Recorders and Reproducers, and Parts and Accessories of such Articles": {
          "Belgium": "6.54",
          "Paris": "25.60",
          "Rome": "19.38",
          "Washington, D.C.": "14.30",
          "Beijing": "6.71"
        },
        "Vehicles, Aircraft, Vessels, and Associated Transport Equipment": {
          "Angola": "22.36",
          "Equatorial Guinea": "9.65",
          "Bunkers": "7.77",
          "London": "9.67"
        },
        "Optical, Photographic, Cinematographic, Measuring, Checking, Precision, Medical or Surgical Instruments and Apparatus; Clocks and Watches; Musical Instruments; Parts and Accessories thereof": {
          "Angola": "17.08",
          "Equatorial Guinea": "7.11",
          "Paris": "12.26",
          "London": "7.63"
        },
        "Miscellaneous Manufactured Articles": {
          "Paris": "33.32",
          "Washington, D.C.": "11.59",
          "Rome": "11.12",
          "Abu Dhabi": "8.50",
          "Beijing": "8.39"
        }
      }
    },
    "2011": {
      "Imports": {
        "Animals & Animal Products": {
          "Belgium": "15.28",
          "Brasília": "13.46",
          "Paris": "8.36",
          "Washington, D.C.": "8.34",
          "New Delhi": "6.62"
        },
        "Vegetable Products": {
          "Belgium": "16.00",
          "Thailand": "11.52",
          "Paris": "28.29",
          "Kuala Lumpur": "19.33",
          "Jakarta": "4.39"
        },
        "Prepared Foodstuffs; Beverages, Spirits, Vinegar, Tobacco and Manufactured Tobacco Substitutes": {
          "Paris": "21.70",
          "Libreville": "14.26",
          "Cairo": "7.71",
          "Amsterdam": "7.32",
          "Pretoria": "7.20"
        },
        "Mineral Products": {
          "Belgium": "4.09",
          "Beijing": "74.14",
          "Hanoi": "3.32",
          "Kinshasa": "2.27",
          "Madrid": "2.18"
        },
        "Products of the Chemical or Allied Industries": {
          "Belgium": "12.75",
          "Paris": "50.62",
          "Rome": "4.76",
          "Beijing": "4.34",
          "London": "4.26"
        },
        "Plastics and Articles thereof; Rubber and Articles thereof": {
          "Belgium": "8.40",
          "Paris": "26.52",
          "Beijing": "16.77",
          "Washington, D.C.": "7.48",
          "Rome": "7.19"
        },
        "Raw Hides and Skins, Leather, Furskins, and Articles thereof; Saddlery and Harness; Travel Goods, Handbags, and Similar Containers; Articles of Animal Gut (Other than Silk-worm Gut)": {
          "Belgium": "3.36",
          "Beijing": "54.70",
          "Paris": "23.08",
          "Rome": "5.01",
          "Hong Kong": "4.63"
        },
        "Wood and Articles of Wood; Wood Charcoal; Cork and Articles of Cork; Manufactures of Straw, of Esparto or of Other Plaiting Materials; Basketware and Wickerwork": {
          "Belgium": "9.02",
          "Cote dIvoire": "8.51",
          "Tunisia": "5.30",
          "Paris": "38.12",
          "Beijing": "10.17"
        },
        "Textiles and Textile Articles": {
          "Belgium": "6.84",
          "Beijing": "24.41",
          "Hanoi": "21.70",
          "Paris": "8.26",
          "Washington, D.C.": "7.13"
        },
        "Footwear, Headgear, Umbrellas, Sun Umbrellas, Walking-sticks, Seat-sticks, Whips, Riding-crops, and Parts thereof; Prepared Feathers and Articles Made therewith; Artificial Flowers; Articles of Human Hair": {
          "Belgium": "6.78",
          "Nigeria": "4.81",
          "Beijing": "60.82",
          "Paris": "8.77",
          "Hong Kong": "4.43"
        },
        "Articles of Stone, Plaster, Cement, Asbestos, Mica or Similar Materials; Ceramic Products; Glass and Glassware": {
          "Beijing": "34.99",
          "Paris": "16.66",
          "Kinshasa": "12.93",
          "Yaoundé": "7.94",
          "Abu Dhabi": "6.90"
        },
        "Natural or Cultured Pearls, Precious or Semi-precious Stones, Precious Metals, Metals Clad with Precious Metal, and Articles thereof; Imitation Jewellery; Coin": {
          "Belgium": "9.68",
          "Beijing": "18.09",
          "Yaoundé": "15.56",
          "Paris": "12.46",
          "Libreville": "7.34"
        },
        "Base Metals and Articles of Base Metal": {
          "Belgium": "13.39",
          "Paris": "14.41",
          "Rome": "12.07",
          "Beijing": "10.61",
          "Buenos Aires": "6.26"
        },
        "Machinery and Mechanical Appliances; Electrical Equipment; Parts thereof; Sound Recorders and Reproducers, Television Image and Sound Recorders and Reproducers, and Parts and Accessories of such Articles": {
          "Belgium": "9.45",
          "Paris": "27.67",
          "Rome": "17.11",
          "Washington, D.C.": "14.45",
          "Beijing": "6.16"
        },
        "Vehicles, Aircraft, Vessels, and Associated Transport Equipment": {
          "Angola": "16.47",
          "Nigeria": "15.58",
          "Libreville": "19.00",
          "Pretoria": "8.25"
        },
        "Miscellaneous Manufactured Articles": {
          "Paris": "25.47",
          "Rome": "16.97",
          "Washington, D.C.": "13.05",
          "Beijing": "6.34",
          "London": "5.71"
        }
      }
    },
    "2012": {
      "Imports": {
        "Animals & Animal Products": {
          "Belgium": "10.56",
          "Brasília": "16.39",
          "Washington, D.C.": "9.51",
          "Oslo": "9.04",
          "New Delhi": "8.79"
        },
        "Vegetable Products": {
          "Belgium": "15.30",
          "Thailand": "10.95",
          "Paris": "22.12",
          "Kuala Lumpur": "13.26",
          "Jakarta": "5.61"
        },
        "Prepared Foodstuffs; Beverages, Spirits, Vinegar, Tobacco and Manufactured Tobacco Substitutes": {
          "Belgium": "8.01",
          "Paris": "23.47",
          "Libreville": "9.08",
          "Amsterdam": "8.36",
          "Pretoria": "7.71"
        },
        "Mineral Products": {
          "Belgium": "4.01",
          "Beijing": "74.41",
          "Ankara": "10.35",
          "Madrid": "3.04",
          "Amsterdam": "1.45"
        },
        "Products of the Chemical or Allied Industries": {
          "Belgium": "11.00",
          "Paris": "48.59",
          "Washington, D.C.": "5.55",
          "Jakarta": "5.30",
          "Rome": "4.97"
        },
        "Plastics and Articles thereof; Rubber and Articles thereof": {
          "Belgium": "7.89",
          "Paris": "27.94",
          "Beijing": "17.91",
          "Rome": "5.67",
          "Abu Dhabi": "5.28"
        },
        "Raw Hides and Skins, Leather, Furskins, and Articles thereof; Saddlery and Harness; Travel Goods, Handbags, and Similar Containers; Articles of Animal Gut (Other than Silk-worm Gut)": {
          "Belgium": "3.39",
          "Beijing": "61.65",
          "Paris": "18.62",
          "Rome": "3.51",
          "Hong Kong": "2.72"
        },
        "Wood and Articles of Wood; Wood Charcoal; Cork and Articles of Cork; Manufactures of Straw, of Esparto or of Other Plaiting Materials; Basketware and Wickerwork": {
          "Cote dIvoire": "6.96",
          "Tunisia": "5.31",
          "Paris": "35.66",
          "Beijing": "9.86",
          "Pretoria": "7.03"
        },
        "Textiles and Textile Articles": {
          "Belgium": "6.78",
          "Beijing": "41.87",
          "Abu Dhabi": "10.46",
          "Paris": "10.09",
          "Washington, D.C.": "6.95"
        },
        "Footwear, Headgear, Umbrellas, Sun Umbrellas, Walking-sticks, Seat-sticks, Whips, Riding-crops, and Parts thereof; Prepared Feathers and Articles Made therewith; Artificial Flowers; Articles of Human Hair": {
          "Belgium": "3.63",
          "Nigeria": "3.47",
          "Beijing": "66.03",
          "Paris": "5.29",
          "Rome": "4.51"
        },
        "Articles of Stone, Plaster, Cement, Asbestos, Mica or Similar Materials; Ceramic Products; Glass and Glassware": {
          "Beijing": "40.36",
          "Paris": "15.07",
          "Yaoundé": "9.98",
          "Kinshasa": "8.16",
          "Abu Dhabi": "5.51"
        },
        "Natural or Cultured Pearls, Precious or Semi-precious Stones, Precious Metals, Metals Clad with Precious Metal, and Articles thereof; Imitation Jewellery; Coin": {
          "Belgium": "17.74",
          "Beijing": "22.39",
          "Paris": "19.34",
          "Yaoundé": "8.72",
          "Amsterdam": "6.32"
        },
        "Base Metals and Articles of Base Metal": {
          "Belgium": "16.62",
          "Beijing": "14.80",
          "Paris": "11.93",
          "Ankara": "8.26",
          "Brasília": "7.72"
        },
        "Machinery and Mechanical Appliances; Electrical Equipment; Parts thereof; Sound Recorders and Reproducers, Television Image and Sound Recorders and Reproducers, and Parts and Accessories of such Articles": {
          "Belgium": "8.77",
          "Brasília": "23.77",
          "Paris": "23.38",
          "Washington, D.C.": "9.33",
          "Rome": "7.49"
        },
        "Vehicles, Aircraft, Vessels, and Associated Transport Equipment": {
          "Angola": "38.49",
          "Heard Island and McDonald Isla": "5.06",
          "Nigeria": "4.49",
          "Libreville": "17.85",
          "Yaoundé": "3.71"
        },
        "Optical, Photographic, Cinematographic, Measuring, Checking, Precision, Medical or Surgical Instruments and Apparatus; Clocks and Watches; Musical Instruments; Parts and Accessories thereof": {
          "Angola": "27.38",
          "Libreville": "12.75",
          "Paris": "7.48",
          "Brasília": "6.15",
          "Beijing": "4.44"
        },
        "Miscellaneous Manufactured Articles": {
          "Brasília": "50.73",
          "Paris": "13.71",
          "Washington, D.C.": "8.97",
          "Beijing": "5.66",
          "Rome": "5.30"
        }
      }
    },
    "2013": {
      "Imports": {
        "Animals & Animal Products": {
          "Washington, D.C.": "13.02",
          "Brasília": "10.94",
          "New Delhi": "10.83",
          "Paris": "10.26",
          "Oslo": "8.96"
        },
        "Vegetable Products": {
          "Belgium": "12.80",
          "Thailand": "10.55",
          "Russian Federation": "4.02",
          "Paris": "25.38",
          "Kuala Lumpur": "19.82"
        },
        "Prepared Foodstuffs; Beverages, Spirits, Vinegar, Tobacco and Manufactured Tobacco Substitutes": {
          "Belgium": "9.77",
          "Senegal": "7.47",
          "Paris": "23.33",
          "Amsterdam": "9.00",
          "Pretoria": "6.41"
        },
        "Mineral Products": {
          "Belgium": "3.05",
          "Tunisia": "1.12",
          "Beijing": "74.53",
          "Ankara": "8.27",
          "Madrid": "7.20"
        },
        "Products of the Chemical or Allied Industries": {
          "Belgium": "14.96",
          "Paris": "45.40",
          "Washington, D.C.": "5.73",
          "Beijing": "4.25",
          "Rome": "3.88"
        },
        "Plastics and Articles thereof; Rubber and Articles thereof": {
          "Belgium": "8.25",
          "Paris": "17.72",
          "Beijing": "16.70",
          "Abu Dhabi": "7.22",
          "Washington, D.C.": "6.45"
        },
        "Raw Hides and Skins, Leather, Furskins, and Articles thereof; Saddlery and Harness; Travel Goods, Handbags, and Similar Containers; Articles of Animal Gut (Other than Silk-worm Gut)": {
          "Belgium": "5.04",
          "Beijing": "58.10",
          "Paris": "21.94",
          "Washington, D.C.": "2.82",
          "Abu Dhabi": "2.57"
        },
        "Wood and Articles of Wood; Wood Charcoal; Cork and Articles of Cork; Manufactures of Straw, of Esparto or of Other Plaiting Materials; Basketware and Wickerwork": {
          "Cote dIvoire": "5.72",
          "Belgium": "5.11",
          "Paris": "36.52",
          "Rome": "9.60",
          "Beijing": "9.51"
        },
        "Textiles and Textile Articles": {
          "Belgium": "8.53",
          "Beijing": "36.38",
          "Paris": "11.73",
          "Abu Dhabi": "10.02",
          "Washington, D.C.": "6.32"
        },
        "Footwear, Headgear, Umbrellas, Sun Umbrellas, Walking-sticks, Seat-sticks, Whips, Riding-crops, and Parts thereof; Prepared Feathers and Articles Made therewith; Artificial Flowers; Articles of Human Hair": {
          "Nigeria": "3.37",
          "Belgium": "3.29",
          "Togo": "2.84",
          "Beijing": "68.87",
          "Paris": "7.36"
        },
        "Articles of Stone, Plaster, Cement, Asbestos, Mica or Similar Materials; Ceramic Products; Glass and Glassware": {
          "Belgium": "8.41",
          "Beijing": "31.20",
          "Paris": "12.89",
          "Berlin": "8.74",
          "Abu Dhabi": "6.21"
        },
        "Natural or Cultured Pearls, Precious or Semi-precious Stones, Precious Metals, Metals Clad with Precious Metal, and Articles thereof; Imitation Jewellery; Coin": {
          "Belgium": "10.02",
          "Yaoundé": "20.37",
          "Beijing": "15.81",
          "Paris": "14.99",
          "New Delhi": "9.13"
        },
        "Base Metals and Articles of Base Metal": {
          "Belgium": "9.48",
          "Beijing": "22.31",
          "Paris": "16.35",
          "Brasília": "7.91",
          "Buenos Aires": "6.49"
        },
        "Machinery and Mechanical Appliances; Electrical Equipment; Parts thereof; Sound Recorders and Reproducers, Television Image and Sound Recorders and Reproducers, and Parts and Accessories of such Articles": {
          "Belgium": "11.97",
          "Paris": "29.26",
          "Rome": "12.23",
          "Beijing": "9.32",
          "Washington, D.C.": "9.00"
        },
        "Vehicles, Aircraft, Vessels, and Associated Transport Equipment": {
          "Angola": "21.06",
          "Equatorial Guinea": "3.83",
          "Libreville": "17.23",
          "Accra": "12.88",
          "Madrid": "8.86"
        },
        "Optical, Photographic, Cinematographic, Measuring, Checking, Precision, Medical or Surgical Instruments and Apparatus; Clocks and Watches; Musical Instruments; Parts and Accessories thereof": {
          "Angola": "15.94",
          "Libreville": "13.24",
          "Accra": "9.73",
          "Paris": "8.29",
          "Madrid": "6.97"
        },
        "Miscellaneous Manufactured Articles": {
          "Paris": "24.93",
          "Beijing": "11.35",
          "Washington, D.C.": "11.10",
          "London": "6.44",
          "Libreville": "6.12"
        }
      }
    },
    "2014": {
      "Imports": {
        "Animals & Animal Products": {
          "Brasília": "13.33",
          "Oslo": "11.46",
          "Washington, D.C.": "10.83",
          "Paris": "9.31",
          "Buenos Aires": "6.18"
        },
        "Vegetable Products": {
          "Belgium": "10.87",
          "Thailand": "10.41",
          "Russian Federation": "7.33",
          "Paris": "28.58",
          "Kuala Lumpur": "7.81"
        },
        "Prepared Foodstuffs; Beverages, Spirits, Vinegar, Tobacco and Manufactured Tobacco Substitutes": {
          "Ireland": "9.38",
          "Senegal": "9.18",
          "Paris": "24.40",
          "Amsterdam": "7.86",
          "Ankara": "4.47"
        },
        "Mineral Products": {
          "Beijing": "68.82",
          "Madrid": "9.15",
          "Ankara": "7.07",
          "Hong Kong": "2.33",
          "Berlin": "2.07"
        },
        "Products of the Chemical or Allied Industries": {
          "Unspecified": "6.20",
          "Paris": "26.17",
          "New Delhi": "8.92",
          "Beijing": "6.65",
          "London": "5.45"
        },
        "Plastics and Articles thereof; Rubber and Articles thereof": {
          "Beijing": "18.08",
          "Paris": "11.77",
          "Rome": "8.73",
          "Ankara": "8.60",
          "Washington, D.C.": "5.87"
        },
        "Raw Hides and Skins, Leather, Furskins, and Articles thereof; Saddlery and Harness; Travel Goods, Handbags, and Similar Containers; Articles of Animal Gut (Other than Silk-worm Gut)": {
          "Unspecified": "5.12",
          "Beijing": "62.19",
          "Paris": "15.22",
          "Berlin": "3.92",
          "New Delhi": "3.57"
        },
        "Wood and Articles of Wood; Wood Charcoal; Cork and Articles of Cork; Manufactures of Straw, of Esparto or of Other Plaiting Materials; Basketware and Wickerwork": {
          "Unspecified": "5.90",
          "Paris": "22.88",
          "Beijing": "20.55",
          "Washington, D.C.": "5.24",
          "Jakarta": "4.04"
        },
        "Textiles and Textile Articles": {
          "Beijing": "40.38",
          "Washington, D.C.": "10.61",
          "Paris": "6.44",
          "Abu Dhabi": "5.89",
          "Berlin": "4.74"
        },
        "Footwear, Headgear, Umbrellas, Sun Umbrellas, Walking-sticks, Seat-sticks, Whips, Riding-crops, and Parts thereof; Prepared Feathers and Articles Made therewith; Artificial Flowers; Articles of Human Hair": {
          "Beijing": "60.76",
          "Paris": "7.71",
          "New Delhi": "6.58",
          "Yaoundé": "5.00",
          "Hanoi": "4.58"
        },
        "Articles of Stone, Plaster, Cement, Asbestos, Mica or Similar Materials; Ceramic Products; Glass and Glassware": {
          "Beijing": "51.64",
          "Paris": "7.64",
          "Rome": "4.89",
          "Abu Dhabi": "4.83",
          "Berlin": "4.80"
        },
        "Natural or Cultured Pearls, Precious or Semi-precious Stones, Precious Metals, Metals Clad with Precious Metal, and Articles thereof; Imitation Jewellery; Coin": {
          "Unspecified": "6.22",
          "Beijing": "20.42",
          "Yaoundé": "14.47",
          "Rabat": "8.27",
          "New Delhi": "6.38"
        },
        "Base Metals and Articles of Base Metal": {
          "Beijing": "19.16",
          "Rome": "10.80",
          "Paris": "9.59",
          "Berlin": "5.73",
          "Washington, D.C.": "5.68"
        },
        "Machinery and Mechanical Appliances; Electrical Equipment; Parts thereof; Sound Recorders and Reproducers, Television Image and Sound Recorders and Reproducers, and Parts and Accessories of such Articles": {
          "Beijing": "17.15",
          "Washington, D.C.": "13.60",
          "Paris": "12.44",
          "Rome": "11.89",
          "London": "5.62"
        },
        "Vehicles, Aircraft, Vessels, and Associated Transport Equipment": {
          "Bahamas, The": "13.03",
          "Amsterdam": "15.23",
          "Reykjavik": "10.44",
          "Oslo": "5.45"
        },
        "Optical, Photographic, Cinematographic, Measuring, Checking, Precision, Medical or Surgical Instruments and Apparatus; Clocks and Watches; Musical Instruments; Parts and Accessories thereof": {
          "Bahamas, The": "9.76",
          "Amsterdam": "11.84",
          "Beijing": "8.30",
          "Reykjavik": "7.82"
        },
        "Miscellaneous Manufactured Articles": {
          "Beijing": "16.08",
          "Paris": "14.71",
          "Washington, D.C.": "14.42",
          "London": "8.82",
          "Rome": "7.57"
        }
      }
    },
    "2015": {
      "Imports": {
        "Animals & Animal Products": {
          "Washington, D.C.": "11.08",
          "Oslo": "11.03",
          "Brasília": "9.89",
          "Paris": "9.61",
          "Buenos Aires": "7.03"
        },
        "Vegetable Products": {
          "Russian Federation": "13.70",
          "Belgium": "10.87",
          "Thailand": "8.07",
          "Paris": "23.20",
          "Kuala Lumpur": "9.85"
        },
        "Prepared Foodstuffs; Beverages, Spirits, Vinegar, Tobacco and Manufactured Tobacco Substitutes": {
          "Senegal": "9.90",
          "Ireland": "6.65",
          "Paris": "26.41",
          "Amsterdam": "7.89",
          "New Delhi": "5.42"
        },
        "Mineral Products": {
          "Beijing": "72.59",
          "Ankara": "6.27",
          "Lisbon": "5.56",
          "Rabat": "5.05",
          "Berlin": "2.04"
        },
        "Products of the Chemical or Allied Industries": {
          "Unspecified": "6.09",
          "Paris": "23.43",
          "Washington, D.C.": "10.00",
          "Beijing": "7.50",
          "New Delhi": "6.97"
        },
        "Plastics and Articles thereof; Rubber and Articles thereof": {
          "Beijing": "17.84",
          "Paris": "12.39",
          "Washington, D.C.": "7.16",
          "Ankara": "6.27",
          "London": "4.81"
        },
        "Raw Hides and Skins, Leather, Furskins, and Articles thereof; Saddlery and Harness; Travel Goods, Handbags, and Similar Containers; Articles of Animal Gut (Other than Silk-worm Gut)": {
          "Unspecified": "4.23",
          "Beijing": "55.31",
          "Paris": "15.14",
          "New Delhi": "5.34",
          "Berlin": "4.13"
        },
        "Wood and Articles of Wood; Wood Charcoal; Cork and Articles of Cork; Manufactures of Straw, of Esparto or of Other Plaiting Materials; Basketware and Wickerwork": {
          "Unspecified": "5.94",
          "Beijing": "16.11",
          "Paris": "15.83",
          "Ankara": "15.65",
          "Jakarta": "4.37"
        },
        "Textiles and Textile Articles": {
          "Beijing": "29.71",
          "Pretoria": "16.27",
          "Washington, D.C.": "8.55",
          "Paris": "7.74",
          "Abu Dhabi": "6.25"
        },
        "Footwear, Headgear, Umbrellas, Sun Umbrellas, Walking-sticks, Seat-sticks, Whips, Riding-crops, and Parts thereof; Prepared Feathers and Articles Made therewith; Artificial Flowers; Articles of Human Hair": {
          "Togo": "3.56",
          "Beijing": "57.14",
          "Paris": "7.35",
          "Yaoundé": "5.34",
          "Hanoi": "4.37"
        },
        "Articles of Stone, Plaster, Cement, Asbestos, Mica or Similar Materials; Ceramic Products; Glass and Glassware": {
          "Madrid": "52.12",
          "Beijing": "17.17",
          "Pretoria": "5.02",
          "Ankara": "4.95",
          "Rome": "3.43"
        },
        "Natural or Cultured Pearls, Precious or Semi-precious Stones, Precious Metals, Metals Clad with Precious Metal, and Articles thereof; Imitation Jewellery; Coin": {
          "Beijing": "22.48",
          "Yaoundé": "13.40",
          "Rabat": "11.44",
          "Berlin": "7.66",
          "Paris": "5.46"
        },
        "Base Metals and Articles of Base Metal": {
          "Mauritius": "4.76",
          "Rome": "18.82",
          "Oslo": "12.07",
          "Beijing": "9.40",
          "Paris": "8.78"
        },
        "Machinery and Mechanical Appliances; Electrical Equipment; Parts thereof; Sound Recorders and Reproducers, Television Image and Sound Recorders and Reproducers, and Parts and Accessories of such Articles": {
          "Paris": "13.42",
          "Beijing": "13.30",
          "Washington, D.C.": "13.01",
          "London": "8.89",
          "Rome": "8.18"
        },
        "Vehicles, Aircraft, Vessels, and Associated Transport Equipment": {
          "Vanuatu": "9.36",
          "Seoul": "9.98",
          "Beijing": "9.28",
          "Washington, D.C.": "7.48"
        },
        "Optical, Photographic, Cinematographic, Measuring, Checking, Precision, Medical or Surgical Instruments and Apparatus; Clocks and Watches; Musical Instruments; Parts and Accessories thereof": {
          "Vanuatu": "6.59",
          "Beijing": "10.97",
          "Washington, D.C.": "7.88",
          "Seoul": "7.16"
        },
        "Miscellaneous Manufactured Articles": {
          "London": "15.38",
          "Paris": "15.25",
          "Washington, D.C.": "13.02",
          "Beijing": "11.41",
          "Berlin": "6.46"
        }
      }
    },
    "2016": {
      "Imports": {
        "Animals & Animal Products": {
          "Washington, D.C.": "13.91",
          "Brasília": "9.78",
          "Oslo": "9.46",
          "Berlin": "6.53",
          "New Delhi": "6.24"
        },
        "Vegetable Products": {
          "Russian Federation": "12.63",
          "Thailand": "11.90",
          "Paris": "22.18",
          "Kuala Lumpur": "11.10",
          "Jakarta": "8.71"
        },
        "Prepared Foodstuffs; Beverages, Spirits, Vinegar, Tobacco and Manufactured Tobacco Substitutes": {
          "Senegal": "10.28",
          "Ireland": "9.55",
          "Paris": "24.90",
          "Ankara": "7.05",
          "Amsterdam": "6.31"
        },
        "Mineral Products": {
          "Beijing": "57.82",
          "Ankara": "12.63",
          "Lisbon": "6.36",
          "Madrid": "5.90",
          "New Delhi": "3.48"
        },
        "Products of the Chemical or Allied Industries": {
          "Unspecified": "6.98",
          "Paris": "22.50",
          "New Delhi": "9.69",
          "Washington, D.C.": "7.37",
          "London": "5.97"
        },
        "Plastics and Articles thereof; Rubber and Articles thereof": {
          "Paris": "27.89",
          "Beijing": "11.42",
          "Washington, D.C.": "10.03",
          "New Delhi": "7.36",
          "Ankara": "6.74"
        },
        "Raw Hides and Skins, Leather, Furskins, and Articles thereof; Saddlery and Harness; Travel Goods, Handbags, and Similar Containers; Articles of Animal Gut (Other than Silk-worm Gut)": {
          "Unspecified": "5.10",
          "Beijing": "65.08",
          "Paris": "9.96",
          "New Delhi": "3.86",
          "Berlin": "3.06"
        },
        "Wood and Articles of Wood; Wood Charcoal; Cork and Articles of Cork; Manufactures of Straw, of Esparto or of Other Plaiting Materials; Basketware and Wickerwork": {
          "Unspecified": "5.38",
          "Beijing": "22.87",
          "Ankara": "19.55",
          "Paris": "12.07",
          "Berlin": "4.75"
        },
        "Textiles and Textile Articles": {
          "Beijing": "46.85",
          "Washington, D.C.": "7.72",
          "Berlin": "6.57",
          "Ankara": "4.42",
          "Abu Dhabi": "3.78"
        },
        "Footwear, Headgear, Umbrellas, Sun Umbrellas, Walking-sticks, Seat-sticks, Whips, Riding-crops, and Parts thereof; Prepared Feathers and Articles Made therewith; Artificial Flowers; Articles of Human Hair": {
          "Togo": "2.16",
          "Beijing": "71.89",
          "Yaoundé": "5.87",
          "Paris": "3.52",
          "New Delhi": "1.47"
        },
        "Articles of Stone, Plaster, Cement, Asbestos, Mica or Similar Materials; Ceramic Products; Glass and Glassware": {
          "Beijing": "41.03",
          "Ankara": "13.92",
          "Madrid": "6.31",
          "Paris": "5.83",
          "Abu Dhabi": "4.17"
        },
        "Natural or Cultured Pearls, Precious or Semi-precious Stones, Precious Metals, Metals Clad with Precious Metal, and Articles thereof; Imitation Jewellery; Coin": {
          "Beijing": "17.26",
          "Ankara": "15.75",
          "London": "13.77",
          "New Delhi": "9.36",
          "Yaoundé": "6.48"
        },
        "Base Metals and Articles of Base Metal": {
          "Oslo": "24.02",
          "Paris": "15.21",
          "Berlin": "12.68",
          "Washington, D.C.": "9.24",
          "Beijing": "8.08"
        },
        "Machinery and Mechanical Appliances; Electrical Equipment; Parts thereof; Sound Recorders and Reproducers, Television Image and Sound Recorders and Reproducers, and Parts and Accessories of such Articles": {
          "London": "21.00",
          "Paris": "20.33",
          "Washington, D.C.": "11.24",
          "Beijing": "8.27",
          "Rome": "5.42"
        },
        "Vehicles, Aircraft, Vessels, and Associated Transport Equipment": {
          "Panama": "10.14",
          "Seoul": "22.13",
          "Washington, D.C.": "9.51",
          "Beijing": "7.75",
          "Oslo": "6.98"
        },
        "Optical, Photographic, Cinematographic, Measuring, Checking, Precision, Medical or Surgical Instruments and Apparatus; Clocks and Watches; Musical Instruments; Parts and Accessories thereof": {
          "Panama": "7.99",
          "Seoul": "18.00",
          "Washington, D.C.": "9.76",
          "Beijing": "8.53",
          "Oslo": "7.45"
        },
        "Miscellaneous Manufactured Articles": {
          "Washington, D.C.": "22.80",
          "Paris": "18.53",
          "Beijing": "9.71",
          "London": "8.69",
          "Ankara": "7.84"
        }
      }
    },
    "2017": {
      "Imports": {
        "Animals & Animal Products": {
          "Belgium": "13.71",
          "Mauritania": "7.64",
          "Washington, D.C.": "19.63",
          "Paris": "8.02",
          "New Delhi": "6.12"
        },
        "Vegetable Products": {
          "Thailand": "16.83",
          "Belgium": "15.01",
          "Russian Federation": "12.07",
          "Jakarta": "14.60",
          "Ankara": "7.96"
        },
        "Prepared Foodstuffs; Beverages, Spirits, Vinegar, Tobacco and Manufactured Tobacco Substitutes": {
          "Belgium": "11.60",
          "Senegal": "11.38",
          "Paris": "22.57",
          "Pretoria": "6.25",
          "New Delhi": "5.71"
        },
        "Mineral Products": {
          "Beijing": "27.32",
          "Rabat": "21.52",
          "Madrid": "11.56",
          "New Delhi": "10.31",
          "Ankara": "9.14"
        },
        "Products of the Chemical or Allied Industries": {
          "Belgium": "10.09",
          "Paris": "41.84",
          "Beijing": "10.37",
          "Yaoundé": "6.58",
          "Cairo": "4.55"
        },
        "Plastics and Articles thereof; Rubber and Articles thereof": {
          "Belgium": "7.00",
          "Beijing": "17.70",
          "Paris": "14.85",
          "Oslo": "10.04",
          "Washington, D.C.": "8.00"
        },
        "Raw Hides and Skins, Leather, Furskins, and Articles thereof; Saddlery and Harness; Travel Goods, Handbags, and Similar Containers; Articles of Animal Gut (Other than Silk-worm Gut)": {
          "Belgium": "5.17",
          "Beijing": "59.05",
          "Paris": "18.19",
          "New Delhi": "3.51",
          "Rome": "2.73"
        },
        "Wood and Articles of Wood; Wood Charcoal; Cork and Articles of Cork; Manufactures of Straw, of Esparto or of Other Plaiting Materials; Basketware and Wickerwork": {
          "Belgium": "8.91",
          "Paris": "24.43",
          "Beijing": "19.48",
          "Jakarta": "9.09",
          "Rome": "5.19"
        },
        "Textiles and Textile Articles": {
          "Belgium": "7.96",
          "Beijing": "45.37",
          "Paris": "13.11",
          "Abu Dhabi": "8.49",
          "New Delhi": "3.79"
        },
        "Footwear, Headgear, Umbrellas, Sun Umbrellas, Walking-sticks, Seat-sticks, Whips, Riding-crops, and Parts thereof; Prepared Feathers and Articles Made therewith; Artificial Flowers; Articles of Human Hair": {
          "Togo": "3.75",
          "Belgium": "3.12",
          "Beijing": "66.45",
          "Paris": "9.95",
          "Yaoundé": "6.17"
        },
        "Articles of Stone, Plaster, Cement, Asbestos, Mica or Similar Materials; Ceramic Products; Glass and Glassware": {
          "Angola": "6.26",
          "Belgium": "5.34",
          "Beijing": "42.49",
          "Paris": "11.03",
          "Madrid": "8.01"
        },
        "Natural or Cultured Pearls, Precious or Semi-precious Stones, Precious Metals, Metals Clad with Precious Metal, and Articles thereof; Imitation Jewellery; Coin": {
          "Beijing": "15.88",
          "Yaoundé": "13.36",
          "Madrid": "12.71",
          "New Delhi": "12.56",
          "Rabat": "9.84"
        },
        "Base Metals and Articles of Base Metal": {
          "Belgium": "10.65",
          "Oslo": "36.36",
          "Beijing": "20.77",
          "Rome": "10.13",
          "Paris": "5.62"
        },
        "Machinery and Mechanical Appliances; Electrical Equipment; Parts thereof; Sound Recorders and Reproducers, Television Image and Sound Recorders and Reproducers, and Parts and Accessories of such Articles": {
          "Belgium": "7.74",
          "Oslo": "21.44",
          "Paris": "15.10",
          "Beijing": "13.63",
          "London": "7.65"
        },
        "Optical, Photographic, Cinematographic, Measuring, Checking, Precision, Medical or Surgical Instruments and Apparatus; Clocks and Watches; Musical Instruments; Parts and Accessories thereof": {
          "Heard Island and McDonald Isla": "12.50",
          "Namibia": "10.71",
          "Angola": "8.63",
          "Beijing": "9.14",
          "Oslo": "8.84"
        },
        "Miscellaneous Manufactured Articles": {
          "Belgium": "5.83",
          "Paris": "22.19",
          "Beijing": "17.99",
          "Oslo": "12.39",
          "London": "7.63"
        }
      }
    },
    "2018": {
      "Imports": {
        "Animals & Animal Products": {
          "Belgium": "15.65",
          "Mauritania": "6.90",
          "Washington, D.C.": "19.02",
          "Brasília": "7.86",
          "Paris": "7.44"
        },
        "Vegetable Products": {
          "Thailand": "15.66",
          "Russian Federation": "13.46",
          "Belgium": "9.45",
          "Jakarta": "21.02",
          "Paris": "6.04"
        },
        "Prepared Foodstuffs; Beverages, Spirits, Vinegar, Tobacco and Manufactured Tobacco Substitutes": {
          "Senegal": "10.68",
          "Belgium": "8.26",
          "Paris": "24.68",
          "Pretoria": "12.21",
          "Kuala Lumpur": "5.75"
        },
        "Mineral Products": {
          "Rabat": "17.08",
          "New Delhi": "17.07",
          "Ankara": "14.88",
          "Beijing": "14.64",
          "Muscat": "11.39"
        },
        "Products of the Chemical or Allied Industries": {
          "Belgium": "9.80",
          "Paris": "38.40",
          "Beijing": "25.36",
          "Yaoundé": "3.58",
          "Cairo": "2.90"
        },
        "Plastics and Articles thereof; Rubber and Articles thereof": {
          "Belgium": "7.92",
          "Beijing": "31.10",
          "Paris": "14.79",
          "Washington, D.C.": "9.64",
          "Ankara": "6.20"
        },
        "Raw Hides and Skins, Leather, Furskins, and Articles thereof; Saddlery and Harness; Travel Goods, Handbags, and Similar Containers; Articles of Animal Gut (Other than Silk-worm Gut)": {
          "Belgium": "5.26",
          "Beijing": "55.97",
          "Paris": "17.02",
          "Abu Dhabi": "7.21",
          "Rome": "3.22"
        },
        "Wood and Articles of Wood; Wood Charcoal; Cork and Articles of Cork; Manufactures of Straw, of Esparto or of Other Plaiting Materials; Basketware and Wickerwork": {
          "Belgium": "7.18",
          "Beijing": "24.58",
          "Paris": "24.09",
          "Jakarta": "7.98",
          "Rome": "3.75"
        },
        "Textiles and Textile Articles": {
          "Belgium": "9.45",
          "Beijing": "35.53",
          "Abu Dhabi": "11.58",
          "Paris": "10.70",
          "New Delhi": "4.43"
        },
        "Footwear, Headgear, Umbrellas, Sun Umbrellas, Walking-sticks, Seat-sticks, Whips, Riding-crops, and Parts thereof; Prepared Feathers and Articles Made therewith; Artificial Flowers; Articles of Human Hair": {
          "Belgium": "4.09",
          "Nigeria": "3.34",
          "Beijing": "62.81",
          "Paris": "7.62",
          "Yaoundé": "4.23"
        },
        "Articles of Stone, Plaster, Cement, Asbestos, Mica or Similar Materials; Ceramic Products; Glass and Glassware": {
          "Belgium": "6.65",
          "Beijing": "43.87",
          "Paris": "13.69",
          "Madrid": "9.46",
          "Yaoundé": "5.87"
        },
        "Natural or Cultured Pearls, Precious or Semi-precious Stones, Precious Metals, Metals Clad with Precious Metal, and Articles thereof; Imitation Jewellery; Coin": {
          "Russian Federation": "7.99",
          "Beijing": "27.32",
          "Rabat": "14.57",
          "New Delhi": "14.46",
          "Yaoundé": "7.21"
        },
        "Base Metals and Articles of Base Metal": {
          "Belgium": "8.20",
          "Beijing": "49.97",
          "Paris": "9.79",
          "Oslo": "8.54",
          "Rome": "4.43"
        },
        "Machinery and Mechanical Appliances; Electrical Equipment; Parts thereof; Sound Recorders and Reproducers, Television Image and Sound Recorders and Reproducers, and Parts and Accessories of such Articles": {
          "Belgium": "8.92",
          "Beijing": "25.59",
          "Rome": "21.29",
          "Paris": "20.17",
          "Washington, D.C.": "4.25"
        },
        "Vehicles, Aircraft, Vessels, and Associated Transport Equipment": {
          "Angola": "10.10",
          "Namibia": "5.39",
          "Libreville": "16.72",
          "Bern": "7.95"
        },
        "Optical, Photographic, Cinematographic, Measuring, Checking, Precision, Medical or Surgical Instruments and Apparatus; Clocks and Watches; Musical Instruments; Parts and Accessories thereof": {
          "Beijing": "16.76",
          "Paris": "11.62",
          "Libreville": "8.72",
          "Rome": "6.87"
        },
        "Miscellaneous Manufactured Articles": {
          "Paris": "24.03",
          "Beijing": "16.78",
          "Oslo": "10.26",
          "Rome": "8.82",
          "London": "7.29"
        }
      }
    },
    "2019": {
      "Imports": {
        "Animals & Animal Products": {
          "Belgium": "17.79",
          "Mauritania": "7.09",
          "Washington, D.C.": "17.15",
          "Brasília": "6.00",
          "Ankara": "5.89"
        },
        "Vegetable Products": {
          "Russian Federation": "19.57",
          "Thailand": "16.06",
          "Belgium": "9.54",
          "Jakarta": "17.39",
          "Paris": "8.31"
        },
        "Prepared Foodstuffs; Beverages, Spirits, Vinegar, Tobacco and Manufactured Tobacco Substitutes": {
          "Senegal": "11.85",
          "Belgium": "7.91",
          "Paris": "24.30",
          "Pretoria": "10.71",
          "New Delhi": "6.98"
        },
        "Mineral Products": {
          "Russian Federation": "16.55",
          "Ankara": "16.88",
          "New Delhi": "16.56",
          "Beijing": "15.15",
          "Rabat": "7.50"
        },
        "Products of the Chemical or Allied Industries": {
          "Belgium": "7.81",
          "Paris": "36.20",
          "Beijing": "24.38",
          "Cairo": "4.55",
          "Rome": "3.98"
        },
        "Plastics and Articles thereof; Rubber and Articles thereof": {
          "Belgium": "9.53",
          "Beijing": "25.12",
          "Paris": "13.48",
          "Abu Dhabi": "6.94",
          "Rome": "6.88"
        },
        "Raw Hides and Skins, Leather, Furskins, and Articles thereof; Saddlery and Harness; Travel Goods, Handbags, and Similar Containers; Articles of Animal Gut (Other than Silk-worm Gut)": {
          "Belgium": "5.16",
          "Beijing": "60.41",
          "Paris": "13.08",
          "Abu Dhabi": "7.21",
          "Rome": "2.00"
        },
        "Wood and Articles of Wood; Wood Charcoal; Cork and Articles of Cork; Manufactures of Straw, of Esparto or of Other Plaiting Materials; Basketware and Wickerwork": {
          "Belgium": "8.55",
          "Paris": "26.98",
          "Beijing": "20.00",
          "Jakarta": "9.84",
          "Abu Dhabi": "5.86"
        },
        "Textiles and Textile Articles": {
          "Belgium": "9.39",
          "Beijing": "35.89",
          "Abu Dhabi": "10.86",
          "Paris": "8.20",
          "Copenhagen": "7.15"
        },
        "Footwear, Headgear, Umbrellas, Sun Umbrellas, Walking-sticks, Seat-sticks, Whips, Riding-crops, and Parts thereof; Prepared Feathers and Articles Made therewith; Artificial Flowers; Articles of Human Hair": {
          "Nigeria": "3.51",
          "Togo": "2.47",
          "Beijing": "64.17",
          "Paris": "9.78",
          "Yaoundé": "6.16"
        },
        "Articles of Stone, Plaster, Cement, Asbestos, Mica or Similar Materials; Ceramic Products; Glass and Glassware": {
          "Beijing": "42.09",
          "Paris": "13.58",
          "Madrid": "9.31",
          "New Delhi": "5.17",
          "Rome": "4.23"
        },
        "Natural or Cultured Pearls, Precious or Semi-precious Stones, Precious Metals, Metals Clad with Precious Metal, and Articles thereof; Imitation Jewellery; Coin": {
          "Russian Federation": "10.20",
          "Beijing": "18.04",
          "Abu Dhabi": "16.68",
          "New Delhi": "12.50",
          "Ankara": "10.44"
        },
        "Base Metals and Articles of Base Metal": {
          "Belgium": "20.25",
          "Beijing": "18.65",
          "Madrid": "12.88",
          "Paris": "11.45",
          "Ankara": "7.08"
        },
        "Machinery and Mechanical Appliances; Electrical Equipment; Parts thereof; Sound Recorders and Reproducers, Television Image and Sound Recorders and Reproducers, and Parts and Accessories of such Articles": {
          "Belgium": "11.03",
          "Paris": "24.53",
          "Beijing": "18.30",
          "Rome": "11.48",
          "Washington, D.C.": "6.59"
        },
        "Vehicles, Aircraft, Vessels, and Associated Transport Equipment": {
          "Angola": "28.23",
          "Namibia": "16.20",
          "Belgium": "6.61",
          "Yaoundé": "11.59",
          "Libreville": "9.65"
        },
        "Optical, Photographic, Cinematographic, Measuring, Checking, Precision, Medical or Surgical Instruments and Apparatus; Clocks and Watches; Musical Instruments; Parts and Accessories thereof": {
          "Belgium": "9.68",
          "Angola": "8.90",
          "Paris": "17.29",
          "Beijing": "15.86",
          "Rome": "5.30"
        },
        "Miscellaneous Manufactured Articles": {
          "Belgium": "6.45",
          "Paris": "30.01",
          "Beijing": "16.83",
          "Abu Dhabi": "10.71",
          "Rome": "8.23"
        }
      }
    },
    "2020": {
      "Imports": {
        "Animals & Animal Products": {
          "Belgium": "15.33",
          "Washington, D.C.": "15.85",
          "Brasília": "9.28",
          "Ankara": "6.28",
          "Paris": "6.14"
        },
        "Vegetable Products": {
          "Russian Federation": "21.74",
          "Belgium": "7.14",
          "Jakarta": "27.78",
          "Paris": "9.56",
          "New Delhi": "7.65"
        },
        "Prepared Foodstuffs; Beverages, Spirits, Vinegar, Tobacco and Manufactured Tobacco Substitutes": {
          "Ireland": "7.17",
          "Belgium": "7.00",
          "Senegal": "6.21",
          "Paris": "21.54",
          "Pretoria": "10.48"
        },
        "Mineral Products": {
          "Russian Federation": "15.61",
          "Angola": "5.58",
          "Rabat": "24.47",
          "New Delhi": "22.34",
          "Beijing": "11.29"
        },
        "Products of the Chemical or Allied Industries": {
          "Belgium": "5.25",
          "Paris": "35.61",
          "Beijing": "35.42",
          "Yaoundé": "3.76",
          "New Delhi": "2.96"
        },
        "Plastics and Articles thereof; Rubber and Articles thereof": {
          "Belgium": "7.86",
          "Beijing": "26.99",
          "Paris": "12.92",
          "Abu Dhabi": "6.19",
          "Ankara": "5.80"
        },
        "Raw Hides and Skins, Leather, Furskins, and Articles thereof; Saddlery and Harness; Travel Goods, Handbags, and Similar Containers; Articles of Animal Gut (Other than Silk-worm Gut)": {
          "Belgium": "4.74",
          "Beijing": "59.78",
          "Paris": "11.63",
          "Abu Dhabi": "8.79",
          "Rome": "2.36"
        },
        "Wood and Articles of Wood; Wood Charcoal; Cork and Articles of Cork; Manufactures of Straw, of Esparto or of Other Plaiting Materials; Basketware and Wickerwork": {
          "Belgium": "7.46",
          "Beijing": "28.35",
          "Paris": "19.25",
          "Jakarta": "12.42",
          "Abu Dhabi": "3.57"
        },
        "Textiles and Textile Articles": {
          "Belgium": "5.65",
          "Beijing": "46.38",
          "Abu Dhabi": "11.92",
          "Paris": "5.72",
          "New Delhi": "5.35"
        },
        "Footwear, Headgear, Umbrellas, Sun Umbrellas, Walking-sticks, Seat-sticks, Whips, Riding-crops, and Parts thereof; Prepared Feathers and Articles Made therewith; Artificial Flowers; Articles of Human Hair": {
          "Nigeria": "6.32",
          "Belgium": "3.16",
          "Beijing": "60.99",
          "Paris": "9.43",
          "Yaoundé": "7.25"
        },
        "Articles of Stone, Plaster, Cement, Asbestos, Mica or Similar Materials; Ceramic Products; Glass and Glassware": {
          "Beijing": "56.43",
          "Paris": "6.95",
          "Washington, D.C.": "5.74",
          "Madrid": "4.56",
          "Rome": "4.20"
        },
        "Natural or Cultured Pearls, Precious or Semi-precious Stones, Precious Metals, Metals Clad with Precious Metal, and Articles thereof; Imitation Jewellery; Coin": {
          "Russian Federation": "11.33",
          "New Delhi": "21.85",
          "Rabat": "17.45",
          "Beijing": "15.84",
          "Abu Dhabi": "5.36"
        },
        "Base Metals and Articles of Base Metal": {
          "Belgium": "4.62",
          "Beijing": "54.31",
          "Paris": "8.70",
          "Ankara": "4.11",
          "Rome": "3.39"
        },
        "Machinery and Mechanical Appliances; Electrical Equipment; Parts thereof; Sound Recorders and Reproducers, Television Image and Sound Recorders and Reproducers, and Parts and Accessories of such Articles": {
          "Belgium": "5.33",
          "Beijing": "29.30",
          "Paris": "18.23",
          "Washington, D.C.": "7.75",
          "Rome": "6.90"
        },
        "Vehicles, Aircraft, Vessels, and Associated Transport Equipment": {
          "Madrid": "16.27",
          "Beijing": "10.94",
          "Washington, D.C.": "10.74",
          "Paris": "10.04"
        },
        "Optical, Photographic, Cinematographic, Measuring, Checking, Precision, Medical or Surgical Instruments and Apparatus; Clocks and Watches; Musical Instruments; Parts and Accessories thereof": {
          "Belgium": "5.56",
          "Beijing": "28.65",
          "Paris": "17.39",
          "Washington, D.C.": "6.40",
          "Madrid": "5.66"
        },
        "Miscellaneous Manufactured Articles": {
          "Paris": "26.70",
          "Beijing": "24.82",
          "Rome": "8.09",
          "Washington, D.C.": "5.44",
          "Abu Dhabi": "4.80"
        }
      }
    },
    "2021": {
      "Imports": {
        "Animals & Animal Products": {
          "Belgium": "16.36",
          "Washington, D.C.": "16.43",
          "Brasília": "8.56",
          "Ankara": "7.38",
          "Berlin": "5.98"
        },
        "Vegetable Products": {
          "Russian Federation": "19.95",
          "Belgium": "6.85",
          "Jakarta": "17.83",
          "New Delhi": "11.71",
          "Paris": "10.95"
        },
        "Prepared Foodstuffs; Beverages, Spirits, Vinegar, Tobacco and Manufactured Tobacco Substitutes": {
          "Senegal": "9.08",
          "Belgium": "9.07",
          "Paris": "23.71",
          "Pretoria": "11.48",
          "New Delhi": "7.82"
        },
        "Mineral Products": {
          "Tunisia": "6.32",
          "Beijing": "49.72",
          "New Delhi": "14.20",
          "Cairo": "9.05",
          "Rabat": "7.76"
        },
        "Products of the Chemical or Allied Industries": {
          "Belgium": "3.55",
          "Beijing": "53.35",
          "Paris": "24.94",
          "Cairo": "2.99",
          "Rome": "1.99"
        },
        "Plastics and Articles thereof; Rubber and Articles thereof": {
          "Belgium": "4.82",
          "Beijing": "31.86",
          "Amsterdam": "17.14",
          "Paris": "8.78",
          "Abu Dhabi": "8.50"
        },
        "Raw Hides and Skins, Leather, Furskins, and Articles thereof; Saddlery and Harness; Travel Goods, Handbags, and Similar Containers; Articles of Animal Gut (Other than Silk-worm Gut)": {
          "Belgium": "4.96",
          "Beijing": "39.65",
          "Ankara": "17.76",
          "Paris": "14.23",
          "Abu Dhabi": "11.51"
        },
        "Wood and Articles of Wood; Wood Charcoal; Cork and Articles of Cork; Manufactures of Straw, of Esparto or of Other Plaiting Materials; Basketware and Wickerwork": {
          "Belgium": "16.60",
          "Paris": "22.40",
          "Beijing": "16.31",
          "Jakarta": "7.63",
          "Abu Dhabi": "4.95"
        },
        "Textiles and Textile Articles": {
          "Belgium": "5.23",
          "Beijing": "43.11",
          "Abu Dhabi": "13.17",
          "Paris": "7.79",
          "Ankara": "5.21"
        },
        "Footwear, Headgear, Umbrellas, Sun Umbrellas, Walking-sticks, Seat-sticks, Whips, Riding-crops, and Parts thereof; Prepared Feathers and Articles Made therewith; Artificial Flowers; Articles of Human Hair": {
          "Nigeria": "5.67",
          "Belgium": "3.02",
          "Beijing": "60.03",
          "Paris": "10.63",
          "Yaoundé": "8.25"
        },
        "Articles of Stone, Plaster, Cement, Asbestos, Mica or Similar Materials; Ceramic Products; Glass and Glassware": {
          "Beijing": "43.26",
          "Madrid": "10.90",
          "Paris": "7.94",
          "New Delhi": "5.88",
          "Yaoundé": "4.73"
        },
        "Natural or Cultured Pearls, Precious or Semi-precious Stones, Precious Metals, Metals Clad with Precious Metal, and Articles thereof; Imitation Jewellery; Coin": {
          "Beijing": "43.97",
          "New Delhi": "31.58",
          "Paris": "4.60",
          "Cairo": "3.77",
          "Rabat": "3.68"
        },
        "Base Metals and Articles of Base Metal": {
          "Belgium": "5.05",
          "Beijing": "54.50",
          "Paris": "7.26",
          "Ankara": "6.43",
          "New Delhi": "4.40"
        },
        "Machinery and Mechanical Appliances; Electrical Equipment; Parts thereof; Sound Recorders and Reproducers, Television Image and Sound Recorders and Reproducers, and Parts and Accessories of such Articles": {
          "Belgium": "10.98",
          "Beijing": "28.85",
          "Paris": "18.86",
          "Brasília": "5.76",
          "Washington, D.C.": "5.59"
        },
        "Vehicles, Aircraft, Vessels, and Associated Transport Equipment": {
          "Namibia": "23.49",
          "Belgium": "12.98",
          "Libreville": "11.25",
          "Abu Dhabi": "7.26",
          "Maputo": "6.92"
        },
        "Optical, Photographic, Cinematographic, Measuring, Checking, Precision, Medical or Surgical Instruments and Apparatus; Clocks and Watches; Musical Instruments; Parts and Accessories thereof": {
          "Belgium": "8.10",
          "Namibia": "6.07",
          "Beijing": "31.41",
          "Paris": "14.74",
          "Abu Dhabi": "3.94"
        },
        "Miscellaneous Manufactured Articles": {
          "Russian Federation": "32.79",
          "Beijing": "13.63",
          "Paris": "11.86",
          "Brasília": "9.70",
          "Rome": "6.53"
        }
      }
    }
  }
}