{
  "Main Partners": {
    "1994": {
      "Imports": {
        "Animals & Animal Products": {
          "Wellington": "31.12",
          "Copenhagen": "16.01",
          "Washington, D.C.": "15.12",
          "Amsterdam": "9.53",
          "London": "7.83"
        },
        "Vegetable Products": {
          "Colombia": "3.84",
          "Washington, D.C.": "40.09",
          "Buenos Aires": "20.99",
          "Ottawa": "12.31",
          "Berlin": "4.94"
        },
        "Prepared Foodstuffs; Beverages, Spirits, Vinegar, Tobacco and Manufactured Tobacco Substitutes": {
          "Colombia": "20.67",
          "Guatemala": "5.98",
          "London": "22.02",
          "Washington, D.C.": "21.14",
          "Brasília": "6.07"
        },
        "Mineral Products": {
          "Other Asia, nes": "13.64",
          "Washington, D.C.": "36.46",
          "Brasília": "9.24",
          "Amsterdam": "4.46",
          "New Delhi": "4.31"
        },
        "Products of the Chemical or Allied Industries": {
          "Colombia": "5.33",
          "Washington, D.C.": "43.05",
          "Berlin": "8.39",
          "Mexico City": "5.98",
          "London": "5.59"
        },
        "Plastics and Articles thereof; Rubber and Articles thereof": {
          "Colombia": "14.27",
          "Washington, D.C.": "47.96",
          "Berlin": "5.92",
          "Rome": "4.02",
          "Brasília": "3.90"
        },
        "Raw Hides and Skins, Leather, Furskins, and Articles thereof; Saddlery and Harness; Travel Goods, Handbags, and Similar Containers; Articles of Animal Gut (Other than Silk-worm Gut)": {
          "Colombia": "33.21",
          "Panama": "9.53",
          "Other Asia, nes": "4.56",
          "Washington, D.C.": "21.16",
          "Rome": "16.29"
        },
        "Wood and Articles of Wood; Wood Charcoal; Cork and Articles of Cork; Manufactures of Straw, of Esparto or of Other Plaiting Materials; Basketware and Wickerwork": {
          "Colombia": "8.84",
          "Washington, D.C.": "37.84",
          "Ottawa": "16.38",
          "Santiago": "7.97",
          "Brasília": "6.13"
        },
        "Textiles and Textile Articles": {
          "Colombia": "20.26",
          "Panama": "13.46",
          "Washington, D.C.": "27.35",
          "Seoul": "6.23",
          "Rome": "3.63"
        },
        "Footwear, Headgear, Umbrellas, Sun Umbrellas, Walking-sticks, Seat-sticks, Whips, Riding-crops, and Parts thereof; Prepared Feathers and Articles Made therewith; Artificial Flowers; Articles of Human Hair": {
          "Colombia": "18.28",
          "Panama": "18.19",
          "Washington, D.C.": "29.78",
          "Rome": "9.34",
          "Hong Kong": "5.46"
        },
        "Articles of Stone, Plaster, Cement, Asbestos, Mica or Similar Materials; Ceramic Products; Glass and Glassware": {
          "Colombia": "7.64",
          "Washington, D.C.": "30.96",
          "Berlin": "21.67",
          "Rome": "11.82",
          "Madrid": "7.91"
        },
        "Natural or Cultured Pearls, Precious or Semi-precious Stones, Precious Metals, Metals Clad with Precious Metal, and Articles thereof; Imitation Jewellery; Coin": {
          "Peru": "23.72",
          "Other Asia, nes": "4.25",
          "Washington, D.C.": "42.80",
          "Berlin": "6.06",
          "Mexico City": "4.47"
        },
        "Base Metals and Articles of Base Metal": {
          "Peru": "8.61",
          "Washington, D.C.": "37.80",
          "Brasília": "8.00",
          "Mexico City": "6.46",
          "Berlin": "6.19"
        },
        "Machinery and Mechanical Appliances; Electrical Equipment; Parts thereof; Sound Recorders and Reproducers, Television Image and Sound Recorders and Reproducers, and Parts and Accessories of such Articles": {
          "Washington, D.C.": "56.18",
          "Berlin": "7.77",
          "Tokyo": "6.86",
          "Rome": "5.80",
          "Brasília": "2.75"
        },
        "Vehicles, Aircraft, Vessels, and Associated Transport Equipment": {
          "Washington, D.C.": "51.32",
          "Tokyo": "18.41",
          "Ottawa": "9.49",
          "Paris": "5.28",
          "Rome": "2.61"
        },
        "Optical, Photographic, Cinematographic, Measuring, Checking, Precision, Medical or Surgical Instruments and Apparatus; Clocks and Watches; Musical Instruments; Parts and Accessories thereof": {
          "Colombia": "4.72",
          "Washington, D.C.": "48.12",
          "Tokyo": "7.09",
          "Berlin": "6.14",
          "Rome": "4.38"
        },
        "Miscellaneous Manufactured Articles": {
          "Washington, D.C.": "55.95",
          "Berlin": "5.98",
          "Rome": "4.95",
          "Tokyo": "4.52",
          "Hong Kong": "3.92"
        }
      }
    },
    "1995": {
      "Imports": {
        "Animals & Animal Products": {
          "Colombia": "11.13",
          "Wellington": "25.08",
          "Washington, D.C.": "20.88",
          "Amsterdam": "11.98",
          "Paris": "4.86"
        },
        "Vegetable Products": {
          "Colombia": "3.62",
          "Washington, D.C.": "42.67",
          "Buenos Aires": "23.03",
          "Ottawa": "12.55",
          "Santiago": "3.50"
        },
        "Prepared Foodstuffs; Beverages, Spirits, Vinegar, Tobacco and Manufactured Tobacco Substitutes": {
          "Colombia": "23.27",
          "Paraguay": "13.33",
          "Guatemala": "10.86",
          "Washington, D.C.": "14.84",
          "London": "14.19"
        },
        "Mineral Products": {
          "Other Asia, nes": "4.49",
          "Washington, D.C.": "38.43",
          "Brasília": "14.09",
          "Mexico City": "6.30",
          "Rome": "4.62"
        },
        "Products of the Chemical or Allied Industries": {
          "Colombia": "8.06",
          "Washington, D.C.": "42.88",
          "Berlin": "7.63",
          "Mexico City": "7.49",
          "Paris": "5.06"
        },
        "Plastics and Articles thereof; Rubber and Articles thereof": {
          "Colombia": "18.07",
          "Washington, D.C.": "45.96",
          "Brasília": "6.30",
          "Berlin": "4.37",
          "Rome": "3.15"
        },
        "Raw Hides and Skins, Leather, Furskins, and Articles thereof; Saddlery and Harness; Travel Goods, Handbags, and Similar Containers; Articles of Animal Gut (Other than Silk-worm Gut)": {
          "Colombia": "37.16",
          "Panama": "8.06",
          "Other Asia, nes": "5.45",
          "Rome": "17.99",
          "Washington, D.C.": "13.69"
        },
        "Wood and Articles of Wood; Wood Charcoal; Cork and Articles of Cork; Manufactures of Straw, of Esparto or of Other Plaiting Materials; Basketware and Wickerwork": {
          "Colombia": "8.39",
          "Washington, D.C.": "41.71",
          "Ottawa": "13.59",
          "Santiago": "10.01",
          "Madrid": "7.13"
        },
        "Textiles and Textile Articles": {
          "Colombia": "25.72",
          "Panama": "16.93",
          "Netherlands Antilles": "3.16",
          "Washington, D.C.": "21.85",
          "Seoul": "4.56"
        },
        "Footwear, Headgear, Umbrellas, Sun Umbrellas, Walking-sticks, Seat-sticks, Whips, Riding-crops, and Parts thereof; Prepared Feathers and Articles Made therewith; Artificial Flowers; Articles of Human Hair": {
          "Panama": "28.26",
          "Colombia": "23.87",
          "Washington, D.C.": "24.06",
          "Hong Kong": "4.46",
          "Rome": "4.36"
        },
        "Articles of Stone, Plaster, Cement, Asbestos, Mica or Similar Materials; Ceramic Products; Glass and Glassware": {
          "Colombia": "10.22",
          "Washington, D.C.": "30.43",
          "Berlin": "20.11",
          "Rome": "10.47",
          "Madrid": "6.58"
        },
        "Natural or Cultured Pearls, Precious or Semi-precious Stones, Precious Metals, Metals Clad with Precious Metal, and Articles thereof; Imitation Jewellery; Coin": {
          "Peru": "30.98",
          "Washington, D.C.": "36.45",
          "Berlin": "5.62",
          "Mexico City": "5.43",
          "Brasília": "4.28"
        },
        "Base Metals and Articles of Base Metal": {
          "Peru": "11.95",
          "Washington, D.C.": "33.12",
          "Brasília": "9.11",
          "Mexico City": "8.67",
          "Berlin": "6.28"
        },
        "Machinery and Mechanical Appliances; Electrical Equipment; Parts thereof; Sound Recorders and Reproducers, Television Image and Sound Recorders and Reproducers, and Parts and Accessories of such Articles": {
          "Washington, D.C.": "56.99",
          "Berlin": "7.47",
          "Rome": "4.86",
          "Tokyo": "4.79",
          "Madrid": "2.80"
        },
        "Vehicles, Aircraft, Vessels, and Associated Transport Equipment": {
          "Colombia": "4.36",
          "Washington, D.C.": "37.89",
          "Tokyo": "21.57",
          "Ottawa": "16.91",
          "Brasília": "4.90"
        },
        "Optical, Photographic, Cinematographic, Measuring, Checking, Precision, Medical or Surgical Instruments and Apparatus; Clocks and Watches; Musical Instruments; Parts and Accessories thereof": {
          "Colombia": "7.60",
          "Washington, D.C.": "44.25",
          "Tokyo": "5.72",
          "Berlin": "5.63",
          "Brasília": "4.14"
        },
        "Miscellaneous Manufactured Articles": {
          "Other Asia, nes": "4.75",
          "Panama": "3.69",
          "Washington, D.C.": "54.63",
          "Hong Kong": "4.71",
          "Berlin": "4.46"
        }
      }
    },
    "1996": {
      "Imports": {
        "Animals & Animal Products": {
          "Wellington": "27.13",
          "Washington, D.C.": "13.15",
          "Amsterdam": "10.26",
          "Copenhagen": "6.54",
          "Paris": "5.72"
        },
        "Vegetable Products": {
          "Washington, D.C.": "39.51",
          "Buenos Aires": "25.53",
          "Ottawa": "11.84",
          "Santiago": "3.41",
          "Paris": "3.28"
        },
        "Prepared Foodstuffs; Beverages, Spirits, Vinegar, Tobacco and Manufactured Tobacco Substitutes": {
          "Colombia": "19.43",
          "Paraguay": "7.99",
          "Washington, D.C.": "24.56",
          "London": "12.52",
          "Brasília": "5.90"
        },
        "Mineral Products": {
          "Other Asia, nes": "9.48",
          "Washington, D.C.": "39.73",
          "Brasília": "9.64",
          "Mexico City": "5.17",
          "Madrid": "4.50"
        },
        "Products of the Chemical or Allied Industries": {
          "Colombia": "9.34",
          "Washington, D.C.": "42.31",
          "Mexico City": "6.95",
          "Berlin": "6.89",
          "London": "4.79"
        },
        "Plastics and Articles thereof; Rubber and Articles thereof": {
          "Colombia": "17.92",
          "Washington, D.C.": "47.88",
          "Brasília": "5.03",
          "Berlin": "3.34",
          "Mexico City": "3.26"
        },
        "Raw Hides and Skins, Leather, Furskins, and Articles thereof; Saddlery and Harness; Travel Goods, Handbags, and Similar Containers; Articles of Animal Gut (Other than Silk-worm Gut)": {
          "Colombia": "31.10",
          "Panama": "8.88",
          "Rome": "17.94",
          "Washington, D.C.": "16.13",
          "Hong Kong": "5.28"
        },
        "Wood and Articles of Wood; Wood Charcoal; Cork and Articles of Cork; Manufactures of Straw, of Esparto or of Other Plaiting Materials; Basketware and Wickerwork": {
          "Colombia": "10.12",
          "Washington, D.C.": "40.20",
          "Ottawa": "14.10",
          "Santiago": "8.07",
          "Madrid": "5.84"
        },
        "Textiles and Textile Articles": {
          "Colombia": "28.93",
          "Panama": "11.25",
          "Washington, D.C.": "22.51",
          "Mexico City": "5.28",
          "Hong Kong": "4.08"
        },
        "Footwear, Headgear, Umbrellas, Sun Umbrellas, Walking-sticks, Seat-sticks, Whips, Riding-crops, and Parts thereof; Prepared Feathers and Articles Made therewith; Artificial Flowers; Articles of Human Hair": {
          "Panama": "22.36",
          "Colombia": "20.54",
          "Other Asia, nes": "6.26",
          "Washington, D.C.": "24.45",
          "Hong Kong": "7.11"
        },
        "Articles of Stone, Plaster, Cement, Asbestos, Mica or Similar Materials; Ceramic Products; Glass and Glassware": {
          "Colombia": "9.57",
          "Washington, D.C.": "31.07",
          "Berlin": "19.89",
          "Mexico City": "9.14",
          "Rome": "8.06"
        },
        "Natural or Cultured Pearls, Precious or Semi-precious Stones, Precious Metals, Metals Clad with Precious Metal, and Articles thereof; Imitation Jewellery; Coin": {
          "Peru": "25.39",
          "Washington, D.C.": "41.86",
          "Brasília": "4.01",
          "Mexico City": "3.85",
          "Berlin": "2.85"
        },
        "Base Metals and Articles of Base Metal": {
          "Peru": "7.82",
          "Washington, D.C.": "37.41",
          "Mexico City": "11.31",
          "Brasília": "9.65",
          "Berlin": "5.69"
        },
        "Machinery and Mechanical Appliances; Electrical Equipment; Parts thereof; Sound Recorders and Reproducers, Television Image and Sound Recorders and Reproducers, and Parts and Accessories of such Articles": {
          "Washington, D.C.": "59.72",
          "Rome": "6.82",
          "Berlin": "6.55",
          "Tokyo": "3.61",
          "Brasília": "3.05"
        },
        "Vehicles, Aircraft, Vessels, and Associated Transport Equipment": {
          "Colombia": "9.50",
          "Washington, D.C.": "41.49",
          "Tokyo": "16.01",
          "Ottawa": "10.09",
          "Brasília": "6.01"
        },
        "Optical, Photographic, Cinematographic, Measuring, Checking, Precision, Medical or Surgical Instruments and Apparatus; Clocks and Watches; Musical Instruments; Parts and Accessories thereof": {
          "Colombia": "7.96",
          "Washington, D.C.": "47.24",
          "Berlin": "5.41",
          "Mexico City": "4.68",
          "Rome": "4.67"
        },
        "Miscellaneous Manufactured Articles": {
          "Other Asia, nes": "4.59",
          "Washington, D.C.": "57.30",
          "Hong Kong": "4.25",
          "Berlin": "4.08",
          "Rome": "3.76"
        }
      }
    },
    "1997": {
      "Imports": {
        "Animals & Animal Products": {
          "Colombia": "8.07",
          "Wellington": "37.54",
          "Washington, D.C.": "12.38",
          "Amsterdam": "9.35",
          "Copenhagen": "5.19"
        },
        "Vegetable Products": {
          "Washington, D.C.": "36.96",
          "Buenos Aires": "23.46",
          "Ottawa": "14.24",
          "Pretoria": "5.94",
          "Santiago": "3.84"
        },
        "Prepared Foodstuffs; Beverages, Spirits, Vinegar, Tobacco and Manufactured Tobacco Substitutes": {
          "Colombia": "17.56",
          "Guatemala": "4.36",
          "Washington, D.C.": "27.50",
          "London": "16.98",
          "Brasília": "4.74"
        },
        "Mineral Products": {
          "Other Asia, nes": "8.71",
          "Colombia": "5.51",
          "Washington, D.C.": "35.16",
          "Brasília": "10.52",
          "Madrid": "4.70"
        },
        "Products of the Chemical or Allied Industries": {
          "Colombia": "8.61",
          "Washington, D.C.": "45.56",
          "Mexico City": "6.88",
          "Berlin": "6.57",
          "Brasília": "4.19"
        },
        "Plastics and Articles thereof; Rubber and Articles thereof": {
          "Colombia": "13.06",
          "Washington, D.C.": "48.27",
          "Brasília": "5.74",
          "Rome": "3.87",
          "Berlin": "3.72"
        },
        "Raw Hides and Skins, Leather, Furskins, and Articles thereof; Saddlery and Harness; Travel Goods, Handbags, and Similar Containers; Articles of Animal Gut (Other than Silk-worm Gut)": {
          "Colombia": "25.15",
          "Panama": "9.32",
          "Rome": "18.59",
          "Washington, D.C.": "16.27",
          "Hong Kong": "8.32"
        },
        "Wood and Articles of Wood; Wood Charcoal; Cork and Articles of Cork; Manufactures of Straw, of Esparto or of Other Plaiting Materials; Basketware and Wickerwork": {
          "Colombia": "10.33",
          "Washington, D.C.": "37.48",
          "Ottawa": "12.69",
          "Madrid": "6.36",
          "Santiago": "6.19"
        },
        "Textiles and Textile Articles": {
          "Colombia": "20.98",
          "Panama": "14.26",
          "Washington, D.C.": "28.38",
          "Mexico City": "4.72",
          "Hong Kong": "3.26"
        },
        "Footwear, Headgear, Umbrellas, Sun Umbrellas, Walking-sticks, Seat-sticks, Whips, Riding-crops, and Parts thereof; Prepared Feathers and Articles Made therewith; Artificial Flowers; Articles of Human Hair": {
          "Panama": "22.02",
          "Colombia": "13.78",
          "Other Asia, nes": "10.64",
          "Washington, D.C.": "24.88",
          "Hong Kong": "10.08"
        },
        "Articles of Stone, Plaster, Cement, Asbestos, Mica or Similar Materials; Ceramic Products; Glass and Glassware": {
          "Colombia": "11.37",
          "Washington, D.C.": "30.69",
          "Berlin": "15.71",
          "Madrid": "8.83",
          "Rome": "8.32"
        },
        "Natural or Cultured Pearls, Precious or Semi-precious Stones, Precious Metals, Metals Clad with Precious Metal, and Articles thereof; Imitation Jewellery; Coin": {
          "Peru": "26.48",
          "Washington, D.C.": "30.69",
          "Brasília": "5.04",
          "Berlin": "4.45",
          "Santiago": "4.41"
        },
        "Base Metals and Articles of Base Metal": {
          "Peru": "6.71",
          "Washington, D.C.": "34.19",
          "Mexico City": "11.53",
          "Brasília": "8.12",
          "Berlin": "5.77"
        },
        "Machinery and Mechanical Appliances; Electrical Equipment; Parts thereof; Sound Recorders and Reproducers, Television Image and Sound Recorders and Reproducers, and Parts and Accessories of such Articles": {
          "Washington, D.C.": "61.45",
          "Berlin": "5.82",
          "Rome": "5.35",
          "Brasília": "3.38",
          "Tokyo": "2.84"
        },
        "Vehicles, Aircraft, Vessels, and Associated Transport Equipment": {
          "Colombia": "8.02",
          "Washington, D.C.": "37.90",
          "Tokyo": "17.55",
          "Brasília": "9.08",
          "Ottawa": "7.27"
        },
        "Optical, Photographic, Cinematographic, Measuring, Checking, Precision, Medical or Surgical Instruments and Apparatus; Clocks and Watches; Musical Instruments; Parts and Accessories thereof": {
          "Colombia": "6.53",
          "Washington, D.C.": "47.97",
          "Tokyo": "5.52",
          "Brasília": "5.12",
          "Berlin": "4.77"
        },
        "Miscellaneous Manufactured Articles": {
          "Other Asia, nes": "3.96",
          "Washington, D.C.": "56.62",
          "Rome": "4.34",
          "Hong Kong": "3.57",
          "Berlin": "3.54"
        }
      }
    },
    "1998": {
      "Imports": {
        "Animals & Animal Products": {
          "Colombia": "18.50",
          "Uruguay": "6.90",
          "Wellington": "29.03",
          "Amsterdam": "9.32",
          "Copenhagen": "7.71"
        },
        "Vegetable Products": {
          "Washington, D.C.": "36.59",
          "Buenos Aires": "25.62",
          "Ottawa": "14.49",
          "Santiago": "5.38",
          "Paris": "2.53"
        },
        "Prepared Foodstuffs; Beverages, Spirits, Vinegar, Tobacco and Manufactured Tobacco Substitutes": {
          "Colombia": "16.68",
          "Washington, D.C.": "23.66",
          "London": "17.65",
          "Brasília": "6.95",
          "Santiago": "5.65"
        },
        "Mineral Products": {
          "Other Asia, nes": "6.17",
          "Washington, D.C.": "37.53",
          "Brasília": "9.46",
          "Rome": "5.71",
          "Madrid": "5.28"
        },
        "Products of the Chemical or Allied Industries": {
          "Colombia": "7.77",
          "Washington, D.C.": "45.13",
          "Berlin": "7.91",
          "Mexico City": "7.59",
          "Brasília": "3.55"
        },
        "Plastics and Articles thereof; Rubber and Articles thereof": {
          "Colombia": "8.86",
          "Washington, D.C.": "50.41",
          "Brasília": "4.76",
          "Mexico City": "4.07",
          "Tokyo": "3.92"
        },
        "Raw Hides and Skins, Leather, Furskins, and Articles thereof; Saddlery and Harness; Travel Goods, Handbags, and Similar Containers; Articles of Animal Gut (Other than Silk-worm Gut)": {
          "Colombia": "20.19",
          "Panama": "8.03",
          "Rome": "18.64",
          "Washington, D.C.": "17.79",
          "Hong Kong": "9.62"
        },
        "Wood and Articles of Wood; Wood Charcoal; Cork and Articles of Cork; Manufactures of Straw, of Esparto or of Other Plaiting Materials; Basketware and Wickerwork": {
          "Colombia": "9.95",
          "Washington, D.C.": "34.35",
          "Ottawa": "13.19",
          "Madrid": "8.39",
          "Brasília": "5.77"
        },
        "Textiles and Textile Articles": {
          "Colombia": "17.95",
          "Panama": "15.55",
          "Washington, D.C.": "25.92",
          "Hong Kong": "6.15",
          "Mexico City": "3.93"
        },
        "Footwear, Headgear, Umbrellas, Sun Umbrellas, Walking-sticks, Seat-sticks, Whips, Riding-crops, and Parts thereof; Prepared Feathers and Articles Made therewith; Artificial Flowers; Articles of Human Hair": {
          "Panama": "12.82",
          "Other Asia, nes": "9.55",
          "Colombia": "8.74",
          "Washington, D.C.": "27.60",
          "Hong Kong": "19.20"
        },
        "Articles of Stone, Plaster, Cement, Asbestos, Mica or Similar Materials; Ceramic Products; Glass and Glassware": {
          "Colombia": "10.83",
          "Washington, D.C.": "26.45",
          "Berlin": "11.79",
          "Madrid": "11.21",
          "Rome": "9.27"
        },
        "Natural or Cultured Pearls, Precious or Semi-precious Stones, Precious Metals, Metals Clad with Precious Metal, and Articles thereof; Imitation Jewellery; Coin": {
          "Peru": "19.21",
          "Washington, D.C.": "40.10",
          "Santiago": "5.08",
          "Berlin": "4.55",
          "Mexico City": "4.09"
        },
        "Base Metals and Articles of Base Metal": {
          "Peru": "4.88",
          "Washington, D.C.": "36.63",
          "Mexico City": "11.26",
          "Brasília": "7.65",
          "Berlin": "5.00"
        },
        "Machinery and Mechanical Appliances; Electrical Equipment; Parts thereof; Sound Recorders and Reproducers, Television Image and Sound Recorders and Reproducers, and Parts and Accessories of such Articles": {
          "Washington, D.C.": "57.11",
          "Berlin": "7.55",
          "Rome": "5.73",
          "Mexico City": "3.23",
          "Tokyo": "2.79"
        },
        "Vehicles, Aircraft, Vessels, and Associated Transport Equipment": {
          "Colombia": "5.19",
          "Washington, D.C.": "36.85",
          "Tokyo": "19.65",
          "Brasília": "9.05",
          "Seoul": "5.65"
        },
        "Optical, Photographic, Cinematographic, Measuring, Checking, Precision, Medical or Surgical Instruments and Apparatus; Clocks and Watches; Musical Instruments; Parts and Accessories thereof": {
          "Colombia": "5.19",
          "Washington, D.C.": "46.12",
          "Tokyo": "5.63",
          "Berlin": "5.55",
          "Mexico City": "4.84"
        },
        "Miscellaneous Manufactured Articles": {
          "Other Asia, nes": "3.74",
          "Washington, D.C.": "50.92",
          "Hong Kong": "5.51",
          "Rome": "5.19",
          "Berlin": "3.98"
        }
      }
    },
    "1999": {
      "Imports": {
        "Animals & Animal Products": {
          "Uruguay": "12.06",
          "Colombia": "6.87",
          "Wellington": "27.75",
          "Amsterdam": "11.44",
          "Washington, D.C.": "8.66"
        },
        "Vegetable Products": {
          "Washington, D.C.": "35.69",
          "Buenos Aires": "18.12",
          "Ottawa": "17.00",
          "Madrid": "6.47",
          "Santiago": "5.87"
        },
        "Prepared Foodstuffs; Beverages, Spirits, Vinegar, Tobacco and Manufactured Tobacco Substitutes": {
          "Colombia": "14.49",
          "Washington, D.C.": "17.44",
          "Rome": "12.99",
          "Madrid": "10.48",
          "London": "10.32"
        },
        "Mineral Products": {
          "Washington, D.C.": "38.09",
          "Rome": "14.80",
          "Madrid": "7.26",
          "Beijing": "6.51",
          "Pretoria": "3.43"
        },
        "Products of the Chemical or Allied Industries": {
          "Colombia": "7.25",
          "Washington, D.C.": "41.26",
          "Mexico City": "8.26",
          "Berlin": "6.87",
          "Rome": "6.59"
        },
        "Plastics and Articles thereof; Rubber and Articles thereof": {
          "Colombia": "9.57",
          "Washington, D.C.": "44.29",
          "Rome": "5.03",
          "Mexico City": "4.48",
          "Tokyo": "4.41"
        },
        "Raw Hides and Skins, Leather, Furskins, and Articles thereof; Saddlery and Harness; Travel Goods, Handbags, and Similar Containers; Articles of Animal Gut (Other than Silk-worm Gut)": {
          "Colombia": "17.89",
          "Panama": "8.06",
          "Rome": "28.33",
          "Washington, D.C.": "12.88",
          "Hong Kong": "12.36"
        },
        "Wood and Articles of Wood; Wood Charcoal; Cork and Articles of Cork; Manufactures of Straw, of Esparto or of Other Plaiting Materials; Basketware and Wickerwork": {
          "Colombia": "10.88",
          "Washington, D.C.": "33.03",
          "Ottawa": "8.81",
          "Madrid": "7.09",
          "Brasília": "7.06"
        },
        "Textiles and Textile Articles": {
          "Panama": "14.74",
          "Colombia": "13.91",
          "Washington, D.C.": "20.32",
          "Hong Kong": "9.96",
          "Rome": "7.64"
        },
        "Footwear, Headgear, Umbrellas, Sun Umbrellas, Walking-sticks, Seat-sticks, Whips, Riding-crops, and Parts thereof; Prepared Feathers and Articles Made therewith; Artificial Flowers; Articles of Human Hair": {
          "Panama": "17.63",
          "Colombia": "8.09",
          "Hong Kong": "20.92",
          "Washington, D.C.": "18.08",
          "Rome": "8.20"
        },
        "Articles of Stone, Plaster, Cement, Asbestos, Mica or Similar Materials; Ceramic Products; Glass and Glassware": {
          "Colombia": "7.85",
          "Rome": "21.05",
          "Washington, D.C.": "20.96",
          "Madrid": "14.00",
          "Berlin": "8.94"
        },
        "Natural or Cultured Pearls, Precious or Semi-precious Stones, Precious Metals, Metals Clad with Precious Metal, and Articles thereof; Imitation Jewellery; Coin": {
          "Peru": "16.90",
          "Washington, D.C.": "39.38",
          "Berlin": "5.75",
          "Rome": "5.48",
          "Santiago": "5.39"
        },
        "Base Metals and Articles of Base Metal": {
          "Washington, D.C.": "31.58",
          "Rome": "24.73",
          "Mexico City": "6.00",
          "Brasília": "4.49",
          "Berlin": "4.17"
        },
        "Machinery and Mechanical Appliances; Electrical Equipment; Parts thereof; Sound Recorders and Reproducers, Television Image and Sound Recorders and Reproducers, and Parts and Accessories of such Articles": {
          "Washington, D.C.": "49.01",
          "Rome": "14.12",
          "Berlin": "7.31",
          "Mexico City": "3.22",
          "Brasília": "2.84"
        },
        "Vehicles, Aircraft, Vessels, and Associated Transport Equipment": {
          "Colombia": "5.36",
          "Washington, D.C.": "41.51",
          "Tokyo": "17.75",
          "Seoul": "6.93",
          "Ottawa": "6.73"
        },
        "Optical, Photographic, Cinematographic, Measuring, Checking, Precision, Medical or Surgical Instruments and Apparatus; Clocks and Watches; Musical Instruments; Parts and Accessories thereof": {
          "Colombia": "5.11",
          "Washington, D.C.": "40.96",
          "Rome": "12.64",
          "Berlin": "5.24",
          "Tokyo": "4.17"
        },
        "Miscellaneous Manufactured Articles": {
          "Panama": "3.27",
          "Washington, D.C.": "38.66",
          "Rome": "20.32",
          "Hong Kong": "6.74",
          "Berlin": "3.08"
        }
      }
    },
    "2000": {
      "Imports": {
        "Animals & Animal Products": {
          "Colombia": "12.29",
          "Uruguay": "6.43",
          "Wellington": "25.61",
          "Amsterdam": "9.51",
          "Washington, D.C.": "6.83"
        },
        "Vegetable Products": {
          "Colombia": "6.85",
          "Washington, D.C.": "37.58",
          "Ottawa": "16.28",
          "Buenos Aires": "12.13",
          "Santiago": "6.65"
        },
        "Prepared Foodstuffs; Beverages, Spirits, Vinegar, Tobacco and Manufactured Tobacco Substitutes": {
          "Colombia": "15.67",
          "Bolivia": "7.56",
          "Washington, D.C.": "17.43",
          "London": "15.02",
          "Santiago": "6.57"
        },
        "Mineral Products": {
          "Washington, D.C.": "32.42",
          "Brasília": "11.97",
          "Madrid": "7.43",
          "Beijing": "7.37",
          "Mexico City": "5.69"
        },
        "Products of the Chemical or Allied Industries": {
          "Colombia": "8.38",
          "Washington, D.C.": "37.35",
          "Mexico City": "9.31",
          "Berlin": "6.57",
          "Brasília": "5.83"
        },
        "Plastics and Articles thereof; Rubber and Articles thereof": {
          "Colombia": "10.17",
          "Washington, D.C.": "42.64",
          "Brasília": "6.27",
          "Mexico City": "4.53",
          "Tokyo": "4.18"
        },
        "Raw Hides and Skins, Leather, Furskins, and Articles thereof; Saddlery and Harness; Travel Goods, Handbags, and Similar Containers; Articles of Animal Gut (Other than Silk-worm Gut)": {
          "Colombia": "15.93",
          "Panama": "12.00",
          "Washington, D.C.": "14.11",
          "Beijing": "12.78",
          "Rome": "11.52"
        },
        "Wood and Articles of Wood; Wood Charcoal; Cork and Articles of Cork; Manufactures of Straw, of Esparto or of Other Plaiting Materials; Basketware and Wickerwork": {
          "Colombia": "13.48",
          "Washington, D.C.": "35.50",
          "Brasília": "7.52",
          "Ottawa": "7.42",
          "Santiago": "7.31"
        },
        "Textiles and Textile Articles": {
          "Colombia": "19.56",
          "Panama": "15.52",
          "Washington, D.C.": "19.39",
          "Hong Kong": "7.67",
          "Madrid": "5.35"
        },
        "Footwear, Headgear, Umbrellas, Sun Umbrellas, Walking-sticks, Seat-sticks, Whips, Riding-crops, and Parts thereof; Prepared Feathers and Articles Made therewith; Artificial Flowers; Articles of Human Hair": {
          "Panama": "24.00",
          "Colombia": "10.44",
          "Washington, D.C.": "14.02",
          "Hong Kong": "10.06",
          "Brasília": "7.43"
        },
        "Articles of Stone, Plaster, Cement, Asbestos, Mica or Similar Materials; Ceramic Products; Glass and Glassware": {
          "Colombia": "9.35",
          "Washington, D.C.": "23.07",
          "Rome": "18.51",
          "Madrid": "9.98",
          "Berlin": "7.80"
        },
        "Natural or Cultured Pearls, Precious or Semi-precious Stones, Precious Metals, Metals Clad with Precious Metal, and Articles thereof; Imitation Jewellery; Coin": {
          "Peru": "13.77",
          "Washington, D.C.": "32.65",
          "Santiago": "9.11",
          "Mexico City": "6.20",
          "Berlin": "6.12"
        },
        "Base Metals and Articles of Base Metal": {
          "Colombia": "5.65",
          "Washington, D.C.": "32.49",
          "Mexico City": "9.35",
          "Rome": "7.43",
          "Brasília": "6.00"
        },
        "Machinery and Mechanical Appliances; Electrical Equipment; Parts thereof; Sound Recorders and Reproducers, Television Image and Sound Recorders and Reproducers, and Parts and Accessories of such Articles": {
          "Washington, D.C.": "52.20",
          "Rome": "5.93",
          "Brasília": "5.16",
          "Berlin": "4.69",
          "Mexico City": "3.97"
        },
        "Vehicles, Aircraft, Vessels, and Associated Transport Equipment": {
          "Colombia": "10.57",
          "Washington, D.C.": "29.81",
          "Tokyo": "15.83",
          "Seoul": "10.18",
          "Brasília": "7.51"
        },
        "Optical, Photographic, Cinematographic, Measuring, Checking, Precision, Medical or Surgical Instruments and Apparatus; Clocks and Watches; Musical Instruments; Parts and Accessories thereof": {
          "Colombia": "7.38",
          "Washington, D.C.": "40.27",
          "Brasília": "5.43",
          "Rome": "5.04",
          "Mexico City": "4.86"
        },
        "Miscellaneous Manufactured Articles": {
          "Colombia": "3.59",
          "Washington, D.C.": "47.96",
          "Hong Kong": "6.38",
          "Beijing": "4.92",
          "Rome": "4.67"
        }
      }
    },
    "2001": {
      "Imports": {
        "Animals & Animal Products": {
          "Colombia": "24.62",
          "Uruguay": "7.28",
          "Wellington": "17.63",
          "Amsterdam": "8.30",
          "Washington, D.C.": "6.37"
        },
        "Vegetable Products": {
          "Bolivia": "7.45",
          "Washington, D.C.": "36.12",
          "Ottawa": "16.84",
          "Santiago": "7.13",
          "Buenos Aires": "6.95"
        },
        "Prepared Foodstuffs; Beverages, Spirits, Vinegar, Tobacco and Manufactured Tobacco Substitutes": {
          "Colombia": "17.49",
          "Bolivia": "13.11",
          "London": "14.40",
          "Washington, D.C.": "13.92",
          "Santiago": "6.77"
        },
        "Mineral Products": {
          "Washington, D.C.": "33.88",
          "Brasília": "11.23",
          "Beijing": "8.28",
          "Madrid": "6.25",
          "Pretoria": "5.89"
        },
        "Products of the Chemical or Allied Industries": {
          "Colombia": "8.53",
          "Washington, D.C.": "36.67",
          "Mexico City": "10.54",
          "Berlin": "5.70",
          "Brasília": "4.83"
        },
        "Plastics and Articles thereof; Rubber and Articles thereof": {
          "Colombia": "11.65",
          "Washington, D.C.": "38.28",
          "Brasília": "7.39",
          "Mexico City": "4.62",
          "Tokyo": "4.39"
        },
        "Raw Hides and Skins, Leather, Furskins, and Articles thereof; Saddlery and Harness; Travel Goods, Handbags, and Similar Containers; Articles of Animal Gut (Other than Silk-worm Gut)": {
          "Colombia": "22.84",
          "Beijing": "13.17",
          "Hong Kong": "12.30",
          "Washington, D.C.": "12.11",
          "Rome": "10.57"
        },
        "Wood and Articles of Wood; Wood Charcoal; Cork and Articles of Cork; Manufactures of Straw, of Esparto or of Other Plaiting Materials; Basketware and Wickerwork": {
          "Colombia": "16.24",
          "Washington, D.C.": "27.73",
          "Ottawa": "9.37",
          "Santiago": "8.63",
          "Madrid": "8.21"
        },
        "Textiles and Textile Articles": {
          "Colombia": "23.30",
          "Panama": "15.09",
          "Washington, D.C.": "15.25",
          "Hong Kong": "5.45",
          "Beijing": "5.39"
        },
        "Footwear, Headgear, Umbrellas, Sun Umbrellas, Walking-sticks, Seat-sticks, Whips, Riding-crops, and Parts thereof; Prepared Feathers and Articles Made therewith; Artificial Flowers; Articles of Human Hair": {
          "Panama": "24.94",
          "Colombia": "9.51",
          "Washington, D.C.": "13.51",
          "Brasília": "11.80",
          "Beijing": "8.72"
        },
        "Articles of Stone, Plaster, Cement, Asbestos, Mica or Similar Materials; Ceramic Products; Glass and Glassware": {
          "Colombia": "14.30",
          "Washington, D.C.": "22.62",
          "Madrid": "13.57",
          "Rome": "9.18",
          "Berlin": "8.65"
        },
        "Natural or Cultured Pearls, Precious or Semi-precious Stones, Precious Metals, Metals Clad with Precious Metal, and Articles thereof; Imitation Jewellery; Coin": {
          "Peru": "11.15",
          "Washington, D.C.": "28.64",
          "Brasília": "11.03",
          "Santiago": "9.47",
          "Berlin": "9.10"
        },
        "Base Metals and Articles of Base Metal": {
          "Colombia": "7.02",
          "Washington, D.C.": "28.40",
          "Mexico City": "11.59",
          "Brasília": "7.61",
          "Rome": "5.49"
        },
        "Machinery and Mechanical Appliances; Electrical Equipment; Parts thereof; Sound Recorders and Reproducers, Television Image and Sound Recorders and Reproducers, and Parts and Accessories of such Articles": {
          "Washington, D.C.": "50.73",
          "Berlin": "5.07",
          "Rome": "4.65",
          "Brasília": "4.45",
          "Mexico City": "4.16"
        },
        "Vehicles, Aircraft, Vessels, and Associated Transport Equipment": {
          "Colombia": "11.19",
          "Washington, D.C.": "25.20",
          "Tokyo": "18.03",
          "Brasília": "13.79",
          "Seoul": "7.32"
        },
        "Optical, Photographic, Cinematographic, Measuring, Checking, Precision, Medical or Surgical Instruments and Apparatus; Clocks and Watches; Musical Instruments; Parts and Accessories thereof": {
          "Colombia": "8.60",
          "Washington, D.C.": "36.39",
          "Brasília": "6.60",
          "Tokyo": "5.60",
          "Mexico City": "5.25"
        },
        "Miscellaneous Manufactured Articles": {
          "Washington, D.C.": "41.57",
          "Beijing": "6.33",
          "Rome": "5.64",
          "Hong Kong": "4.84",
          "Tokyo": "4.82"
        }
      }
    },
    "2002": {
      "Imports": {
        "Animals & Animal Products": {
          "Colombia": "27.43",
          "Wellington": "15.89",
          "Amsterdam": "7.21",
          "Buenos Aires": "6.06",
          "Santiago": "5.36"
        },
        "Vegetable Products": {
          "Bolivia": "10.16",
          "Paraguay": "5.09",
          "Washington, D.C.": "32.36",
          "Ottawa": "16.82",
          "Santiago": "6.52"
        },
        "Prepared Foodstuffs; Beverages, Spirits, Vinegar, Tobacco and Manufactured Tobacco Substitutes": {
          "Colombia": "17.40",
          "Bolivia": "14.36",
          "London": "16.55",
          "Washington, D.C.": "13.79",
          "Santiago": "5.79"
        },
        "Mineral Products": {
          "Washington, D.C.": "27.51",
          "Brasília": "13.86",
          "Madrid": "10.26",
          "Pretoria": "6.16",
          "Ottawa": "5.89"
        },
        "Products of the Chemical or Allied Industries": {
          "Colombia": "9.16",
          "Washington, D.C.": "31.15",
          "Mexico City": "11.57",
          "Brasília": "6.75",
          "Berlin": "5.66"
        },
        "Plastics and Articles thereof; Rubber and Articles thereof": {
          "Colombia": "13.87",
          "Washington, D.C.": "36.81",
          "Brasília": "6.37",
          "Mexico City": "5.49",
          "Berlin": "4.43"
        },
        "Wood and Articles of Wood; Wood Charcoal; Cork and Articles of Cork; Manufactures of Straw, of Esparto or of Other Plaiting Materials; Basketware and Wickerwork": {
          "Colombia": "18.41",
          "Washington, D.C.": "23.76",
          "Ottawa": "9.28",
          "Madrid": "8.18",
          "Santiago": "8.05"
        },
        "Textiles and Textile Articles": {
          "Colombia": "25.28",
          "Panama": "11.06",
          "Washington, D.C.": "13.19",
          "Madrid": "7.85",
          "Beijing": "5.69"
        },
        "Footwear, Headgear, Umbrellas, Sun Umbrellas, Walking-sticks, Seat-sticks, Whips, Riding-crops, and Parts thereof; Prepared Feathers and Articles Made therewith; Artificial Flowers; Articles of Human Hair": {
          "Panama": "22.76",
          "Colombia": "7.90",
          "Washington, D.C.": "12.83",
          "Brasília": "12.16",
          "Beijing": "11.10"
        },
        "Articles of Stone, Plaster, Cement, Asbestos, Mica or Similar Materials; Ceramic Products; Glass and Glassware": {
          "Colombia": "21.32",
          "Washington, D.C.": "19.18",
          "Berlin": "11.57",
          "Madrid": "10.84",
          "Brasília": "8.04"
        },
        "Natural or Cultured Pearls, Precious or Semi-precious Stones, Precious Metals, Metals Clad with Precious Metal, and Articles thereof; Imitation Jewellery; Coin": {
          "Peru": "10.39",
          "Washington, D.C.": "24.44",
          "Brasília": "12.15",
          "Santiago": "10.71",
          "Berlin": "9.57"
        },
        "Base Metals and Articles of Base Metal": {
          "Colombia": "6.64",
          "Washington, D.C.": "27.28",
          "Brasília": "10.69",
          "Mexico City": "7.74",
          "Berlin": "6.42"
        },
        "Machinery and Mechanical Appliances; Electrical Equipment; Parts thereof; Sound Recorders and Reproducers, Television Image and Sound Recorders and Reproducers, and Parts and Accessories of such Articles": {
          "Washington, D.C.": "47.61",
          "Rome": "7.89",
          "Berlin": "5.98",
          "Brasília": "4.80",
          "Mexico City": "3.62"
        },
        "Vehicles, Aircraft, Vessels, and Associated Transport Equipment": {
          "Colombia": "6.83",
          "Washington, D.C.": "27.68",
          "Tokyo": "12.87",
          "Brasília": "12.40",
          "Berlin": "7.44"
        },
        "Optical, Photographic, Cinematographic, Measuring, Checking, Precision, Medical or Surgical Instruments and Apparatus; Clocks and Watches; Musical Instruments; Parts and Accessories thereof": {
          "Colombia": "7.94",
          "Washington, D.C.": "34.83",
          "Brasília": "7.11",
          "Berlin": "5.67",
          "Mexico City": "5.02"
        },
        "Miscellaneous Manufactured Articles": {
          "Washington, D.C.": "42.46",
          "Beijing": "8.64",
          "Rome": "5.69",
          "Hong Kong": "4.92",
          "Berlin": "4.30"
        }
      }
    },
    "2003": {
      "Imports": {
        "Animals & Animal Products": {
          "Colombia": "18.36",
          "Ireland": "6.56",
          "Wellington": "32.52",
          "Copenhagen": "13.21",
          "Brasília": "4.78"
        },
        "Vegetable Products": {
          "Paraguay": "8.20",
          "Bolivia": "5.99",
          "Washington, D.C.": "39.44",
          "Ottawa": "12.15",
          "Buenos Aires": "7.66"
        },
        "Prepared Foodstuffs; Beverages, Spirits, Vinegar, Tobacco and Manufactured Tobacco Substitutes": {
          "Bolivia": "21.20",
          "Colombia": "19.61",
          "London": "15.06",
          "Washington, D.C.": "13.52",
          "Santiago": "6.19"
        },
        "Mineral Products": {
          "Washington, D.C.": "21.21",
          "Brasília": "20.08",
          "Madrid": "9.65",
          "Beijing": "7.52",
          "Ottawa": "7.19"
        },
        "Products of the Chemical or Allied Industries": {
          "Colombia": "10.73",
          "Washington, D.C.": "27.84",
          "Mexico City": "10.25",
          "Brasília": "6.43",
          "Berlin": "5.63"
        },
        "Plastics and Articles thereof; Rubber and Articles thereof": {
          "Colombia": "15.55",
          "Washington, D.C.": "35.73",
          "Brasília": "8.24",
          "Mexico City": "7.79",
          "Berlin": "4.44"
        },
        "Raw Hides and Skins, Leather, Furskins, and Articles thereof; Saddlery and Harness; Travel Goods, Handbags, and Similar Containers; Articles of Animal Gut (Other than Silk-worm Gut)": {
          "Panama": "15.00",
          "Colombia": "13.96",
          "Beijing": "17.75",
          "Hong Kong": "13.65",
          "Washington, D.C.": "7.87"
        },
        "Wood and Articles of Wood; Wood Charcoal; Cork and Articles of Cork; Manufactures of Straw, of Esparto or of Other Plaiting Materials; Basketware and Wickerwork": {
          "Colombia": "15.44",
          "Cuba": "12.87",
          "Washington, D.C.": "22.53",
          "Brasília": "10.09",
          "Santiago": "7.15"
        },
        "Textiles and Textile Articles": {
          "Colombia": "25.05",
          "Panama": "7.17",
          "Washington, D.C.": "13.46",
          "Madrid": "12.15",
          "Beijing": "5.28"
        },
        "Footwear, Headgear, Umbrellas, Sun Umbrellas, Walking-sticks, Seat-sticks, Whips, Riding-crops, and Parts thereof; Prepared Feathers and Articles Made therewith; Artificial Flowers; Articles of Human Hair": {
          "Panama": "21.78",
          "Jakarta": "9.78",
          "Washington, D.C.": "9.70",
          "Madrid": "8.48",
          "Brasília": "7.82"
        },
        "Natural or Cultured Pearls, Precious or Semi-precious Stones, Precious Metals, Metals Clad with Precious Metal, and Articles thereof; Imitation Jewellery; Coin": {
          "Peru": "10.43",
          "Washington, D.C.": "17.97",
          "Santiago": "14.47",
          "Brasília": "13.79",
          "Berlin": "9.12"
        },
        "Base Metals and Articles of Base Metal": {
          "Washington, D.C.": "28.87",
          "Brasília": "13.83",
          "Mexico City": "9.04",
          "Berlin": "7.03",
          "Rome": "5.60"
        },
        "Machinery and Mechanical Appliances; Electrical Equipment; Parts thereof; Sound Recorders and Reproducers, Television Image and Sound Recorders and Reproducers, and Parts and Accessories of such Articles": {
          "Washington, D.C.": "49.84",
          "Brasília": "5.87",
          "Berlin": "5.69",
          "Rome": "4.73",
          "Mexico City": "3.31"
        },
        "Vehicles, Aircraft, Vessels, and Associated Transport Equipment": {
          "Washington, D.C.": "22.16",
          "Brasília": "12.33",
          "Tokyo": "11.74",
          "Madrid": "8.45",
          "Paris": "6.95"
        },
        "Optical, Photographic, Cinematographic, Measuring, Checking, Precision, Medical or Surgical Instruments and Apparatus; Clocks and Watches; Musical Instruments; Parts and Accessories thereof": {
          "Colombia": "8.20",
          "Washington, D.C.": "34.30",
          "Brasília": "7.45",
          "Mexico City": "5.94",
          "Berlin": "5.04"
        },
        "Miscellaneous Manufactured Articles": {
          "Washington, D.C.": "40.88",
          "Mexico City": "12.92",
          "Madrid": "7.14",
          "Beijing": "6.37",
          "Berlin": "5.34"
        }
      }
    },
    "2004": {
      "Imports": {
        "Animals & Animal Products": {
          "Colombia": "50.11",
          "Buenos Aires": "10.68",
          "Brasília": "10.22",
          "Wellington": "8.66",
          "Santiago": "2.97"
        },
        "Vegetable Products": {
          "Paraguay": "7.57",
          "Bolivia": "6.22",
          "Washington, D.C.": "29.06",
          "Ottawa": "17.50",
          "Buenos Aires": "8.52"
        },
        "Prepared Foodstuffs; Beverages, Spirits, Vinegar, Tobacco and Manufactured Tobacco Substitutes": {
          "Colombia": "15.67",
          "Bolivia": "14.98",
          "London": "20.93",
          "Brasília": "12.57",
          "Washington, D.C.": "9.93"
        },
        "Mineral Products": {
          "Colombia": "19.99",
          "Washington, D.C.": "20.75",
          "Ottawa": "10.54",
          "Brasília": "9.80",
          "Pretoria": "6.17"
        },
        "Products of the Chemical or Allied Industries": {
          "Colombia": "9.97",
          "Washington, D.C.": "29.97",
          "Mexico City": "9.80",
          "Brasília": "6.08",
          "London": "5.26"
        },
        "Plastics and Articles thereof; Rubber and Articles thereof": {
          "Colombia": "16.83",
          "Washington, D.C.": "29.89",
          "Mexico City": "11.36",
          "Brasília": "7.55",
          "Berlin": "4.13"
        },
        "Raw Hides and Skins, Leather, Furskins, and Articles thereof; Saddlery and Harness; Travel Goods, Handbags, and Similar Containers; Articles of Animal Gut (Other than Silk-worm Gut)": {
          "Colombia": "29.73",
          "Panama": "9.77",
          "Beijing": "16.86",
          "Hong Kong": "9.28",
          "Washington, D.C.": "6.60"
        },
        "Wood and Articles of Wood; Wood Charcoal; Cork and Articles of Cork; Manufactures of Straw, of Esparto or of Other Plaiting Materials; Basketware and Wickerwork": {
          "Colombia": "18.34",
          "Washington, D.C.": "27.02",
          "Brasília": "10.09",
          "Ottawa": "8.92",
          "Santiago": "8.16"
        },
        "Textiles and Textile Articles": {
          "Colombia": "31.89",
          "Panama": "7.96",
          "Washington, D.C.": "8.70",
          "Beijing": "8.67",
          "Madrid": "6.69"
        },
        "Footwear, Headgear, Umbrellas, Sun Umbrellas, Walking-sticks, Seat-sticks, Whips, Riding-crops, and Parts thereof; Prepared Feathers and Articles Made therewith; Artificial Flowers; Articles of Human Hair": {
          "Panama": "24.74",
          "Colombia": "10.81",
          "Brasília": "11.11",
          "Jakarta": "8.54",
          "Kuala Lumpur": "8.05"
        },
        "Articles of Stone, Plaster, Cement, Asbestos, Mica or Similar Materials; Ceramic Products; Glass and Glassware": {
          "Colombia": "23.64",
          "Washington, D.C.": "18.42",
          "Brasília": "12.21",
          "Berlin": "6.82",
          "Madrid": "5.72"
        },
        "Natural or Cultured Pearls, Precious or Semi-precious Stones, Precious Metals, Metals Clad with Precious Metal, and Articles thereof; Imitation Jewellery; Coin": {
          "Peru": "13.33",
          "Colombia": "11.06",
          "Washington, D.C.": "14.89",
          "Santiago": "12.25",
          "Brasília": "11.69"
        },
        "Base Metals and Articles of Base Metal": {
          "Colombia": "6.38",
          "Washington, D.C.": "27.09",
          "Brasília": "11.39",
          "Madrid": "8.84",
          "Mexico City": "7.74"
        },
        "Machinery and Mechanical Appliances; Electrical Equipment; Parts thereof; Sound Recorders and Reproducers, Television Image and Sound Recorders and Reproducers, and Parts and Accessories of such Articles": {
          "Washington, D.C.": "48.46",
          "Brasília": "6.97",
          "Madrid": "5.22",
          "Mexico City": "4.23",
          "Rome": "4.21"
        },
        "Vehicles, Aircraft, Vessels, and Associated Transport Equipment": {
          "Colombia": "10.57",
          "Washington, D.C.": "23.11",
          "Brasília": "15.42",
          "Tokyo": "15.35",
          "Ottawa": "6.07"
        },
        "Optical, Photographic, Cinematographic, Measuring, Checking, Precision, Medical or Surgical Instruments and Apparatus; Clocks and Watches; Musical Instruments; Parts and Accessories thereof": {
          "Colombia": "9.75",
          "Washington, D.C.": "33.80",
          "Brasília": "8.51",
          "Mexico City": "5.34",
          "Tokyo": "4.51"
        },
        "Miscellaneous Manufactured Articles": {
          "Colombia": "5.21",
          "Washington, D.C.": "43.52",
          "Beijing": "9.46",
          "Rome": "6.38",
          "Berlin": "3.97"
        }
      }
    },
    "2005": {
      "Imports": {
        "Animals & Animal Products": {
          "Colombia": "54.51",
          "Buenos Aires": "10.26",
          "Brasília": "10.19",
          "Wellington": "7.05",
          "Washington, D.C.": "3.27"
        },
        "Vegetable Products": {
          "Colombia": "4.80",
          "Washington, D.C.": "36.30",
          "Ottawa": "13.45",
          "Buenos Aires": "13.01",
          "Santiago": "6.35"
        },
        "Prepared Foodstuffs; Beverages, Spirits, Vinegar, Tobacco and Manufactured Tobacco Substitutes": {
          "Colombia": "23.35",
          "Washington, D.C.": "11.42",
          "London": "10.96",
          "Santiago": "9.23",
          "Buenos Aires": "9.06"
        },
        "Mineral Products": {
          "Colombia": "6.35",
          "Washington, D.C.": "20.01",
          "Ottawa": "13.71",
          "Madrid": "8.62",
          "Brasília": "7.72"
        },
        "Products of the Chemical or Allied Industries": {
          "Colombia": "11.55",
          "Washington, D.C.": "27.37",
          "Mexico City": "9.93",
          "Brasília": "6.45",
          "Berlin": "5.24"
        },
        "Plastics and Articles thereof; Rubber and Articles thereof": {
          "Colombia": "16.80",
          "Washington, D.C.": "26.28",
          "Mexico City": "9.83",
          "Brasília": "8.72",
          "Beijing": "4.62"
        },
        "Raw Hides and Skins, Leather, Furskins, and Articles thereof; Saddlery and Harness; Travel Goods, Handbags, and Similar Containers; Articles of Animal Gut (Other than Silk-worm Gut)": {
          "Colombia": "22.46",
          "Panama": "17.04",
          "Beijing": "19.41",
          "Hong Kong": "9.46",
          "Washington, D.C.": "9.22"
        },
        "Wood and Articles of Wood; Wood Charcoal; Cork and Articles of Cork; Manufactures of Straw, of Esparto or of Other Plaiting Materials; Basketware and Wickerwork": {
          "Colombia": "14.62",
          "Mexico City": "27.48",
          "Washington, D.C.": "18.63",
          "Brasília": "8.42",
          "Ottawa": "8.32"
        },
        "Textiles and Textile Articles": {
          "Colombia": "27.55",
          "Panama": "19.60",
          "Peru": "10.69",
          "Beijing": "7.52",
          "Washington, D.C.": "6.23"
        },
        "Footwear, Headgear, Umbrellas, Sun Umbrellas, Walking-sticks, Seat-sticks, Whips, Riding-crops, and Parts thereof; Prepared Feathers and Articles Made therewith; Artificial Flowers; Articles of Human Hair": {
          "Panama": "42.93",
          "Colombia": "10.44",
          "Brasília": "7.75",
          "Beijing": "7.09",
          "Washington, D.C.": "4.78"
        },
        "Articles of Stone, Plaster, Cement, Asbestos, Mica or Similar Materials; Ceramic Products; Glass and Glassware": {
          "Colombia": "26.45",
          "Washington, D.C.": "17.55",
          "Brasília": "10.13",
          "Beijing": "8.32",
          "Mexico City": "6.45"
        },
        "Natural or Cultured Pearls, Precious or Semi-precious Stones, Precious Metals, Metals Clad with Precious Metal, and Articles thereof; Imitation Jewellery; Coin": {
          "Peru": "14.39",
          "Santiago": "15.19",
          "Brasília": "13.45",
          "Washington, D.C.": "13.22",
          "Berlin": "7.31"
        },
        "Base Metals and Articles of Base Metal": {
          "Colombia": "7.11",
          "Washington, D.C.": "26.15",
          "Mexico City": "13.03",
          "Brasília": "11.30",
          "Madrid": "4.83"
        },
        "Machinery and Mechanical Appliances; Electrical Equipment; Parts thereof; Sound Recorders and Reproducers, Television Image and Sound Recorders and Reproducers, and Parts and Accessories of such Articles": {
          "Panama": "4.30",
          "Washington, D.C.": "49.96",
          "Brasília": "8.91",
          "Beijing": "4.89",
          "Mexico City": "4.55"
        },
        "Vehicles, Aircraft, Vessels, and Associated Transport Equipment": {
          "Colombia": "12.37",
          "Washington, D.C.": "22.34",
          "Brasília": "17.04",
          "Tokyo": "13.16",
          "Mexico City": "7.07"
        },
        "Optical, Photographic, Cinematographic, Measuring, Checking, Precision, Medical or Surgical Instruments and Apparatus; Clocks and Watches; Musical Instruments; Parts and Accessories thereof": {
          "Colombia": "9.85",
          "Panama": "4.42",
          "Washington, D.C.": "33.15",
          "Brasília": "9.58",
          "Mexico City": "7.57"
        },
        "Miscellaneous Manufactured Articles": {
          "Colombia": "8.60",
          "Panama": "4.85",
          "Washington, D.C.": "40.99",
          "Beijing": "11.11",
          "Berlin": "4.36"
        }
      }
    },
    "2006": {
      "Imports": {
        "Animals & Animal Products": {
          "Colombia": "51.43",
          "Brasília": "13.73",
          "Buenos Aires": "12.07",
          "Wellington": "6.28",
          "Santiago": "3.50"
        },
        "Vegetable Products": {
          "Bolivia": "8.33",
          "Washington, D.C.": "27.92",
          "Ottawa": "14.29",
          "Buenos Aires": "7.40",
          "Santiago": "6.52"
        },
        "Prepared Foodstuffs; Beverages, Spirits, Vinegar, Tobacco and Manufactured Tobacco Substitutes": {
          "Colombia": "19.10",
          "Bolivia": "18.30",
          "London": "12.01",
          "Washington, D.C.": "8.50",
          "Santiago": "8.03"
        },
        "Mineral Products": {
          "Mexico City": "27.39",
          "Ottawa": "16.03",
          "Washington, D.C.": "14.52",
          "Brasília": "10.63",
          "Rabat": "5.77"
        },
        "Products of the Chemical or Allied Industries": {
          "Colombia": "9.83",
          "Washington, D.C.": "35.71",
          "Mexico City": "8.32",
          "Brasília": "6.03",
          "Berlin": "5.43"
        },
        "Plastics and Articles thereof; Rubber and Articles thereof": {
          "Colombia": "16.93",
          "Washington, D.C.": "24.32",
          "Mexico City": "10.10",
          "Brasília": "9.63",
          "Beijing": "5.37"
        },
        "Raw Hides and Skins, Leather, Furskins, and Articles thereof; Saddlery and Harness; Travel Goods, Handbags, and Similar Containers; Articles of Animal Gut (Other than Silk-worm Gut)": {
          "Colombia": "20.45",
          "Panama": "12.40",
          "Beijing": "28.99",
          "Washington, D.C.": "10.96",
          "Hong Kong": "7.03"
        },
        "Wood and Articles of Wood; Wood Charcoal; Cork and Articles of Cork; Manufactures of Straw, of Esparto or of Other Plaiting Materials; Basketware and Wickerwork": {
          "Colombia": "24.79",
          "Washington, D.C.": "18.56",
          "Ottawa": "12.39",
          "Brasília": "10.92",
          "Santiago": "6.56"
        },
        "Textiles and Textile Articles": {
          "Colombia": "25.49",
          "Peru": "12.08",
          "Panama": "11.24",
          "Beijing": "18.38",
          "Washington, D.C.": "6.42"
        },
        "Footwear, Headgear, Umbrellas, Sun Umbrellas, Walking-sticks, Seat-sticks, Whips, Riding-crops, and Parts thereof; Prepared Feathers and Articles Made therewith; Artificial Flowers; Articles of Human Hair": {
          "Panama": "13.88",
          "Colombia": "9.59",
          "Beijing": "27.08",
          "Jakarta": "10.55",
          "Kuala Lumpur": "8.44"
        },
        "Articles of Stone, Plaster, Cement, Asbestos, Mica or Similar Materials; Ceramic Products; Glass and Glassware": {
          "Colombia": "29.18",
          "Washington, D.C.": "15.27",
          "Beijing": "11.60",
          "Brasília": "8.51",
          "Mexico City": "7.96"
        },
        "Natural or Cultured Pearls, Precious or Semi-precious Stones, Precious Metals, Metals Clad with Precious Metal, and Articles thereof; Imitation Jewellery; Coin": {
          "Peru": "16.65",
          "Santiago": "17.87",
          "Mexico City": "12.58",
          "Brasília": "12.39",
          "Washington, D.C.": "10.56"
        },
        "Base Metals and Articles of Base Metal": {
          "Colombia": "6.56",
          "Washington, D.C.": "22.81",
          "Brasília": "13.46",
          "Mexico City": "12.44",
          "Santiago": "5.25"
        },
        "Machinery and Mechanical Appliances; Electrical Equipment; Parts thereof; Sound Recorders and Reproducers, Television Image and Sound Recorders and Reproducers, and Parts and Accessories of such Articles": {
          "Washington, D.C.": "43.26",
          "Brasília": "10.75",
          "Beijing": "9.42",
          "Mexico City": "7.39",
          "Berlin": "3.48"
        },
        "Vehicles, Aircraft, Vessels, and Associated Transport Equipment": {
          "Colombia": "10.29",
          "Washington, D.C.": "24.56",
          "Brasília": "15.49",
          "Tokyo": "11.92",
          "Mexico City": "6.35"
        },
        "Optical, Photographic, Cinematographic, Measuring, Checking, Precision, Medical or Surgical Instruments and Apparatus; Clocks and Watches; Musical Instruments; Parts and Accessories thereof": {
          "Colombia": "8.93",
          "Washington, D.C.": "32.39",
          "Brasília": "10.39",
          "Beijing": "7.55",
          "Mexico City": "7.13"
        },
        "Miscellaneous Manufactured Articles": {
          "Unspecified": "84.87",
          "Colombia": "0.70",
          "Washington, D.C.": "5.79",
          "Beijing": "2.94",
          "Berlin": "0.56"
        }
      }
    },
    "2007": {
      "Imports": {
        "Animals & Animal Products": {
          "Colombia": "47.36",
          "Brasília": "18.17",
          "Buenos Aires": "11.50",
          "Wellington": "6.93",
          "Santiago": "4.09"
        },
        "Vegetable Products": {
          "Colombia": "6.24",
          "Washington, D.C.": "30.58",
          "Buenos Aires": "18.43",
          "Ottawa": "15.43",
          "Santiago": "7.25"
        },
        "Prepared Foodstuffs; Beverages, Spirits, Vinegar, Tobacco and Manufactured Tobacco Substitutes": {
          "Colombia": "19.68",
          "Buenos Aires": "11.23",
          "London": "10.79",
          "Santiago": "10.28",
          "Brasília": "7.86"
        },
        "Mineral Products": {
          "Colombia": "9.29",
          "Washington, D.C.": "16.10",
          "Brasília": "14.27",
          "Ottawa": "13.01",
          "Madrid": "8.36"
        },
        "Products of the Chemical or Allied Industries": {
          "Colombia": "11.93",
          "Washington, D.C.": "24.67",
          "Mexico City": "10.68",
          "Brasília": "7.49",
          "Bern": "6.96"
        },
        "Plastics and Articles thereof; Rubber and Articles thereof": {
          "Colombia": "21.44",
          "Washington, D.C.": "23.17",
          "Brasília": "10.85",
          "Beijing": "6.13",
          "Mexico City": "4.47"
        },
        "Raw Hides and Skins, Leather, Furskins, and Articles thereof; Saddlery and Harness; Travel Goods, Handbags, and Similar Containers; Articles of Animal Gut (Other than Silk-worm Gut)": {
          "Colombia": "41.08",
          "Panama": "17.22",
          "Beijing": "15.25",
          "Hong Kong": "5.62",
          "Washington, D.C.": "5.50"
        },
        "Wood and Articles of Wood; Wood Charcoal; Cork and Articles of Cork; Manufactures of Straw, of Esparto or of Other Plaiting Materials; Basketware and Wickerwork": {
          "Colombia": "26.10",
          "Washington, D.C.": "29.42",
          "Madrid": "8.02",
          "Brasília": "7.00",
          "Santiago": "6.89"
        },
        "Textiles and Textile Articles": {
          "Colombia": "35.92",
          "Panama": "16.88",
          "Peru": "12.24",
          "Beijing": "9.79",
          "Washington, D.C.": "4.55"
        },
        "Footwear, Headgear, Umbrellas, Sun Umbrellas, Walking-sticks, Seat-sticks, Whips, Riding-crops, and Parts thereof; Prepared Feathers and Articles Made therewith; Artificial Flowers; Articles of Human Hair": {
          "Panama": "28.07",
          "Colombia": "24.89",
          "Brasília": "13.83",
          "Beijing": "11.73",
          "Madrid": "5.07"
        },
        "Articles of Stone, Plaster, Cement, Asbestos, Mica or Similar Materials; Ceramic Products; Glass and Glassware": {
          "Colombia": "35.02",
          "Beijing": "13.26",
          "Brasília": "9.62",
          "Washington, D.C.": "9.34",
          "Madrid": "6.34"
        },
        "Natural or Cultured Pearls, Precious or Semi-precious Stones, Precious Metals, Metals Clad with Precious Metal, and Articles thereof; Imitation Jewellery; Coin": {
          "Peru": "18.38",
          "Colombia": "7.91",
          "Santiago": "23.35",
          "Brasília": "12.24",
          "Washington, D.C.": "9.88"
        },
        "Base Metals and Articles of Base Metal": {
          "Colombia": "7.28",
          "Washington, D.C.": "22.94",
          "Brasília": "12.61",
          "Mexico City": "8.18",
          "Beijing": "6.80"
        },
        "Machinery and Mechanical Appliances; Electrical Equipment; Parts thereof; Sound Recorders and Reproducers, Television Image and Sound Recorders and Reproducers, and Parts and Accessories of such Articles": {
          "Panama": "8.64",
          "Washington, D.C.": "42.08",
          "Beijing": "9.97",
          "Brasília": "8.50",
          "Mexico City": "3.76"
        },
        "Vehicles, Aircraft, Vessels, and Associated Transport Equipment": {
          "Colombia": "10.64",
          "Washington, D.C.": "19.37",
          "Brasília": "16.32",
          "Tokyo": "10.87",
          "Mexico City": "7.56"
        },
        "Optical, Photographic, Cinematographic, Measuring, Checking, Precision, Medical or Surgical Instruments and Apparatus; Clocks and Watches; Musical Instruments; Parts and Accessories thereof": {
          "Colombia": "11.06",
          "Panama": "6.00",
          "Washington, D.C.": "29.15",
          "Brasília": "9.85",
          "Beijing": "7.54"
        },
        "Miscellaneous Manufactured Articles": {
          "Unspecified": "88.07",
          "Panama": "1.83",
          "Colombia": "0.74",
          "Washington, D.C.": "4.43",
          "Beijing": "1.29"
        }
      }
    },
    "2008": {
      "Imports": {
        "Animals & Animal Products": {
          "Colombia": "34.16",
          "Uruguay": "4.29",
          "Brasília": "34.59",
          "Wellington": "7.46",
          "Santiago": "5.81"
        },
        "Vegetable Products": {
          "Paraguay": "4.80",
          "Washington, D.C.": "41.71",
          "Ottawa": "13.82",
          "Santiago": "9.22",
          "Buenos Aires": "6.59"
        },
        "Prepared Foodstuffs; Beverages, Spirits, Vinegar, Tobacco and Manufactured Tobacco Substitutes": {
          "Colombia": "14.22",
          "Bolivia": "12.99",
          "Ecuador": "7.83",
          "Washington, D.C.": "17.92",
          "Santiago": "8.17"
        },
        "Mineral Products": {
          "Colombia": "29.16",
          "Ottawa": "26.03",
          "Brasília": "9.94",
          "Washington, D.C.": "7.42",
          "New Delhi": "4.21"
        },
        "Products of the Chemical or Allied Industries": {
          "Colombia": "12.40",
          "Washington, D.C.": "25.40",
          "Mexico City": "9.25",
          "Brasília": "6.63",
          "Berlin": "5.85"
        },
        "Plastics and Articles thereof; Rubber and Articles thereof": {
          "Colombia": "18.54",
          "Washington, D.C.": "24.40",
          "Brasília": "10.63",
          "Beijing": "7.76",
          "Mexico City": "5.96"
        },
        "Raw Hides and Skins, Leather, Furskins, and Articles thereof; Saddlery and Harness; Travel Goods, Handbags, and Similar Containers; Articles of Animal Gut (Other than Silk-worm Gut)": {
          "Colombia": "67.10",
          "Panama": "5.77",
          "Beijing": "13.95",
          "Washington, D.C.": "3.57",
          "Hong Kong": "1.69"
        },
        "Wood and Articles of Wood; Wood Charcoal; Cork and Articles of Cork; Manufactures of Straw, of Esparto or of Other Plaiting Materials; Basketware and Wickerwork": {
          "Colombia": "33.12",
          "Washington, D.C.": "12.60",
          "Santiago": "11.20",
          "Brasília": "8.81",
          "Ottawa": "7.53"
        },
        "Textiles and Textile Articles": {
          "Colombia": "43.90",
          "Peru": "18.18",
          "Panama": "5.38",
          "Beijing": "11.78",
          "Washington, D.C.": "4.31"
        },
        "Footwear, Headgear, Umbrellas, Sun Umbrellas, Walking-sticks, Seat-sticks, Whips, Riding-crops, and Parts thereof; Prepared Feathers and Articles Made therewith; Artificial Flowers; Articles of Human Hair": {
          "Colombia": "34.46",
          "Panama": "7.08",
          "Beijing": "19.82",
          "Brasília": "11.84",
          "Kuala Lumpur": "8.85"
        },
        "Articles of Stone, Plaster, Cement, Asbestos, Mica or Similar Materials; Ceramic Products; Glass and Glassware": {
          "Colombia": "36.22",
          "Beijing": "16.80",
          "Washington, D.C.": "10.99",
          "Brasília": "7.08",
          "Madrid": "5.67"
        },
        "Natural or Cultured Pearls, Precious or Semi-precious Stones, Precious Metals, Metals Clad with Precious Metal, and Articles thereof; Imitation Jewellery; Coin": {
          "Colombia": "15.82",
          "Peru": "13.32",
          "Santiago": "20.21",
          "Brasília": "10.92",
          "Ottawa": "10.24"
        },
        "Base Metals and Articles of Base Metal": {
          "Colombia": "10.84",
          "Washington, D.C.": "21.85",
          "Mexico City": "9.25",
          "Beijing": "9.02",
          "Brasília": "8.28"
        },
        "Machinery and Mechanical Appliances; Electrical Equipment; Parts thereof; Sound Recorders and Reproducers, Television Image and Sound Recorders and Reproducers, and Parts and Accessories of such Articles": {
          "Colombia": "4.91",
          "Washington, D.C.": "38.46",
          "Beijing": "15.04",
          "Brasília": "7.36",
          "Mexico City": "5.35"
        },
        "Vehicles, Aircraft, Vessels, and Associated Transport Equipment": {
          "Colombia": "8.64",
          "Washington, D.C.": "24.78",
          "Brasília": "13.84",
          "Beijing": "11.06",
          "Tokyo": "7.58"
        },
        "Optical, Photographic, Cinematographic, Measuring, Checking, Precision, Medical or Surgical Instruments and Apparatus; Clocks and Watches; Musical Instruments; Parts and Accessories thereof": {
          "Colombia": "14.05",
          "Washington, D.C.": "28.33",
          "Beijing": "11.73",
          "Brasília": "7.40",
          "Mexico City": "5.39"
        },
        "Miscellaneous Manufactured Articles": {
          "Colombia": "7.51",
          "Panama": "4.03",
          "Washington, D.C.": "35.91",
          "Beijing": "13.88",
          "Brasília": "3.35"
        }
      }
    },
    "2009": {
      "Imports": {
        "Animals & Animal Products": {
          "Colombia": "28.02",
          "Brasília": "37.50",
          "Santiago": "9.00",
          "Buenos Aires": "6.17",
          "Wellington": "5.06"
        },
        "Vegetable Products": {
          "Washington, D.C.": "39.07",
          "Ottawa": "15.35",
          "Santiago": "7.94",
          "Buenos Aires": "6.46",
          "Brasília": "4.82"
        },
        "Prepared Foodstuffs; Beverages, Spirits, Vinegar, Tobacco and Manufactured Tobacco Substitutes": {
          "Bolivia": "12.19",
          "Colombia": "11.81",
          "Ecuador": "11.17",
          "Washington, D.C.": "16.64",
          "Brasília": "11.44"
        },
        "Mineral Products": {
          "Colombia": "56.11",
          "Madrid": "11.29",
          "Washington, D.C.": "9.04",
          "Brasília": "7.75",
          "Beijing": "3.97"
        },
        "Products of the Chemical or Allied Industries": {
          "Colombia": "9.84",
          "Washington, D.C.": "29.63",
          "Mexico City": "7.94",
          "Brasília": "6.49",
          "Berlin": "6.31"
        },
        "Plastics and Articles thereof; Rubber and Articles thereof": {
          "Colombia": "14.35",
          "Washington, D.C.": "21.32",
          "Brasília": "13.74",
          "Beijing": "9.80",
          "Mexico City": "6.89"
        },
        "Raw Hides and Skins, Leather, Furskins, and Articles thereof; Saddlery and Harness; Travel Goods, Handbags, and Similar Containers; Articles of Animal Gut (Other than Silk-worm Gut)": {
          "Colombia": "36.75",
          "Panama": "7.97",
          "Beijing": "26.84",
          "Washington, D.C.": "8.33",
          "Hong Kong": "4.36"
        },
        "Wood and Articles of Wood; Wood Charcoal; Cork and Articles of Cork; Manufactures of Straw, of Esparto or of Other Plaiting Materials; Basketware and Wickerwork": {
          "Colombia": "28.27",
          "Washington, D.C.": "13.03",
          "Santiago": "11.31",
          "Brasília": "9.46",
          "Ottawa": "7.93"
        },
        "Textiles and Textile Articles": {
          "Colombia": "32.26",
          "Peru": "11.70",
          "Panama": "7.88",
          "Ecuador": "6.08",
          "Beijing": "15.75"
        },
        "Footwear, Headgear, Umbrellas, Sun Umbrellas, Walking-sticks, Seat-sticks, Whips, Riding-crops, and Parts thereof; Prepared Feathers and Articles Made therewith; Artificial Flowers; Articles of Human Hair": {
          "Colombia": "20.22",
          "Panama": "9.12",
          "Beijing": "27.08",
          "Kuala Lumpur": "8.99",
          "Brasília": "8.10"
        },
        "Articles of Stone, Plaster, Cement, Asbestos, Mica or Similar Materials; Ceramic Products; Glass and Glassware": {
          "Colombia": "26.36",
          "Panama": "5.74",
          "Beijing": "21.06",
          "Brasília": "10.02",
          "Washington, D.C.": "9.65"
        },
        "Natural or Cultured Pearls, Precious or Semi-precious Stones, Precious Metals, Metals Clad with Precious Metal, and Articles thereof; Imitation Jewellery; Coin": {
          "Colombia": "27.38",
          "Peru": "7.28",
          "Santiago": "16.35",
          "Brasília": "10.87",
          "Washington, D.C.": "7.92"
        },
        "Base Metals and Articles of Base Metal": {
          "Colombia": "8.88",
          "Washington, D.C.": "22.27",
          "Beijing": "15.11",
          "Brasília": "9.08",
          "Mexico City": "5.41"
        },
        "Machinery and Mechanical Appliances; Electrical Equipment; Parts thereof; Sound Recorders and Reproducers, Television Image and Sound Recorders and Reproducers, and Parts and Accessories of such Articles": {
          "Colombia": "5.72",
          "Washington, D.C.": "36.49",
          "Beijing": "16.18",
          "Brasília": "6.32",
          "Rome": "4.51"
        },
        "Vehicles, Aircraft, Vessels, and Associated Transport Equipment": {
          "Colombia": "6.30",
          "Washington, D.C.": "32.36",
          "Brasília": "9.04",
          "Tokyo": "7.99",
          "Beijing": "7.51"
        },
        "Optical, Photographic, Cinematographic, Measuring, Checking, Precision, Medical or Surgical Instruments and Apparatus; Clocks and Watches; Musical Instruments; Parts and Accessories thereof": {
          "Colombia": "11.04",
          "Washington, D.C.": "28.86",
          "Beijing": "12.97",
          "Brasília": "6.82",
          "Mexico City": "4.33"
        },
        "Miscellaneous Manufactured Articles": {
          "Unspecified": "15.47",
          "Panama": "4.85",
          "Colombia": "4.45",
          "Washington, D.C.": "33.65",
          "Beijing": "15.00"
        }
      }
    },
    "2010": {
      "Imports": {
        "Animals & Animal Products": {
          "Uruguay": "8.43",
          "Brasília": "66.47",
          "Wellington": "6.80",
          "Buenos Aires": "5.77",
          "Santiago": "3.44"
        },
        "Vegetable Products": {
          "Ecuador": "4.82",
          "Washington, D.C.": "36.00",
          "Ottawa": "16.41",
          "Buenos Aires": "9.15",
          "Brasília": "5.28"
        },
        "Prepared Foodstuffs; Beverages, Spirits, Vinegar, Tobacco and Manufactured Tobacco Substitutes": {
          "Bolivia": "15.75",
          "Colombia": "9.93",
          "Ecuador": "8.29",
          "Washington, D.C.": "24.01",
          "Brasília": "9.24"
        },
        "Mineral Products": {
          "Madrid": "22.61",
          "Washington, D.C.": "16.17",
          "Brasília": "15.14",
          "Rabat": "12.71",
          "Pretoria": "6.64"
        },
        "Products of the Chemical or Allied Industries": {
          "Washington, D.C.": "24.62",
          "Mexico City": "9.30",
          "Berlin": "7.38",
          "Brasília": "7.35",
          "Bern": "4.28"
        },
        "Plastics and Articles thereof; Rubber and Articles thereof": {
          "Colombia": "6.11",
          "Washington, D.C.": "21.72",
          "Brasília": "16.84",
          "Beijing": "13.25",
          "Mexico City": "7.64"
        },
        "Raw Hides and Skins, Leather, Furskins, and Articles thereof; Saddlery and Harness; Travel Goods, Handbags, and Similar Containers; Articles of Animal Gut (Other than Silk-worm Gut)": {
          "Panama": "10.82",
          "Colombia": "10.30",
          "Beijing": "31.45",
          "Hanoi": "13.64",
          "Washington, D.C.": "9.61"
        },
        "Wood and Articles of Wood; Wood Charcoal; Cork and Articles of Cork; Manufactures of Straw, of Esparto or of Other Plaiting Materials; Basketware and Wickerwork": {
          "Colombia": "17.22",
          "Washington, D.C.": "17.68",
          "Brasília": "16.43",
          "Santiago": "11.42",
          "Ottawa": "8.55"
        },
        "Textiles and Textile Articles": {
          "Colombia": "14.61",
          "Panama": "9.29",
          "Ecuador": "9.21",
          "Peru": "8.99",
          "Beijing": "20.45"
        },
        "Footwear, Headgear, Umbrellas, Sun Umbrellas, Walking-sticks, Seat-sticks, Whips, Riding-crops, and Parts thereof; Prepared Feathers and Articles Made therewith; Artificial Flowers; Articles of Human Hair": {
          "Panama": "9.60",
          "Beijing": "33.77",
          "Kuala Lumpur": "13.60",
          "Hong Kong": "9.37",
          "Brasília": "6.25"
        },
        "Articles of Stone, Plaster, Cement, Asbestos, Mica or Similar Materials; Ceramic Products; Glass and Glassware": {
          "Colombia": "22.17",
          "Beijing": "25.45",
          "Washington, D.C.": "14.30",
          "Brasília": "7.81",
          "Mexico City": "4.45"
        },
        "Natural or Cultured Pearls, Precious or Semi-precious Stones, Precious Metals, Metals Clad with Precious Metal, and Articles thereof; Imitation Jewellery; Coin": {
          "Peru": "10.15",
          "Santiago": "24.46",
          "Brasília": "10.98",
          "Washington, D.C.": "8.33",
          "Mexico City": "7.89"
        },
        "Base Metals and Articles of Base Metal": {
          "Washington, D.C.": "20.35",
          "Beijing": "17.58",
          "Brasília": "11.04",
          "Mexico City": "7.83",
          "Santiago": "5.83"
        },
        "Machinery and Mechanical Appliances; Electrical Equipment; Parts thereof; Sound Recorders and Reproducers, Television Image and Sound Recorders and Reproducers, and Parts and Accessories of such Articles": {
          "Washington, D.C.": "44.33",
          "Beijing": "15.08",
          "Brasília": "4.73",
          "Berlin": "4.30",
          "Mexico City": "3.36"
        },
        "Vehicles, Aircraft, Vessels, and Associated Transport Equipment": {
          "Ecuador": "11.15",
          "Washington, D.C.": "29.61",
          "Tokyo": "10.90",
          "Buenos Aires": "9.54",
          "Beijing": "7.04"
        },
        "Optical, Photographic, Cinematographic, Measuring, Checking, Precision, Medical or Surgical Instruments and Apparatus; Clocks and Watches; Musical Instruments; Parts and Accessories thereof": {
          "Colombia": "4.59",
          "Washington, D.C.": "32.93",
          "Beijing": "13.18",
          "Brasília": "6.52",
          "Mexico City": "4.93"
        },
        "Miscellaneous Manufactured Articles": {
          "Ecuador": "6.20",
          "Panama": "4.08",
          "Washington, D.C.": "41.67",
          "Beijing": "18.45",
          "Berlin": "2.95"
        }
      }
    },
    "2011": {
      "Imports": {
        "Animals & Animal Products": {
          "Uruguay": "10.02",
          "Nicaragua": "7.96",
          "Brasília": "44.07",
          "Buenos Aires": "16.54",
          "Wellington": "10.81"
        },
        "Vegetable Products": {
          "Ecuador": "5.67",
          "Washington, D.C.": "23.55",
          "Buenos Aires": "16.25",
          "Ottawa": "14.51",
          "Brasília": "9.30"
        },
        "Prepared Foodstuffs; Beverages, Spirits, Vinegar, Tobacco and Manufactured Tobacco Substitutes": {
          "Bolivia": "10.66",
          "Ecuador": "7.57",
          "Brasília": "19.11",
          "Washington, D.C.": "18.58",
          "London": "7.07"
        },
        "Mineral Products": {
          "Brasília": "29.95",
          "Madrid": "16.37",
          "Washington, D.C.": "13.95",
          "Rabat": "10.20",
          "Ottawa": "6.13"
        },
        "Products of the Chemical or Allied Industries": {
          "Washington, D.C.": "27.82",
          "Mexico City": "8.43",
          "Brasília": "6.50",
          "Berlin": "5.33",
          "Beijing": "4.26"
        },
        "Plastics and Articles thereof; Rubber and Articles thereof": {
          "Colombia": "6.47",
          "Washington, D.C.": "22.61",
          "Beijing": "16.71",
          "Brasília": "14.00",
          "Mexico City": "6.95"
        },
        "Raw Hides and Skins, Leather, Furskins, and Articles thereof; Saddlery and Harness; Travel Goods, Handbags, and Similar Containers; Articles of Animal Gut (Other than Silk-worm Gut)": {
          "Panama": "12.62",
          "Colombia": "10.63",
          "Beijing": "37.99",
          "Hong Kong": "13.53",
          "Washington, D.C.": "10.33"
        },
        "Wood and Articles of Wood; Wood Charcoal; Cork and Articles of Cork; Manufactures of Straw, of Esparto or of Other Plaiting Materials; Basketware and Wickerwork": {
          "Colombia": "14.83",
          "Washington, D.C.": "16.71",
          "Santiago": "16.24",
          "Brasília": "16.12",
          "Ottawa": "7.35"
        },
        "Textiles and Textile Articles": {
          "Colombia": "12.37",
          "Panama": "10.94",
          "Peru": "7.91",
          "Beijing": "25.01",
          "Washington, D.C.": "8.45"
        },
        "Footwear, Headgear, Umbrellas, Sun Umbrellas, Walking-sticks, Seat-sticks, Whips, Riding-crops, and Parts thereof; Prepared Feathers and Articles Made therewith; Artificial Flowers; Articles of Human Hair": {
          "Panama": "13.01",
          "Beijing": "39.53",
          "Hong Kong": "13.33",
          "Kuala Lumpur": "10.43",
          "Brasília": "5.87"
        },
        "Articles of Stone, Plaster, Cement, Asbestos, Mica or Similar Materials; Ceramic Products; Glass and Glassware": {
          "Colombia": "18.56",
          "Beijing": "26.60",
          "Washington, D.C.": "11.62",
          "Brasília": "10.65",
          "Madrid": "5.27"
        },
        "Natural or Cultured Pearls, Precious or Semi-precious Stones, Precious Metals, Metals Clad with Precious Metal, and Articles thereof; Imitation Jewellery; Coin": {
          "Peru": "10.91",
          "Brasília": "18.33",
          "Washington, D.C.": "16.08",
          "Santiago": "15.46",
          "Mexico City": "6.03"
        },
        "Base Metals and Articles of Base Metal": {
          "Beijing": "21.67",
          "Washington, D.C.": "21.66",
          "Brasília": "12.79",
          "Mexico City": "4.52",
          "Santiago": "4.32"
        },
        "Machinery and Mechanical Appliances; Electrical Equipment; Parts thereof; Sound Recorders and Reproducers, Television Image and Sound Recorders and Reproducers, and Parts and Accessories of such Articles": {
          "Panama": "5.46",
          "Washington, D.C.": "36.95",
          "Beijing": "20.75",
          "Brasília": "4.01",
          "Rome": "3.91"
        },
        "Vehicles, Aircraft, Vessels, and Associated Transport Equipment": {
          "Curaçao": "7.65",
          "Washington, D.C.": "22.09",
          "Madrid": "21.42",
          "Beijing": "10.29"
        },
        "Optical, Photographic, Cinematographic, Measuring, Checking, Precision, Medical or Surgical Instruments and Apparatus; Clocks and Watches; Musical Instruments; Parts and Accessories thereof": {
          "Panama": "4.70",
          "Washington, D.C.": "29.02",
          "Beijing": "16.07",
          "Brasília": "5.76",
          "Mexico City": "4.32"
        },
        "Miscellaneous Manufactured Articles": {
          "Unspecified": "37.48",
          "Panama": "3.81",
          "Washington, D.C.": "21.85",
          "Santiago": "11.48",
          "Beijing": "10.00"
        }
      }
    },
    "2012": {
      "Imports": {
        "Animals & Animal Products": {
          "Colombia": "9.81",
          "Uruguay": "8.88",
          "Brasília": "37.96",
          "Buenos Aires": "14.67",
          "Wellington": "11.39"
        },
        "Vegetable Products": {
          "Nicaragua": "6.14",
          "Washington, D.C.": "25.52",
          "Buenos Aires": "13.21",
          "Ottawa": "11.31",
          "Brasília": "9.06"
        },
        "Prepared Foodstuffs; Beverages, Spirits, Vinegar, Tobacco and Manufactured Tobacco Substitutes": {
          "Colombia": "9.36",
          "Bolivia": "9.15",
          "Ecuador": "7.82",
          "Washington, D.C.": "24.04",
          "Brasília": "10.41"
        },
        "Mineral Products": {
          "Belgium": "3.61",
          "Beijing": "62.25",
          "Paris": "8.07",
          "Madrid": "4.59",
          "Washington, D.C.": "3.13"
        },
        "Products of the Chemical or Allied Industries": {
          "Colombia": "5.67",
          "Washington, D.C.": "24.23",
          "Mexico City": "9.80",
          "Brasília": "7.03",
          "Berlin": "5.38"
        },
        "Plastics and Articles thereof; Rubber and Articles thereof": {
          "Colombia": "7.52",
          "Washington, D.C.": "24.41",
          "Beijing": "17.88",
          "Brasília": "14.82",
          "Mexico City": "6.10"
        },
        "Raw Hides and Skins, Leather, Furskins, and Articles thereof; Saddlery and Harness; Travel Goods, Handbags, and Similar Containers; Articles of Animal Gut (Other than Silk-worm Gut)": {
          "Panama": "13.08",
          "Colombia": "10.96",
          "Beijing": "40.89",
          "Washington, D.C.": "8.93",
          "Hong Kong": "7.80"
        },
        "Wood and Articles of Wood; Wood Charcoal; Cork and Articles of Cork; Manufactures of Straw, of Esparto or of Other Plaiting Materials; Basketware and Wickerwork": {
          "Colombia": "15.92",
          "Brasília": "17.12",
          "Washington, D.C.": "15.38",
          "Santiago": "11.98",
          "Beijing": "8.64"
        },
        "Textiles and Textile Articles": {
          "Colombia": "14.13",
          "Peru": "10.22",
          "Panama": "10.12",
          "Beijing": "26.17",
          "Washington, D.C.": "7.11"
        },
        "Footwear, Headgear, Umbrellas, Sun Umbrellas, Walking-sticks, Seat-sticks, Whips, Riding-crops, and Parts thereof; Prepared Feathers and Articles Made therewith; Artificial Flowers; Articles of Human Hair": {
          "Panama": "12.66",
          "Beijing": "49.56",
          "Hong Kong": "13.17",
          "Brasília": "4.95",
          "Madrid": "4.71"
        },
        "Articles of Stone, Plaster, Cement, Asbestos, Mica or Similar Materials; Ceramic Products; Glass and Glassware": {
          "Colombia": "18.91",
          "Beijing": "31.46",
          "Washington, D.C.": "8.43",
          "Brasília": "8.03",
          "Madrid": "6.19"
        },
        "Natural or Cultured Pearls, Precious or Semi-precious Stones, Precious Metals, Metals Clad with Precious Metal, and Articles thereof; Imitation Jewellery; Coin": {
          "Peru": "9.40",
          "Colombia": "5.33",
          "Beijing": "35.02",
          "Santiago": "12.54",
          "Washington, D.C.": "5.23"
        },
        "Base Metals and Articles of Base Metal": {
          "Colombia": "5.53",
          "Beijing": "24.74",
          "Washington, D.C.": "19.23",
          "Brasília": "8.25",
          "Mexico City": "6.87"
        },
        "Machinery and Mechanical Appliances; Electrical Equipment; Parts thereof; Sound Recorders and Reproducers, Television Image and Sound Recorders and Reproducers, and Parts and Accessories of such Articles": {
          "Panama": "4.45",
          "Washington, D.C.": "35.76",
          "Beijing": "23.66",
          "Brasília": "4.69",
          "Rome": "4.54"
        },
        "Vehicles, Aircraft, Vessels, and Associated Transport Equipment": {
          "Ecuador": "9.08",
          "Beijing": "34.30",
          "Washington, D.C.": "22.30",
          "Brasília": "7.62",
          "Buenos Aires": "7.21"
        },
        "Optical, Photographic, Cinematographic, Measuring, Checking, Precision, Medical or Surgical Instruments and Apparatus; Clocks and Watches; Musical Instruments; Parts and Accessories thereof": {
          "Colombia": "4.61",
          "Washington, D.C.": "27.48",
          "Beijing": "20.18",
          "Brasília": "6.27",
          "Mexico City": "4.68"
        },
        "Miscellaneous Manufactured Articles": {
          "Unspecified": "40.34",
          "Peru": "9.35",
          "Panama": "2.53",
          "Washington, D.C.": "20.19",
          "Beijing": "12.11"
        }
      }
    },
    "2013": {
      "Imports": {
        "Animals & Animal Products": {
          "Colombia": "13.26",
          "Uruguay": "10.56",
          "Brasília": "34.99",
          "Buenos Aires": "17.29",
          "Wellington": "9.51"
        },
        "Vegetable Products": {
          "Nicaragua": "5.77",
          "Washington, D.C.": "22.17",
          "Buenos Aires": "21.94",
          "Brasília": "11.39",
          "Ottawa": "5.88"
        },
        "Prepared Foodstuffs; Beverages, Spirits, Vinegar, Tobacco and Manufactured Tobacco Substitutes": {
          "Colombia": "12.23",
          "Bolivia": "10.34",
          "Ecuador": "8.45",
          "Washington, D.C.": "28.07",
          "Brasília": "6.63"
        },
        "Mineral Products": {
          "Cuba": "21.74",
          "Panama": "7.92",
          "Washington, D.C.": "16.56",
          "Madrid": "11.64",
          "Mexico City": "5.89"
        },
        "Products of the Chemical or Allied Industries": {
          "Colombia": "5.13",
          "Washington, D.C.": "21.82",
          "Mexico City": "10.81",
          "Brasília": "8.77",
          "Berlin": "7.28"
        },
        "Plastics and Articles thereof; Rubber and Articles thereof": {
          "Colombia": "6.05",
          "Washington, D.C.": "23.68",
          "Beijing": "17.94",
          "Brasília": "12.78",
          "Mexico City": "7.31"
        },
        "Raw Hides and Skins, Leather, Furskins, and Articles thereof; Saddlery and Harness; Travel Goods, Handbags, and Similar Containers; Articles of Animal Gut (Other than Silk-worm Gut)": {
          "Colombia": "15.69",
          "Panama": "13.56",
          "Beijing": "41.86",
          "Washington, D.C.": "8.26",
          "Hong Kong": "5.47"
        },
        "Wood and Articles of Wood; Wood Charcoal; Cork and Articles of Cork; Manufactures of Straw, of Esparto or of Other Plaiting Materials; Basketware and Wickerwork": {
          "Colombia": "13.18",
          "Washington, D.C.": "19.42",
          "Brasília": "14.67",
          "Beijing": "11.09",
          "Santiago": "10.06"
        },
        "Textiles and Textile Articles": {
          "Peru": "11.99",
          "Colombia": "11.20",
          "Panama": "8.75",
          "Beijing": "29.93",
          "Washington, D.C.": "8.03"
        },
        "Footwear, Headgear, Umbrellas, Sun Umbrellas, Walking-sticks, Seat-sticks, Whips, Riding-crops, and Parts thereof; Prepared Feathers and Articles Made therewith; Artificial Flowers; Articles of Human Hair": {
          "Panama": "11.98",
          "Beijing": "54.00",
          "Hong Kong": "16.28",
          "Washington, D.C.": "3.92",
          "Madrid": "2.66"
        },
        "Articles of Stone, Plaster, Cement, Asbestos, Mica or Similar Materials; Ceramic Products; Glass and Glassware": {
          "Colombia": "23.39",
          "Beijing": "30.59",
          "Washington, D.C.": "8.70",
          "Rome": "8.59",
          "Brasília": "6.22"
        },
        "Natural or Cultured Pearls, Precious or Semi-precious Stones, Precious Metals, Metals Clad with Precious Metal, and Articles thereof; Imitation Jewellery; Coin": {
          "Peru": "23.06",
          "Santiago": "20.82",
          "Washington, D.C.": "9.64",
          "Mexico City": "9.19",
          "Brasília": "8.84"
        },
        "Base Metals and Articles of Base Metal": {
          "Peru": "3.84",
          "Beijing": "37.72",
          "Washington, D.C.": "15.54",
          "Mexico City": "8.36",
          "Brasília": "7.96"
        },
        "Machinery and Mechanical Appliances; Electrical Equipment; Parts thereof; Sound Recorders and Reproducers, Television Image and Sound Recorders and Reproducers, and Parts and Accessories of such Articles": {
          "Washington, D.C.": "34.80",
          "Beijing": "22.82",
          "Rome": "4.83",
          "Brasília": "3.96",
          "Berlin": "3.71"
        },
        "Vehicles, Aircraft, Vessels, and Associated Transport Equipment": {
          "Ecuador": "4.32",
          "Washington, D.C.": "30.31",
          "Beijing": "29.12",
          "Madrid": "6.51",
          "Brasília": "4.22"
        },
        "Optical, Photographic, Cinematographic, Measuring, Checking, Precision, Medical or Surgical Instruments and Apparatus; Clocks and Watches; Musical Instruments; Parts and Accessories thereof": {
          "Colombia": "4.40",
          "Washington, D.C.": "26.29",
          "Beijing": "20.90",
          "Brasília": "6.26",
          "Mexico City": "5.54"
        },
        "Miscellaneous Manufactured Articles": {
          "Unspecified": "61.09",
          "Ecuador": "3.71",
          "Panama": "1.89",
          "Washington, D.C.": "14.64",
          "Beijing": "6.27"
        }
      }
    }
  }
}