{
  "Main Partners": {
    "1995": {
      "Imports": {
        "Animals & Animal Products": {
          "Amsterdam": "41.36",
          "Paris": "15.13",
          "Brussels": "12.95",
          "Berlin": "8.18",
          "Madrid": "7.55"
        },
        "Vegetable Products": {
          "New Delhi": "25.42",
          "Paris": "18.01",
          "Washington, D.C.": "12.07",
          "Islamabad": "10.78",
          "Amsterdam": "7.73"
        },
        "Prepared Foodstuffs; Beverages, Spirits, Vinegar, Tobacco and Manufactured Tobacco Substitutes": {
          "Paris": "28.94",
          "Brussels": "16.48",
          "Rome": "8.28",
          "London": "7.55",
          "Washington, D.C.": "6.60"
        },
        "Mineral Products": {
          "Serbia, FR(Serbia/Montenegro)": "9.45",
          "Tunisia": "7.40",
          "Madrid": "28.40",
          "Rabat": "25.75",
          "Ankara": "10.97"
        },
        "Products of the Chemical or Allied Industries": {
          "Paris": "40.00",
          "Brussels": "10.88",
          "Berlin": "7.88",
          "Amsterdam": "6.75",
          "Washington, D.C.": "5.98"
        },
        "Plastics and Articles thereof; Rubber and Articles thereof": {
          "Cote dIvoire": "9.27",
          "Paris": "26.29",
          "Brussels": "13.54",
          "Washington, D.C.": "9.48",
          "Tokyo": "6.11"
        },
        "Raw Hides and Skins, Leather, Furskins, and Articles thereof; Saddlery and Harness; Travel Goods, Handbags, and Similar Containers; Articles of Animal Gut (Other than Silk-worm Gut)": {
          "Other Asia, nes": "5.32",
          "Hong Kong": "65.22",
          "Beijing": "15.49",
          "Paris": "4.89",
          "Washington, D.C.": "1.30"
        },
        "Wood and Articles of Wood; Wood Charcoal; Cork and Articles of Cork; Manufactures of Straw, of Esparto or of Other Plaiting Materials; Basketware and Wickerwork": {
          "Senegal": "7.07",
          "Paris": "29.32",
          "Rabat": "14.37",
          "Washington, D.C.": "10.22",
          "Brasília": "7.68"
        },
        "Textiles and Textile Articles": {
          "Nigeria": "21.34",
          "Hong Kong": "20.24",
          "Paris": "10.13",
          "Beijing": "5.92",
          "Washington, D.C.": "5.29"
        },
        "Footwear, Headgear, Umbrellas, Sun Umbrellas, Walking-sticks, Seat-sticks, Whips, Riding-crops, and Parts thereof; Prepared Feathers and Articles Made therewith; Artificial Flowers; Articles of Human Hair": {
          "Cote dIvoire": "6.20",
          "Nigeria": "6.20",
          "Hong Kong": "51.66",
          "Beijing": "8.41",
          "Rabat": "3.75"
        },
        "Articles of Stone, Plaster, Cement, Asbestos, Mica or Similar Materials; Ceramic Products; Glass and Glassware": {
          "Rome": "25.54",
          "Paris": "23.17",
          "Madrid": "13.61",
          "Brussels": "7.60",
          "Brasília": "5.78"
        },
        "Natural or Cultured Pearls, Precious or Semi-precious Stones, Precious Metals, Metals Clad with Precious Metal, and Articles thereof; Imitation Jewellery; Coin": {
          "Other Asia, nes": "10.64",
          "Brussels": "46.05",
          "Paris": "15.29",
          "Yaoundé": "8.43",
          "Madrid": "4.44"
        },
        "Base Metals and Articles of Base Metal": {
          "Ukraine": "5.13",
          "Brussels": "26.73",
          "Paris": "22.17",
          "Tokyo": "13.02",
          "Hong Kong": "5.30"
        },
        "Machinery and Mechanical Appliances; Electrical Equipment; Parts thereof; Sound Recorders and Reproducers, Television Image and Sound Recorders and Reproducers, and Parts and Accessories of such Articles": {
          "Paris": "37.07",
          "Brussels": "19.12",
          "Hong Kong": "10.59",
          "Washington, D.C.": "9.17",
          "Rome": "3.94"
        },
        "Vehicles, Aircraft, Vessels, and Associated Transport Equipment": {
          "Tokyo": "63.35",
          "Paris": "12.73",
          "Washington, D.C.": "8.53",
          "Brussels": "4.35",
          "Brasília": "2.92"
        },
        "Optical, Photographic, Cinematographic, Measuring, Checking, Precision, Medical or Surgical Instruments and Apparatus; Clocks and Watches; Musical Instruments; Parts and Accessories thereof": {
          "Paris": "25.18",
          "Tokyo": "17.46",
          "Brussels": "11.65",
          "Hong Kong": "7.21",
          "Washington, D.C.": "6.63"
        },
        "Miscellaneous Manufactured Articles": {
          "Paris": "48.42",
          "Washington, D.C.": "9.12",
          "Brussels": "8.28",
          "Rome": "7.85",
          "Hong Kong": "5.79"
        }
      }
    },
    "1996": {
      "Imports": {
        "Animals & Animal Products": {
          "Amsterdam": "43.44",
          "Brussels": "19.74",
          "Paris": "15.66",
          "Madrid": "6.24",
          "Washington, D.C.": "4.27"
        },
        "Vegetable Products": {
          "New Delhi": "28.81",
          "Paris": "12.66",
          "Washington, D.C.": "10.52",
          "Islamabad": "10.28",
          "Hanoi": "9.07"
        },
        "Prepared Foodstuffs; Beverages, Spirits, Vinegar, Tobacco and Manufactured Tobacco Substitutes": {
          "Paris": "22.54",
          "Brussels": "15.73",
          "Rome": "9.52",
          "London": "7.62",
          "Washington, D.C.": "6.31"
        },
        "Mineral Products": {
          "Madrid": "59.66",
          "Rabat": "13.00",
          "Sofia": "8.68",
          "Brussels": "7.50",
          "Paris": "7.27"
        },
        "Products of the Chemical or Allied Industries": {
          "Lebanon": "4.35",
          "Paris": "33.60",
          "Brussels": "19.12",
          "Washington, D.C.": "9.69",
          "Amsterdam": "4.96"
        },
        "Plastics and Articles thereof; Rubber and Articles thereof": {
          "Paris": "27.56",
          "Brussels": "17.18",
          "Tokyo": "10.49",
          "Washington, D.C.": "9.28",
          "London": "5.02"
        },
        "Raw Hides and Skins, Leather, Furskins, and Articles thereof; Saddlery and Harness; Travel Goods, Handbags, and Similar Containers; Articles of Animal Gut (Other than Silk-worm Gut)": {
          "Hong Kong": "63.88",
          "Beijing": "20.66",
          "Paris": "2.58",
          "Washington, D.C.": "2.50",
          "Riyadh": "2.35"
        },
        "Wood and Articles of Wood; Wood Charcoal; Cork and Articles of Cork; Manufactures of Straw, of Esparto or of Other Plaiting Materials; Basketware and Wickerwork": {
          "Senegal": "10.80",
          "Paris": "32.11",
          "Madrid": "16.02",
          "Washington, D.C.": "15.09",
          "Brussels": "5.17"
        },
        "Textiles and Textile Articles": {
          "Nigeria": "21.90",
          "Paris": "13.44",
          "Hong Kong": "12.53",
          "Islamabad": "9.27",
          "Washington, D.C.": "7.31"
        },
        "Footwear, Headgear, Umbrellas, Sun Umbrellas, Walking-sticks, Seat-sticks, Whips, Riding-crops, and Parts thereof; Prepared Feathers and Articles Made therewith; Artificial Flowers; Articles of Human Hair": {
          "Cote dIvoire": "7.18",
          "Nigeria": "5.05",
          "Hong Kong": "34.65",
          "Beijing": "23.87",
          "Jakarta": "3.97"
        },
        "Articles of Stone, Plaster, Cement, Asbestos, Mica or Similar Materials; Ceramic Products; Glass and Glassware": {
          "Paris": "37.96",
          "Rome": "18.12",
          "Brussels": "9.67",
          "Washington, D.C.": "7.22",
          "Madrid": "7.15"
        },
        "Natural or Cultured Pearls, Precious or Semi-precious Stones, Precious Metals, Metals Clad with Precious Metal, and Articles thereof; Imitation Jewellery; Coin": {
          "Other Asia, nes": "5.97",
          "Brussels": "40.92",
          "Paris": "19.51",
          "Tokyo": "16.83",
          "Washington, D.C.": "4.49"
        },
        "Base Metals and Articles of Base Metal": {
          "Cote dIvoire": "13.09",
          "Paris": "25.39",
          "Brussels": "15.63",
          "Tokyo": "12.96",
          "Beijing": "6.93"
        },
        "Machinery and Mechanical Appliances; Electrical Equipment; Parts thereof; Sound Recorders and Reproducers, Television Image and Sound Recorders and Reproducers, and Parts and Accessories of such Articles": {
          "Paris": "38.72",
          "Brussels": "16.72",
          "Washington, D.C.": "7.74",
          "Rome": "6.31",
          "Beijing": "4.62"
        },
        "Vehicles, Aircraft, Vessels, and Associated Transport Equipment": {
          "Tokyo": "38.07",
          "Washington, D.C.": "16.18",
          "Paris": "13.35",
          "Rome": "7.82",
          "Brussels": "6.80"
        },
        "Optical, Photographic, Cinematographic, Measuring, Checking, Precision, Medical or Surgical Instruments and Apparatus; Clocks and Watches; Musical Instruments; Parts and Accessories thereof": {
          "Paris": "27.52",
          "Brussels": "12.38",
          "Tokyo": "9.47",
          "Washington, D.C.": "8.88",
          "Rome": "5.20"
        },
        "Miscellaneous Manufactured Articles": {
          "Paris": "36.83",
          "Washington, D.C.": "15.04",
          "Rome": "11.16",
          "Brussels": "10.79",
          "Beijing": "3.75"
        }
      }
    },
    "1997": {
      "Imports": {
        "Animals & Animal Products": {
          "Amsterdam": "33.98",
          "Paris": "29.84",
          "Brussels": "10.55",
          "Berlin": "5.83",
          "London": "5.12"
        },
        "Vegetable Products": {
          "Paris": "24.36",
          "Hanoi": "23.85",
          "Islamabad": "13.77",
          "Washington, D.C.": "10.97",
          "Amsterdam": "6.70"
        },
        "Prepared Foodstuffs; Beverages, Spirits, Vinegar, Tobacco and Manufactured Tobacco Substitutes": {
          "Paris": "20.48",
          "Brussels": "16.98",
          "London": "10.61",
          "Madrid": "10.12",
          "Canberra": "8.47"
        },
        "Mineral Products": {
          "Romania": "11.26",
          "Sofia": "29.91",
          "Madrid": "26.70",
          "Brussels": "9.70",
          "Paris": "7.14"
        },
        "Products of the Chemical or Allied Industries": {
          "Paris": "37.23",
          "Brussels": "11.00",
          "Amsterdam": "6.43",
          "Washington, D.C.": "6.15",
          "Beijing": "5.43"
        },
        "Plastics and Articles thereof; Rubber and Articles thereof": {
          "Paris": "34.70",
          "Washington, D.C.": "12.13",
          "Brussels": "8.44",
          "Madrid": "5.77",
          "Rome": "5.42"
        },
        "Raw Hides and Skins, Leather, Furskins, and Articles thereof; Saddlery and Harness; Travel Goods, Handbags, and Similar Containers; Articles of Animal Gut (Other than Silk-worm Gut)": {
          "Cote dIvoire": "3.88",
          "Hong Kong": "55.16",
          "Beijing": "23.95",
          "Paris": "2.86",
          "Rome": "2.73"
        },
        "Wood and Articles of Wood; Wood Charcoal; Cork and Articles of Cork; Manufactures of Straw, of Esparto or of Other Plaiting Materials; Basketware and Wickerwork": {
          "Senegal": "12.35",
          "Paris": "29.58",
          "London": "9.61",
          "Madrid": "9.28",
          "Washington, D.C.": "9.20"
        },
        "Textiles and Textile Articles": {
          "Nigeria": "6.88",
          "Hong Kong": "14.26",
          "Paris": "10.33",
          "Islamabad": "10.28",
          "Washington, D.C.": "9.95"
        },
        "Footwear, Headgear, Umbrellas, Sun Umbrellas, Walking-sticks, Seat-sticks, Whips, Riding-crops, and Parts thereof; Prepared Feathers and Articles Made therewith; Artificial Flowers; Articles of Human Hair": {
          "Cote dIvoire": "16.24",
          "Beijing": "29.27",
          "Hong Kong": "22.41",
          "Jakarta": "6.17",
          "Brussels": "3.28"
        },
        "Articles of Stone, Plaster, Cement, Asbestos, Mica or Similar Materials; Ceramic Products; Glass and Glassware": {
          "Nigeria": "6.81",
          "Rome": "23.91",
          "Paris": "19.60",
          "Madrid": "9.83",
          "Brussels": "8.97"
        },
        "Natural or Cultured Pearls, Precious or Semi-precious Stones, Precious Metals, Metals Clad with Precious Metal, and Articles thereof; Imitation Jewellery; Coin": {
          "Paris": "27.25",
          "Brussels": "20.90",
          "Madrid": "15.02",
          "Pretoria": "7.95",
          "Washington, D.C.": "6.23"
        },
        "Base Metals and Articles of Base Metal": {
          "Brussels": "18.05",
          "Pretoria": "17.82",
          "Paris": "17.09",
          "Tokyo": "9.46",
          "Rome": "6.33"
        },
        "Machinery and Mechanical Appliances; Electrical Equipment; Parts thereof; Sound Recorders and Reproducers, Television Image and Sound Recorders and Reproducers, and Parts and Accessories of such Articles": {
          "London": "38.73",
          "Paris": "28.61",
          "Brussels": "9.19",
          "Washington, D.C.": "7.84",
          "Rome": "4.76"
        },
        "Vehicles, Aircraft, Vessels, and Associated Transport Equipment": {
          "Tokyo": "52.67",
          "Washington, D.C.": "12.87",
          "Paris": "9.65",
          "Rome": "6.12",
          "Brussels": "4.89"
        },
        "Optical, Photographic, Cinematographic, Measuring, Checking, Precision, Medical or Surgical Instruments and Apparatus; Clocks and Watches; Musical Instruments; Parts and Accessories thereof": {
          "Paris": "23.33",
          "London": "17.89",
          "Brussels": "9.34",
          "Tokyo": "8.66",
          "Washington, D.C.": "7.54"
        },
        "Miscellaneous Manufactured Articles": {
          "Paris": "21.16",
          "Washington, D.C.": "14.39",
          "Brussels": "12.95",
          "Rome": "10.18",
          "Beijing": "9.86"
        }
      }
    },
    "1998": {
      "Imports": {
        "Animals & Animal Products": {
          "Cote dIvoire": "4.08",
          "Amsterdam": "37.89",
          "Paris": "27.49",
          "Brussels": "8.57",
          "Madrid": "4.62"
        },
        "Vegetable Products": {
          "Paris": "21.71",
          "Beijing": "20.65",
          "Hanoi": "13.21",
          "Amsterdam": "9.69",
          "Washington, D.C.": "7.41"
        },
        "Prepared Foodstuffs; Beverages, Spirits, Vinegar, Tobacco and Manufactured Tobacco Substitutes": {
          "Paris": "18.92",
          "Brussels": "18.37",
          "Rome": "10.94",
          "London": "9.29",
          "Madrid": "7.31"
        },
        "Mineral Products": {
          "Unspecified": "75.25",
          "Romania": "4.93",
          "Rome": "5.28",
          "Brussels": "4.34",
          "Bern": "2.73"
        },
        "Products of the Chemical or Allied Industries": {
          "Paris": "44.38",
          "Brussels": "8.74",
          "Washington, D.C.": "8.21",
          "Amsterdam": "4.90",
          "Tokyo": "4.58"
        },
        "Plastics and Articles thereof; Rubber and Articles thereof": {
          "Cote dIvoire": "5.97",
          "Paris": "20.63",
          "Washington, D.C.": "10.55",
          "Brussels": "9.63",
          "Berlin": "8.52"
        },
        "Raw Hides and Skins, Leather, Furskins, and Articles thereof; Saddlery and Harness; Travel Goods, Handbags, and Similar Containers; Articles of Animal Gut (Other than Silk-worm Gut)": {
          "Beijing": "37.23",
          "Hong Kong": "23.88",
          "Ottawa": "13.93",
          "Jakarta": "5.99"
        },
        "Wood and Articles of Wood; Wood Charcoal; Cork and Articles of Cork; Manufactures of Straw, of Esparto or of Other Plaiting Materials; Basketware and Wickerwork": {
          "Senegal": "5.99",
          "Paris": "34.63",
          "Washington, D.C.": "23.37",
          "Brussels": "11.50",
          "Madrid": "6.99"
        },
        "Textiles and Textile Articles": {
          "Washington, D.C.": "16.73",
          "Paris": "11.65",
          "Hong Kong": "7.40",
          "Jakarta": "6.68",
          "Beijing": "6.54"
        },
        "Footwear, Headgear, Umbrellas, Sun Umbrellas, Walking-sticks, Seat-sticks, Whips, Riding-crops, and Parts thereof; Prepared Feathers and Articles Made therewith; Artificial Flowers; Articles of Human Hair": {
          "Cote dIvoire": "17.66",
          "Beijing": "32.89",
          "Hong Kong": "14.90",
          "Jakarta": "8.75",
          "Brussels": "4.79"
        },
        "Articles of Stone, Plaster, Cement, Asbestos, Mica or Similar Materials; Ceramic Products; Glass and Glassware": {
          "Nigeria": "7.40",
          "Rome": "24.07",
          "Paris": "18.86",
          "Madrid": "12.40",
          "Brussels": "7.45"
        },
        "Natural or Cultured Pearls, Precious or Semi-precious Stones, Precious Metals, Metals Clad with Precious Metal, and Articles thereof; Imitation Jewellery; Coin": {
          "Paris": "43.13",
          "Rome": "13.72",
          "Yaoundé": "8.81",
          "New Delhi": "6.91",
          "Washington, D.C.": "6.72"
        },
        "Base Metals and Articles of Base Metal": {
          "Fm Sudan": "7.56",
          "Ukraine": "7.51",
          "Paris": "24.43",
          "Tokyo": "12.66",
          "Brussels": "12.05"
        },
        "Machinery and Mechanical Appliances; Electrical Equipment; Parts thereof; Sound Recorders and Reproducers, Television Image and Sound Recorders and Reproducers, and Parts and Accessories of such Articles": {
          "Brussels": "28.46",
          "Paris": "26.65",
          "Washington, D.C.": "11.56",
          "Beijing": "9.37",
          "Ottawa": "8.67"
        },
        "Vehicles, Aircraft, Vessels, and Associated Transport Equipment": {
          "Tokyo": "36.42",
          "Paris": "17.47",
          "Washington, D.C.": "9.26",
          "Brussels": "7.91",
          "Beijing": "7.09"
        },
        "Optical, Photographic, Cinematographic, Measuring, Checking, Precision, Medical or Surgical Instruments and Apparatus; Clocks and Watches; Musical Instruments; Parts and Accessories thereof": {
          "Paris": "24.47",
          "Brussels": "16.35",
          "Washington, D.C.": "9.66",
          "Beijing": "7.09",
          "Tokyo": "6.91"
        },
        "Miscellaneous Manufactured Articles": {
          "Brussels": "26.18",
          "Paris": "23.34",
          "Washington, D.C.": "8.81",
          "Beijing": "7.39",
          "Berlin": "6.75"
        }
      }
    },
    "1999": {
      "Imports": {
        "Animals & Animal Products": {
          "Belgium": "8.17",
          "Amsterdam": "54.21",
          "Paris": "19.21",
          "Berlin": "6.39",
          "Madrid": "3.69"
        },
        "Vegetable Products": {
          "Paris": "20.60",
          "Beijing": "15.11",
          "Amsterdam": "8.87",
          "Hanoi": "8.12",
          "Washington, D.C.": "7.63"
        },
        "Prepared Foodstuffs; Beverages, Spirits, Vinegar, Tobacco and Manufactured Tobacco Substitutes": {
          "Belgium": "18.81",
          "Paris": "19.83",
          "Rome": "11.83",
          "Canberra": "10.83",
          "London": "6.20"
        },
        "Mineral Products": {
          "Unspecified": "50.04",
          "Thailand": "16.48",
          "Paris": "7.92",
          "Rome": "6.06"
        },
        "Products of the Chemical or Allied Industries": {
          "Belgium": "6.68",
          "Paris": "31.75",
          "Amsterdam": "15.32",
          "Washington, D.C.": "8.45",
          "Canberra": "5.38"
        },
        "Plastics and Articles thereof; Rubber and Articles thereof": {
          "Belgium": "7.82",
          "Cote dIvoire": "6.58",
          "Paris": "18.73",
          "Washington, D.C.": "8.37",
          "Amsterdam": "6.84"
        },
        "Raw Hides and Skins, Leather, Furskins, and Articles thereof; Saddlery and Harness; Travel Goods, Handbags, and Similar Containers; Articles of Animal Gut (Other than Silk-worm Gut)": {
          "Thailand": "4.32",
          "Hong Kong": "33.48",
          "Beijing": "24.25",
          "Jakarta": "13.99",
          "Rome": "5.06"
        },
        "Wood and Articles of Wood; Wood Charcoal; Cork and Articles of Cork; Manufactures of Straw, of Esparto or of Other Plaiting Materials; Basketware and Wickerwork": {
          "Belgium": "6.95",
          "Paris": "24.66",
          "Madrid": "13.06",
          "Brasília": "9.34",
          "Washington, D.C.": "8.35"
        },
        "Textiles and Textile Articles": {
          "New Delhi": "13.52",
          "Paris": "13.46",
          "Beijing": "11.58",
          "Washington, D.C.": "10.70",
          "Hong Kong": "7.45"
        },
        "Footwear, Headgear, Umbrellas, Sun Umbrellas, Walking-sticks, Seat-sticks, Whips, Riding-crops, and Parts thereof; Prepared Feathers and Articles Made therewith; Artificial Flowers; Articles of Human Hair": {
          "Cote dIvoire": "10.79",
          "Beijing": "48.96",
          "Hong Kong": "15.24",
          "Rome": "3.77",
          "Jakarta": "3.44"
        },
        "Articles of Stone, Plaster, Cement, Asbestos, Mica or Similar Materials; Ceramic Products; Glass and Glassware": {
          "Belgium": "6.62",
          "Rome": "23.38",
          "Madrid": "18.80",
          "Paris": "16.80",
          "Abu Dhabi": "6.45"
        },
        "Natural or Cultured Pearls, Precious or Semi-precious Stones, Precious Metals, Metals Clad with Precious Metal, and Articles thereof; Imitation Jewellery; Coin": {
          "Belgium": "3.76",
          "Paris": "30.96",
          "New Delhi": "25.94",
          "Rome": "15.86",
          "Washington, D.C.": "6.86"
        },
        "Base Metals and Articles of Base Metal": {
          "Belgium": "11.42",
          "Paris": "19.38",
          "Tokyo": "15.36",
          "New Delhi": "8.39",
          "Beijing": "7.40"
        },
        "Machinery and Mechanical Appliances; Electrical Equipment; Parts thereof; Sound Recorders and Reproducers, Television Image and Sound Recorders and Reproducers, and Parts and Accessories of such Articles": {
          "Belgium": "7.73",
          "Paris": "34.94",
          "Tokyo": "16.96",
          "Washington, D.C.": "5.43",
          "Rome": "5.37"
        },
        "Vehicles, Aircraft, Vessels, and Associated Transport Equipment": {
          "Belgium": "5.43",
          "Tokyo": "45.25",
          "Paris": "15.38",
          "Berlin": "10.00",
          "Rome": "6.69"
        },
        "Optical, Photographic, Cinematographic, Measuring, Checking, Precision, Medical or Surgical Instruments and Apparatus; Clocks and Watches; Musical Instruments; Parts and Accessories thereof": {
          "Belgium": "6.89",
          "Paris": "23.94",
          "Tokyo": "13.93",
          "Beijing": "6.28",
          "Washington, D.C.": "5.91"
        },
        "Miscellaneous Manufactured Articles": {
          "Belgium": "12.88",
          "Paris": "26.32",
          "Washington, D.C.": "20.59",
          "Beijing": "7.21",
          "Madrid": "4.49"
        }
      }
    },
    "2000": {
      "Imports": {
        "Animals & Animal Products": {
          "Cote dIvoire": "45.97",
          "Belgium": "4.48",
          "Amsterdam": "22.17",
          "Berlin": "12.14",
          "Paris": "6.14"
        },
        "Vegetable Products": {
          "Paris": "25.60",
          "Beijing": "15.93",
          "Nicosia": "13.54",
          "Amsterdam": "9.07",
          "Washington, D.C.": "8.59"
        },
        "Prepared Foodstuffs; Beverages, Spirits, Vinegar, Tobacco and Manufactured Tobacco Substitutes": {
          "Belgium": "17.59",
          "Paris": "14.67",
          "Rome": "11.34",
          "Canberra": "10.89",
          "London": "7.22"
        },
        "Mineral Products": {
          "Lesotho": "27.14",
          "Thailand": "14.58",
          "Jakarta": "17.58",
          "Beijing": "11.22",
          "Paris": "7.36"
        },
        "Products of the Chemical or Allied Industries": {
          "Belgium": "9.86",
          "Senegal": "3.47",
          "Paris": "50.34",
          "Washington, D.C.": "4.78",
          "New Delhi": "3.48"
        },
        "Plastics and Articles thereof; Rubber and Articles thereof": {
          "Belgium": "16.90",
          "Cote dIvoire": "6.65",
          "Paris": "18.25",
          "Washington, D.C.": "5.81",
          "Rome": "5.59"
        },
        "Raw Hides and Skins, Leather, Furskins, and Articles thereof; Saddlery and Harness; Travel Goods, Handbags, and Similar Containers; Articles of Animal Gut (Other than Silk-worm Gut)": {
          "Thailand": "8.49",
          "Beijing": "32.58",
          "Hong Kong": "25.25",
          "Jakarta": "15.66"
        },
        "Wood and Articles of Wood; Wood Charcoal; Cork and Articles of Cork; Manufactures of Straw, of Esparto or of Other Plaiting Materials; Basketware and Wickerwork": {
          "Belgium": "3.99",
          "Washington, D.C.": "59.37",
          "Paris": "11.63",
          "Madrid": "6.61",
          "Brasília": "2.78"
        },
        "Textiles and Textile Articles": {
          "Belgium": "6.88",
          "New Delhi": "19.80",
          "Paris": "11.61",
          "Washington, D.C.": "9.63",
          "Hong Kong": "8.75"
        },
        "Footwear, Headgear, Umbrellas, Sun Umbrellas, Walking-sticks, Seat-sticks, Whips, Riding-crops, and Parts thereof; Prepared Feathers and Articles Made therewith; Artificial Flowers; Articles of Human Hair": {
          "Cote dIvoire": "19.22",
          "Thailand": "3.88",
          "Beijing": "36.19",
          "Hong Kong": "18.29",
          "Paris": "3.88"
        },
        "Articles of Stone, Plaster, Cement, Asbestos, Mica or Similar Materials; Ceramic Products; Glass and Glassware": {
          "Paris": "21.22",
          "Rome": "18.86",
          "Madrid": "17.71",
          "Washington, D.C.": "6.34",
          "Beijing": "6.08"
        },
        "Natural or Cultured Pearls, Precious or Semi-precious Stones, Precious Metals, Metals Clad with Precious Metal, and Articles thereof; Imitation Jewellery; Coin": {
          "Belgium": "7.84",
          "Rome": "22.63",
          "Paris": "20.66",
          "Abu Dhabi": "9.00",
          "New Delhi": "8.41"
        },
        "Base Metals and Articles of Base Metal": {
          "Ukraine": "13.63",
          "Belgium": "9.59",
          "Paris": "18.66",
          "Tokyo": "10.00",
          "Washington, D.C.": "6.36"
        },
        "Machinery and Mechanical Appliances; Electrical Equipment; Parts thereof; Sound Recorders and Reproducers, Television Image and Sound Recorders and Reproducers, and Parts and Accessories of such Articles": {
          "Belgium": "22.13",
          "Paris": "32.17",
          "Washington, D.C.": "9.10",
          "Beijing": "6.75",
          "Rome": "5.96"
        },
        "Vehicles, Aircraft, Vessels, and Associated Transport Equipment": {
          "Belgium": "4.75",
          "Tokyo": "47.02",
          "Berlin": "12.38",
          "Paris": "11.92",
          "Washington, D.C.": "9.50"
        },
        "Optical, Photographic, Cinematographic, Measuring, Checking, Precision, Medical or Surgical Instruments and Apparatus; Clocks and Watches; Musical Instruments; Parts and Accessories thereof": {
          "Belgium": "10.44",
          "Paris": "23.73",
          "Tokyo": "11.19",
          "Washington, D.C.": "11.01",
          "Beijing": "5.66"
        },
        "Miscellaneous Manufactured Articles": {
          "Unspecified": "12.85",
          "Belgium": "12.26",
          "Paris": "26.51",
          "Rome": "8.02",
          "Beijing": "7.34"
        }
      }
    },
    "2001": {
      "Imports": {
        "Animals & Animal Products": {
          "Belgium": "12.93",
          "Amsterdam": "34.54",
          "Paris": "14.58",
          "Berlin": "13.53",
          "London": "8.90"
        },
        "Vegetable Products": {
          "Belgium": "6.25",
          "Beijing": "31.98",
          "Paris": "22.56",
          "Washington, D.C.": "10.05",
          "Amsterdam": "6.27"
        },
        "Prepared Foodstuffs; Beverages, Spirits, Vinegar, Tobacco and Manufactured Tobacco Substitutes": {
          "Belgium": "21.02",
          "Paris": "14.14",
          "Canberra": "10.71",
          "Rome": "9.36",
          "Madrid": "8.34"
        },
        "Mineral Products": {
          "Thailand": "33.57",
          "Jakarta": "17.07",
          "Bern": "11.04",
          "Ankara": "10.43",
          "London": "5.67"
        },
        "Products of the Chemical or Allied Industries": {
          "Belgium": "10.79",
          "Senegal": "4.37",
          "Paris": "37.89",
          "Washington, D.C.": "14.50",
          "Canberra": "3.91"
        },
        "Plastics and Articles thereof; Rubber and Articles thereof": {
          "Belgium": "12.96",
          "Paris": "16.61",
          "Washington, D.C.": "9.42",
          "Abu Dhabi": "5.48",
          "Tokyo": "4.80"
        },
        "Raw Hides and Skins, Leather, Furskins, and Articles thereof; Saddlery and Harness; Travel Goods, Handbags, and Similar Containers; Articles of Animal Gut (Other than Silk-worm Gut)": {
          "Thailand": "7.91",
          "Hong Kong": "36.41",
          "Beijing": "11.97",
          "Madrid": "9.37",
          "Jakarta": "6.14"
        },
        "Wood and Articles of Wood; Wood Charcoal; Cork and Articles of Cork; Manufactures of Straw, of Esparto or of Other Plaiting Materials; Basketware and Wickerwork": {
          "Belgium": "8.02",
          "Senegal": "7.28",
          "Paris": "27.99",
          "Madrid": "13.57",
          "Washington, D.C.": "6.50"
        },
        "Textiles and Textile Articles": {
          "Paris": "11.78",
          "Washington, D.C.": "9.01",
          "Hong Kong": "8.91",
          "New Delhi": "6.80",
          "Madrid": "6.66"
        },
        "Footwear, Headgear, Umbrellas, Sun Umbrellas, Walking-sticks, Seat-sticks, Whips, Riding-crops, and Parts thereof; Prepared Feathers and Articles Made therewith; Artificial Flowers; Articles of Human Hair": {
          "Cote dIvoire": "31.34",
          "Hong Kong": "21.41",
          "Madrid": "14.47",
          "Beijing": "13.28",
          "Jakarta": "2.56"
        },
        "Articles of Stone, Plaster, Cement, Asbestos, Mica or Similar Materials; Ceramic Products; Glass and Glassware": {
          "Belgium": "6.48",
          "Rome": "26.83",
          "Madrid": "20.46",
          "Paris": "16.15",
          "Washington, D.C.": "8.78"
        },
        "Natural or Cultured Pearls, Precious or Semi-precious Stones, Precious Metals, Metals Clad with Precious Metal, and Articles thereof; Imitation Jewellery; Coin": {
          "Thailand": "21.00",
          "Belgium": "15.77",
          "Paris": "19.60",
          "Rome": "18.50",
          "Madrid": "8.37"
        },
        "Base Metals and Articles of Base Metal": {
          "Belgium": "15.45",
          "Ukraine": "9.77",
          "Paris": "22.61",
          "Tokyo": "11.83",
          "Beijing": "5.89"
        },
        "Machinery and Mechanical Appliances; Electrical Equipment; Parts thereof; Sound Recorders and Reproducers, Television Image and Sound Recorders and Reproducers, and Parts and Accessories of such Articles": {
          "Belgium": "19.67",
          "Paris": "26.13",
          "Washington, D.C.": "9.40",
          "Pretoria": "5.89",
          "London": "4.16"
        },
        "Vehicles, Aircraft, Vessels, and Associated Transport Equipment": {
          "Belgium": "32.59",
          "Tokyo": "20.72",
          "Paris": "12.04",
          "Rome": "4.23",
          "Berlin": "3.95"
        },
        "Optical, Photographic, Cinematographic, Measuring, Checking, Precision, Medical or Surgical Instruments and Apparatus; Clocks and Watches; Musical Instruments; Parts and Accessories thereof": {
          "Belgium": "16.41",
          "Paris": "21.28",
          "Washington, D.C.": "7.54",
          "Tokyo": "6.25",
          "Madrid": "3.46"
        },
        "Miscellaneous Manufactured Articles": {
          "Unspecified": "16.31",
          "Belgium": "8.54",
          "Paris": "23.95",
          "Washington, D.C.": "8.38",
          "Copenhagen": "7.56"
        }
      }
    },
    "2002": {
      "Imports": {
        "Animals & Animal Products": {
          "Amsterdam": "26.77",
          "Berlin": "22.14",
          "Paris": "12.62",
          "London": "8.56",
          "Rabat": "4.36"
        },
        "Vegetable Products": {
          "Belgium": "5.51",
          "Beijing": "34.27",
          "Paris": "17.32",
          "New Delhi": "10.86",
          "Berlin": "6.26"
        },
        "Prepared Foodstuffs; Beverages, Spirits, Vinegar, Tobacco and Manufactured Tobacco Substitutes": {
          "Belgium": "12.60",
          "Canberra": "12.87",
          "Rome": "12.79",
          "Brasília": "11.18",
          "Paris": "9.67"
        },
        "Mineral Products": {
          "Unspecified": "53.48",
          "Thailand": "8.95",
          "Jakarta": "9.46",
          "Cairo": "9.17",
          "Ankara": "3.05"
        },
        "Products of the Chemical or Allied Industries": {
          "Belgium": "5.60",
          "Paris": "34.99",
          "Washington, D.C.": "30.09",
          "Canberra": "6.04",
          "New Delhi": "4.10"
        },
        "Plastics and Articles thereof; Rubber and Articles thereof": {
          "Belgium": "9.45",
          "Other Asia, nes": "5.19",
          "Paris": "12.84",
          "Washington, D.C.": "11.25",
          "Berlin": "6.96"
        },
        "Raw Hides and Skins, Leather, Furskins, and Articles thereof; Saddlery and Harness; Travel Goods, Handbags, and Similar Containers; Articles of Animal Gut (Other than Silk-worm Gut)": {
          "Beijing": "29.51",
          "Hong Kong": "25.14",
          "Abu Dhabi": "12.64",
          "New Delhi": "7.76"
        },
        "Wood and Articles of Wood; Wood Charcoal; Cork and Articles of Cork; Manufactures of Straw, of Esparto or of Other Plaiting Materials; Basketware and Wickerwork": {
          "Belgium": "9.76",
          "Paris": "18.92",
          "Madrid": "15.85",
          "Washington, D.C.": "8.16",
          "Berlin": "5.81"
        },
        "Textiles and Textile Articles": {
          "Paris": "11.04",
          "Hong Kong": "10.88",
          "New Delhi": "10.55",
          "Beijing": "10.15",
          "Rome": "8.17"
        },
        "Footwear, Headgear, Umbrellas, Sun Umbrellas, Walking-sticks, Seat-sticks, Whips, Riding-crops, and Parts thereof; Prepared Feathers and Articles Made therewith; Artificial Flowers; Articles of Human Hair": {
          "Cote dIvoire": "26.71",
          "Hong Kong": "25.49",
          "Beijing": "16.38",
          "Rabat": "8.94",
          "Madrid": "3.62"
        },
        "Articles of Stone, Plaster, Cement, Asbestos, Mica or Similar Materials; Ceramic Products; Glass and Glassware": {
          "Belgium": "6.82",
          "Rome": "27.15",
          "Madrid": "18.35",
          "Paris": "14.97",
          "Abu Dhabi": "8.39"
        },
        "Natural or Cultured Pearls, Precious or Semi-precious Stones, Precious Metals, Metals Clad with Precious Metal, and Articles thereof; Imitation Jewellery; Coin": {
          "Luxembourg": "7.32",
          "Belgium": "4.15",
          "Paris": "48.30",
          "Rome": "13.68",
          "Madrid": "10.00"
        },
        "Base Metals and Articles of Base Metal": {
          "Ukraine": "16.34",
          "Belgium": "7.69",
          "Paris": "15.38",
          "Tokyo": "11.19",
          "New Delhi": "9.83"
        },
        "Machinery and Mechanical Appliances; Electrical Equipment; Parts thereof; Sound Recorders and Reproducers, Television Image and Sound Recorders and Reproducers, and Parts and Accessories of such Articles": {
          "Belgium": "16.66",
          "Paris": "31.86",
          "Washington, D.C.": "9.42",
          "Pretoria": "6.11",
          "Beijing": "4.30"
        },
        "Vehicles, Aircraft, Vessels, and Associated Transport Equipment": {
          "Tokyo": "50.04",
          "Berlin": "12.77",
          "Paris": "10.29",
          "Rome": "5.63",
          "Washington, D.C.": "5.26"
        },
        "Optical, Photographic, Cinematographic, Measuring, Checking, Precision, Medical or Surgical Instruments and Apparatus; Clocks and Watches; Musical Instruments; Parts and Accessories thereof": {
          "Belgium": "7.73",
          "Unspecified": "5.05",
          "Paris": "20.26",
          "Washington, D.C.": "11.41",
          "Tokyo": "10.09"
        },
        "Miscellaneous Manufactured Articles": {
          "Unspecified": "19.58",
          "Belgium": "10.01",
          "Paris": "20.55",
          "Beijing": "11.28",
          "Washington, D.C.": "5.24"
        }
      }
    },
    "2004": {
      "Imports": {
        "Animals & Animal Products": {
          "Peru": "8.05",
          "Paris": "18.94",
          "Amsterdam": "18.02",
          "London": "18.00",
          "Wellington": "8.73"
        },
        "Vegetable Products": {
          "Thailand": "10.89",
          "Paris": "16.91",
          "Beijing": "15.97",
          "Washington, D.C.": "14.64",
          "New Delhi": "6.99"
        },
        "Prepared Foodstuffs; Beverages, Spirits, Vinegar, Tobacco and Manufactured Tobacco Substitutes": {
          "Cote dIvoire": "10.99",
          "Brasília": "16.85",
          "Canberra": "8.54",
          "Paris": "8.53",
          "New Delhi": "7.83"
        },
        "Mineral Products": {
          "Romania": "9.75",
          "Manila": "21.15",
          "Jerusalem": "16.54",
          "Bern": "10.74",
          "Cairo": "7.15"
        },
        "Products of the Chemical or Allied Industries": {
          "Belgium": "7.83",
          "Paris": "39.34",
          "Washington, D.C.": "10.29",
          "New Delhi": "8.01",
          "Beijing": "7.32"
        },
        "Plastics and Articles thereof; Rubber and Articles thereof": {
          "Belgium": "12.12",
          "Paris": "10.30",
          "Washington, D.C.": "9.38",
          "Berlin": "6.78",
          "Pretoria": "6.63"
        },
        "Raw Hides and Skins, Leather, Furskins, and Articles thereof; Saddlery and Harness; Travel Goods, Handbags, and Similar Containers; Articles of Animal Gut (Other than Silk-worm Gut)": {
          "Thailand": "2.19",
          "Beijing": "75.45",
          "Hong Kong": "10.14",
          "Jakarta": "3.13",
          "New Delhi": "3.06"
        },
        "Wood and Articles of Wood; Wood Charcoal; Cork and Articles of Cork; Manufactures of Straw, of Esparto or of Other Plaiting Materials; Basketware and Wickerwork": {
          "Paris": "25.72",
          "Madrid": "19.01",
          "Jakarta": "9.47",
          "Berlin": "7.73",
          "Washington, D.C.": "5.32"
        },
        "Textiles and Textile Articles": {
          "Beijing": "28.01",
          "Washington, D.C.": "10.50",
          "New Delhi": "8.42",
          "Hong Kong": "7.23",
          "Rome": "5.30"
        },
        "Footwear, Headgear, Umbrellas, Sun Umbrellas, Walking-sticks, Seat-sticks, Whips, Riding-crops, and Parts thereof; Prepared Feathers and Articles Made therewith; Artificial Flowers; Articles of Human Hair": {
          "Cote dIvoire": "30.76",
          "Beijing": "56.68",
          "Hong Kong": "5.57",
          "Jakarta": "1.06",
          "New Delhi": "0.95"
        },
        "Articles of Stone, Plaster, Cement, Asbestos, Mica or Similar Materials; Ceramic Products; Glass and Glassware": {
          "Beijing": "31.14",
          "Rome": "20.07",
          "Paris": "9.49",
          "Madrid": "7.43",
          "Abu Dhabi": "4.82"
        },
        "Natural or Cultured Pearls, Precious or Semi-precious Stones, Precious Metals, Metals Clad with Precious Metal, and Articles thereof; Imitation Jewellery; Coin": {
          "Belgium": "14.78",
          "Lebanon": "6.48",
          "Paris": "21.71",
          "Tokyo": "16.06",
          "Rabat": "5.76"
        },
        "Base Metals and Articles of Base Metal": {
          "Ukraine": "18.50",
          "Washington, D.C.": "31.90",
          "Paris": "8.57",
          "Tokyo": "7.11",
          "Beijing": "6.35"
        },
        "Machinery and Mechanical Appliances; Electrical Equipment; Parts thereof; Sound Recorders and Reproducers, Television Image and Sound Recorders and Reproducers, and Parts and Accessories of such Articles": {
          "Belgium": "22.16",
          "Ottawa": "14.75",
          "Paris": "13.03",
          "Pretoria": "9.98",
          "Helsinki": "8.61"
        },
        "Vehicles, Aircraft, Vessels, and Associated Transport Equipment": {
          "Belgium": "11.82",
          "Tokyo": "21.74",
          "Amsterdam": "13.98",
          "Berlin": "12.62",
          "Paris": "11.44"
        },
        "Optical, Photographic, Cinematographic, Measuring, Checking, Precision, Medical or Surgical Instruments and Apparatus; Clocks and Watches; Musical Instruments; Parts and Accessories thereof": {
          "Belgium": "11.18",
          "Paris": "14.08",
          "Beijing": "10.66",
          "Washington, D.C.": "9.96",
          "Ottawa": "4.54"
        },
        "Miscellaneous Manufactured Articles": {
          "Unspecified": "33.36",
          "Belgium": "7.11",
          "Beijing": "15.26",
          "Paris": "9.85",
          "Bern": "7.11"
        }
      }
    },
    "2005": {
      "Imports": {
        "Animals & Animal Products": {
          "Belgium": "18.32",
          "Peru": "8.20",
          "Amsterdam": "22.42",
          "Paris": "14.39",
          "Riyadh": "8.76"
        },
        "Vegetable Products": {
          "Thailand": "26.62",
          "Islamabad": "17.55",
          "New Delhi": "9.91",
          "Washington, D.C.": "8.89",
          "Paris": "8.17"
        },
        "Prepared Foodstuffs; Beverages, Spirits, Vinegar, Tobacco and Manufactured Tobacco Substitutes": {
          "Cote dIvoire": "5.81",
          "Brasília": "18.09",
          "Pretoria": "13.87",
          "New Delhi": "7.08",
          "Vienna": "6.08"
        },
        "Mineral Products": {
          "Ukraine": "26.86",
          "Belgium": "7.85",
          "Beijing": "17.39",
          "Paris": "10.56",
          "Berlin": "5.28"
        },
        "Products of the Chemical or Allied Industries": {
          "Belgium": "10.03",
          "Washington, D.C.": "25.57",
          "Paris": "24.26",
          "New Delhi": "9.44",
          "Beijing": "8.27"
        },
        "Plastics and Articles thereof; Rubber and Articles thereof": {
          "Belgium": "15.19",
          "Thailand": "8.16",
          "Paris": "14.31",
          "Beijing": "8.60",
          "Washington, D.C.": "5.78"
        },
        "Raw Hides and Skins, Leather, Furskins, and Articles thereof; Saddlery and Harness; Travel Goods, Handbags, and Similar Containers; Articles of Animal Gut (Other than Silk-worm Gut)": {
          "Beijing": "71.09",
          "Abu Dhabi": "10.44",
          "Hong Kong": "5.67",
          "Jakarta": "5.12",
          "New Delhi": "1.84"
        },
        "Wood and Articles of Wood; Wood Charcoal; Cork and Articles of Cork; Manufactures of Straw, of Esparto or of Other Plaiting Materials; Basketware and Wickerwork": {
          "Belgium": "5.10",
          "Paris": "25.15",
          "Washington, D.C.": "14.32",
          "Madrid": "12.41",
          "London": "11.38"
        },
        "Textiles and Textile Articles": {
          "Beijing": "33.02",
          "Washington, D.C.": "17.31",
          "Rome": "4.55",
          "Paris": "4.52",
          "New Delhi": "4.38"
        },
        "Footwear, Headgear, Umbrellas, Sun Umbrellas, Walking-sticks, Seat-sticks, Whips, Riding-crops, and Parts thereof; Prepared Feathers and Articles Made therewith; Artificial Flowers; Articles of Human Hair": {
          "Cote dIvoire": "12.78",
          "Beijing": "77.28",
          "Hong Kong": "3.28",
          "Paris": "1.43",
          "Jakarta": "0.74"
        },
        "Articles of Stone, Plaster, Cement, Asbestos, Mica or Similar Materials; Ceramic Products; Glass and Glassware": {
          "Ukraine": "6.20",
          "Beijing": "32.72",
          "Washington, D.C.": "21.57",
          "Abu Dhabi": "6.81",
          "Madrid": "6.75"
        },
        "Natural or Cultured Pearls, Precious or Semi-precious Stones, Precious Metals, Metals Clad with Precious Metal, and Articles thereof; Imitation Jewellery; Coin": {
          "Belgium": "27.07",
          "Lebanon": "9.35",
          "Berlin": "16.49",
          "Paris": "12.03",
          "Rabat": "11.45"
        },
        "Base Metals and Articles of Base Metal": {
          "Belgium": "11.75",
          "Ukraine": "9.52",
          "Washington, D.C.": "36.61",
          "Paris": "8.84",
          "Rome": "6.82"
        },
        "Machinery and Mechanical Appliances; Electrical Equipment; Parts thereof; Sound Recorders and Reproducers, Television Image and Sound Recorders and Reproducers, and Parts and Accessories of such Articles": {
          "Belgium": "18.36",
          "Paris": "20.96",
          "Washington, D.C.": "12.70",
          "Beijing": "7.59",
          "Helsinki": "6.35"
        },
        "Vehicles, Aircraft, Vessels, and Associated Transport Equipment": {
          "Belgium": "18.54",
          "Tokyo": "21.45",
          "Washington, D.C.": "16.98",
          "Paris": "11.53",
          "Beijing": "9.85"
        },
        "Optical, Photographic, Cinematographic, Measuring, Checking, Precision, Medical or Surgical Instruments and Apparatus; Clocks and Watches; Musical Instruments; Parts and Accessories thereof": {
          "Belgium": "12.67",
          "Ukraine": "5.54",
          "Washington, D.C.": "17.59",
          "Paris": "15.17",
          "Beijing": "12.33"
        },
        "Miscellaneous Manufactured Articles": {
          "Unspecified": "98.51",
          "Belgium": "0.22",
          "Paris": "0.22",
          "Washington, D.C.": "0.21",
          "Beijing": "0.21"
        }
      }
    },
    "2006": {
      "Imports": {
        "Animals & Animal Products": {
          "Belgium": "17.61",
          "Amsterdam": "23.82",
          "Paris": "15.60",
          "London": "5.84",
          "Ottawa": "5.54"
        },
        "Vegetable Products": {
          "Thailand": "8.12",
          "New Delhi": "30.77",
          "Islamabad": "28.03",
          "Rabat": "5.40",
          "Paris": "5.19"
        },
        "Prepared Foodstuffs; Beverages, Spirits, Vinegar, Tobacco and Manufactured Tobacco Substitutes": {
          "Cote dIvoire": "9.42",
          "Vienna": "17.61",
          "Brasília": "15.88",
          "New Delhi": "12.21",
          "Pretoria": "5.40"
        },
        "Mineral Products": {
          "Senegal": "6.39",
          "Beijing": "65.31",
          "London": "8.17",
          "Paris": "7.11",
          "Ottawa": "5.54"
        },
        "Products of the Chemical or Allied Industries": {
          "Belgium": "8.53",
          "Washington, D.C.": "21.39",
          "Paris": "18.76",
          "New Delhi": "9.48",
          "Beijing": "8.16"
        },
        "Plastics and Articles thereof; Rubber and Articles thereof": {
          "Belgium": "14.29",
          "Thailand": "5.67",
          "Paris": "14.34",
          "Beijing": "9.85",
          "Jakarta": "6.94"
        },
        "Raw Hides and Skins, Leather, Furskins, and Articles thereof; Saddlery and Harness; Travel Goods, Handbags, and Similar Containers; Articles of Animal Gut (Other than Silk-worm Gut)": {
          "Beijing": "74.79",
          "Abu Dhabi": "9.00",
          "Riyadh": "4.55",
          "Jakarta": "4.52",
          "Paris": "2.15"
        },
        "Wood and Articles of Wood; Wood Charcoal; Cork and Articles of Cork; Manufactures of Straw, of Esparto or of Other Plaiting Materials; Basketware and Wickerwork": {
          "Mauritius": "11.87",
          "Paris": "21.32",
          "Rome": "14.81",
          "Madrid": "11.31",
          "Jakarta": "7.58"
        },
        "Textiles and Textile Articles": {
          "Belgium": "6.22",
          "Beijing": "33.26",
          "Washington, D.C.": "10.41",
          "Rome": "5.62",
          "Paris": "4.73"
        },
        "Footwear, Headgear, Umbrellas, Sun Umbrellas, Walking-sticks, Seat-sticks, Whips, Riding-crops, and Parts thereof; Prepared Feathers and Articles Made therewith; Artificial Flowers; Articles of Human Hair": {
          "Cote dIvoire": "15.92",
          "Beijing": "69.72",
          "Hong Kong": "3.23",
          "Paris": "1.56",
          "Pretoria": "1.54"
        },
        "Articles of Stone, Plaster, Cement, Asbestos, Mica or Similar Materials; Ceramic Products; Glass and Glassware": {
          "Belgium": "9.62",
          "Beijing": "33.01",
          "Abu Dhabi": "15.03",
          "Madrid": "12.88",
          "Rome": "6.54"
        },
        "Natural or Cultured Pearls, Precious or Semi-precious Stones, Precious Metals, Metals Clad with Precious Metal, and Articles thereof; Imitation Jewellery; Coin": {
          "Belgium": "9.43",
          "Ottawa": "42.49",
          "Berlin": "19.71",
          "Paris": "6.37",
          "Beijing": "4.45"
        },
        "Base Metals and Articles of Base Metal": {
          "Ukraine": "9.48",
          "Pretoria": "13.10",
          "Beijing": "11.50",
          "Tokyo": "10.47",
          "Paris": "10.42"
        },
        "Machinery and Mechanical Appliances; Electrical Equipment; Parts thereof; Sound Recorders and Reproducers, Television Image and Sound Recorders and Reproducers, and Parts and Accessories of such Articles": {
          "Belgium": "21.93",
          "Paris": "15.54",
          "Beijing": "8.55",
          "London": "6.67",
          "Pretoria": "5.72"
        },
        "Vehicles, Aircraft, Vessels, and Associated Transport Equipment": {
          "Belgium": "13.59",
          "Tokyo": "28.05",
          "Washington, D.C.": "15.77",
          "Beijing": "8.08",
          "Paris": "7.36"
        },
        "Optical, Photographic, Cinematographic, Measuring, Checking, Precision, Medical or Surgical Instruments and Apparatus; Clocks and Watches; Musical Instruments; Parts and Accessories thereof": {
          "Belgium": "13.49",
          "Beijing": "14.83",
          "Paris": "13.39",
          "Washington, D.C.": "9.15",
          "Tokyo": "6.60"
        },
        "Miscellaneous Manufactured Articles": {
          "Unspecified": "23.70",
          "Belgium": "11.64",
          "Paris": "13.96",
          "Beijing": "13.83",
          "Washington, D.C.": "5.50"
        }
      }
    },
    "2007": {
      "Imports": {
        "Animals & Animal Products": {
          "Belgium": "33.16",
          "Paris": "19.21",
          "Amsterdam": "10.05",
          "Brasília": "5.08",
          "Ottawa": "4.32"
        },
        "Vegetable Products": {
          "Thailand": "8.42",
          "New Delhi": "28.80",
          "Islamabad": "13.13",
          "Paris": "11.14",
          "Washington, D.C.": "7.69"
        },
        "Prepared Foodstuffs; Beverages, Spirits, Vinegar, Tobacco and Manufactured Tobacco Substitutes": {
          "Cote dIvoire": "4.80",
          "Brasília": "21.94",
          "Abu Dhabi": "12.33",
          "Vienna": "12.04",
          "New Delhi": "6.22"
        },
        "Mineral Products": {
          "Manila": "34.91",
          "Beijing": "28.22",
          "Ankara": "11.76",
          "Jakarta": "7.60",
          "Bern": "5.97"
        },
        "Products of the Chemical or Allied Industries": {
          "Belgium": "17.84",
          "Paris": "18.18",
          "Washington, D.C.": "15.40",
          "New Delhi": "13.53",
          "Beijing": "10.05"
        },
        "Plastics and Articles thereof; Rubber and Articles thereof": {
          "Belgium": "19.49",
          "Thailand": "6.27",
          "Washington, D.C.": "13.26",
          "Beijing": "10.12",
          "Paris": "7.87"
        },
        "Raw Hides and Skins, Leather, Furskins, and Articles thereof; Saddlery and Harness; Travel Goods, Handbags, and Similar Containers; Articles of Animal Gut (Other than Silk-worm Gut)": {
          "Beijing": "73.60",
          "Abu Dhabi": "7.15",
          "Riyadh": "3.22",
          "Paris": "2.83",
          "Copenhagen": "2.65"
        },
        "Wood and Articles of Wood; Wood Charcoal; Cork and Articles of Cork; Manufactures of Straw, of Esparto or of Other Plaiting Materials; Basketware and Wickerwork": {
          "Lebanon": "10.48",
          "Paris": "18.00",
          "Rabat": "10.55",
          "Washington, D.C.": "10.44",
          "Jakarta": "9.33"
        },
        "Textiles and Textile Articles": {
          "Belgium": "11.82",
          "Beijing": "29.62",
          "Paris": "10.18",
          "Washington, D.C.": "9.10",
          "Hanoi": "8.27"
        },
        "Footwear, Headgear, Umbrellas, Sun Umbrellas, Walking-sticks, Seat-sticks, Whips, Riding-crops, and Parts thereof; Prepared Feathers and Articles Made therewith; Artificial Flowers; Articles of Human Hair": {
          "Cote dIvoire": "12.48",
          "Beijing": "73.35",
          "Paris": "2.51",
          "London": "2.42",
          "Hong Kong": "1.26"
        },
        "Articles of Stone, Plaster, Cement, Asbestos, Mica or Similar Materials; Ceramic Products; Glass and Glassware": {
          "Belgium": "5.34",
          "Beijing": "51.88",
          "Abu Dhabi": "8.14",
          "Madrid": "7.37",
          "Paris": "5.16"
        },
        "Natural or Cultured Pearls, Precious or Semi-precious Stones, Precious Metals, Metals Clad with Precious Metal, and Articles thereof; Imitation Jewellery; Coin": {
          "Belgium": "27.19",
          "Paris": "17.23",
          "Beijing": "11.86",
          "Berlin": "9.87",
          "Pretoria": "6.27"
        },
        "Base Metals and Articles of Base Metal": {
          "Belgium": "23.42",
          "Russian Federation": "15.59",
          "Beijing": "10.25",
          "Pretoria": "9.20",
          "Paris": "8.64"
        },
        "Machinery and Mechanical Appliances; Electrical Equipment; Parts thereof; Sound Recorders and Reproducers, Television Image and Sound Recorders and Reproducers, and Parts and Accessories of such Articles": {
          "Belgium": "32.08",
          "Paris": "12.74",
          "Stockholm": "10.79",
          "Tokyo": "8.55",
          "Pretoria": "4.23"
        },
        "Vehicles, Aircraft, Vessels, and Associated Transport Equipment": {
          "Belgium": "17.67",
          "Tokyo": "29.09",
          "Washington, D.C.": "13.24",
          "Paris": "12.05",
          "Beijing": "7.39"
        },
        "Optical, Photographic, Cinematographic, Measuring, Checking, Precision, Medical or Surgical Instruments and Apparatus; Clocks and Watches; Musical Instruments; Parts and Accessories thereof": {
          "Belgium": "24.30",
          "Paris": "12.13",
          "Beijing": "9.22",
          "Tokyo": "8.00",
          "Washington, D.C.": "6.55"
        },
        "Miscellaneous Manufactured Articles": {
          "Belgium": "33.33",
          "Beijing": "13.84",
          "Paris": "13.76",
          "Pretoria": "9.29",
          "Canberra": "5.32"
        }
      }
    },
    "2008": {
      "Imports": {
        "Animals & Animal Products": {
          "Belgium": "15.61",
          "Paris": "20.01",
          "Amsterdam": "15.10",
          "Copenhagen": "7.63",
          "Brasília": "6.83"
        },
        "Vegetable Products": {
          "Thailand": "16.85",
          "Paris": "13.92",
          "Islamabad": "11.72",
          "New Delhi": "8.74",
          "Hanoi": "6.34"
        },
        "Prepared Foodstuffs; Beverages, Spirits, Vinegar, Tobacco and Manufactured Tobacco Substitutes": {
          "Cote dIvoire": "4.39",
          "Brasília": "27.67",
          "Abu Dhabi": "15.61",
          "Vienna": "9.78",
          "Beijing": "5.77"
        },
        "Mineral Products": {
          "Brasília": "22.81",
          "Madrid": "16.73",
          "Athens": "16.25",
          "Lisbon": "6.94",
          "Manila": "6.29"
        },
        "Products of the Chemical or Allied Industries": {
          "Belgium": "10.65",
          "Washington, D.C.": "27.85",
          "Paris": "19.69",
          "Canberra": "8.38",
          "New Delhi": "8.10"
        },
        "Plastics and Articles thereof; Rubber and Articles thereof": {
          "Belgium": "12.24",
          "Beijing": "10.69",
          "Washington, D.C.": "9.18",
          "Pretoria": "8.57",
          "Paris": "8.56"
        },
        "Raw Hides and Skins, Leather, Furskins, and Articles thereof; Saddlery and Harness; Travel Goods, Handbags, and Similar Containers; Articles of Animal Gut (Other than Silk-worm Gut)": {
          "Beijing": "84.24",
          "Abu Dhabi": "7.27",
          "Riyadh": "1.76",
          "Paris": "1.10",
          "Hong Kong": "0.91"
        },
        "Wood and Articles of Wood; Wood Charcoal; Cork and Articles of Cork; Manufactures of Straw, of Esparto or of Other Plaiting Materials; Basketware and Wickerwork": {
          "Paris": "19.41",
          "Rabat": "16.39",
          "Jakarta": "15.94",
          "Beijing": "11.52",
          "Washington, D.C.": "5.69"
        },
        "Textiles and Textile Articles": {
          "Belgium": "6.55",
          "Beijing": "38.33",
          "Washington, D.C.": "11.24",
          "Abu Dhabi": "5.86",
          "New Delhi": "4.99"
        },
        "Footwear, Headgear, Umbrellas, Sun Umbrellas, Walking-sticks, Seat-sticks, Whips, Riding-crops, and Parts thereof; Prepared Feathers and Articles Made therewith; Artificial Flowers; Articles of Human Hair": {
          "Cote dIvoire": "7.55",
          "Beijing": "77.28",
          "Paris": "3.79",
          "Canberra": "2.08",
          "Abu Dhabi": "2.02"
        },
        "Articles of Stone, Plaster, Cement, Asbestos, Mica or Similar Materials; Ceramic Products; Glass and Glassware": {
          "Liberia": "12.80",
          "Beijing": "52.60",
          "Warsaw": "6.08",
          "Abu Dhabi": "5.50",
          "Rome": "4.84"
        },
        "Natural or Cultured Pearls, Precious or Semi-precious Stones, Precious Metals, Metals Clad with Precious Metal, and Articles thereof; Imitation Jewellery; Coin": {
          "Belgium": "16.50",
          "Beijing": "18.91",
          "Paris": "11.39",
          "Rabat": "10.45",
          "Madrid": "9.84"
        },
        "Base Metals and Articles of Base Metal": {
          "Belgium": "7.67",
          "Beijing": "18.20",
          "Paris": "15.17",
          "Canberra": "10.71",
          "Pretoria": "6.71"
        },
        "Machinery and Mechanical Appliances; Electrical Equipment; Parts thereof; Sound Recorders and Reproducers, Television Image and Sound Recorders and Reproducers, and Parts and Accessories of such Articles": {
          "Belgium": "12.06",
          "Paris": "17.50",
          "Canberra": "9.84",
          "Stockholm": "9.22",
          "Beijing": "7.57"
        },
        "Vehicles, Aircraft, Vessels, and Associated Transport Equipment": {
          "Tokyo": "24.12",
          "Paris": "13.48",
          "Washington, D.C.": "12.37",
          "New Delhi": "8.76",
          "Beijing": "6.92"
        },
        "Optical, Photographic, Cinematographic, Measuring, Checking, Precision, Medical or Surgical Instruments and Apparatus; Clocks and Watches; Musical Instruments; Parts and Accessories thereof": {
          "Belgium": "8.65",
          "Paris": "14.59",
          "Beijing": "11.46",
          "Washington, D.C.": "8.07",
          "Canberra": "7.28"
        },
        "Miscellaneous Manufactured Articles": {
          "Beijing": "29.18",
          "Paris": "10.30",
          "Canberra": "7.26",
          "Pretoria": "6.83",
          "Washington, D.C.": "6.68"
        }
      }
    },
    "2013": {
      "Imports": {
        "Animals & Animal Products": {
          "Belgium": "9.22",
          "Paris": "18.07",
          "Amsterdam": "13.17",
          "Brasília": "9.19",
          "Rome": "7.22"
        },
        "Vegetable Products": {
          "New Delhi": "26.08",
          "Rabat": "13.45",
          "Hanoi": "12.08",
          "Naypyidaw": "10.00",
          "Islamabad": "8.36"
        },
        "Prepared Foodstuffs; Beverages, Spirits, Vinegar, Tobacco and Manufactured Tobacco Substitutes": {
          "Guatemala": "7.01",
          "Brasília": "17.13",
          "Abu Dhabi": "13.32",
          "Warsaw": "9.73",
          "Beijing": "5.89"
        },
        "Mineral Products": {
          "Malta": "6.93",
          "Rabat": "25.28",
          "Madrid": "19.13",
          "Beijing": "13.45",
          "Ankara": "10.58"
        },
        "Products of the Chemical or Allied Industries": {
          "New Delhi": "20.26",
          "Paris": "17.92",
          "Beijing": "11.96",
          "Amsterdam": "11.40",
          "Seoul": "9.32"
        },
        "Plastics and Articles thereof; Rubber and Articles thereof": {
          "Belgium": "10.64",
          "Riyadh": "18.43",
          "Beijing": "15.83",
          "Madrid": "7.80",
          "Paris": "6.26"
        },
        "Raw Hides and Skins, Leather, Furskins, and Articles thereof; Saddlery and Harness; Travel Goods, Handbags, and Similar Containers; Articles of Animal Gut (Other than Silk-worm Gut)": {
          "Beijing": "93.65",
          "Washington, D.C.": "2.03",
          "Paris": "1.25",
          "Abu Dhabi": "0.58",
          "Ottawa": "0.54"
        },
        "Wood and Articles of Wood; Wood Charcoal; Cork and Articles of Cork; Manufactures of Straw, of Esparto or of Other Plaiting Materials; Basketware and Wickerwork": {
          "Ottawa": "19.46",
          "Beijing": "16.80",
          "Paris": "16.55",
          "London": "5.58",
          "Ankara": "4.98"
        },
        "Textiles and Textile Articles": {
          "Beijing": "29.34",
          "Copenhagen": "18.71",
          "Hanoi": "16.87",
          "Washington, D.C.": "9.89",
          "Rome": "6.71"
        },
        "Footwear, Headgear, Umbrellas, Sun Umbrellas, Walking-sticks, Seat-sticks, Whips, Riding-crops, and Parts thereof; Prepared Feathers and Articles Made therewith; Artificial Flowers; Articles of Human Hair": {
          "Cote dIvoire": "3.83",
          "Beijing": "85.60",
          "Paris": "3.62",
          "Abu Dhabi": "1.88",
          "New Delhi": "1.11"
        },
        "Articles of Stone, Plaster, Cement, Asbestos, Mica or Similar Materials; Ceramic Products; Glass and Glassware": {
          "Beijing": "63.82",
          "Madrid": "4.34",
          "Paris": "3.74",
          "Abu Dhabi": "3.55",
          "Rabat": "3.04"
        },
        "Natural or Cultured Pearls, Precious or Semi-precious Stones, Precious Metals, Metals Clad with Precious Metal, and Articles thereof; Imitation Jewellery; Coin": {
          "New Delhi": "31.38",
          "Ankara": "14.53",
          "Beijing": "14.15",
          "Madrid": "12.10",
          "Rabat": "9.76"
        },
        "Base Metals and Articles of Base Metal": {
          "Other Asia, nes": "7.42",
          "Belgium": "5.24",
          "Beijing": "32.39",
          "Paris": "12.05",
          "Tokyo": "8.34"
        },
        "Machinery and Mechanical Appliances; Electrical Equipment; Parts thereof; Sound Recorders and Reproducers, Television Image and Sound Recorders and Reproducers, and Parts and Accessories of such Articles": {
          "Belgium": "10.86",
          "Beijing": "18.50",
          "Paris": "13.14",
          "Berlin": "6.79",
          "Washington, D.C.": "6.78"
        },
        "Vehicles, Aircraft, Vessels, and Associated Transport Equipment": {
          "Belgium": "5.34",
          "Beijing": "26.97",
          "Paris": "17.44",
          "Tokyo": "17.44",
          "Washington, D.C.": "7.60"
        },
        "Optical, Photographic, Cinematographic, Measuring, Checking, Precision, Medical or Surgical Instruments and Apparatus; Clocks and Watches; Musical Instruments; Parts and Accessories thereof": {
          "Belgium": "6.57",
          "Beijing": "22.76",
          "Paris": "12.37",
          "New Delhi": "6.09",
          "Washington, D.C.": "4.69"
        },
        "Miscellaneous Manufactured Articles": {
          "Belgium": "8.50",
          "Beijing": "25.93",
          "Paris": "12.28",
          "Washington, D.C.": "7.77",
          "Abu Dhabi": "5.84"
        }
      }
    },
    "2014": {
      "Imports": {
        "Animals & Animal Products": {
          "Belgium": "10.10",
          "Amsterdam": "17.86",
          "Paris": "16.07",
          "Rome": "7.71",
          "Washington, D.C.": "6.98"
        },
        "Vegetable Products": {
          "Thailand": "14.74",
          "New Delhi": "35.11",
          "Rabat": "12.63",
          "Islamabad": "8.70",
          "Kuala Lumpur": "4.58"
        },
        "Prepared Foodstuffs; Beverages, Spirits, Vinegar, Tobacco and Manufactured Tobacco Substitutes": {
          "Lebanon": "5.46",
          "Brasília": "23.99",
          "Abu Dhabi": "12.18",
          "Warsaw": "7.03",
          "Beijing": "5.24"
        },
        "Mineral Products": {
          "Lebanon": "9.31",
          "Madrid": "37.69",
          "New Delhi": "9.73",
          "Rabat": "8.95",
          "Ankara": "7.50"
        },
        "Products of the Chemical or Allied Industries": {
          "Belgium": "6.64",
          "New Delhi": "25.98",
          "Paris": "19.77",
          "Beijing": "14.11",
          "Seoul": "7.26"
        },
        "Plastics and Articles thereof; Rubber and Articles thereof": {
          "Belgium": "11.69",
          "Riyadh": "23.00",
          "Beijing": "16.82",
          "Paris": "8.20",
          "Abu Dhabi": "4.79"
        },
        "Raw Hides and Skins, Leather, Furskins, and Articles thereof; Saddlery and Harness; Travel Goods, Handbags, and Similar Containers; Articles of Animal Gut (Other than Silk-worm Gut)": {
          "Beijing": "93.52",
          "Paris": "2.17",
          "Abu Dhabi": "1.11",
          "Pretoria": "0.66",
          "Washington, D.C.": "0.46"
        },
        "Wood and Articles of Wood; Wood Charcoal; Cork and Articles of Cork; Manufactures of Straw, of Esparto or of Other Plaiting Materials; Basketware and Wickerwork": {
          "Paris": "24.06",
          "Beijing": "19.24",
          "Rabat": "8.90",
          "Jakarta": "6.47",
          "Kuala Lumpur": "5.56"
        },
        "Textiles and Textile Articles": {
          "Beijing": "50.39",
          "Rome": "10.98",
          "Washington, D.C.": "7.18",
          "New Delhi": "3.63",
          "Paris": "3.61"
        },
        "Footwear, Headgear, Umbrellas, Sun Umbrellas, Walking-sticks, Seat-sticks, Whips, Riding-crops, and Parts thereof; Prepared Feathers and Articles Made therewith; Artificial Flowers; Articles of Human Hair": {
          "Cote dIvoire": "6.85",
          "Beijing": "80.25",
          "Washington, D.C.": "5.47",
          "Abu Dhabi": "2.44",
          "Paris": "1.03"
        },
        "Articles of Stone, Plaster, Cement, Asbestos, Mica or Similar Materials; Ceramic Products; Glass and Glassware": {
          "Beijing": "73.39",
          "Abu Dhabi": "5.90",
          "New Delhi": "4.57",
          "Madrid": "3.66",
          "Ankara": "3.31"
        },
        "Natural or Cultured Pearls, Precious or Semi-precious Stones, Precious Metals, Metals Clad with Precious Metal, and Articles thereof; Imitation Jewellery; Coin": {
          "Lebanon": "7.35",
          "New Delhi": "31.24",
          "Beijing": "17.64",
          "Madrid": "14.37",
          "Ankara": "8.83"
        },
        "Base Metals and Articles of Base Metal": {
          "Other Asia, nes": "8.54",
          "Belgium": "6.12",
          "Beijing": "39.87",
          "Tokyo": "6.92",
          "Paris": "6.63"
        },
        "Machinery and Mechanical Appliances; Electrical Equipment; Parts thereof; Sound Recorders and Reproducers, Television Image and Sound Recorders and Reproducers, and Parts and Accessories of such Articles": {
          "Belgium": "10.66",
          "Beijing": "40.49",
          "Paris": "10.39",
          "Washington, D.C.": "4.00",
          "New Delhi": "3.31"
        },
        "Vehicles, Aircraft, Vessels, and Associated Transport Equipment": {
          "Tokyo": "24.50",
          "Beijing": "15.57",
          "New Delhi": "13.79",
          "Paris": "11.00",
          "Washington, D.C.": "5.38"
        },
        "Optical, Photographic, Cinematographic, Measuring, Checking, Precision, Medical or Surgical Instruments and Apparatus; Clocks and Watches; Musical Instruments; Parts and Accessories thereof": {
          "Belgium": "7.57",
          "Beijing": "31.97",
          "Paris": "11.28",
          "New Delhi": "8.28",
          "Tokyo": "4.07"
        },
        "Miscellaneous Manufactured Articles": {
          "Belgium": "11.29",
          "Beijing": "22.24",
          "Paris": "17.11",
          "Washington, D.C.": "9.82",
          "Jakarta": "7.27"
        }
      }
    },
    "2015": {
      "Imports": {
        "Animals & Animal Products": {
          "Freetown": "22.46",
          "Washington, D.C.": "12.48",
          "Paris": "9.88",
          "Rome": "9.84",
          "Amsterdam": "7.61"
        },
        "Vegetable Products": {
          "Lebanon": "6.08",
          "New Delhi": "41.92",
          "Abu Dhabi": "14.85",
          "Kuala Lumpur": "6.55"
        },
        "Prepared Foodstuffs; Beverages, Spirits, Vinegar, Tobacco and Manufactured Tobacco Substitutes": {
          "Abu Dhabi": "16.83",
          "Brasília": "16.72",
          "Warsaw": "6.77",
          "Beijing": "5.59",
          "Freetown": "3.87"
        },
        "Mineral Products": {
          "Lebanon": "8.98",
          "Lisbon": "46.74",
          "Madrid": "19.71",
          "Ankara": "10.95",
          "Rabat": "4.26"
        },
        "Products of the Chemical or Allied Industries": {
          "Belgium": "5.22",
          "New Delhi": "33.20",
          "Paris": "17.92",
          "Beijing": "15.61",
          "Seoul": "6.41"
        },
        "Plastics and Articles thereof; Rubber and Articles thereof": {
          "Belgium": "8.91",
          "Riyadh": "21.26",
          "Beijing": "16.05",
          "Abu Dhabi": "6.00",
          "New Delhi": "5.86"
        },
        "Raw Hides and Skins, Leather, Furskins, and Articles thereof; Saddlery and Harness; Travel Goods, Handbags, and Similar Containers; Articles of Animal Gut (Other than Silk-worm Gut)": {
          "Beijing": "77.23",
          "Abu Dhabi": "15.95",
          "Washington, D.C.": "2.05",
          "Pretoria": "1.14",
          "Paris": "0.98"
        },
        "Wood and Articles of Wood; Wood Charcoal; Cork and Articles of Cork; Manufactures of Straw, of Esparto or of Other Plaiting Materials; Basketware and Wickerwork": {
          "Beijing": "15.71",
          "Berlin": "12.18",
          "Kuala Lumpur": "10.88",
          "Paris": "10.71",
          "Rabat": "9.35"
        },
        "Textiles and Textile Articles": {
          "Abu Dhabi": "34.42",
          "Beijing": "28.41",
          "Rome": "9.99",
          "Washington, D.C.": "3.28",
          "New Delhi": "3.26"
        },
        "Footwear, Headgear, Umbrellas, Sun Umbrellas, Walking-sticks, Seat-sticks, Whips, Riding-crops, and Parts thereof; Prepared Feathers and Articles Made therewith; Artificial Flowers; Articles of Human Hair": {
          "Cote dIvoire": "9.42",
          "Beijing": "78.87",
          "Abu Dhabi": "2.85",
          "New Delhi": "2.03",
          "Paris": "1.57"
        },
        "Articles of Stone, Plaster, Cement, Asbestos, Mica or Similar Materials; Ceramic Products; Glass and Glassware": {
          "Beijing": "67.78",
          "Madrid": "4.79",
          "Abu Dhabi": "4.75",
          "Ankara": "4.45",
          "New Delhi": "3.15"
        },
        "Natural or Cultured Pearls, Precious or Semi-precious Stones, Precious Metals, Metals Clad with Precious Metal, and Articles thereof; Imitation Jewellery; Coin": {
          "Madrid": "24.05",
          "Beijing": "23.65",
          "Ankara": "14.88",
          "Rabat": "14.22",
          "Accra": "5.44"
        },
        "Base Metals and Articles of Base Metal": {
          "Lebanon": "8.11",
          "Belgium": "7.19",
          "Other Asia, nes": "5.21",
          "Beijing": "32.78",
          "Ankara": "7.99"
        },
        "Machinery and Mechanical Appliances; Electrical Equipment; Parts thereof; Sound Recorders and Reproducers, Television Image and Sound Recorders and Reproducers, and Parts and Accessories of such Articles": {
          "Belgium": "15.41",
          "Beijing": "27.79",
          "Paris": "14.10",
          "Washington, D.C.": "4.59"
        },
        "Vehicles, Aircraft, Vessels, and Associated Transport Equipment": {
          "Belgium": "18.79",
          "Senegal": "6.20",
          "Accra": "15.87",
          "Beijing": "12.94",
          "Paris": "6.70"
        },
        "Optical, Photographic, Cinematographic, Measuring, Checking, Precision, Medical or Surgical Instruments and Apparatus; Clocks and Watches; Musical Instruments; Parts and Accessories thereof": {
          "Belgium": "11.35",
          "Beijing": "24.14",
          "Paris": "10.23",
          "New Delhi": "7.51",
          "Accra": "4.31"
        },
        "Miscellaneous Manufactured Articles": {
          "Belgium": "7.39",
          "Beijing": "30.57",
          "Paris": "15.95",
          "Abu Dhabi": "6.45",
          "Copenhagen": "4.99"
        }
      }
    },
    "2016": {
      "Imports": {
        "Animals & Animal Products": {
          "Belgium": "6.42",
          "Washington, D.C.": "20.46",
          "Brasília": "15.05",
          "Amsterdam": "11.84",
          "Paris": "7.39"
        },
        "Vegetable Products": {
          "Thailand": "5.02",
          "Lebanon": "3.21",
          "Abu Dhabi": "57.39",
          "New Delhi": "22.57",
          "Kuala Lumpur": "2.83"
        },
        "Prepared Foodstuffs; Beverages, Spirits, Vinegar, Tobacco and Manufactured Tobacco Substitutes": {
          "Lebanon": "13.72",
          "Abu Dhabi": "11.99",
          "Brasília": "11.32",
          "Warsaw": "8.34",
          "Beijing": "5.88"
        },
        "Mineral Products": {
          "Madrid": "21.12",
          "Ankara": "17.12",
          "Lisbon": "14.73",
          "Beijing": "8.24"
        },
        "Products of the Chemical or Allied Industries": {
          "Belgium": "3.08",
          "New Delhi": "27.12",
          "Paris": "24.98",
          "Beijing": "20.52",
          "Seoul": "5.28"
        },
        "Plastics and Articles thereof; Rubber and Articles thereof": {
          "Belgium": "7.39",
          "Riyadh": "23.26",
          "Beijing": "20.29",
          "Washington, D.C.": "6.92",
          "Abu Dhabi": "4.77"
        },
        "Raw Hides and Skins, Leather, Furskins, and Articles thereof; Saddlery and Harness; Travel Goods, Handbags, and Similar Containers; Articles of Animal Gut (Other than Silk-worm Gut)": {
          "Beijing": "95.16",
          "Washington, D.C.": "1.34",
          "Ottawa": "0.95",
          "Abu Dhabi": "0.74",
          "Madrid": "0.38"
        },
        "Wood and Articles of Wood; Wood Charcoal; Cork and Articles of Cork; Manufactures of Straw, of Esparto or of Other Plaiting Materials; Basketware and Wickerwork": {
          "Thailand": "6.61",
          "Beijing": "25.28",
          "Paris": "12.43",
          "Ankara": "7.89",
          "Rabat": "6.98"
        },
        "Textiles and Textile Articles": {
          "Beijing": "51.87",
          "Rome": "9.72",
          "New Delhi": "6.70",
          "Hanoi": "5.00",
          "Abu Dhabi": "4.41"
        },
        "Footwear, Headgear, Umbrellas, Sun Umbrellas, Walking-sticks, Seat-sticks, Whips, Riding-crops, and Parts thereof; Prepared Feathers and Articles Made therewith; Artificial Flowers; Articles of Human Hair": {
          "Cote dIvoire": "5.75",
          "Beijing": "80.14",
          "New Delhi": "4.65",
          "Washington, D.C.": "2.13",
          "Abu Dhabi": "1.71"
        },
        "Articles of Stone, Plaster, Cement, Asbestos, Mica or Similar Materials; Ceramic Products; Glass and Glassware": {
          "Czech Republic": "2.27",
          "Beijing": "68.02",
          "Madrid": "7.06",
          "Ankara": "4.96",
          "New Delhi": "4.47"
        },
        "Natural or Cultured Pearls, Precious or Semi-precious Stones, Precious Metals, Metals Clad with Precious Metal, and Articles thereof; Imitation Jewellery; Coin": {
          "Beijing": "30.11",
          "Ankara": "12.94",
          "Madrid": "12.76",
          "Rabat": "8.25",
          "Bern": "6.93"
        },
        "Base Metals and Articles of Base Metal": {
          "Belgium": "6.98",
          "Lebanon": "5.09",
          "Beijing": "42.50",
          "Ankara": "5.23",
          "Rome": "5.06"
        },
        "Machinery and Mechanical Appliances; Electrical Equipment; Parts thereof; Sound Recorders and Reproducers, Television Image and Sound Recorders and Reproducers, and Parts and Accessories of such Articles": {
          "Belgium": "7.71",
          "Beijing": "29.82",
          "Tokyo": "16.04",
          "Paris": "10.36",
          "London": "6.60"
        },
        "Vehicles, Aircraft, Vessels, and Associated Transport Equipment": {
          "Belgium": "16.19",
          "London": "32.09",
          "Beijing": "17.64",
          "Paris": "11.00",
          "Tokyo": "8.44"
        },
        "Optical, Photographic, Cinematographic, Measuring, Checking, Precision, Medical or Surgical Instruments and Apparatus; Clocks and Watches; Musical Instruments; Parts and Accessories thereof": {
          "Belgium": "8.52",
          "Beijing": "27.41",
          "Paris": "11.07",
          "London": "10.74",
          "Tokyo": "8.31"
        },
        "Miscellaneous Manufactured Articles": {
          "Belgium": "8.24",
          "Beijing": "22.26",
          "Accra": "9.71",
          "Berlin": "9.13",
          "Washington, D.C.": "8.06"
        }
      }
    }
  }
}