{
  "Main Partners": {
    "2003": {
      "Imports": {
        "Vegetable Products": {
          "Kuala Lumpur": "31.29",
          "Nairobi": "9.78",
          "Jakarta": "8.66",
          "Ottawa": "7.36"
        },
        "Prepared Foodstuffs; Beverages, Spirits, Vinegar, Tobacco and Manufactured Tobacco Substitutes": {
          "Belgium": "5.02",
          "New Delhi": "21.87",
          "Amsterdam": "11.58",
          "Abu Dhabi": "10.11",
          "London": "5.04"
        },
        "Mineral Products": {
          "Iran, Islamic Rep.": "7.58",
          "Mauritania": "6.46",
          "New Delhi": "33.16",
          "Canberra": "16.72",
          "Rabat": "12.51"
        },
        "Products of the Chemical or Allied Industries": {
          "Beijing": "10.35",
          "Riyadh": "7.53",
          "Washington, D.C.": "7.19",
          "Tokyo": "5.87"
        },
        "Plastics and Articles thereof; Rubber and Articles thereof": {
          "Riyadh": "13.61",
          "Seoul": "8.50",
          "Abu Dhabi": "7.89",
          "Beijing": "7.25"
        },
        "Raw Hides and Skins, Leather, Furskins, and Articles thereof; Saddlery and Harness; Travel Goods, Handbags, and Similar Containers; Articles of Animal Gut (Other than Silk-worm Gut)": {
          "Fm Sudan": "13.72",
          "Abu Dhabi": "12.44",
          "Riyadh": "12.18",
          "Nairobi": "10.01",
          "Beijing": "8.12"
        },
        "Wood and Articles of Wood; Wood Charcoal; Cork and Articles of Cork; Manufactures of Straw, of Esparto or of Other Plaiting Materials; Basketware and Wickerwork": {
          "Jakarta": "9.76",
          "Abu Dhabi": "7.73",
          "Washington, D.C.": "7.63",
          "Berlin": "6.92",
          "Stockholm": "6.38"
        },
        "Textiles and Textile Articles": {
          "Other Asia, nes": "6.48",
          "Washington, D.C.": "21.72",
          "Beijing": "6.93",
          "Seoul": "6.32",
          "Abu Dhabi": "4.79"
        },
        "Footwear, Headgear, Umbrellas, Sun Umbrellas, Walking-sticks, Seat-sticks, Whips, Riding-crops, and Parts thereof; Prepared Feathers and Articles Made therewith; Artificial Flowers; Articles of Human Hair": {
          "Thailand": "5.05",
          "Other Asia, nes": "3.52",
          "Beijing": "66.50",
          "Hong Kong": "7.06",
          "Abu Dhabi": "4.52"
        },
        "Natural or Cultured Pearls, Precious or Semi-precious Stones, Precious Metals, Metals Clad with Precious Metal, and Articles thereof; Imitation Jewellery; Coin": {
          "Abu Dhabi": "12.64",
          "New Delhi": "9.48",
          "London": "9.04",
          "Canberra": "6.72",
          "Manama": "6.10"
        },
        "Base Metals and Articles of Base Metal": {
          "Belgium": "7.28",
          "Beijing": "10.45",
          "Abu Dhabi": "8.82",
          "London": "6.82",
          "Tokyo": "6.63"
        },
        "Machinery and Mechanical Appliances; Electrical Equipment; Parts thereof; Sound Recorders and Reproducers, Television Image and Sound Recorders and Reproducers, and Parts and Accessories of such Articles": {
          "Beijing": "12.68",
          "Berlin": "11.67",
          "Tokyo": "9.42",
          "Washington, D.C.": "9.42",
          "Abu Dhabi": "6.99"
        },
        "Vehicles, Aircraft, Vessels, and Associated Transport Equipment": {
          "Thailand": "4.26",
          "Tokyo": "46.01",
          "Beijing": "11.46",
          "Hong Kong": "7.28",
          "Washington, D.C.": "7.04"
        },
        "Optical, Photographic, Cinematographic, Measuring, Checking, Precision, Medical or Surgical Instruments and Apparatus; Clocks and Watches; Musical Instruments; Parts and Accessories thereof": {
          "Beijing": "12.31",
          "Tokyo": "11.61",
          "Washington, D.C.": "7.38",
          "Berlin": "6.97",
          "Abu Dhabi": "5.36"
        },
        "Miscellaneous Manufactured Articles": {
          "Beijing": "16.73",
          "Washington, D.C.": "11.94",
          "Abu Dhabi": "8.87",
          "Berlin": "7.46"
        }
      }
    },
    "2004": {
      "Imports": {
        "Animals & Animal Products": {
          "Berlin": "12.72",
          "Amsterdam": "11.29",
          "Paris": "11.09",
          "Warsaw": "8.85",
          "Canberra": "7.95"
        },
        "Vegetable Products": {
          "Kuala Lumpur": "29.22",
          "Jakarta": "12.94",
          "Canberra": "9.59",
          "Nairobi": "9.20",
          "Ottawa": "7.65"
        },
        "Prepared Foodstuffs; Beverages, Spirits, Vinegar, Tobacco and Manufactured Tobacco Substitutes": {
          "Iraq": "8.47",
          "New Delhi": "27.54",
          "Amsterdam": "10.50",
          "Beijing": "5.36",
          "Washington, D.C.": "4.41"
        },
        "Mineral Products": {
          "Iran, Islamic Rep.": "6.44",
          "New Delhi": "31.53",
          "Rabat": "14.99",
          "Ankara": "13.34",
          "Canberra": "9.49"
        },
        "Products of the Chemical or Allied Industries": {
          "Beijing": "10.56",
          "Riyadh": "7.85",
          "New Delhi": "7.58",
          "Washington, D.C.": "7.56",
          "Berlin": "5.65"
        },
        "Plastics and Articles thereof; Rubber and Articles thereof": {
          "Iraq": "8.15",
          "Riyadh": "10.91",
          "Seoul": "7.97",
          "Beijing": "7.24"
        },
        "Raw Hides and Skins, Leather, Furskins, and Articles thereof; Saddlery and Harness; Travel Goods, Handbags, and Similar Containers; Articles of Animal Gut (Other than Silk-worm Gut)": {
          "Iraq": "10.23",
          "Fm Sudan": "9.85",
          "Riyadh": "14.44",
          "Nairobi": "9.20",
          "Beijing": "7.72"
        },
        "Wood and Articles of Wood; Wood Charcoal; Cork and Articles of Cork; Manufactures of Straw, of Esparto or of Other Plaiting Materials; Basketware and Wickerwork": {
          "Iraq": "5.03",
          "Jakarta": "9.51",
          "Stockholm": "7.39",
          "Washington, D.C.": "7.10",
          "Berlin": "6.22"
        },
        "Textiles and Textile Articles": {
          "Other Asia, nes": "4.63",
          "Washington, D.C.": "18.85",
          "New Delhi": "6.38",
          "Beijing": "6.01",
          "Seoul": "4.95"
        },
        "Footwear, Headgear, Umbrellas, Sun Umbrellas, Walking-sticks, Seat-sticks, Whips, Riding-crops, and Parts thereof; Prepared Feathers and Articles Made therewith; Artificial Flowers; Articles of Human Hair": {
          "Thailand": "6.17",
          "Iraq": "5.55",
          "Other Asia, nes": "2.99",
          "Beijing": "67.69",
          "Hong Kong": "5.49"
        },
        "Articles of Stone, Plaster, Cement, Asbestos, Mica or Similar Materials; Ceramic Products; Glass and Glassware": {
          "Iraq": "61.86",
          "Bern": "18.03",
          "Beijing": "9.22",
          "Berlin": "1.28",
          "Washington, D.C.": "1.25"
        },
        "Natural or Cultured Pearls, Precious or Semi-precious Stones, Precious Metals, Metals Clad with Precious Metal, and Articles thereof; Imitation Jewellery; Coin": {
          "Iraq": "10.17",
          "New Delhi": "9.11",
          "London": "7.56",
          "Manama": "6.51",
          "Canberra": "4.85"
        },
        "Base Metals and Articles of Base Metal": {
          "Iraq": "7.81",
          "Belgium": "6.82",
          "Beijing": "7.40",
          "London": "6.90",
          "Seoul": "6.68"
        },
        "Machinery and Mechanical Appliances; Electrical Equipment; Parts thereof; Sound Recorders and Reproducers, Television Image and Sound Recorders and Reproducers, and Parts and Accessories of such Articles": {
          "Iraq": "6.90",
          "Beijing": "16.03",
          "Berlin": "10.99",
          "Washington, D.C.": "10.93",
          "Tokyo": "9.09"
        },
        "Vehicles, Aircraft, Vessels, and Associated Transport Equipment": {
          "Iraq": "19.16",
          "Thailand": "2.67",
          "Washington, D.C.": "29.72",
          "Tokyo": "29.07",
          "Beijing": "6.48"
        },
        "Optical, Photographic, Cinematographic, Measuring, Checking, Precision, Medical or Surgical Instruments and Apparatus; Clocks and Watches; Musical Instruments; Parts and Accessories thereof": {
          "Iraq": "7.75",
          "Beijing": "12.14",
          "Washington, D.C.": "11.85",
          "Tokyo": "10.26",
          "Berlin": "6.34"
        },
        "Miscellaneous Manufactured Articles": {
          "Iraq": "7.10",
          "Beijing": "14.45",
          "Washington, D.C.": "11.12",
          "Tokyo": "6.54"
        }
      }
    },
    "2005": {
      "Imports": {
        "Animals & Animal Products": {
          "Washington, D.C.": "15.68",
          "New Delhi": "14.27",
          "Wellington": "12.66",
          "Amsterdam": "6.75",
          "Warsaw": "6.73"
        },
        "Vegetable Products": {
          "Kuala Lumpur": "22.30",
          "Jakarta": "19.19",
          "Canberra": "11.52",
          "Nairobi": "8.33",
          "Ottawa": "4.97"
        },
        "Prepared Foodstuffs; Beverages, Spirits, Vinegar, Tobacco and Manufactured Tobacco Substitutes": {
          "Belgium": "3.18",
          "Brasília": "28.97",
          "Abu Dhabi": "21.09",
          "Beijing": "14.14",
          "New Delhi": "9.53"
        },
        "Mineral Products": {
          "Iran, Islamic Rep.": "16.85",
          "Jordan": "2.76",
          "New Delhi": "43.75",
          "Canberra": "8.47",
          "Rabat": "8.47"
        },
        "Products of the Chemical or Allied Industries": {
          "Russian Federation": "5.43",
          "Washington, D.C.": "10.98",
          "Beijing": "10.84",
          "Riyadh": "7.58",
          "New Delhi": "6.07"
        },
        "Plastics and Articles thereof; Rubber and Articles thereof": {
          "Thailand": "6.04",
          "Riyadh": "12.97",
          "Beijing": "10.86",
          "New Delhi": "7.26",
          "Seoul": "6.06"
        },
        "Raw Hides and Skins, Leather, Furskins, and Articles thereof; Saddlery and Harness; Travel Goods, Handbags, and Similar Containers; Articles of Animal Gut (Other than Silk-worm Gut)": {
          "Fm Sudan": "8.50",
          "Iran, Islamic Rep.": "5.87",
          "Riyadh": "24.01",
          "Nairobi": "7.14",
          "Beijing": "6.62"
        },
        "Textiles and Textile Articles": {
          "Thailand": "6.77",
          "Washington, D.C.": "16.29",
          "Beijing": "13.11",
          "Brasília": "5.91",
          "Seoul": "5.30"
        },
        "Footwear, Headgear, Umbrellas, Sun Umbrellas, Walking-sticks, Seat-sticks, Whips, Riding-crops, and Parts thereof; Prepared Feathers and Articles Made therewith; Artificial Flowers; Articles of Human Hair": {
          "Thailand": "5.78",
          "Beijing": "78.68",
          "Abu Dhabi": "3.81",
          "Riyadh": "2.13",
          "Hong Kong": "1.29"
        },
        "Articles of Stone, Plaster, Cement, Asbestos, Mica or Similar Materials; Ceramic Products; Glass and Glassware": {
          "Abu Dhabi": "59.24",
          "Beijing": "15.86",
          "Bern": "12.06",
          "Berlin": "1.35",
          "Madrid": "1.24"
        },
        "Natural or Cultured Pearls, Precious or Semi-precious Stones, Precious Metals, Metals Clad with Precious Metal, and Articles thereof; Imitation Jewellery; Coin": {
          "Iran, Islamic Rep.": "9.52",
          "London": "12.15",
          "New Delhi": "8.71",
          "Abu Dhabi": "8.58",
          "Canberra": "4.34"
        },
        "Base Metals and Articles of Base Metal": {
          "Ukraine": "9.30",
          "London": "6.83",
          "Abu Dhabi": "6.83",
          "Beijing": "6.16",
          "Pretoria": "5.33"
        },
        "Machinery and Mechanical Appliances; Electrical Equipment; Parts thereof; Sound Recorders and Reproducers, Television Image and Sound Recorders and Reproducers, and Parts and Accessories of such Articles": {
          "Beijing": "17.22",
          "Berlin": "11.98",
          "Washington, D.C.": "9.19",
          "Tokyo": "7.87",
          "Stockholm": "5.52"
        },
        "Vehicles, Aircraft, Vessels, and Associated Transport Equipment": {
          "Thailand": "8.68",
          "Tokyo": "50.04",
          "Abu Dhabi": "7.42",
          "Beijing": "6.92",
          "Seoul": "4.74"
        },
        "Optical, Photographic, Cinematographic, Measuring, Checking, Precision, Medical or Surgical Instruments and Apparatus; Clocks and Watches; Musical Instruments; Parts and Accessories thereof": {
          "Beijing": "14.09",
          "Tokyo": "10.78",
          "Washington, D.C.": "7.84",
          "Berlin": "7.17",
          "Seoul": "3.99"
        },
        "Miscellaneous Manufactured Articles": {
          "Beijing": "15.96",
          "Washington, D.C.": "14.98",
          "Berlin": "10.77",
          "Tokyo": "7.75"
        }
      }
    },
    "2006": {
      "Imports": {
        "Animals & Animal Products": {
          "New Delhi": "28.64",
          "Wellington": "25.00",
          "Washington, D.C.": "8.03",
          "Canberra": "5.64",
          "Paris": "4.93"
        },
        "Vegetable Products": {
          "Jakarta": "20.10",
          "Kuala Lumpur": "19.81",
          "Ottawa": "12.14",
          "Nairobi": "6.68",
          "Washington, D.C.": "6.09"
        },
        "Prepared Foodstuffs; Beverages, Spirits, Vinegar, Tobacco and Manufactured Tobacco Substitutes": {
          "Thailand": "3.87",
          "New Delhi": "45.52",
          "Abu Dhabi": "17.77",
          "Brasília": "6.63",
          "Amsterdam": "2.95"
        },
        "Mineral Products": {
          "Iran, Islamic Rep.": "17.72",
          "New Delhi": "33.13",
          "Canberra": "12.60",
          "Rabat": "8.73",
          "Beijing": "7.00"
        },
        "Products of the Chemical or Allied Industries": {
          "Russian Federation": "6.44",
          "Beijing": "11.67",
          "New Delhi": "8.44",
          "Washington, D.C.": "6.36",
          "Berlin": "6.01"
        },
        "Plastics and Articles thereof; Rubber and Articles thereof": {
          "Thailand": "6.37",
          "Qatar": "5.78",
          "Riyadh": "12.37",
          "Beijing": "11.68",
          "New Delhi": "9.93"
        },
        "Raw Hides and Skins, Leather, Furskins, and Articles thereof; Saddlery and Harness; Travel Goods, Handbags, and Similar Containers; Articles of Animal Gut (Other than Silk-worm Gut)": {
          "Iran, Islamic Rep.": "11.13",
          "Somalia": "4.78",
          "Riyadh": "18.45",
          "Beijing": "7.82",
          "Nairobi": "5.89"
        },
        "Wood and Articles of Wood; Wood Charcoal; Cork and Articles of Cork; Manufactures of Straw, of Esparto or of Other Plaiting Materials; Basketware and Wickerwork": {
          "Russian Federation": "8.75",
          "Jakarta": "10.91",
          "Beijing": "8.19",
          "Stockholm": "7.93",
          "Washington, D.C.": "5.13"
        },
        "Textiles and Textile Articles": {
          "Thailand": "6.47",
          "Beijing": "18.87",
          "Washington, D.C.": "9.79",
          "Brasília": "5.84",
          "New Delhi": "5.82"
        },
        "Footwear, Headgear, Umbrellas, Sun Umbrellas, Walking-sticks, Seat-sticks, Whips, Riding-crops, and Parts thereof; Prepared Feathers and Articles Made therewith; Artificial Flowers; Articles of Human Hair": {
          "Thailand": "6.47",
          "Beijing": "76.79",
          "Abu Dhabi": "4.54",
          "Hanoi": "1.97",
          "Hong Kong": "1.55"
        },
        "Articles of Stone, Plaster, Cement, Asbestos, Mica or Similar Materials; Ceramic Products; Glass and Glassware": {
          "Thailand": "1.53",
          "Abu Dhabi": "59.45",
          "Beijing": "17.15",
          "Bern": "11.92",
          "Berlin": "1.39"
        },
        "Natural or Cultured Pearls, Precious or Semi-precious Stones, Precious Metals, Metals Clad with Precious Metal, and Articles thereof; Imitation Jewellery; Coin": {
          "Iran, Islamic Rep.": "13.21",
          "Abu Dhabi": "9.56",
          "London": "8.08",
          "Lusaka": "6.74",
          "New Delhi": "6.41"
        },
        "Base Metals and Articles of Base Metal": {
          "Iran, Islamic Rep.": "5.61",
          "Beijing": "11.05",
          "Tokyo": "6.71",
          "Abu Dhabi": "6.13",
          "London": "5.30"
        },
        "Machinery and Mechanical Appliances; Electrical Equipment; Parts thereof; Sound Recorders and Reproducers, Television Image and Sound Recorders and Reproducers, and Parts and Accessories of such Articles": {
          "Beijing": "19.60",
          "Berlin": "11.06",
          "Washington, D.C.": "8.68",
          "Tokyo": "7.35",
          "Stockholm": "6.48"
        },
        "Vehicles, Aircraft, Vessels, and Associated Transport Equipment": {
          "Thailand": "8.36",
          "Tokyo": "40.97",
          "Washington, D.C.": "22.03",
          "Beijing": "4.73",
          "Seoul": "3.59"
        },
        "Optical, Photographic, Cinematographic, Measuring, Checking, Precision, Medical or Surgical Instruments and Apparatus; Clocks and Watches; Musical Instruments; Parts and Accessories thereof": {
          "Beijing": "16.00",
          "Tokyo": "11.04",
          "Washington, D.C.": "9.20",
          "Berlin": "6.71",
          "London": "3.63"
        },
        "Miscellaneous Manufactured Articles": {
          "Beijing": "17.86",
          "Washington, D.C.": "12.89",
          "Berlin": "8.81",
          "Tokyo": "7.87",
          "London": "7.36"
        }
      }
    },
    "2007": {
      "Imports": {
        "Animals & Animal Products": {
          "Wellington": "38.40",
          "New Delhi": "13.64",
          "Washington, D.C.": "13.08",
          "Canberra": "7.31",
          "Paris": "6.91"
        },
        "Vegetable Products": {
          "Ukraine": "5.46",
          "Kuala Lumpur": "27.97",
          "Jakarta": "19.91",
          "Ottawa": "8.61",
          "Nairobi": "5.27"
        },
        "Prepared Foodstuffs; Beverages, Spirits, Vinegar, Tobacco and Manufactured Tobacco Substitutes": {
          "New Delhi": "32.77",
          "Amsterdam": "7.94",
          "Kuala Lumpur": "6.28",
          "Beijing": "6.10",
          "Washington, D.C.": "4.92"
        },
        "Mineral Products": {
          "Iran, Islamic Rep.": "13.27",
          "New Delhi": "37.78",
          "Rabat": "15.31",
          "Canberra": "13.51",
          "Cairo": "5.35"
        },
        "Products of the Chemical or Allied Industries": {
          "Russian Federation": "4.86",
          "Beijing": "16.41",
          "New Delhi": "12.44",
          "Riyadh": "6.64",
          "Berlin": "5.11"
        },
        "Plastics and Articles thereof; Rubber and Articles thereof": {
          "Thailand": "7.07",
          "Riyadh": "13.83",
          "Beijing": "11.17",
          "New Delhi": "8.37",
          "Kuala Lumpur": "6.28"
        },
        "Raw Hides and Skins, Leather, Furskins, and Articles thereof; Saddlery and Harness; Travel Goods, Handbags, and Similar Containers; Articles of Animal Gut (Other than Silk-worm Gut)": {
          "Iran, Islamic Rep.": "8.39",
          "Somalia": "7.79",
          "Uganda": "5.64",
          "Riyadh": "16.30",
          "Beijing": "10.52"
        },
        "Wood and Articles of Wood; Wood Charcoal; Cork and Articles of Cork; Manufactures of Straw, of Esparto or of Other Plaiting Materials; Basketware and Wickerwork": {
          "Jakarta": "9.16",
          "Beijing": "8.77",
          "Washington, D.C.": "6.95",
          "Stockholm": "5.74",
          "Tokyo": "5.54"
        },
        "Textiles and Textile Articles": {
          "Other Asia, nes": "3.02",
          "Beijing": "21.68",
          "Washington, D.C.": "16.33",
          "New Delhi": "15.03",
          "Brasília": "4.54"
        },
        "Footwear, Headgear, Umbrellas, Sun Umbrellas, Walking-sticks, Seat-sticks, Whips, Riding-crops, and Parts thereof; Prepared Feathers and Articles Made therewith; Artificial Flowers; Articles of Human Hair": {
          "Thailand": "5.91",
          "Beijing": "83.31",
          "Abu Dhabi": "2.58",
          "Hanoi": "1.46",
          "Kuala Lumpur": "0.73"
        },
        "Articles of Stone, Plaster, Cement, Asbestos, Mica or Similar Materials; Ceramic Products; Glass and Glassware": {
          "Other Asia, nes": "3.06",
          "Beijing": "41.39",
          "Abu Dhabi": "25.47",
          "Washington, D.C.": "5.12",
          "Berlin": "3.02"
        },
        "Natural or Cultured Pearls, Precious or Semi-precious Stones, Precious Metals, Metals Clad with Precious Metal, and Articles thereof; Imitation Jewellery; Coin": {
          "Iran, Islamic Rep.": "7.71",
          "Abu Dhabi": "10.08",
          "London": "9.89",
          "New Delhi": "7.52",
          "Riyadh": "6.89"
        },
        "Base Metals and Articles of Base Metal": {
          "Beijing": "16.38",
          "Abu Dhabi": "6.27",
          "Washington, D.C.": "6.19",
          "London": "6.12",
          "Tokyo": "5.27"
        },
        "Machinery and Mechanical Appliances; Electrical Equipment; Parts thereof; Sound Recorders and Reproducers, Television Image and Sound Recorders and Reproducers, and Parts and Accessories of such Articles": {
          "Beijing": "26.26",
          "Washington, D.C.": "9.98",
          "Berlin": "9.11",
          "Tokyo": "5.74",
          "Helsinki": "4.94"
        },
        "Vehicles, Aircraft, Vessels, and Associated Transport Equipment": {
          "Thailand": "6.29",
          "Washington, D.C.": "34.20",
          "Tokyo": "32.92",
          "Beijing": "4.27",
          "Amsterdam": "3.33"
        },
        "Optical, Photographic, Cinematographic, Measuring, Checking, Precision, Medical or Surgical Instruments and Apparatus; Clocks and Watches; Musical Instruments; Parts and Accessories thereof": {
          "Beijing": "20.55",
          "Washington, D.C.": "11.08",
          "Tokyo": "9.09",
          "Berlin": "5.32",
          "New Delhi": "3.97"
        },
        "Miscellaneous Manufactured Articles": {
          "Beijing": "22.81",
          "Washington, D.C.": "13.45",
          "Berlin": "9.53",
          "Tokyo": "8.17"
        }
      }
    },
    "2008": {
      "Imports": {
        "Animals & Animal Products": {
          "Wellington": "24.34",
          "Canberra": "13.94",
          "Washington, D.C.": "13.90",
          "New Delhi": "9.00",
          "Paris": "8.12"
        },
        "Vegetable Products": {
          "Russian Federation": "5.56",
          "Ukraine": "5.19",
          "Kuala Lumpur": "26.71",
          "Jakarta": "11.38",
          "Ottawa": "8.24"
        },
        "Prepared Foodstuffs; Beverages, Spirits, Vinegar, Tobacco and Manufactured Tobacco Substitutes": {
          "New Delhi": "40.60",
          "Beijing": "6.47",
          "Amsterdam": "6.14",
          "Kuala Lumpur": "4.53",
          "Abu Dhabi": "4.38"
        },
        "Mineral Products": {
          "Iran, Islamic Rep.": "31.26",
          "New Delhi": "27.38",
          "Cairo": "14.75",
          "Rabat": "6.81",
          "Canberra": "4.07"
        },
        "Products of the Chemical or Allied Industries": {
          "Beijing": "13.73",
          "New Delhi": "12.26",
          "Riyadh": "10.76",
          "Rabat": "10.22",
          "Berlin": "5.06"
        },
        "Plastics and Articles thereof; Rubber and Articles thereof": {
          "Thailand": "6.34",
          "Riyadh": "14.90",
          "Beijing": "10.41",
          "Seoul": "6.98",
          "New Delhi": "6.86"
        },
        "Raw Hides and Skins, Leather, Furskins, and Articles thereof; Saddlery and Harness; Travel Goods, Handbags, and Similar Containers; Articles of Animal Gut (Other than Silk-worm Gut)": {
          "Iran, Islamic Rep.": "11.84",
          "Somalia": "8.92",
          "Riyadh": "11.30",
          "Beijing": "7.75",
          "Abu Dhabi": "6.83"
        },
        "Wood and Articles of Wood; Wood Charcoal; Cork and Articles of Cork; Manufactures of Straw, of Esparto or of Other Plaiting Materials; Basketware and Wickerwork": {
          "Russian Federation": "6.51",
          "Jakarta": "8.26",
          "Beijing": "7.42",
          "Riyadh": "6.79",
          "Stockholm": "6.76"
        },
        "Textiles and Textile Articles": {
          "Bangladesh": "2.88",
          "New Delhi": "20.00",
          "Beijing": "18.31",
          "Washington, D.C.": "13.19",
          "Brasília": "9.59"
        },
        "Footwear, Headgear, Umbrellas, Sun Umbrellas, Walking-sticks, Seat-sticks, Whips, Riding-crops, and Parts thereof; Prepared Feathers and Articles Made therewith; Artificial Flowers; Articles of Human Hair": {
          "Thailand": "8.58",
          "Beijing": "78.62",
          "Pretoria": "2.90",
          "Abu Dhabi": "2.10",
          "Washington, D.C.": "1.90"
        },
        "Articles of Stone, Plaster, Cement, Asbestos, Mica or Similar Materials; Ceramic Products; Glass and Glassware": {
          "Beijing": "47.65",
          "Abu Dhabi": "19.89",
          "London": "3.88",
          "Washington, D.C.": "3.79",
          "Berlin": "3.64"
        },
        "Natural or Cultured Pearls, Precious or Semi-precious Stones, Precious Metals, Metals Clad with Precious Metal, and Articles thereof; Imitation Jewellery; Coin": {
          "Iran, Islamic Rep.": "11.32",
          "London": "10.67",
          "Abu Dhabi": "8.93",
          "New Delhi": "8.54",
          "Washington, D.C.": "5.59"
        },
        "Base Metals and Articles of Base Metal": {
          "Beijing": "16.72",
          "Washington, D.C.": "6.45",
          "Tokyo": "6.33",
          "London": "6.12",
          "Berlin": "5.76"
        },
        "Machinery and Mechanical Appliances; Electrical Equipment; Parts thereof; Sound Recorders and Reproducers, Television Image and Sound Recorders and Reproducers, and Parts and Accessories of such Articles": {
          "Beijing": "29.11",
          "Berlin": "10.49",
          "Washington, D.C.": "8.40",
          "Tokyo": "7.08",
          "Rome": "5.25"
        },
        "Vehicles, Aircraft, Vessels, and Associated Transport Equipment": {
          "Thailand": "8.86",
          "Tokyo": "43.82",
          "Washington, D.C.": "16.13",
          "Beijing": "5.10",
          "Oslo": "4.18"
        },
        "Optical, Photographic, Cinematographic, Measuring, Checking, Precision, Medical or Surgical Instruments and Apparatus; Clocks and Watches; Musical Instruments; Parts and Accessories thereof": {
          "Beijing": "21.75",
          "Tokyo": "8.54",
          "Washington, D.C.": "7.09",
          "Berlin": "6.92",
          "Riyadh": "4.35"
        },
        "Miscellaneous Manufactured Articles": {
          "Beijing": "21.73",
          "Washington, D.C.": "13.63",
          "Berlin": "12.44",
          "Tokyo": "8.20",
          "Abu Dhabi": "4.94"
        }
      }
    },
    "2009": {
      "Imports": {
        "Animals & Animal Products": {
          "Wellington": "38.35",
          "Washington, D.C.": "13.63",
          "Paris": "8.29",
          "Canberra": "6.50",
          "Santiago": "6.18"
        },
        "Vegetable Products": {
          "Kuala Lumpur": "36.59",
          "Ottawa": "7.68",
          "Jakarta": "7.60",
          "New Delhi": "6.06",
          "Nairobi": "4.52"
        },
        "Prepared Foodstuffs; Beverages, Spirits, Vinegar, Tobacco and Manufactured Tobacco Substitutes": {
          "Thailand": "9.04",
          "Abu Dhabi": "32.96",
          "New Delhi": "18.24",
          "Beijing": "4.67",
          "Kuala Lumpur": "3.22"
        },
        "Mineral Products": {
          "Iran, Islamic Rep.": "45.81",
          "Rabat": "12.54",
          "New Delhi": "10.27",
          "Cairo": "8.20",
          "Beijing": "3.17"
        },
        "Products of the Chemical or Allied Industries": {
          "Beijing": "14.20",
          "New Delhi": "10.50",
          "Riyadh": "6.22",
          "Berlin": "5.70",
          "Washington, D.C.": "5.21"
        },
        "Plastics and Articles thereof; Rubber and Articles thereof": {
          "Thailand": "5.16",
          "Riyadh": "17.46",
          "Beijing": "11.82",
          "Seoul": "6.95",
          "New Delhi": "4.46"
        },
        "Raw Hides and Skins, Leather, Furskins, and Articles thereof; Saddlery and Harness; Travel Goods, Handbags, and Similar Containers; Articles of Animal Gut (Other than Silk-worm Gut)": {
          "Iran, Islamic Rep.": "13.14",
          "Somalia": "5.04",
          "Beijing": "12.56",
          "Riyadh": "8.21",
          "London": "6.36"
        },
        "Wood and Articles of Wood; Wood Charcoal; Cork and Articles of Cork; Manufactures of Straw, of Esparto or of Other Plaiting Materials; Basketware and Wickerwork": {
          "Beijing": "10.65",
          "Jakarta": "9.52",
          "Washington, D.C.": "8.05",
          "Stockholm": "6.09",
          "Riyadh": "5.03"
        },
        "Textiles and Textile Articles": {
          "Beijing": "26.87",
          "Washington, D.C.": "16.95",
          "New Delhi": "9.31",
          "Seoul": "4.53",
          "Brasília": "3.95"
        },
        "Footwear, Headgear, Umbrellas, Sun Umbrellas, Walking-sticks, Seat-sticks, Whips, Riding-crops, and Parts thereof; Prepared Feathers and Articles Made therewith; Artificial Flowers; Articles of Human Hair": {
          "Thailand": "8.03",
          "Beijing": "83.78",
          "Hanoi": "1.63",
          "Abu Dhabi": "1.32",
          "Washington, D.C.": "0.78"
        },
        "Articles of Stone, Plaster, Cement, Asbestos, Mica or Similar Materials; Ceramic Products; Glass and Glassware": {
          "Thailand": "3.31",
          "Abu Dhabi": "39.17",
          "Beijing": "32.21",
          "Berlin": "2.79",
          "New Delhi": "2.78"
        },
        "Natural or Cultured Pearls, Precious or Semi-precious Stones, Precious Metals, Metals Clad with Precious Metal, and Articles thereof; Imitation Jewellery; Coin": {
          "Iran, Islamic Rep.": "7.98",
          "London": "12.59",
          "Abu Dhabi": "10.72",
          "Washington, D.C.": "9.50",
          "Lusaka": "3.93"
        },
        "Base Metals and Articles of Base Metal": {
          "Beijing": "12.42",
          "Washington, D.C.": "7.88",
          "London": "7.11",
          "Abu Dhabi": "6.74",
          "Berlin": "5.66"
        },
        "Machinery and Mechanical Appliances; Electrical Equipment; Parts thereof; Sound Recorders and Reproducers, Television Image and Sound Recorders and Reproducers, and Parts and Accessories of such Articles": {
          "Beijing": "27.69",
          "Berlin": "11.33",
          "Washington, D.C.": "10.27",
          "Helsinki": "6.68",
          "London": "6.45"
        },
        "Vehicles, Aircraft, Vessels, and Associated Transport Equipment": {
          "Thailand": "10.58",
          "Tokyo": "42.36",
          "Beijing": "10.54",
          "Washington, D.C.": "7.46",
          "Seoul": "3.24"
        },
        "Optical, Photographic, Cinematographic, Measuring, Checking, Precision, Medical or Surgical Instruments and Apparatus; Clocks and Watches; Musical Instruments; Parts and Accessories thereof": {
          "Beijing": "21.18",
          "Tokyo": "7.61",
          "Washington, D.C.": "7.35",
          "Berlin": "7.12",
          "New Delhi": "3.70"
        },
        "Miscellaneous Manufactured Articles": {
          "Beijing": "20.03",
          "Washington, D.C.": "20.01",
          "Berlin": "9.51",
          "Tokyo": "8.82",
          "Rome": "4.15"
        }
      }
    },
    "2010": {
      "Imports": {
        "Animals & Animal Products": {
          "Wellington": "24.69",
          "Washington, D.C.": "24.46",
          "Paris": "10.86",
          "Canberra": "5.74",
          "London": "5.20"
        },
        "Vegetable Products": {
          "Kuala Lumpur": "44.79",
          "Ottawa": "8.81",
          "Canberra": "7.99",
          "New Delhi": "6.08",
          "Nairobi": "5.56"
        },
        "Prepared Foodstuffs; Beverages, Spirits, Vinegar, Tobacco and Manufactured Tobacco Substitutes": {
          "Thailand": "16.97",
          "New Delhi": "24.62",
          "Brasília": "20.92",
          "Abu Dhabi": "17.69",
          "Beijing": "2.78"
        },
        "Mineral Products": {
          "Iran, Islamic Rep.": "13.00",
          "Afghanistan": "5.77",
          "Rabat": "37.49",
          "Cairo": "5.61",
          "Washington, D.C.": "5.14"
        },
        "Products of the Chemical or Allied Industries": {
          "Beijing": "18.97",
          "New Delhi": "9.02",
          "Riyadh": "8.56",
          "Rabat": "5.69",
          "Berlin": "5.42"
        },
        "Plastics and Articles thereof; Rubber and Articles thereof": {
          "Thailand": "5.85",
          "Iran, Islamic Rep.": "4.64",
          "Riyadh": "22.12",
          "Beijing": "13.51",
          "Seoul": "6.43"
        },
        "Raw Hides and Skins, Leather, Furskins, and Articles thereof; Saddlery and Harness; Travel Goods, Handbags, and Similar Containers; Articles of Animal Gut (Other than Silk-worm Gut)": {
          "Iran, Islamic Rep.": "7.86",
          "Beijing": "14.85",
          "Riyadh": "13.40",
          "Wellington": "7.18",
          "Buenos Aires": "5.21"
        },
        "Wood and Articles of Wood; Wood Charcoal; Cork and Articles of Cork; Manufactures of Straw, of Esparto or of Other Plaiting Materials; Basketware and Wickerwork": {
          "Washington, D.C.": "14.16",
          "Beijing": "10.46",
          "Jakarta": "9.20",
          "Stockholm": "6.76",
          "Ottawa": "4.76"
        },
        "Textiles and Textile Articles": {
          "Thailand": "3.40",
          "Beijing": "32.23",
          "New Delhi": "15.30",
          "Washington, D.C.": "8.53",
          "Seoul": "3.41"
        },
        "Footwear, Headgear, Umbrellas, Sun Umbrellas, Walking-sticks, Seat-sticks, Whips, Riding-crops, and Parts thereof; Prepared Feathers and Articles Made therewith; Artificial Flowers; Articles of Human Hair": {
          "Thailand": "7.89",
          "Beijing": "84.40",
          "Tokyo": "2.09",
          "Hanoi": "1.20",
          "Rome": "0.78"
        },
        "Articles of Stone, Plaster, Cement, Asbestos, Mica or Similar Materials; Ceramic Products; Glass and Glassware": {
          "Thailand": "3.16",
          "Abu Dhabi": "44.46",
          "Beijing": "30.05",
          "London": "4.61",
          "Berlin": "2.41"
        },
        "Natural or Cultured Pearls, Precious or Semi-precious Stones, Precious Metals, Metals Clad with Precious Metal, and Articles thereof; Imitation Jewellery; Coin": {
          "Iran, Islamic Rep.": "5.90",
          "London": "11.07",
          "Abu Dhabi": "10.83",
          "Washington, D.C.": "7.07",
          "Pretoria": "6.07"
        },
        "Base Metals and Articles of Base Metal": {
          "Beijing": "18.55",
          "Abu Dhabi": "6.39",
          "London": "5.97",
          "Berlin": "5.68",
          "Tokyo": "5.68"
        },
        "Machinery and Mechanical Appliances; Electrical Equipment; Parts thereof; Sound Recorders and Reproducers, Television Image and Sound Recorders and Reproducers, and Parts and Accessories of such Articles": {
          "Beijing": "37.91",
          "Washington, D.C.": "9.82",
          "Berlin": "6.84",
          "Tokyo": "5.71",
          "Rome": "4.95"
        },
        "Vehicles, Aircraft, Vessels, and Associated Transport Equipment": {
          "Thailand": "9.49",
          "Tokyo": "38.10",
          "Beijing": "8.43",
          "Seoul": "6.13"
        },
        "Optical, Photographic, Cinematographic, Measuring, Checking, Precision, Medical or Surgical Instruments and Apparatus; Clocks and Watches; Musical Instruments; Parts and Accessories thereof": {
          "Beijing": "26.52",
          "Tokyo": "8.56",
          "Washington, D.C.": "6.25",
          "Berlin": "4.96",
          "Riyadh": "4.67"
        },
        "Miscellaneous Manufactured Articles": {
          "Beijing": "24.88",
          "Washington, D.C.": "15.11",
          "Berlin": "10.55",
          "Tokyo": "8.39",
          "London": "5.21"
        }
      }
    },
    "2011": {
      "Imports": {
        "Animals & Animal Products": {
          "Washington, D.C.": "21.61",
          "Paris": "15.39",
          "Wellington": "15.01",
          "Canberra": "8.48",
          "Ankara": "7.36"
        },
        "Vegetable Products": {
          "Kuala Lumpur": "47.40",
          "Ottawa": "11.12",
          "Jakarta": "7.04",
          "New Delhi": "5.61",
          "Nairobi": "4.74"
        },
        "Prepared Foodstuffs; Beverages, Spirits, Vinegar, Tobacco and Manufactured Tobacco Substitutes": {
          "New Delhi": "42.77",
          "Beijing": "8.37",
          "Amsterdam": "5.22",
          "Abu Dhabi": "5.17",
          "Kuala Lumpur": "4.78"
        },
        "Mineral Products": {
          "Iran, Islamic Rep.": "27.99",
          "Afghanistan": "9.81",
          "Cairo": "16.45",
          "Rabat": "11.59",
          "New Delhi": "4.14"
        },
        "Products of the Chemical or Allied Industries": {
          "Beijing": "22.11",
          "New Delhi": "9.18",
          "Kuwait City": "8.63",
          "Riyadh": "7.71",
          "Rabat": "6.10"
        },
        "Plastics and Articles thereof; Rubber and Articles thereof": {
          "Thailand": "5.44",
          "Riyadh": "20.47",
          "Beijing": "16.65",
          "Abu Dhabi": "7.07",
          "Seoul": "5.65"
        },
        "Raw Hides and Skins, Leather, Furskins, and Articles thereof; Saddlery and Harness; Travel Goods, Handbags, and Similar Containers; Articles of Animal Gut (Other than Silk-worm Gut)": {
          "Somalia": "6.65",
          "Iran, Islamic Rep.": "6.41",
          "Beijing": "13.64",
          "Riyadh": "13.03",
          "Wellington": "5.13"
        },
        "Wood and Articles of Wood; Wood Charcoal; Cork and Articles of Cork; Manufactures of Straw, of Esparto or of Other Plaiting Materials; Basketware and Wickerwork": {
          "Beijing": "14.39",
          "Stockholm": "11.00",
          "Jakarta": "9.86",
          "Washington, D.C.": "6.32",
          "Ottawa": "4.85"
        },
        "Textiles and Textile Articles": {
          "Thailand": "3.89",
          "Beijing": "38.46",
          "New Delhi": "11.38",
          "Washington, D.C.": "11.11",
          "Seoul": "3.68"
        },
        "Footwear, Headgear, Umbrellas, Sun Umbrellas, Walking-sticks, Seat-sticks, Whips, Riding-crops, and Parts thereof; Prepared Feathers and Articles Made therewith; Artificial Flowers; Articles of Human Hair": {
          "Thailand": "8.67",
          "Beijing": "76.61",
          "London": "9.63",
          "Washington, D.C.": "1.15",
          "Hanoi": "0.99"
        },
        "Articles of Stone, Plaster, Cement, Asbestos, Mica or Similar Materials; Ceramic Products; Glass and Glassware": {
          "Abu Dhabi": "49.94",
          "Beijing": "25.76",
          "Jakarta": "7.96",
          "Berlin": "2.97",
          "London": "1.95"
        },
        "Natural or Cultured Pearls, Precious or Semi-precious Stones, Precious Metals, Metals Clad with Precious Metal, and Articles thereof; Imitation Jewellery; Coin": {
          "Afghanistan": "7.05",
          "Iran, Islamic Rep.": "6.18",
          "Abu Dhabi": "11.80",
          "London": "9.38",
          "Washington, D.C.": "6.04"
        },
        "Base Metals and Articles of Base Metal": {
          "Beijing": "19.84",
          "Tokyo": "8.74",
          "Abu Dhabi": "5.84",
          "London": "5.51",
          "Washington, D.C.": "5.17"
        },
        "Machinery and Mechanical Appliances; Electrical Equipment; Parts thereof; Sound Recorders and Reproducers, Television Image and Sound Recorders and Reproducers, and Parts and Accessories of such Articles": {
          "Beijing": "41.20",
          "Washington, D.C.": "8.25",
          "Berlin": "7.76",
          "Tokyo": "6.94",
          "Rome": "4.40"
        },
        "Vehicles, Aircraft, Vessels, and Associated Transport Equipment": {
          "Thailand": "10.24",
          "Tokyo": "45.56",
          "Beijing": "9.92",
          "Washington, D.C.": "7.25",
          "Seoul": "4.80"
        },
        "Optical, Photographic, Cinematographic, Measuring, Checking, Precision, Medical or Surgical Instruments and Apparatus; Clocks and Watches; Musical Instruments; Parts and Accessories thereof": {
          "Beijing": "29.54",
          "Tokyo": "9.09",
          "Washington, D.C.": "5.52",
          "Riyadh": "4.72",
          "Berlin": "4.58"
        },
        "Miscellaneous Manufactured Articles": {
          "Beijing": "26.77",
          "Washington, D.C.": "23.81",
          "Berlin": "6.61",
          "Tokyo": "6.51",
          "Rome": "4.92"
        }
      }
    },
    "2012": {
      "Imports": {
        "Animals & Animal Products": {
          "Lithuania": "7.11",
          "Washington, D.C.": "27.24",
          "Wellington": "12.55",
          "Paris": "10.85",
          "Berlin": "9.23"
        },
        "Vegetable Products": {
          "Kuala Lumpur": "33.64",
          "Jakarta": "19.47",
          "Canberra": "9.53",
          "New Delhi": "7.38",
          "Ottawa": "5.93"
        },
        "Prepared Foodstuffs; Beverages, Spirits, Vinegar, Tobacco and Manufactured Tobacco Substitutes": {
          "New Delhi": "48.95",
          "Beijing": "6.92",
          "Amsterdam": "6.39",
          "Kuala Lumpur": "5.44",
          "Washington, D.C.": "3.26"
        },
        "Mineral Products": {
          "Iran, Islamic Rep.": "9.84",
          "Rabat": "40.54",
          "Muscat": "7.97",
          "Manama": "6.69",
          "Abu Dhabi": "4.10"
        },
        "Products of the Chemical or Allied Industries": {
          "Beijing": "21.43",
          "New Delhi": "8.56",
          "Riyadh": "8.53",
          "Kuwait City": "7.42",
          "Rabat": "6.77"
        },
        "Plastics and Articles thereof; Rubber and Articles thereof": {
          "Thailand": "5.46",
          "Riyadh": "20.74",
          "Beijing": "18.35",
          "Abu Dhabi": "5.86",
          "New Delhi": "5.78"
        },
        "Raw Hides and Skins, Leather, Furskins, and Articles thereof; Saddlery and Harness; Travel Goods, Handbags, and Similar Containers; Articles of Animal Gut (Other than Silk-worm Gut)": {
          "Iran, Islamic Rep.": "7.34",
          "Somalia": "5.48",
          "Beijing": "16.13",
          "Riyadh": "10.59",
          "Abu Dhabi": "7.58"
        },
        "Wood and Articles of Wood; Wood Charcoal; Cork and Articles of Cork; Manufactures of Straw, of Esparto or of Other Plaiting Materials; Basketware and Wickerwork": {
          "Beijing": "12.89",
          "Stockholm": "9.97",
          "Jakarta": "9.53",
          "Berlin": "8.43",
          "Tokyo": "6.55"
        },
        "Textiles and Textile Articles": {
          "Beijing": "37.55",
          "New Delhi": "10.45",
          "Washington, D.C.": "8.78",
          "Brasília": "4.67",
          "Jakarta": "4.33"
        },
        "Footwear, Headgear, Umbrellas, Sun Umbrellas, Walking-sticks, Seat-sticks, Whips, Riding-crops, and Parts thereof; Prepared Feathers and Articles Made therewith; Artificial Flowers; Articles of Human Hair": {
          "Thailand": "8.34",
          "Beijing": "86.38",
          "Hanoi": "1.25",
          "Washington, D.C.": "0.89",
          "Rome": "0.58"
        },
        "Articles of Stone, Plaster, Cement, Asbestos, Mica or Similar Materials; Ceramic Products; Glass and Glassware": {
          "Abu Dhabi": "44.27",
          "Beijing": "30.82",
          "New Delhi": "6.70",
          "Washington, D.C.": "2.05",
          "Berlin": "2.03"
        },
        "Natural or Cultured Pearls, Precious or Semi-precious Stones, Precious Metals, Metals Clad with Precious Metal, and Articles thereof; Imitation Jewellery; Coin": {
          "Washington, D.C.": "10.26",
          "Abu Dhabi": "9.91",
          "London": "8.85",
          "Pretoria": "5.84",
          "Beijing": "5.22"
        },
        "Base Metals and Articles of Base Metal": {
          "Beijing": "22.69",
          "Washington, D.C.": "10.08",
          "Tokyo": "7.99",
          "Abu Dhabi": "5.04",
          "Berlin": "4.48"
        },
        "Machinery and Mechanical Appliances; Electrical Equipment; Parts thereof; Sound Recorders and Reproducers, Television Image and Sound Recorders and Reproducers, and Parts and Accessories of such Articles": {
          "Beijing": "44.91",
          "Berlin": "8.71",
          "Washington, D.C.": "6.47",
          "London": "5.69",
          "Tokyo": "5.40"
        },
        "Vehicles, Aircraft, Vessels, and Associated Transport Equipment": {
          "Thailand": "10.79",
          "Tokyo": "44.73",
          "Beijing": "13.96",
          "Seoul": "4.11",
          "London": "2.78"
        },
        "Optical, Photographic, Cinematographic, Measuring, Checking, Precision, Medical or Surgical Instruments and Apparatus; Clocks and Watches; Musical Instruments; Parts and Accessories thereof": {
          "Beijing": "31.56",
          "Tokyo": "9.16",
          "Berlin": "5.27",
          "Washington, D.C.": "4.98",
          "Riyadh": "4.54"
        },
        "Miscellaneous Manufactured Articles": {
          "Beijing": "30.90",
          "Washington, D.C.": "12.76",
          "Berlin": "6.77",
          "Tokyo": "6.71",
          "London": "3.57"
        }
      }
    },
    "2013": {
      "Imports": {
        "Animals & Animal Products": {
          "Washington, D.C.": "21.00",
          "Canberra": "13.56",
          "New Delhi": "12.79",
          "Paris": "11.71",
          "Wellington": "10.32"
        },
        "Vegetable Products": {
          "Kuala Lumpur": "31.15",
          "Jakarta": "21.32",
          "New Delhi": "8.56",
          "Canberra": "6.86",
          "Nairobi": "6.47"
        },
        "Prepared Foodstuffs; Beverages, Spirits, Vinegar, Tobacco and Manufactured Tobacco Substitutes": {
          "New Delhi": "48.18",
          "Buenos Aires": "6.84",
          "Beijing": "5.84",
          "Amsterdam": "5.61",
          "Kuala Lumpur": "5.44"
        },
        "Mineral Products": {
          "Afghanistan": "11.84",
          "Iran, Islamic Rep.": "8.28",
          "Rabat": "27.13",
          "Muscat": "11.59",
          "Abu Dhabi": "7.70"
        },
        "Products of the Chemical or Allied Industries": {
          "Beijing": "20.42",
          "Riyadh": "9.13",
          "New Delhi": "8.37",
          "Kuwait City": "8.28",
          "Rabat": "4.68"
        },
        "Plastics and Articles thereof; Rubber and Articles thereof": {
          "Qatar": "5.16",
          "Thailand": "5.08",
          "Riyadh": "20.18",
          "Beijing": "19.50",
          "New Delhi": "8.87"
        },
        "Raw Hides and Skins, Leather, Furskins, and Articles thereof; Saddlery and Harness; Travel Goods, Handbags, and Similar Containers; Articles of Animal Gut (Other than Silk-worm Gut)": {
          "Iran, Islamic Rep.": "21.86",
          "Senegal": "6.56",
          "Beijing": "13.09",
          "Riyadh": "9.32",
          "Abu Dhabi": "6.99"
        },
        "Wood and Articles of Wood; Wood Charcoal; Cork and Articles of Cork; Manufactures of Straw, of Esparto or of Other Plaiting Materials; Basketware and Wickerwork": {
          "Berlin": "33.07",
          "Tokyo": "17.01",
          "Beijing": "8.72",
          "Washington, D.C.": "6.44",
          "Stockholm": "5.00"
        },
        "Textiles and Textile Articles": {
          "Afghanistan": "4.78",
          "Beijing": "34.57",
          "New Delhi": "18.06",
          "Washington, D.C.": "8.93",
          "Jakarta": "4.01"
        },
        "Footwear, Headgear, Umbrellas, Sun Umbrellas, Walking-sticks, Seat-sticks, Whips, Riding-crops, and Parts thereof; Prepared Feathers and Articles Made therewith; Artificial Flowers; Articles of Human Hair": {
          "Thailand": "6.56",
          "Beijing": "86.49",
          "Hanoi": "1.57",
          "Rome": "0.98",
          "Jakarta": "0.74"
        },
        "Articles of Stone, Plaster, Cement, Asbestos, Mica or Similar Materials; Ceramic Products; Glass and Glassware": {
          "Thailand": "1.81",
          "Abu Dhabi": "63.30",
          "Beijing": "21.58",
          "Berlin": "1.97",
          "Madrid": "1.79"
        },
        "Natural or Cultured Pearls, Precious or Semi-precious Stones, Precious Metals, Metals Clad with Precious Metal, and Articles thereof; Imitation Jewellery; Coin": {
          "Abu Dhabi": "13.73",
          "Washington, D.C.": "10.97",
          "London": "8.25",
          "Beijing": "5.24",
          "Pretoria": "5.02"
        },
        "Base Metals and Articles of Base Metal": {
          "Beijing": "23.77",
          "Tokyo": "9.46",
          "Washington, D.C.": "7.57",
          "Abu Dhabi": "6.83",
          "London": "4.81"
        },
        "Machinery and Mechanical Appliances; Electrical Equipment; Parts thereof; Sound Recorders and Reproducers, Television Image and Sound Recorders and Reproducers, and Parts and Accessories of such Articles": {
          "Beijing": "45.18",
          "Washington, D.C.": "10.06",
          "Tokyo": "5.84",
          "Berlin": "5.66",
          "Rome": "3.89"
        },
        "Vehicles, Aircraft, Vessels, and Associated Transport Equipment": {
          "Thailand": "11.67",
          "Tokyo": "37.11",
          "Beijing": "11.89",
          "Seoul": "9.29",
          "Washington, D.C.": "3.74"
        },
        "Optical, Photographic, Cinematographic, Measuring, Checking, Precision, Medical or Surgical Instruments and Apparatus; Clocks and Watches; Musical Instruments; Parts and Accessories thereof": {
          "Beijing": "30.60",
          "Tokyo": "9.31",
          "Berlin": "6.42",
          "Washington, D.C.": "5.53",
          "Riyadh": "4.43"
        },
        "Miscellaneous Manufactured Articles": {
          "Beijing": "30.33",
          "Washington, D.C.": "15.30",
          "Berlin": "7.09",
          "Tokyo": "5.91",
          "Bern": "3.97"
        }
      }
    },
    "2014": {
      "Imports": {
        "Animals & Animal Products": {
          "New Delhi": "17.07",
          "Paris": "15.93",
          "Wellington": "14.62",
          "Washington, D.C.": "10.85",
          "Hanoi": "7.21"
        },
        "Vegetable Products": {
          "Ukraine": "7.41",
          "Jakarta": "33.79",
          "Kuala Lumpur": "12.67",
          "New Delhi": "8.45",
          "Nairobi": "5.46"
        },
        "Prepared Foodstuffs; Beverages, Spirits, Vinegar, Tobacco and Manufactured Tobacco Substitutes": {
          "Buenos Aires": "28.47",
          "New Delhi": "24.31",
          "Amsterdam": "7.61",
          "Kuala Lumpur": "5.73",
          "Beijing": "4.52"
        },
        "Mineral Products": {
          "Afghanistan": "28.22",
          "Mauritania": "8.60",
          "Iran, Islamic Rep.": "6.65",
          "Rabat": "19.98",
          "Abu Dhabi": "14.88"
        },
        "Products of the Chemical or Allied Industries": {
          "Beijing": "28.44",
          "Riyadh": "10.22",
          "New Delhi": "8.77",
          "Kuwait City": "4.50",
          "Berlin": "4.47"
        },
        "Plastics and Articles thereof; Rubber and Articles thereof": {
          "Riyadh": "22.61",
          "Beijing": "21.66",
          "New Delhi": "7.98",
          "Abu Dhabi": "4.84",
          "Seoul": "4.52"
        },
        "Raw Hides and Skins, Leather, Furskins, and Articles thereof; Saddlery and Harness; Travel Goods, Handbags, and Similar Containers; Articles of Animal Gut (Other than Silk-worm Gut)": {
          "Iran, Islamic Rep.": "9.83",
          "Somalia": "6.07",
          "Beijing": "17.80",
          "Abu Dhabi": "9.59",
          "Riyadh": "9.24"
        },
        "Wood and Articles of Wood; Wood Charcoal; Cork and Articles of Cork; Manufactures of Straw, of Esparto or of Other Plaiting Materials; Basketware and Wickerwork": {
          "Washington, D.C.": "16.76",
          "Tokyo": "15.32",
          "Beijing": "14.90",
          "Stockholm": "6.99",
          "Jakarta": "6.89"
        },
        "Textiles and Textile Articles": {
          "Other Asia, nes": "3.12",
          "Beijing": "42.74",
          "New Delhi": "16.69",
          "Washington, D.C.": "6.05",
          "Jakarta": "4.59"
        },
        "Footwear, Headgear, Umbrellas, Sun Umbrellas, Walking-sticks, Seat-sticks, Whips, Riding-crops, and Parts thereof; Prepared Feathers and Articles Made therewith; Artificial Flowers; Articles of Human Hair": {
          "Thailand": "5.37",
          "Beijing": "88.17",
          "Hanoi": "1.87",
          "Jakarta": "1.18",
          "Kuala Lumpur": "0.56"
        },
        "Articles of Stone, Plaster, Cement, Asbestos, Mica or Similar Materials; Ceramic Products; Glass and Glassware": {
          "Thailand": "3.77",
          "Beijing": "55.26",
          "New Delhi": "11.18",
          "Abu Dhabi": "6.62",
          "Berlin": "3.84"
        },
        "Natural or Cultured Pearls, Precious or Semi-precious Stones, Precious Metals, Metals Clad with Precious Metal, and Articles thereof; Imitation Jewellery; Coin": {
          "Afghanistan": "7.97",
          "Abu Dhabi": "12.17",
          "Washington, D.C.": "10.71",
          "London": "10.22",
          "Pretoria": "7.22"
        },
        "Base Metals and Articles of Base Metal": {
          "Beijing": "32.96",
          "Washington, D.C.": "6.88",
          "Tokyo": "6.37",
          "Abu Dhabi": "6.01",
          "London": "4.93"
        },
        "Machinery and Mechanical Appliances; Electrical Equipment; Parts thereof; Sound Recorders and Reproducers, Television Image and Sound Recorders and Reproducers, and Parts and Accessories of such Articles": {
          "Unspecified": "3.34",
          "Beijing": "49.97",
          "Washington, D.C.": "7.14",
          "Berlin": "5.95",
          "Tokyo": "5.25"
        },
        "Vehicles, Aircraft, Vessels, and Associated Transport Equipment": {
          "Thailand": "10.94",
          "Tokyo": "30.38",
          "Beijing": "16.77",
          "Washington, D.C.": "5.25"
        },
        "Optical, Photographic, Cinematographic, Measuring, Checking, Precision, Medical or Surgical Instruments and Apparatus; Clocks and Watches; Musical Instruments; Parts and Accessories thereof": {
          "Beijing": "38.47",
          "Tokyo": "7.10",
          "Washington, D.C.": "5.51",
          "Riyadh": "5.00",
          "New Delhi": "4.54"
        },
        "Miscellaneous Manufactured Articles": {
          "Beijing": "34.04",
          "Washington, D.C.": "18.41",
          "Berlin": "6.39",
          "Tokyo": "5.22",
          "London": "2.88"
        }
      }
    },
    "2015": {
      "Imports": {
        "Animals & Animal Products": {
          "Washington, D.C.": "22.04",
          "Paris": "15.42",
          "Wellington": "8.20",
          "New Delhi": "7.38",
          "Hanoi": "5.83"
        },
        "Vegetable Products": {
          "Jakarta": "34.75",
          "Nairobi": "7.79",
          "Kuala Lumpur": "7.21",
          "Ottawa": "7.18",
          "New Delhi": "6.29"
        },
        "Prepared Foodstuffs; Beverages, Spirits, Vinegar, Tobacco and Manufactured Tobacco Substitutes": {
          "Buenos Aires": "36.85",
          "New Delhi": "10.92",
          "Amsterdam": "6.76",
          "Kuala Lumpur": "6.50",
          "Beijing": "5.09"
        },
        "Mineral Products": {
          "Iran, Islamic Rep.": "10.84",
          "Afghanistan": "5.66",
          "Rabat": "40.79",
          "Abu Dhabi": "10.08",
          "Pretoria": "5.61"
        },
        "Products of the Chemical or Allied Industries": {
          "Beijing": "28.80",
          "Riyadh": "12.70",
          "New Delhi": "7.35",
          "Rabat": "5.03",
          "Berlin": "4.67"
        },
        "Plastics and Articles thereof; Rubber and Articles thereof": {
          "Thailand": "5.49",
          "Beijing": "23.19",
          "Riyadh": "20.29",
          "Abu Dhabi": "8.41",
          "New Delhi": "7.05"
        },
        "Raw Hides and Skins, Leather, Furskins, and Articles thereof; Saddlery and Harness; Travel Goods, Handbags, and Similar Containers; Articles of Animal Gut (Other than Silk-worm Gut)": {
          "Iran, Islamic Rep.": "9.20",
          "Somalia": "4.44",
          "Beijing": "26.60",
          "Abu Dhabi": "10.25",
          "Riyadh": "8.26"
        },
        "Wood and Articles of Wood; Wood Charcoal; Cork and Articles of Cork; Manufactures of Straw, of Esparto or of Other Plaiting Materials; Basketware and Wickerwork": {
          "Beijing": "23.46",
          "Jakarta": "10.02",
          "Stockholm": "8.22",
          "Washington, D.C.": "7.72",
          "Cairo": "4.60"
        },
        "Textiles and Textile Articles": {
          "Thailand": "3.00",
          "Beijing": "43.69",
          "New Delhi": "15.50",
          "Washington, D.C.": "5.91",
          "Jakarta": "4.23"
        },
        "Footwear, Headgear, Umbrellas, Sun Umbrellas, Walking-sticks, Seat-sticks, Whips, Riding-crops, and Parts thereof; Prepared Feathers and Articles Made therewith; Artificial Flowers; Articles of Human Hair": {
          "Thailand": "2.31",
          "Beijing": "89.90",
          "Hanoi": "1.88",
          "Jakarta": "1.80",
          "Washington, D.C.": "0.77"
        },
        "Articles of Stone, Plaster, Cement, Asbestos, Mica or Similar Materials; Ceramic Products; Glass and Glassware": {
          "Thailand": "3.67",
          "Beijing": "62.43",
          "Abu Dhabi": "5.11",
          "New Delhi": "3.77",
          "Madrid": "3.72"
        },
        "Natural or Cultured Pearls, Precious or Semi-precious Stones, Precious Metals, Metals Clad with Precious Metal, and Articles thereof; Imitation Jewellery; Coin": {
          "Abu Dhabi": "12.84",
          "London": "12.65",
          "Washington, D.C.": "11.70",
          "Pretoria": "7.47",
          "Beijing": "6.54"
        },
        "Base Metals and Articles of Base Metal": {
          "Beijing": "41.66",
          "Abu Dhabi": "6.29",
          "Washington, D.C.": "6.27",
          "London": "5.90",
          "Tokyo": "5.03"
        },
        "Machinery and Mechanical Appliances; Electrical Equipment; Parts thereof; Sound Recorders and Reproducers, Television Image and Sound Recorders and Reproducers, and Parts and Accessories of such Articles": {
          "Beijing": "53.77",
          "Washington, D.C.": "6.43",
          "Berlin": "4.81",
          "Tokyo": "3.97",
          "Abu Dhabi": "3.48"
        },
        "Vehicles, Aircraft, Vessels, and Associated Transport Equipment": {
          "Thailand": "12.50",
          "Tokyo": "35.45",
          "Beijing": "14.34",
          "Washington, D.C.": "6.41"
        },
        "Optical, Photographic, Cinematographic, Measuring, Checking, Precision, Medical or Surgical Instruments and Apparatus; Clocks and Watches; Musical Instruments; Parts and Accessories thereof": {
          "Beijing": "42.13",
          "Tokyo": "6.68",
          "Riyadh": "5.07",
          "Washington, D.C.": "4.74",
          "New Delhi": "3.72"
        },
        "Miscellaneous Manufactured Articles": {
          "Beijing": "35.81",
          "Washington, D.C.": "14.17",
          "Berlin": "6.44",
          "Tokyo": "6.43",
          "Bern": "3.51"
        }
      }
    },
    "2016": {
      "Imports": {
        "Animals & Animal Products": {
          "Washington, D.C.": "21.36",
          "Paris": "14.22",
          "Wellington": "12.55",
          "New Delhi": "8.54",
          "Ankara": "8.32"
        },
        "Vegetable Products": {
          "Jakarta": "29.69",
          "Ottawa": "12.41",
          "Kuala Lumpur": "7.99",
          "Nairobi": "7.74",
          "New Delhi": "5.30"
        },
        "Prepared Foodstuffs; Beverages, Spirits, Vinegar, Tobacco and Manufactured Tobacco Substitutes": {
          "Unspecified": "4.88",
          "Buenos Aires": "22.70",
          "Amsterdam": "9.69",
          "Kuala Lumpur": "8.62",
          "Beijing": "6.59"
        },
        "Mineral Products": {
          "Afghanistan": "21.48",
          "Iran, Islamic Rep.": "9.20",
          "Rabat": "33.31",
          "Abu Dhabi": "6.51",
          "Beijing": "5.83"
        },
        "Products of the Chemical or Allied Industries": {
          "Beijing": "28.45",
          "New Delhi": "9.17",
          "Riyadh": "7.51",
          "Berlin": "5.09",
          "Rabat": "4.56"
        },
        "Plastics and Articles thereof; Rubber and Articles thereof": {
          "Thailand": "5.20",
          "Beijing": "24.28",
          "Riyadh": "18.68",
          "Abu Dhabi": "8.69",
          "New Delhi": "6.69"
        },
        "Raw Hides and Skins, Leather, Furskins, and Articles thereof; Saddlery and Harness; Travel Goods, Handbags, and Similar Containers; Articles of Animal Gut (Other than Silk-worm Gut)": {
          "Iran, Islamic Rep.": "15.30",
          "Afghanistan": "4.95",
          "Beijing": "31.62",
          "Riyadh": "8.12",
          "Rome": "4.03"
        },
        "Wood and Articles of Wood; Wood Charcoal; Cork and Articles of Cork; Manufactures of Straw, of Esparto or of Other Plaiting Materials; Basketware and Wickerwork": {
          "Beijing": "22.69",
          "Stockholm": "10.57",
          "Jakarta": "9.64",
          "Washington, D.C.": "8.59",
          "Cairo": "5.28"
        },
        "Textiles and Textile Articles": {
          "Beijing": "47.25",
          "New Delhi": "12.50",
          "Washington, D.C.": "6.72",
          "Jakarta": "3.54",
          "Brasília": "2.96"
        },
        "Footwear, Headgear, Umbrellas, Sun Umbrellas, Walking-sticks, Seat-sticks, Whips, Riding-crops, and Parts thereof; Prepared Feathers and Articles Made therewith; Artificial Flowers; Articles of Human Hair": {
          "Thailand": "2.47",
          "Beijing": "90.70",
          "Hanoi": "2.05",
          "Jakarta": "1.33",
          "Brasília": "0.45"
        },
        "Articles of Stone, Plaster, Cement, Asbestos, Mica or Similar Materials; Ceramic Products; Glass and Glassware": {
          "Iran, Islamic Rep.": "3.73",
          "Thailand": "3.57",
          "Beijing": "66.16",
          "Abu Dhabi": "3.94",
          "Madrid": "3.06"
        },
        "Natural or Cultured Pearls, Precious or Semi-precious Stones, Precious Metals, Metals Clad with Precious Metal, and Articles thereof; Imitation Jewellery; Coin": {
          "Abu Dhabi": "14.00",
          "London": "13.96",
          "Washington, D.C.": "12.12",
          "Beijing": "8.12",
          "Pretoria": "4.76"
        },
        "Base Metals and Articles of Base Metal": {
          "Beijing": "43.26",
          "Abu Dhabi": "6.21",
          "London": "5.95",
          "Washington, D.C.": "5.94",
          "Tokyo": "5.79"
        },
        "Machinery and Mechanical Appliances; Electrical Equipment; Parts thereof; Sound Recorders and Reproducers, Television Image and Sound Recorders and Reproducers, and Parts and Accessories of such Articles": {
          "Unspecified": "3.40",
          "Beijing": "61.43",
          "Washington, D.C.": "5.85",
          "Tokyo": "3.91",
          "Berlin": "3.69"
        },
        "Vehicles, Aircraft, Vessels, and Associated Transport Equipment": {
          "Thailand": "12.44",
          "Belgium": "8.57",
          "Tokyo": "36.18",
          "Beijing": "16.73"
        },
        "Optical, Photographic, Cinematographic, Measuring, Checking, Precision, Medical or Surgical Instruments and Apparatus; Clocks and Watches; Musical Instruments; Parts and Accessories thereof": {
          "Beijing": "46.94",
          "Tokyo": "6.88",
          "Washington, D.C.": "4.14",
          "New Delhi": "3.75",
          "Riyadh": "3.30"
        },
        "Miscellaneous Manufactured Articles": {
          "Beijing": "40.75",
          "Washington, D.C.": "13.83",
          "Berlin": "6.36",
          "Tokyo": "5.61",
          "Bern": "2.93"
        }
      }
    },
    "2017": {
      "Imports": {
        "Animals & Animal Products": {
          "Washington, D.C.": "19.34",
          "Wellington": "18.71",
          "Paris": "12.36",
          "Hanoi": "8.64",
          "Berlin": "4.16"
        },
        "Vegetable Products": {
          "Jakarta": "29.86",
          "Kuala Lumpur": "9.15",
          "Ottawa": "7.82",
          "Washington, D.C.": "7.58",
          "Nairobi": "7.53"
        },
        "Prepared Foodstuffs; Beverages, Spirits, Vinegar, Tobacco and Manufactured Tobacco Substitutes": {
          "Washington, D.C.": "11.82",
          "Buenos Aires": "11.39",
          "Amsterdam": "11.21",
          "Kuala Lumpur": "10.61",
          "Beijing": "7.71"
        },
        "Mineral Products": {
          "Afghanistan": "30.84",
          "Iran, Islamic Rep.": "7.66",
          "Rabat": "27.43",
          "Beijing": "6.07",
          "Abu Dhabi": "4.29"
        },
        "Products of the Chemical or Allied Industries": {
          "Beijing": "30.78",
          "New Delhi": "8.98",
          "Riyadh": "8.87",
          "Berlin": "5.13",
          "Washington, D.C.": "4.40"
        },
        "Plastics and Articles thereof; Rubber and Articles thereof": {
          "Thailand": "4.82",
          "Beijing": "23.42",
          "Riyadh": "21.11",
          "Abu Dhabi": "7.22",
          "New Delhi": "6.49"
        },
        "Raw Hides and Skins, Leather, Furskins, and Articles thereof; Saddlery and Harness; Travel Goods, Handbags, and Similar Containers; Articles of Animal Gut (Other than Silk-worm Gut)": {
          "Iran, Islamic Rep.": "8.30",
          "Afghanistan": "4.65",
          "Beijing": "35.54",
          "Abu Dhabi": "8.15",
          "Riyadh": "6.53"
        },
        "Wood and Articles of Wood; Wood Charcoal; Cork and Articles of Cork; Manufactures of Straw, of Esparto or of Other Plaiting Materials; Basketware and Wickerwork": {
          "Beijing": "24.12",
          "Jakarta": "9.36",
          "Stockholm": "8.61",
          "Washington, D.C.": "7.93",
          "Cairo": "5.31"
        },
        "Textiles and Textile Articles": {
          "Thailand": "2.50",
          "Beijing": "44.43",
          "New Delhi": "12.40",
          "Washington, D.C.": "11.37",
          "Jakarta": "3.66"
        },
        "Footwear, Headgear, Umbrellas, Sun Umbrellas, Walking-sticks, Seat-sticks, Whips, Riding-crops, and Parts thereof; Prepared Feathers and Articles Made therewith; Artificial Flowers; Articles of Human Hair": {
          "Thailand": "2.45",
          "Beijing": "89.80",
          "Hanoi": "2.36",
          "Brasília": "1.08",
          "Jakarta": "0.92"
        },
        "Articles of Stone, Plaster, Cement, Asbestos, Mica or Similar Materials; Ceramic Products; Glass and Glassware": {
          "Iran, Islamic Rep.": "5.40",
          "Thailand": "4.15",
          "Beijing": "63.29",
          "Abu Dhabi": "4.04",
          "Berlin": "3.01"
        },
        "Natural or Cultured Pearls, Precious or Semi-precious Stones, Precious Metals, Metals Clad with Precious Metal, and Articles thereof; Imitation Jewellery; Coin": {
          "Abu Dhabi": "16.21",
          "London": "14.82",
          "Washington, D.C.": "13.24",
          "Beijing": "8.74",
          "Pretoria": "5.65"
        },
        "Base Metals and Articles of Base Metal": {
          "Beijing": "38.59",
          "Abu Dhabi": "7.94",
          "Washington, D.C.": "6.91",
          "London": "6.79",
          "Tokyo": "6.63"
        },
        "Machinery and Mechanical Appliances; Electrical Equipment; Parts thereof; Sound Recorders and Reproducers, Television Image and Sound Recorders and Reproducers, and Parts and Accessories of such Articles": {
          "Unspecified": "3.24",
          "Beijing": "60.03",
          "Washington, D.C.": "5.09",
          "Tokyo": "3.68",
          "Berlin": "3.45"
        },
        "Vehicles, Aircraft, Vessels, and Associated Transport Equipment": {
          "Thailand": "14.66",
          "Tokyo": "31.61",
          "Beijing": "17.35",
          "Washington, D.C.": "8.19"
        },
        "Optical, Photographic, Cinematographic, Measuring, Checking, Precision, Medical or Surgical Instruments and Apparatus; Clocks and Watches; Musical Instruments; Parts and Accessories thereof": {
          "Beijing": "45.35",
          "Tokyo": "6.90",
          "Washington, D.C.": "4.50",
          "New Delhi": "3.81",
          "Riyadh": "3.77"
        },
        "Miscellaneous Manufactured Articles": {
          "Beijing": "39.22",
          "Washington, D.C.": "9.79",
          "Berlin": "7.52",
          "Tokyo": "7.19",
          "Abu Dhabi": "4.81"
        }
      }
    },
    "2018": {
      "Imports": {
        "Animals & Animal Products": {
          "Ireland": "6.76",
          "Washington, D.C.": "21.64",
          "Wellington": "12.13",
          "Paris": "8.48",
          "New Delhi": "6.14"
        },
        "Vegetable Products": {
          "Jakarta": "27.93",
          "Washington, D.C.": "13.84",
          "Kuala Lumpur": "10.10",
          "Nairobi": "8.35",
          "Ottawa": "7.32"
        },
        "Prepared Foodstuffs; Beverages, Spirits, Vinegar, Tobacco and Manufactured Tobacco Substitutes": {
          "Unspecified": "7.38",
          "Amsterdam": "14.50",
          "Kuala Lumpur": "12.98",
          "Beijing": "9.18",
          "Jakarta": "5.56"
        },
        "Mineral Products": {
          "Afghanistan": "29.62",
          "Iran, Islamic Rep.": "6.34",
          "Rabat": "25.49",
          "Beijing": "10.53",
          "Washington, D.C.": "4.70"
        },
        "Products of the Chemical or Allied Industries": {
          "Beijing": "31.90",
          "New Delhi": "10.44",
          "Riyadh": "7.64",
          "Rabat": "5.23",
          "Berlin": "4.94"
        },
        "Plastics and Articles thereof; Rubber and Articles thereof": {
          "Qatar": "5.25",
          "Beijing": "21.88",
          "Riyadh": "21.12",
          "Abu Dhabi": "7.74",
          "New Delhi": "6.43"
        },
        "Raw Hides and Skins, Leather, Furskins, and Articles thereof; Saddlery and Harness; Travel Goods, Handbags, and Similar Containers; Articles of Animal Gut (Other than Silk-worm Gut)": {
          "Iran, Islamic Rep.": "7.96",
          "Afghanistan": "5.01",
          "Beijing": "33.28",
          "Abu Dhabi": "9.60",
          "Riyadh": "6.47"
        },
        "Wood and Articles of Wood; Wood Charcoal; Cork and Articles of Cork; Manufactures of Straw, of Esparto or of Other Plaiting Materials; Basketware and Wickerwork": {
          "Beijing": "20.19",
          "Washington, D.C.": "9.78",
          "Stockholm": "8.50",
          "Jakarta": "8.33",
          "Brasília": "5.08"
        },
        "Textiles and Textile Articles": {
          "Thailand": "2.71",
          "Beijing": "39.18",
          "Washington, D.C.": "15.96",
          "New Delhi": "14.32",
          "Jakarta": "2.97"
        },
        "Footwear, Headgear, Umbrellas, Sun Umbrellas, Walking-sticks, Seat-sticks, Whips, Riding-crops, and Parts thereof; Prepared Feathers and Articles Made therewith; Artificial Flowers; Articles of Human Hair": {
          "Thailand": "1.04",
          "Beijing": "90.44",
          "Hanoi": "3.04",
          "New Delhi": "0.87",
          "Brasília": "0.83"
        },
        "Articles of Stone, Plaster, Cement, Asbestos, Mica or Similar Materials; Ceramic Products; Glass and Glassware": {
          "Iran, Islamic Rep.": "6.87",
          "Thailand": "4.52",
          "Beijing": "59.15",
          "Berlin": "3.42",
          "Abu Dhabi": "3.18"
        },
        "Natural or Cultured Pearls, Precious or Semi-precious Stones, Precious Metals, Metals Clad with Precious Metal, and Articles thereof; Imitation Jewellery; Coin": {
          "London": "17.33",
          "Abu Dhabi": "14.46",
          "Washington, D.C.": "11.67",
          "Beijing": "9.65",
          "Pretoria": "4.55"
        },
        "Base Metals and Articles of Base Metal": {
          "Beijing": "35.55",
          "London": "7.97",
          "Abu Dhabi": "7.26",
          "Tokyo": "7.19",
          "Washington, D.C.": "6.17"
        },
        "Machinery and Mechanical Appliances; Electrical Equipment; Parts thereof; Sound Recorders and Reproducers, Television Image and Sound Recorders and Reproducers, and Parts and Accessories of such Articles": {
          "Unspecified": "3.56",
          "Beijing": "58.69",
          "Berlin": "5.69",
          "Washington, D.C.": "3.85",
          "Tokyo": "3.62"
        },
        "Vehicles, Aircraft, Vessels, and Associated Transport Equipment": {
          "Thailand": "17.22",
          "Tokyo": "31.16",
          "Beijing": "15.87",
          "Abu Dhabi": "5.72"
        },
        "Optical, Photographic, Cinematographic, Measuring, Checking, Precision, Medical or Surgical Instruments and Apparatus; Clocks and Watches; Musical Instruments; Parts and Accessories thereof": {
          "Thailand": "3.95",
          "Beijing": "43.37",
          "Tokyo": "6.89",
          "New Delhi": "4.28",
          "Riyadh": "3.74"
        },
        "Miscellaneous Manufactured Articles": {
          "Beijing": "40.01",
          "Washington, D.C.": "11.40",
          "Tokyo": "8.28",
          "Berlin": "6.60",
          "Bern": "2.87"
        }
      }
    },
    "2019": {
      "Imports": {
        "Animals & Animal Products": {
          "Belgium": "6.20",
          "Paris": "17.36",
          "Washington, D.C.": "15.87",
          "Wellington": "11.22",
          "Ankara": "7.74"
        },
        "Vegetable Products": {
          "Jakarta": "30.07",
          "Washington, D.C.": "10.99",
          "Ottawa": "8.89",
          "Kuala Lumpur": "8.19",
          "Nairobi": "8.17"
        },
        "Prepared Foodstuffs; Beverages, Spirits, Vinegar, Tobacco and Manufactured Tobacco Substitutes": {
          "Thailand": "4.66",
          "Kuala Lumpur": "16.09",
          "Amsterdam": "12.53",
          "Beijing": "8.74",
          "Jakarta": "5.41"
        },
        "Mineral Products": {
          "Afghanistan": "37.50",
          "Iran, Islamic Rep.": "5.27",
          "Rabat": "25.50",
          "Beijing": "6.11",
          "Washington, D.C.": "4.35"
        },
        "Products of the Chemical or Allied Industries": {
          "Beijing": "32.19",
          "New Delhi": "8.18",
          "Rabat": "6.34",
          "Riyadh": "5.97",
          "Berlin": "4.61"
        },
        "Plastics and Articles thereof; Rubber and Articles thereof": {
          "Thailand": "4.59",
          "Riyadh": "21.70",
          "Beijing": "20.73",
          "Abu Dhabi": "8.86",
          "Washington, D.C.": "4.77"
        },
        "Raw Hides and Skins, Leather, Furskins, and Articles thereof; Saddlery and Harness; Travel Goods, Handbags, and Similar Containers; Articles of Animal Gut (Other than Silk-worm Gut)": {
          "Iran, Islamic Rep.": "8.00",
          "Afghanistan": "6.33",
          "Beijing": "32.17",
          "Riyadh": "11.00",
          "Abu Dhabi": "7.93"
        },
        "Wood and Articles of Wood; Wood Charcoal; Cork and Articles of Cork; Manufactures of Straw, of Esparto or of Other Plaiting Materials; Basketware and Wickerwork": {
          "Beijing": "21.84",
          "Washington, D.C.": "10.55",
          "Stockholm": "8.38",
          "Jakarta": "7.57",
          "Brasília": "4.12"
        },
        "Textiles and Textile Articles": {
          "Thailand": "3.66",
          "Beijing": "42.29",
          "Washington, D.C.": "16.15",
          "New Delhi": "5.51",
          "Jakarta": "4.40"
        },
        "Footwear, Headgear, Umbrellas, Sun Umbrellas, Walking-sticks, Seat-sticks, Whips, Riding-crops, and Parts thereof; Prepared Feathers and Articles Made therewith; Artificial Flowers; Articles of Human Hair": {
          "Thailand": "0.86",
          "Beijing": "91.62",
          "Hanoi": "2.45",
          "Pretoria": "0.78",
          "Jakarta": "0.76"
        },
        "Articles of Stone, Plaster, Cement, Asbestos, Mica or Similar Materials; Ceramic Products; Glass and Glassware": {
          "Thailand": "6.44",
          "Iran, Islamic Rep.": "3.57",
          "Beijing": "57.92",
          "Berlin": "4.89",
          "Abu Dhabi": "3.45"
        },
        "Natural or Cultured Pearls, Precious or Semi-precious Stones, Precious Metals, Metals Clad with Precious Metal, and Articles thereof; Imitation Jewellery; Coin": {
          "Afghanistan": "3.96",
          "London": "16.69",
          "Abu Dhabi": "13.23",
          "Washington, D.C.": "12.63",
          "Beijing": "8.80"
        },
        "Base Metals and Articles of Base Metal": {
          "Other Asia, nes": "5.11",
          "Beijing": "35.23",
          "London": "8.00",
          "Abu Dhabi": "6.79",
          "Washington, D.C.": "6.69"
        },
        "Machinery and Mechanical Appliances; Electrical Equipment; Parts thereof; Sound Recorders and Reproducers, Television Image and Sound Recorders and Reproducers, and Parts and Accessories of such Articles": {
          "Beijing": "61.27",
          "Washington, D.C.": "4.04",
          "Berlin": "3.74",
          "Tokyo": "3.44",
          "Hanoi": "2.93"
        },
        "Vehicles, Aircraft, Vessels, and Associated Transport Equipment": {
          "Thailand": "16.38",
          "Tokyo": "25.72",
          "Rome": "18.82",
          "Beijing": "15.88",
          "Jakarta": "4.95"
        },
        "Optical, Photographic, Cinematographic, Measuring, Checking, Precision, Medical or Surgical Instruments and Apparatus; Clocks and Watches; Musical Instruments; Parts and Accessories thereof": {
          "Thailand": "3.41",
          "Beijing": "45.23",
          "Tokyo": "5.08",
          "Washington, D.C.": "3.89",
          "Riyadh": "3.63"
        },
        "Miscellaneous Manufactured Articles": {
          "Beijing": "36.89",
          "Washington, D.C.": "12.51",
          "Berlin": "5.73",
          "Tokyo": "5.17"
        }
      }
    },
    "2020": {
      "Imports": {
        "Animals & Animal Products": {
          "Washington, D.C.": "20.76",
          "Paris": "15.53",
          "Wellington": "8.49",
          "Ankara": "7.08",
          "Berlin": "6.61"
        },
        "Vegetable Products": {
          "Jakarta": "26.83",
          "Kuala Lumpur": "8.68",
          "Brasília": "8.46",
          "Nairobi": "8.20",
          "Washington, D.C.": "7.20"
        },
        "Prepared Foodstuffs; Beverages, Spirits, Vinegar, Tobacco and Manufactured Tobacco Substitutes": {
          "Kuala Lumpur": "15.48",
          "Abu Dhabi": "13.15",
          "Amsterdam": "12.02",
          "Beijing": "7.66",
          "Cairo": "5.79"
        },
        "Mineral Products": {
          "Afghanistan": "13.99",
          "Rabat": "36.80",
          "Beijing": "10.85",
          "Washington, D.C.": "6.51",
          "Cairo": "4.63"
        },
        "Products of the Chemical or Allied Industries": {
          "Beijing": "35.14",
          "Riyadh": "6.88",
          "Rabat": "5.30",
          "Berlin": "4.90",
          "Washington, D.C.": "4.64"
        },
        "Plastics and Articles thereof; Rubber and Articles thereof": {
          "Thailand": "4.31",
          "Beijing": "24.96",
          "Riyadh": "20.74",
          "Abu Dhabi": "9.09",
          "Washington, D.C.": "5.52"
        },
        "Raw Hides and Skins, Leather, Furskins, and Articles thereof; Saddlery and Harness; Travel Goods, Handbags, and Similar Containers; Articles of Animal Gut (Other than Silk-worm Gut)": {
          "Iran, Islamic Rep.": "9.12",
          "Afghanistan": "3.83",
          "Beijing": "29.82",
          "Riyadh": "8.88",
          "Abu Dhabi": "7.40"
        },
        "Wood and Articles of Wood; Wood Charcoal; Cork and Articles of Cork; Manufactures of Straw, of Esparto or of Other Plaiting Materials; Basketware and Wickerwork": {
          "Beijing": "22.72",
          "Washington, D.C.": "11.44",
          "Stockholm": "9.86",
          "Jakarta": "6.98",
          "Brasília": "4.21"
        },
        "Textiles and Textile Articles": {
          "Afghanistan": "3.66",
          "Beijing": "33.66",
          "Washington, D.C.": "19.10",
          "Brasília": "8.37",
          "Jakarta": "4.64"
        },
        "Footwear, Headgear, Umbrellas, Sun Umbrellas, Walking-sticks, Seat-sticks, Whips, Riding-crops, and Parts thereof; Prepared Feathers and Articles Made therewith; Artificial Flowers; Articles of Human Hair": {
          "Iran, Islamic Rep.": "1.16",
          "Thailand": "0.91",
          "Beijing": "88.19",
          "Hanoi": "2.75",
          "Pretoria": "1.82"
        },
        "Articles of Stone, Plaster, Cement, Asbestos, Mica or Similar Materials; Ceramic Products; Glass and Glassware": {
          "Thailand": "6.26",
          "Beijing": "63.48",
          "Berlin": "5.30",
          "Abu Dhabi": "3.02",
          "Ankara": "2.79"
        },
        "Natural or Cultured Pearls, Precious or Semi-precious Stones, Precious Metals, Metals Clad with Precious Metal, and Articles thereof; Imitation Jewellery; Coin": {
          "Unspecified": "5.36",
          "London": "15.60",
          "Washington, D.C.": "15.16",
          "Abu Dhabi": "12.88",
          "Beijing": "7.12"
        },
        "Base Metals and Articles of Base Metal": {
          "Beijing": "30.40",
          "Washington, D.C.": "8.48",
          "London": "8.28",
          "Abu Dhabi": "7.11",
          "Tokyo": "5.73"
        },
        "Machinery and Mechanical Appliances; Electrical Equipment; Parts thereof; Sound Recorders and Reproducers, Television Image and Sound Recorders and Reproducers, and Parts and Accessories of such Articles": {
          "Other Asia, nes": "3.25",
          "Beijing": "68.18",
          "Washington, D.C.": "3.08",
          "Berlin": "2.78",
          "Hanoi": "2.71"
        },
        "Vehicles, Aircraft, Vessels, and Associated Transport Equipment": {
          "Thailand": "18.21",
          "Tokyo": "24.01",
          "Beijing": "18.23",
          "Seoul": "17.25",
          "Jakarta": "3.68"
        },
        "Optical, Photographic, Cinematographic, Measuring, Checking, Precision, Medical or Surgical Instruments and Apparatus; Clocks and Watches; Musical Instruments; Parts and Accessories thereof": {
          "Beijing": "49.48",
          "Tokyo": "4.51",
          "Riyadh": "4.07",
          "Washington, D.C.": "3.55",
          "Seoul": "3.54"
        },
        "Miscellaneous Manufactured Articles": {
          "Beijing": "43.16",
          "Washington, D.C.": "11.33",
          "Berlin": "6.31",
          "Tokyo": "5.87",
          "Bern": "2.82"
        }
      }
    },
    "2021": {
      "Imports": {
        "Animals & Animal Products": {
          "Washington, D.C.": "27.06",
          "Berlin": "9.02",
          "Paris": "8.19",
          "Stockholm": "6.77",
          "Ankara": "6.34"
        },
        "Vegetable Products": {
          "Ukraine": "8.13",
          "Jakarta": "35.73",
          "Brasília": "11.23",
          "Washington, D.C.": "5.94",
          "Nairobi": "5.86"
        },
        "Prepared Foodstuffs; Beverages, Spirits, Vinegar, Tobacco and Manufactured Tobacco Substitutes": {
          "Unspecified": "4.87",
          "Abu Dhabi": "26.17",
          "Kuala Lumpur": "13.79",
          "Amsterdam": "8.24",
          "Beijing": "8.03"
        },
        "Mineral Products": {
          "Afghanistan": "24.22",
          "Rabat": "44.17",
          "Beijing": "7.39",
          "Cairo": "3.32",
          "Washington, D.C.": "3.05"
        },
        "Products of the Chemical or Allied Industries": {
          "Beijing": "42.68",
          "Washington, D.C.": "6.52",
          "Riyadh": "6.27",
          "Rabat": "4.59",
          "Madrid": "3.98"
        },
        "Plastics and Articles thereof; Rubber and Articles thereof": {
          "Thailand": "5.94",
          "Beijing": "27.04",
          "Riyadh": "21.43",
          "Abu Dhabi": "9.03",
          "Seoul": "3.95"
        },
        "Raw Hides and Skins, Leather, Furskins, and Articles thereof; Saddlery and Harness; Travel Goods, Handbags, and Similar Containers; Articles of Animal Gut (Other than Silk-worm Gut)": {
          "Iran, Islamic Rep.": "16.09",
          "Afghanistan": "4.73",
          "Beijing": "30.26",
          "Riyadh": "6.73",
          "Abu Dhabi": "6.43"
        },
        "Wood and Articles of Wood; Wood Charcoal; Cork and Articles of Cork; Manufactures of Straw, of Esparto or of Other Plaiting Materials; Basketware and Wickerwork": {
          "Beijing": "19.40",
          "Washington, D.C.": "14.00",
          "Stockholm": "8.96",
          "Jakarta": "7.25",
          "Manama": "5.81"
        },
        "Textiles and Textile Articles": {
          "Cote dIvoire": "3.75",
          "Beijing": "33.15",
          "Washington, D.C.": "17.09",
          "Brasília": "6.86",
          "Jakarta": "5.54"
        },
        "Footwear, Headgear, Umbrellas, Sun Umbrellas, Walking-sticks, Seat-sticks, Whips, Riding-crops, and Parts thereof; Prepared Feathers and Articles Made therewith; Artificial Flowers; Articles of Human Hair": {
          "Iran, Islamic Rep.": "1.41",
          "Thailand": "0.84",
          "Beijing": "88.76",
          "Hanoi": "2.37",
          "Jakarta": "1.16"
        },
        "Articles of Stone, Plaster, Cement, Asbestos, Mica or Similar Materials; Ceramic Products; Glass and Glassware": {
          "Thailand": "9.48",
          "Beijing": "57.58",
          "Berlin": "6.16",
          "Ankara": "3.19",
          "Washington, D.C.": "2.51"
        },
        "Natural or Cultured Pearls, Precious or Semi-precious Stones, Precious Metals, Metals Clad with Precious Metal, and Articles thereof; Imitation Jewellery; Coin": {
          "Unspecified": "5.76",
          "Abu Dhabi": "14.84",
          "London": "14.15",
          "Washington, D.C.": "12.43",
          "Beijing": "6.70"
        },
        "Base Metals and Articles of Base Metal": {
          "Beijing": "29.46",
          "Tokyo": "8.63",
          "Abu Dhabi": "8.46",
          "London": "7.38",
          "Washington, D.C.": "6.95"
        },
        "Machinery and Mechanical Appliances; Electrical Equipment; Parts thereof; Sound Recorders and Reproducers, Television Image and Sound Recorders and Reproducers, and Parts and Accessories of such Articles": {
          "Beijing": "69.26",
          "Washington, D.C.": "3.31",
          "Tokyo": "3.02",
          "Berlin": "2.95",
          "Hanoi": "2.69"
        },
        "Vehicles, Aircraft, Vessels, and Associated Transport Equipment": {
          "Thailand": "18.30",
          "Tokyo": "23.80",
          "Beijing": "18.32",
          "Seoul": "14.63",
          "Abu Dhabi": "5.38"
        },
        "Optical, Photographic, Cinematographic, Measuring, Checking, Precision, Medical or Surgical Instruments and Apparatus; Clocks and Watches; Musical Instruments; Parts and Accessories thereof": {
          "Thailand": "3.85",
          "Beijing": "49.15",
          "Tokyo": "5.65",
          "Riyadh": "4.13",
          "Washington, D.C.": "3.85"
        },
        "Miscellaneous Manufactured Articles": {
          "Ireland": "3.06",
          "Beijing": "42.32",
          "Washington, D.C.": "9.98",
          "Tokyo": "6.76",
          "Berlin": "5.11"
        }
      }
    },
    "2022": {
      "Imports": {
        "Animals & Animal Products": {
          "Washington, D.C.": "25.95",
          "Paris": "11.82",
          "Amsterdam": "10.35",
          "Berlin": "6.38",
          "Ankara": "6.09"
        },
        "Vegetable Products": {
          "Russian Federation": "5.25",
          "Jakarta": "40.22",
          "Brasília": "9.04",
          "Nairobi": "6.08",
          "Kuala Lumpur": "4.99"
        },
        "Prepared Foodstuffs; Beverages, Spirits, Vinegar, Tobacco and Manufactured Tobacco Substitutes": {
          "Unspecified": "4.48",
          "Kuala Lumpur": "16.50",
          "Beijing": "11.92",
          "Amsterdam": "11.79",
          "Jakarta": "4.62"
        },
        "Mineral Products": {
          "Afghanistan": "26.03",
          "Rabat": "39.24",
          "Beijing": "10.13",
          "Abu Dhabi": "3.13",
          "Washington, D.C.": "2.77"
        },
        "Products of the Chemical or Allied Industries": {
          "Beijing": "30.91",
          "Rabat": "10.85",
          "Riyadh": "9.86",
          "Washington, D.C.": "6.43",
          "Kuwait City": "4.75"
        },
        "Plastics and Articles thereof; Rubber and Articles thereof": {
          "Thailand": "4.32",
          "Beijing": "24.91",
          "Riyadh": "21.71",
          "Abu Dhabi": "9.65",
          "Seoul": "4.59"
        },
        "Raw Hides and Skins, Leather, Furskins, and Articles thereof; Saddlery and Harness; Travel Goods, Handbags, and Similar Containers; Articles of Animal Gut (Other than Silk-worm Gut)": {
          "Iran, Islamic Rep.": "25.00",
          "Afghanistan": "3.64",
          "Ethiopia(excludes Eritrea)": "3.27",
          "Beijing": "21.05",
          "Riyadh": "9.83"
        },
        "Wood and Articles of Wood; Wood Charcoal; Cork and Articles of Cork; Manufactures of Straw, of Esparto or of Other Plaiting Materials; Basketware and Wickerwork": {
          "Beijing": "22.21",
          "Stockholm": "11.37",
          "Washington, D.C.": "10.93",
          "Jakarta": "8.98",
          "Brasília": "5.64"
        },
        "Textiles and Textile Articles": {
          "Afghanistan": "4.39",
          "Beijing": "31.71",
          "Washington, D.C.": "18.79",
          "Brasília": "9.61",
          "Jakarta": "3.88"
        },
        "Footwear, Headgear, Umbrellas, Sun Umbrellas, Walking-sticks, Seat-sticks, Whips, Riding-crops, and Parts thereof; Prepared Feathers and Articles Made therewith; Artificial Flowers; Articles of Human Hair": {
          "Thailand": "0.75",
          "Beijing": "89.60",
          "Hanoi": "2.85",
          "Jakarta": "1.29",
          "Budapest": "1.23"
        },
        "Articles of Stone, Plaster, Cement, Asbestos, Mica or Similar Materials; Ceramic Products; Glass and Glassware": {
          "Thailand": "8.64",
          "Beijing": "55.00",
          "Berlin": "7.00",
          "Washington, D.C.": "4.42",
          "Abu Dhabi": "3.53"
        },
        "Natural or Cultured Pearls, Precious or Semi-precious Stones, Precious Metals, Metals Clad with Precious Metal, and Articles thereof; Imitation Jewellery; Coin": {
          "Unspecified": "5.10",
          "London": "14.21",
          "Washington, D.C.": "12.91",
          "Abu Dhabi": "9.81",
          "Beijing": "9.67"
        },
        "Base Metals and Articles of Base Metal": {
          "Beijing": "32.29",
          "London": "7.47",
          "Washington, D.C.": "7.27",
          "Tokyo": "6.76",
          "Abu Dhabi": "5.71"
        },
        "Machinery and Mechanical Appliances; Electrical Equipment; Parts thereof; Sound Recorders and Reproducers, Television Image and Sound Recorders and Reproducers, and Parts and Accessories of such Articles": {
          "Beijing": "68.16",
          "Washington, D.C.": "3.71",
          "Hanoi": "3.34",
          "Berlin": "3.27",
          "Tokyo": "3.18"
        },
        "Vehicles, Aircraft, Vessels, and Associated Transport Equipment": {
          "Thailand": "19.40",
          "Tokyo": "23.74",
          "Beijing": "19.07",
          "Seoul": "14.47",
          "Abu Dhabi": "5.52"
        },
        "Optical, Photographic, Cinematographic, Measuring, Checking, Precision, Medical or Surgical Instruments and Apparatus; Clocks and Watches; Musical Instruments; Parts and Accessories thereof": {
          "Thailand": "4.00",
          "Beijing": "44.41",
          "Riyadh": "5.65",
          "Tokyo": "5.41",
          "Washington, D.C.": "3.92"
        },
        "Miscellaneous Manufactured Articles": {
          "Beijing": "34.13",
          "Washington, D.C.": "11.70",
          "Berlin": "7.97",
          "Tokyo": "7.33",
          "Paris": "3.86"
        }
      }
    }
  }
}