{
  "Main Partners": {
    "2008": {
      "Imports": {
        "Animals & Animal Products": {
          "Islamabad": "35.47",
          "Washington, D.C.": "24.15",
          "New Delhi": "14.66",
          "Ottawa": "5.49",
          "Abu Dhabi": "3.20"
        },
        "Vegetable Products": {
          "Kazakhstan": "29.61",
          "Iran, Islamic Rep.": "5.46",
          "Kuala Lumpur": "17.91",
          "Islamabad": "14.33",
          "Abu Dhabi": "4.88"
        },
        "Prepared Foodstuffs; Beverages, Spirits, Vinegar, Tobacco and Manufactured Tobacco Substitutes": {
          "Iran, Islamic Rep.": "17.71",
          "Islamabad": "32.96",
          "Pyongyang": "16.58",
          "Abu Dhabi": "5.70",
          "New Delhi": "4.65"
        },
        "Mineral Products": {
          "Iran, Islamic Rep.": "1.10",
          "Tajikistan": "0.19",
          "Islamabad": "98.59",
          "New Delhi": "0.09",
          "Ankara": "0.02"
        },
        "Products of the Chemical or Allied Industries": {
          "Iran, Islamic Rep.": "21.79",
          "Uzbekistan": "9.65",
          "Russian Federation": "7.79",
          "Islamabad": "20.00",
          "New Delhi": "8.31"
        },
        "Plastics and Articles thereof; Rubber and Articles thereof": {
          "Iran, Islamic Rep.": "4.77",
          "Beijing": "45.22",
          "Tokyo": "20.37",
          "New Delhi": "11.00",
          "Abu Dhabi": "6.96"
        },
        "Raw Hides and Skins, Leather, Furskins, and Articles thereof; Saddlery and Harness; Travel Goods, Handbags, and Similar Containers; Articles of Animal Gut (Other than Silk-worm Gut)": {
          "Iran, Islamic Rep.": "14.12",
          "Abu Dhabi": "43.31",
          "Beijing": "28.66",
          "Islamabad": "12.12",
          "New Delhi": "1.17"
        },
        "Wood and Articles of Wood; Wood Charcoal; Cork and Articles of Cork; Manufactures of Straw, of Esparto or of Other Plaiting Materials; Basketware and Wickerwork": {
          "Russian Federation": "55.07",
          "Uzbekistan": "19.07",
          "Beijing": "9.67",
          "Jakarta": "4.32",
          "Islamabad": "4.01"
        },
        "Textiles and Textile Articles": {
          "Iran, Islamic Rep.": "5.06",
          "Beijing": "57.68",
          "New Delhi": "14.53",
          "Pyongyang": "8.84",
          "Islamabad": "4.02"
        },
        "Footwear, Headgear, Umbrellas, Sun Umbrellas, Walking-sticks, Seat-sticks, Whips, Riding-crops, and Parts thereof; Prepared Feathers and Articles Made therewith; Artificial Flowers; Articles of Human Hair": {
          "Russian Federation": "17.32",
          "Thailand": "3.45",
          "Iran, Islamic Rep.": "3.21",
          "Beijing": "68.35",
          "Islamabad": "5.37"
        },
        "Articles of Stone, Plaster, Cement, Asbestos, Mica or Similar Materials; Ceramic Products; Glass and Glassware": {
          "Iran, Islamic Rep.": "13.82",
          "Kyrgyz Republic": "12.88",
          "Beijing": "34.00",
          "Islamabad": "12.81",
          "Abu Dhabi": "6.05"
        },
        "Natural or Cultured Pearls, Precious or Semi-precious Stones, Precious Metals, Metals Clad with Precious Metal, and Articles thereof; Imitation Jewellery; Coin": {
          "Uzbekistan": "30.54",
          "Iran, Islamic Rep.": "5.37",
          "Islamabad": "34.94",
          "Beijing": "14.60",
          "Ankara": "7.59"
        },
        "Base Metals and Articles of Base Metal": {
          "Uzbekistan": "26.66",
          "Iran, Islamic Rep.": "9.35",
          "Russian Federation": "5.59",
          "Islamabad": "37.39",
          "Beijing": "8.69"
        },
        "Machinery and Mechanical Appliances; Electrical Equipment; Parts thereof; Sound Recorders and Reproducers, Television Image and Sound Recorders and Reproducers, and Parts and Accessories of such Articles": {
          "Beijing": "32.82",
          "Ankara": "9.95",
          "Tokyo": "9.55",
          "New Delhi": "8.27",
          "Abu Dhabi": "7.80"
        },
        "Vehicles, Aircraft, Vessels, and Associated Transport Equipment": {
          "Tokyo": "60.82",
          "Beijing": "11.65",
          "Berlin": "10.66",
          "Ottawa": "7.61",
          "Pyongyang": "2.11"
        },
        "Optical, Photographic, Cinematographic, Measuring, Checking, Precision, Medical or Surgical Instruments and Apparatus; Clocks and Watches; Musical Instruments; Parts and Accessories thereof": {
          "Iran, Islamic Rep.": "8.02",
          "Beijing": "27.49",
          "Islamabad": "25.86",
          "Tokyo": "9.54",
          "New Delhi": "6.35"
        },
        "Miscellaneous Manufactured Articles": {
          "Iran, Islamic Rep.": "8.85",
          "Islamabad": "32.38",
          "Beijing": "24.71",
          "New Delhi": "6.66",
          "Tokyo": "6.30"
        }
      }
    },
    "2009": {
      "Imports": {
        "Animals & Animal Products": {
          "Ireland": "2.65",
          "New Delhi": "62.04",
          "Islamabad": "17.41",
          "Amsterdam": "5.48",
          "Washington, D.C.": "2.66"
        },
        "Vegetable Products": {
          "Kazakhstan": "62.95",
          "Russian Federation": "8.43",
          "Tajikistan": "7.67",
          "Uzbekistan": "7.64",
          "Kuala Lumpur": "4.74"
        },
        "Prepared Foodstuffs; Beverages, Spirits, Vinegar, Tobacco and Manufactured Tobacco Substitutes": {
          "Iran, Islamic Rep.": "9.80",
          "Islamabad": "27.89",
          "Seoul": "23.05",
          "Riyadh": "8.77",
          "New Delhi": "3.69"
        },
        "Mineral Products": {
          "Islamabad": "74.33",
          "Beijing": "25.67"
        },
        "Products of the Chemical or Allied Industries": {
          "Iran, Islamic Rep.": "17.95",
          "Russian Federation": "8.84",
          "Islamabad": "34.80",
          "Beijing": "9.17",
          "Ankara": "6.80"
        },
        "Plastics and Articles thereof; Rubber and Articles thereof": {
          "Iran, Islamic Rep.": "13.63",
          "Russian Federation": "4.05",
          "Tokyo": "32.61",
          "Beijing": "30.46",
          "New Delhi": "8.35"
        },
        "Raw Hides and Skins, Leather, Furskins, and Articles thereof; Saddlery and Harness; Travel Goods, Handbags, and Similar Containers; Articles of Animal Gut (Other than Silk-worm Gut)": {
          "Iran, Islamic Rep.": "17.58",
          "Islamabad": "38.93",
          "Beijing": "36.64",
          "Jakarta": "4.48",
          "Abu Dhabi": "1.95"
        },
        "Wood and Articles of Wood; Wood Charcoal; Cork and Articles of Cork; Manufactures of Straw, of Esparto or of Other Plaiting Materials; Basketware and Wickerwork": {
          "Uzbekistan": "5.94",
          "Jakarta": "29.63",
          "Beijing": "29.44",
          "Islamabad": "14.80",
          "New Delhi": "6.99"
        },
        "Textiles and Textile Articles": {
          "Beijing": "71.87",
          "Islamabad": "12.26",
          "New Delhi": "12.11",
          "Seoul": "1.70",
          "Tokyo": "1.06"
        },
        "Footwear, Headgear, Umbrellas, Sun Umbrellas, Walking-sticks, Seat-sticks, Whips, Riding-crops, and Parts thereof; Prepared Feathers and Articles Made therewith; Artificial Flowers; Articles of Human Hair": {
          "Russian Federation": "30.48",
          "Uzbekistan": "3.78",
          "Tajikistan": "1.93",
          "Beijing": "49.64",
          "Islamabad": "10.50"
        },
        "Articles of Stone, Plaster, Cement, Asbestos, Mica or Similar Materials; Ceramic Products; Glass and Glassware": {
          "Iran, Islamic Rep.": "23.03",
          "Islamabad": "70.06",
          "Beijing": "3.23",
          "New Delhi": "2.05",
          "Ankara": "0.51"
        },
        "Natural or Cultured Pearls, Precious or Semi-precious Stones, Precious Metals, Metals Clad with Precious Metal, and Articles thereof; Imitation Jewellery; Coin": {
          "Uzbekistan": "6.04",
          "Islamabad": "60.87",
          "Beijing": "9.70",
          "Ankara": "8.61",
          "Seoul": "5.94"
        },
        "Base Metals and Articles of Base Metal": {
          "Iran, Islamic Rep.": "17.27",
          "Uzbekistan": "16.09",
          "Beijing": "35.18",
          "Islamabad": "22.18",
          "Ankara": "4.10"
        },
        "Machinery and Mechanical Appliances; Electrical Equipment; Parts thereof; Sound Recorders and Reproducers, Television Image and Sound Recorders and Reproducers, and Parts and Accessories of such Articles": {
          "Ankara": "25.69",
          "Beijing": "18.58",
          "Abu Dhabi": "8.86",
          "London": "7.73",
          "Berlin": "7.29"
        },
        "Vehicles, Aircraft, Vessels, and Associated Transport Equipment": {
          "Tokyo": "42.29",
          "Beijing": "20.19",
          "Seoul": "6.68",
          "Berlin": "5.53",
          "New Delhi": "5.32"
        },
        "Optical, Photographic, Cinematographic, Measuring, Checking, Precision, Medical or Surgical Instruments and Apparatus; Clocks and Watches; Musical Instruments; Parts and Accessories thereof": {
          "Iran, Islamic Rep.": "7.10",
          "Beijing": "31.00",
          "Islamabad": "14.95",
          "Tokyo": "13.10",
          "Ankara": "6.39"
        },
        "Miscellaneous Manufactured Articles": {
          "Beijing": "0.68",
          "Tokyo": "0.66",
          "Islamabad": "0.55",
          "Helsinki": "0.46",
          "New Delhi": "0.37"
        }
      }
    },
    "2010": {
      "Imports": {
        "Animals & Animal Products": {
          "Iran, Islamic Rep.": "11.14",
          "Belgium": "10.04",
          "Islamabad": "36.08",
          "New Delhi": "17.24",
          "Amsterdam": "5.76"
        },
        "Vegetable Products": {
          "Kazakhstan": "45.01",
          "Iran, Islamic Rep.": "5.82",
          "Islamabad": "11.59",
          "Kuala Lumpur": "11.26",
          "Nairobi": "5.36"
        },
        "Prepared Foodstuffs; Beverages, Spirits, Vinegar, Tobacco and Manufactured Tobacco Substitutes": {
          "Iran, Islamic Rep.": "12.78",
          "Islamabad": "20.55",
          "Seoul": "9.72",
          "Riyadh": "8.48",
          "New Delhi": "8.04"
        },
        "Mineral Products": {
          "Iran, Islamic Rep.": "3.27",
          "Islamabad": "66.06",
          "Beijing": "29.72",
          "Abu Dhabi": "0.95"
        },
        "Products of the Chemical or Allied Industries": {
          "Iran, Islamic Rep.": "14.58",
          "Islamabad": "37.50",
          "New Delhi": "7.65",
          "Beijing": "6.56",
          "Ankara": "6.47"
        },
        "Plastics and Articles thereof; Rubber and Articles thereof": {
          "Iran, Islamic Rep.": "14.59",
          "Thailand": "9.99",
          "Beijing": "35.30",
          "Tokyo": "15.31",
          "Islamabad": "10.02"
        },
        "Raw Hides and Skins, Leather, Furskins, and Articles thereof; Saddlery and Harness; Travel Goods, Handbags, and Similar Containers; Articles of Animal Gut (Other than Silk-worm Gut)": {
          "Iran, Islamic Rep.": "31.85",
          "Uzbekistan": "0.49",
          "Abu Dhabi": "32.59",
          "Beijing": "20.96",
          "Islamabad": "13.50"
        },
        "Wood and Articles of Wood; Wood Charcoal; Cork and Articles of Cork; Manufactures of Straw, of Esparto or of Other Plaiting Materials; Basketware and Wickerwork": {
          "Uzbekistan": "3.97",
          "Beijing": "40.18",
          "Islamabad": "19.97",
          "Jakarta": "14.10",
          "New Delhi": "5.89"
        },
        "Textiles and Textile Articles": {
          "Beijing": "73.37",
          "New Delhi": "12.80",
          "Seoul": "4.94",
          "Islamabad": "3.25",
          "Abu Dhabi": "1.39"
        },
        "Footwear, Headgear, Umbrellas, Sun Umbrellas, Walking-sticks, Seat-sticks, Whips, Riding-crops, and Parts thereof; Prepared Feathers and Articles Made therewith; Artificial Flowers; Articles of Human Hair": {
          "Russian Federation": "14.54",
          "Tajikistan": "5.90",
          "Thailand": "2.32",
          "Beijing": "64.29",
          "Islamabad": "7.44"
        },
        "Articles of Stone, Plaster, Cement, Asbestos, Mica or Similar Materials; Ceramic Products; Glass and Glassware": {
          "Iran, Islamic Rep.": "10.79",
          "Islamabad": "85.74",
          "Beijing": "2.06",
          "New Delhi": "0.51",
          "Ankara": "0.16"
        },
        "Natural or Cultured Pearls, Precious or Semi-precious Stones, Precious Metals, Metals Clad with Precious Metal, and Articles thereof; Imitation Jewellery; Coin": {
          "Iran, Islamic Rep.": "14.40",
          "Uzbekistan": "6.07",
          "Ukraine": "4.93",
          "Islamabad": "37.93",
          "Beijing": "24.10"
        },
        "Base Metals and Articles of Base Metal": {
          "Iran, Islamic Rep.": "23.84",
          "Uzbekistan": "3.45",
          "Islamabad": "43.88",
          "Beijing": "17.25",
          "Ankara": "4.40"
        },
        "Machinery and Mechanical Appliances; Electrical Equipment; Parts thereof; Sound Recorders and Reproducers, Television Image and Sound Recorders and Reproducers, and Parts and Accessories of such Articles": {
          "Iran, Islamic Rep.": "8.00",
          "Beijing": "32.89",
          "Ankara": "21.00",
          "London": "8.50",
          "Islamabad": "5.67"
        },
        "Vehicles, Aircraft, Vessels, and Associated Transport Equipment": {
          "Russian Federation": "1.36",
          "Berlin": "52.53",
          "Tokyo": "25.15",
          "Beijing": "13.16",
          "Abu Dhabi": "1.70"
        },
        "Optical, Photographic, Cinematographic, Measuring, Checking, Precision, Medical or Surgical Instruments and Apparatus; Clocks and Watches; Musical Instruments; Parts and Accessories thereof": {
          "Iran, Islamic Rep.": "8.14",
          "Islamabad": "24.90",
          "Beijing": "24.86",
          "Berlin": "14.58",
          "Tokyo": "6.55"
        },
        "Miscellaneous Manufactured Articles": {
          "Iran, Islamic Rep.": "0.28",
          "Berlin": "1.82",
          "Beijing": "0.42",
          "Ankara": "0.20",
          "Islamabad": "0.17"
        }
      }
    },
    "2011": {
      "Imports": {
        "Animals & Animal Products": {
          "Iran, Islamic Rep.": "3.73",
          "Ireland": "2.60",
          "Islamabad": "66.16",
          "New Delhi": "11.91",
          "Amsterdam": "6.70"
        },
        "Vegetable Products": {
          "Kazakhstan": "30.73",
          "Iran, Islamic Rep.": "4.95",
          "Islamabad": "19.54",
          "Nairobi": "11.55",
          "Kuala Lumpur": "10.43"
        },
        "Prepared Foodstuffs; Beverages, Spirits, Vinegar, Tobacco and Manufactured Tobacco Substitutes": {
          "Iran, Islamic Rep.": "14.22",
          "Islamabad": "29.98",
          "Seoul": "19.24",
          "New Delhi": "5.23",
          "Abu Dhabi": "4.85"
        },
        "Mineral Products": {
          "Iran, Islamic Rep.": "4.59",
          "Islamabad": "82.90",
          "Beijing": "12.51"
        },
        "Products of the Chemical or Allied Industries": {
          "Iran, Islamic Rep.": "14.47",
          "Islamabad": "48.01",
          "New Delhi": "6.96",
          "Beijing": "6.60",
          "Abu Dhabi": "3.43"
        },
        "Plastics and Articles thereof; Rubber and Articles thereof": {
          "Iran, Islamic Rep.": "13.96",
          "Beijing": "36.22",
          "Islamabad": "21.90",
          "Tokyo": "7.84",
          "Abu Dhabi": "4.95"
        },
        "Raw Hides and Skins, Leather, Furskins, and Articles thereof; Saddlery and Harness; Travel Goods, Handbags, and Similar Containers; Articles of Animal Gut (Other than Silk-worm Gut)": {
          "Iran, Islamic Rep.": "3.33",
          "Abu Dhabi": "77.06",
          "Islamabad": "11.03",
          "Beijing": "6.25",
          "Ankara": "1.23"
        },
        "Wood and Articles of Wood; Wood Charcoal; Cork and Articles of Cork; Manufactures of Straw, of Esparto or of Other Plaiting Materials; Basketware and Wickerwork": {
          "Iran, Islamic Rep.": "4.00",
          "Thailand": "3.67",
          "Beijing": "26.30",
          "Jakarta": "25.42",
          "Islamabad": "22.74"
        },
        "Textiles and Textile Articles": {
          "Tajikistan": "2.40",
          "Beijing": "61.96",
          "New Delhi": "21.70",
          "Islamabad": "5.77",
          "Seoul": "2.77"
        },
        "Footwear, Headgear, Umbrellas, Sun Umbrellas, Walking-sticks, Seat-sticks, Whips, Riding-crops, and Parts thereof; Prepared Feathers and Articles Made therewith; Artificial Flowers; Articles of Human Hair": {
          "Tajikistan": "17.04",
          "Uzbekistan": "3.00",
          "Iran, Islamic Rep.": "2.54",
          "Beijing": "57.23",
          "Islamabad": "14.10"
        },
        "Articles of Stone, Plaster, Cement, Asbestos, Mica or Similar Materials; Ceramic Products; Glass and Glassware": {
          "Iran, Islamic Rep.": "16.23",
          "Islamabad": "73.11",
          "Abu Dhabi": "6.55",
          "Beijing": "1.66",
          "New Delhi": "0.57"
        },
        "Natural or Cultured Pearls, Precious or Semi-precious Stones, Precious Metals, Metals Clad with Precious Metal, and Articles thereof; Imitation Jewellery; Coin": {
          "Iran, Islamic Rep.": "9.20",
          "Tajikistan": "4.29",
          "Islamabad": "63.06",
          "Beijing": "8.18",
          "Ankara": "8.07"
        },
        "Base Metals and Articles of Base Metal": {
          "Iran, Islamic Rep.": "14.64",
          "Tajikistan": "4.04",
          "Islamabad": "60.52",
          "Beijing": "8.53",
          "Ankara": "6.55"
        },
        "Machinery and Mechanical Appliances; Electrical Equipment; Parts thereof; Sound Recorders and Reproducers, Television Image and Sound Recorders and Reproducers, and Parts and Accessories of such Articles": {
          "Iran, Islamic Rep.": "13.96",
          "Beijing": "31.16",
          "Ankara": "18.81",
          "Islamabad": "8.75",
          "London": "7.11"
        },
        "Vehicles, Aircraft, Vessels, and Associated Transport Equipment": {
          "Iran, Islamic Rep.": "1.98",
          "Tokyo": "56.04",
          "Beijing": "23.73",
          "Abu Dhabi": "4.74",
          "Islamabad": "4.00"
        },
        "Optical, Photographic, Cinematographic, Measuring, Checking, Precision, Medical or Surgical Instruments and Apparatus; Clocks and Watches; Musical Instruments; Parts and Accessories thereof": {
          "Iran, Islamic Rep.": "11.44",
          "Islamabad": "32.08",
          "Beijing": "24.40",
          "Tokyo": "6.32",
          "Abu Dhabi": "5.44"
        },
        "Miscellaneous Manufactured Articles": {
          "Iran, Islamic Rep.": "0.32",
          "Beijing": "0.96",
          "Islamabad": "0.21",
          "Ankara": "0.19",
          "Abu Dhabi": "0.17"
        }
      }
    },
    "2012": {
      "Imports": {
        "Vegetable Products": {
          "Unspecified": "74.85",
          "Islamabad": "22.77",
          "Beijing": "2.22",
          "New Delhi": "0.17"
        },
        "Prepared Foodstuffs; Beverages, Spirits, Vinegar, Tobacco and Manufactured Tobacco Substitutes": {
          "Tokyo": "39.31",
          "Islamabad": "34.72",
          "Beijing": "12.18",
          "Berlin": "6.52",
          "New Delhi": "5.17"
        },
        "Products of the Chemical or Allied Industries": {
          "Iran, Islamic Rep.": "15.98",
          "Islamabad": "53.96",
          "Beijing": "14.02",
          "New Delhi": "13.82",
          "Berlin": "2.23"
        },
        "Plastics and Articles thereof; Rubber and Articles thereof": {
          "Beijing": "71.31",
          "Tokyo": "14.16",
          "Islamabad": "9.32",
          "New Delhi": "3.64",
          "Berlin": "1.58"
        },
        "Wood and Articles of Wood; Wood Charcoal; Cork and Articles of Cork; Manufactures of Straw, of Esparto or of Other Plaiting Materials; Basketware and Wickerwork": {
          "Beijing": "96.98",
          "Tokyo": "3.02"
        },
        "Textiles and Textile Articles": {
          "Unspecified": "5.56",
          "Beijing": "62.51",
          "New Delhi": "17.95",
          "Islamabad": "11.58",
          "Tokyo": "1.17"
        },
        "Footwear, Headgear, Umbrellas, Sun Umbrellas, Walking-sticks, Seat-sticks, Whips, Riding-crops, and Parts thereof; Prepared Feathers and Articles Made therewith; Artificial Flowers; Articles of Human Hair": {
          "Beijing": "74.90",
          "Islamabad": "24.79",
          "Berlin": "0.31"
        },
        "Articles of Stone, Plaster, Cement, Asbestos, Mica or Similar Materials; Ceramic Products; Glass and Glassware": {
          "Unspecified": "0.25",
          "Islamabad": "99.75"
        },
        "Machinery and Mechanical Appliances; Electrical Equipment; Parts thereof; Sound Recorders and Reproducers, Television Image and Sound Recorders and Reproducers, and Parts and Accessories of such Articles": {
          "Beijing": "95.84",
          "Tokyo": "3.06",
          "Islamabad": "1.10"
        },
        "Optical, Photographic, Cinematographic, Measuring, Checking, Precision, Medical or Surgical Instruments and Apparatus; Clocks and Watches; Musical Instruments; Parts and Accessories thereof": {
          "Iran, Islamic Rep.": "2.21",
          "Unspecified": "1.89",
          "Islamabad": "51.84",
          "Beijing": "34.42",
          "New Delhi": "7.65"
        },
        "Miscellaneous Manufactured Articles": {
          "Unspecified": "100.00"
        }
      }
    },
    "2013": {
      "Imports": {
        "Vegetable Products": {
          "Unspecified": "58.10",
          "Islamabad": "39.37",
          "Beijing": "1.64",
          "New Delhi": "0.89"
        },
        "Prepared Foodstuffs; Beverages, Spirits, Vinegar, Tobacco and Manufactured Tobacco Substitutes": {
          "Islamabad": "100.00"
        },
        "Products of the Chemical or Allied Industries": {
          "Iran, Islamic Rep.": "15.18",
          "Islamabad": "67.64",
          "Beijing": "15.88",
          "New Delhi": "0.99",
          "Berlin": "0.31"
        },
        "Plastics and Articles thereof; Rubber and Articles thereof": {
          "Tokyo": "46.17",
          "Islamabad": "26.28",
          "Beijing": "22.10",
          "Berlin": "3.54",
          "New Delhi": "1.91"
        },
        "Wood and Articles of Wood; Wood Charcoal; Cork and Articles of Cork; Manufactures of Straw, of Esparto or of Other Plaiting Materials; Basketware and Wickerwork": {
          "Beijing": "99.84",
          "Tokyo": "0.16"
        },
        "Textiles and Textile Articles": {
          "Unspecified": "8.98",
          "Iran, Islamic Rep.": "0.74",
          "Beijing": "46.06",
          "Islamabad": "24.29",
          "New Delhi": "19.79"
        },
        "Footwear, Headgear, Umbrellas, Sun Umbrellas, Walking-sticks, Seat-sticks, Whips, Riding-crops, and Parts thereof; Prepared Feathers and Articles Made therewith; Artificial Flowers; Articles of Human Hair": {
          "Islamabad": "68.57",
          "Beijing": "31.10",
          "Berlin": "0.33"
        },
        "Articles of Stone, Plaster, Cement, Asbestos, Mica or Similar Materials; Ceramic Products; Glass and Glassware": {
          "Islamabad": "100.00"
        },
        "Machinery and Mechanical Appliances; Electrical Equipment; Parts thereof; Sound Recorders and Reproducers, Television Image and Sound Recorders and Reproducers, and Parts and Accessories of such Articles": {
          "Tokyo": "56.81",
          "Beijing": "38.05",
          "Islamabad": "5.14"
        },
        "Optical, Photographic, Cinematographic, Measuring, Checking, Precision, Medical or Surgical Instruments and Apparatus; Clocks and Watches; Musical Instruments; Parts and Accessories thereof": {
          "Iran, Islamic Rep.": "4.61",
          "Unspecified": "2.69",
          "Islamabad": "64.89",
          "Beijing": "20.56",
          "New Delhi": "6.24"
        },
        "Miscellaneous Manufactured Articles": {
          "Unspecified": "100.00"
        }
      }
    },
    "2014": {
      "Imports": {
        "Vegetable Products": {
          "Unspecified": "69.84",
          "Islamabad": "27.65",
          "Beijing": "2.13",
          "New Delhi": "0.38"
        },
        "Prepared Foodstuffs; Beverages, Spirits, Vinegar, Tobacco and Manufactured Tobacco Substitutes": {
          "Islamabad": "100.00"
        },
        "Products of the Chemical or Allied Industries": {
          "Iran, Islamic Rep.": "26.40",
          "Islamabad": "50.56",
          "Beijing": "14.64",
          "New Delhi": "8.07",
          "Berlin": "0.34"
        },
        "Plastics and Articles thereof; Rubber and Articles thereof": {
          "Beijing": "59.52",
          "Tokyo": "18.17",
          "New Delhi": "11.52",
          "Islamabad": "10.49",
          "Berlin": "0.30"
        },
        "Wood and Articles of Wood; Wood Charcoal; Cork and Articles of Cork; Manufactures of Straw, of Esparto or of Other Plaiting Materials; Basketware and Wickerwork": {
          "Beijing": "98.77",
          "Tokyo": "1.23"
        },
        "Textiles and Textile Articles": {
          "Unspecified": "0.47",
          "Iran, Islamic Rep.": "0.18",
          "Beijing": "79.41",
          "Islamabad": "12.98",
          "New Delhi": "6.93"
        },
        "Footwear, Headgear, Umbrellas, Sun Umbrellas, Walking-sticks, Seat-sticks, Whips, Riding-crops, and Parts thereof; Prepared Feathers and Articles Made therewith; Artificial Flowers; Articles of Human Hair": {
          "Beijing": "55.00",
          "Islamabad": "45.00"
        },
        "Articles of Stone, Plaster, Cement, Asbestos, Mica or Similar Materials; Ceramic Products; Glass and Glassware": {
          "Islamabad": "100.00"
        },
        "Machinery and Mechanical Appliances; Electrical Equipment; Parts thereof; Sound Recorders and Reproducers, Television Image and Sound Recorders and Reproducers, and Parts and Accessories of such Articles": {
          "Beijing": "82.91",
          "Islamabad": "17.09"
        },
        "Optical, Photographic, Cinematographic, Measuring, Checking, Precision, Medical or Surgical Instruments and Apparatus; Clocks and Watches; Musical Instruments; Parts and Accessories thereof": {
          "Iran, Islamic Rep.": "3.83",
          "Beijing": "49.95",
          "Islamabad": "39.96",
          "New Delhi": "5.08",
          "Tokyo": "0.88"
        },
        "Miscellaneous Manufactured Articles": {
          "Unspecified": "100.00"
        }
      }
    },
    "2015": {
      "Imports": {
        "Animals & Animal Products": {
          "Iran, Islamic Rep.": "11.47",
          "Islamabad": "41.03",
          "New Delhi": "9.51",
          "Paris": "6.46",
          "Washington, D.C.": "5.42"
        },
        "Vegetable Products": {
          "Kazakhstan": "26.94",
          "Uzbekistan": "4.66",
          "Islamabad": "24.50",
          "Kuala Lumpur": "20.19",
          "Nairobi": "6.01"
        },
        "Prepared Foodstuffs; Beverages, Spirits, Vinegar, Tobacco and Manufactured Tobacco Substitutes": {
          "Iran, Islamic Rep.": "11.85",
          "Islamabad": "37.71",
          "Seoul": "17.89",
          "New Delhi": "8.12",
          "Abu Dhabi": "5.02"
        },
        "Mineral Products": {
          "Iran, Islamic Rep.": "23.22",
          "Kazakhstan": "12.21",
          "Tajikistan": "4.19",
          "Islamabad": "57.88",
          "New Delhi": "1.63"
        },
        "Products of the Chemical or Allied Industries": {
          "Iran, Islamic Rep.": "7.59",
          "Islamabad": "33.09",
          "Beijing": "7.48",
          "Washington, D.C.": "7.24",
          "New Delhi": "6.63"
        },
        "Plastics and Articles thereof; Rubber and Articles thereof": {
          "Iran, Islamic Rep.": "14.80",
          "Beijing": "32.21",
          "Abu Dhabi": "23.72",
          "Islamabad": "11.25",
          "Washington, D.C.": "3.34"
        },
        "Raw Hides and Skins, Leather, Furskins, and Articles thereof; Saddlery and Harness; Travel Goods, Handbags, and Similar Containers; Articles of Animal Gut (Other than Silk-worm Gut)": {
          "Iran, Islamic Rep.": "48.42",
          "Abu Dhabi": "36.10",
          "Beijing": "7.46",
          "Islamabad": "5.80",
          "Bern": "1.62"
        },
        "Wood and Articles of Wood; Wood Charcoal; Cork and Articles of Cork; Manufactures of Straw, of Esparto or of Other Plaiting Materials; Basketware and Wickerwork": {
          "Iran, Islamic Rep.": "12.74",
          "Beijing": "48.24",
          "Jakarta": "9.87",
          "Islamabad": "7.85",
          "Abu Dhabi": "5.30"
        },
        "Textiles and Textile Articles": {
          "Iran, Islamic Rep.": "1.40",
          "Beijing": "76.78",
          "Abu Dhabi": "7.79",
          "New Delhi": "7.58",
          "Islamabad": "4.62"
        },
        "Footwear, Headgear, Umbrellas, Sun Umbrellas, Walking-sticks, Seat-sticks, Whips, Riding-crops, and Parts thereof; Prepared Feathers and Articles Made therewith; Artificial Flowers; Articles of Human Hair": {
          "Iran, Islamic Rep.": "3.45",
          "Islamabad": "71.38",
          "Beijing": "11.75",
          "Abu Dhabi": "7.44",
          "New Delhi": "1.62"
        },
        "Articles of Stone, Plaster, Cement, Asbestos, Mica or Similar Materials; Ceramic Products; Glass and Glassware": {
          "Iran, Islamic Rep.": "37.36",
          "Tajikistan": "0.31",
          "Islamabad": "60.39",
          "Beijing": "1.21",
          "Abu Dhabi": "0.20"
        },
        "Natural or Cultured Pearls, Precious or Semi-precious Stones, Precious Metals, Metals Clad with Precious Metal, and Articles thereof; Imitation Jewellery; Coin": {
          "Iran, Islamic Rep.": "45.50",
          "Islamabad": "15.85",
          "Beijing": "14.05",
          "Ankara": "10.79",
          "Washington, D.C.": "4.59"
        },
        "Base Metals and Articles of Base Metal": {
          "Iran, Islamic Rep.": "20.85",
          "Beijing": "30.20",
          "Ankara": "11.06",
          "Islamabad": "10.81",
          "Tokyo": "9.14"
        },
        "Machinery and Mechanical Appliances; Electrical Equipment; Parts thereof; Sound Recorders and Reproducers, Television Image and Sound Recorders and Reproducers, and Parts and Accessories of such Articles": {
          "Iran, Islamic Rep.": "44.37",
          "Russian Federation": "2.14",
          "Beijing": "29.76",
          "Islamabad": "11.17",
          "Abu Dhabi": "5.57"
        },
        "Vehicles, Aircraft, Vessels, and Associated Transport Equipment": {
          "Abu Dhabi": "38.97",
          "Beijing": "27.22",
          "Tokyo": "20.15",
          "Islamabad": "2.25",
          "Washington, D.C.": "1.79"
        },
        "Optical, Photographic, Cinematographic, Measuring, Checking, Precision, Medical or Surgical Instruments and Apparatus; Clocks and Watches; Musical Instruments; Parts and Accessories thereof": {
          "Iran, Islamic Rep.": "17.38",
          "Uzbekistan": "9.41",
          "Beijing": "30.28",
          "Islamabad": "16.11",
          "Abu Dhabi": "7.28"
        },
        "Miscellaneous Manufactured Articles": {
          "Unspecified": "91.03",
          "Uzbekistan": "3.14",
          "Iran, Islamic Rep.": "1.49",
          "Tajikistan": "1.17",
          "Beijing": "1.40"
        }
      }
    },
    "2016": {
      "Imports": {
        "Animals & Animal Products": {
          "Uzbekistan": "11.27",
          "Iran, Islamic Rep.": "11.20",
          "Turkmenistan": "8.70",
          "Ireland": "3.74",
          "Islamabad": "51.10"
        },
        "Vegetable Products": {
          "Kazakhstan": "36.13",
          "Uzbekistan": "6.15",
          "Islamabad": "20.57",
          "Kuala Lumpur": "17.99",
          "Hanoi": "3.59"
        },
        "Prepared Foodstuffs; Beverages, Spirits, Vinegar, Tobacco and Manufactured Tobacco Substitutes": {
          "Iran, Islamic Rep.": "16.16",
          "Islamabad": "28.62",
          "Abu Dhabi": "13.70",
          "Seoul": "7.18",
          "New Delhi": "5.83"
        },
        "Mineral Products": {
          "Iran, Islamic Rep.": "14.86",
          "Uzbekistan": "8.22",
          "Tajikistan": "5.47",
          "Islamabad": "70.49",
          "Abu Dhabi": "0.95"
        },
        "Products of the Chemical or Allied Industries": {
          "Iran, Islamic Rep.": "8.87",
          "Uzbekistan": "5.91",
          "Islamabad": "44.52",
          "New Delhi": "9.03",
          "Beijing": "8.79"
        },
        "Plastics and Articles thereof; Rubber and Articles thereof": {
          "Iran, Islamic Rep.": "5.04",
          "Beijing": "56.21",
          "Tokyo": "14.40",
          "Islamabad": "7.23",
          "Abu Dhabi": "4.78"
        },
        "Raw Hides and Skins, Leather, Furskins, and Articles thereof; Saddlery and Harness; Travel Goods, Handbags, and Similar Containers; Articles of Animal Gut (Other than Silk-worm Gut)": {
          "Iran, Islamic Rep.": "37.31",
          "Beijing": "31.00",
          "Islamabad": "26.16",
          "Abu Dhabi": "2.99",
          "Kuala Lumpur": "0.77"
        },
        "Wood and Articles of Wood; Wood Charcoal; Cork and Articles of Cork; Manufactures of Straw, of Esparto or of Other Plaiting Materials; Basketware and Wickerwork": {
          "Iran, Islamic Rep.": "6.31",
          "Beijing": "55.99",
          "Jakarta": "10.17",
          "Islamabad": "9.57",
          "New Delhi": "2.66"
        },
        "Textiles and Textile Articles": {
          "Iran, Islamic Rep.": "2.00",
          "Beijing": "83.08",
          "New Delhi": "9.74",
          "Islamabad": "2.77",
          "Ankara": "0.94"
        },
        "Footwear, Headgear, Umbrellas, Sun Umbrellas, Walking-sticks, Seat-sticks, Whips, Riding-crops, and Parts thereof; Prepared Feathers and Articles Made therewith; Artificial Flowers; Articles of Human Hair": {
          "Uzbekistan": "7.24",
          "Ukraine": "3.75",
          "Islamabad": "55.02",
          "Beijing": "29.07",
          "New Delhi": "2.49"
        },
        "Articles of Stone, Plaster, Cement, Asbestos, Mica or Similar Materials; Ceramic Products; Glass and Glassware": {
          "Iran, Islamic Rep.": "35.93",
          "Tajikistan": "5.95",
          "Turkmenistan": "2.84",
          "Islamabad": "50.58",
          "Beijing": "2.64"
        },
        "Natural or Cultured Pearls, Precious or Semi-precious Stones, Precious Metals, Metals Clad with Precious Metal, and Articles thereof; Imitation Jewellery; Coin": {
          "Uzbekistan": "24.54",
          "Iran, Islamic Rep.": "20.21",
          "Beijing": "22.25",
          "Islamabad": "21.40",
          "Abu Dhabi": "6.44"
        },
        "Base Metals and Articles of Base Metal": {
          "Iran, Islamic Rep.": "13.02",
          "Uzbekistan": "9.58",
          "Beijing": "41.67",
          "Islamabad": "17.75",
          "Ankara": "7.40"
        },
        "Machinery and Mechanical Appliances; Electrical Equipment; Parts thereof; Sound Recorders and Reproducers, Television Image and Sound Recorders and Reproducers, and Parts and Accessories of such Articles": {
          "Iran, Islamic Rep.": "30.24",
          "Kazakhstan": "4.53",
          "Russian Federation": "2.34",
          "Islamabad": "33.70",
          "Beijing": "19.14"
        },
        "Vehicles, Aircraft, Vessels, and Associated Transport Equipment": {
          "Iran, Islamic Rep.": "1.70",
          "Tokyo": "64.32",
          "Beijing": "20.74",
          "Islamabad": "4.67",
          "Berlin": "2.47"
        },
        "Optical, Photographic, Cinematographic, Measuring, Checking, Precision, Medical or Surgical Instruments and Apparatus; Clocks and Watches; Musical Instruments; Parts and Accessories thereof": {
          "Iran, Islamic Rep.": "14.60",
          "Uzbekistan": "9.41",
          "Beijing": "34.22",
          "Islamabad": "17.44",
          "Tokyo": "7.13"
        },
        "Miscellaneous Manufactured Articles": {
          "Unspecified": "85.06",
          "Uzbekistan": "5.15",
          "Iran, Islamic Rep.": "2.29",
          "Tokyo": "1.93",
          "Beijing": "1.88"
        }
      }
    },
    "2017": {
      "Imports": {
        "Animals & Animal Products": {
          "Iran, Islamic Rep.": "11.22",
          "Kazakhstan": "6.52",
          "Uzbekistan": "6.33",
          "Islamabad": "39.58",
          "Washington, D.C.": "16.84"
        },
        "Vegetable Products": {
          "Kazakhstan": "35.42",
          "Uzbekistan": "10.47",
          "Islamabad": "17.18",
          "Kuala Lumpur": "17.09",
          "Nairobi": "3.82"
        },
        "Prepared Foodstuffs; Beverages, Spirits, Vinegar, Tobacco and Manufactured Tobacco Substitutes": {
          "Iran, Islamic Rep.": "7.78",
          "Islamabad": "61.72",
          "Seoul": "11.23",
          "Abu Dhabi": "4.92",
          "New Delhi": "3.39"
        },
        "Mineral Products": {
          "Iran, Islamic Rep.": "57.90",
          "Uzbekistan": "1.63",
          "Islamabad": "33.96",
          "Beijing": "2.80",
          "New Delhi": "1.41"
        },
        "Products of the Chemical or Allied Industries": {
          "Iran, Islamic Rep.": "17.34",
          "Uzbekistan": "12.10",
          "Turkmenistan": "11.54",
          "Islamabad": "22.22",
          "Beijing": "13.03"
        },
        "Plastics and Articles thereof; Rubber and Articles thereof": {
          "Iran, Islamic Rep.": "20.09",
          "Beijing": "50.73",
          "Tokyo": "11.55",
          "Islamabad": "4.47",
          "New Delhi": "3.76"
        },
        "Raw Hides and Skins, Leather, Furskins, and Articles thereof; Saddlery and Harness; Travel Goods, Handbags, and Similar Containers; Articles of Animal Gut (Other than Silk-worm Gut)": {
          "Iran, Islamic Rep.": "35.09",
          "Islamabad": "22.18",
          "Abu Dhabi": "21.53",
          "Beijing": "17.88",
          "New Delhi": "1.09"
        },
        "Wood and Articles of Wood; Wood Charcoal; Cork and Articles of Cork; Manufactures of Straw, of Esparto or of Other Plaiting Materials; Basketware and Wickerwork": {
          "Russian Federation": "28.47",
          "Iran, Islamic Rep.": "10.07",
          "Beijing": "22.67",
          "Islamabad": "21.17",
          "Jakarta": "5.78"
        },
        "Textiles and Textile Articles": {
          "Iran, Islamic Rep.": "4.90",
          "Beijing": "78.10",
          "New Delhi": "11.47",
          "Islamabad": "3.70",
          "Seoul": "0.84"
        },
        "Footwear, Headgear, Umbrellas, Sun Umbrellas, Walking-sticks, Seat-sticks, Whips, Riding-crops, and Parts thereof; Prepared Feathers and Articles Made therewith; Artificial Flowers; Articles of Human Hair": {
          "Unspecified": "12.94",
          "Iran, Islamic Rep.": "5.12",
          "Beijing": "35.56",
          "Islamabad": "26.25",
          "New Delhi": "12.79"
        },
        "Articles of Stone, Plaster, Cement, Asbestos, Mica or Similar Materials; Ceramic Products; Glass and Glassware": {
          "Iran, Islamic Rep.": "44.05",
          "Tajikistan": "10.54",
          "Islamabad": "37.82",
          "Beijing": "5.71",
          "Jakarta": "0.70"
        },
        "Natural or Cultured Pearls, Precious or Semi-precious Stones, Precious Metals, Metals Clad with Precious Metal, and Articles thereof; Imitation Jewellery; Coin": {
          "Uzbekistan": "67.08",
          "Iran, Islamic Rep.": "20.07",
          "Kazakhstan": "1.51",
          "Tajikistan": "1.20",
          "Islamabad": "7.21"
        },
        "Base Metals and Articles of Base Metal": {
          "Uzbekistan": "20.67",
          "Iran, Islamic Rep.": "19.19",
          "Kazakhstan": "12.95",
          "Russian Federation": "12.35",
          "Beijing": "18.67"
        },
        "Machinery and Mechanical Appliances; Electrical Equipment; Parts thereof; Sound Recorders and Reproducers, Television Image and Sound Recorders and Reproducers, and Parts and Accessories of such Articles": {
          "Iran, Islamic Rep.": "15.98",
          "Beijing": "47.67",
          "New Delhi": "9.67",
          "Islamabad": "8.01",
          "Tokyo": "3.18"
        },
        "Vehicles, Aircraft, Vessels, and Associated Transport Equipment": {
          "Tokyo": "60.48",
          "Berlin": "8.69",
          "Beijing": "8.52",
          "Ottawa": "3.97",
          "Seoul": "2.91"
        },
        "Optical, Photographic, Cinematographic, Measuring, Checking, Precision, Medical or Surgical Instruments and Apparatus; Clocks and Watches; Musical Instruments; Parts and Accessories thereof": {
          "Iran, Islamic Rep.": "14.27",
          "Beijing": "34.50",
          "Tokyo": "11.86",
          "Islamabad": "10.29",
          "New Delhi": "6.09"
        },
        "Miscellaneous Manufactured Articles": {
          "Uzbekistan": "19.83",
          "Iran, Islamic Rep.": "13.90",
          "Tajikistan": "6.19",
          "Tokyo": "18.30",
          "Beijing": "17.05"
        }
      }
    },
    "2018": {
      "Imports": {
        "Animals & Animal Products": {
          "Iran, Islamic Rep.": "10.98",
          "Kazakhstan": "10.49",
          "Islamabad": "33.71",
          "Washington, D.C.": "14.22",
          "New Delhi": "7.63"
        },
        "Vegetable Products": {
          "Kazakhstan": "32.93",
          "Uzbekistan": "12.57",
          "Iran, Islamic Rep.": "4.77",
          "Islamabad": "20.31",
          "Kuala Lumpur": "13.73"
        },
        "Prepared Foodstuffs; Beverages, Spirits, Vinegar, Tobacco and Manufactured Tobacco Substitutes": {
          "Iran, Islamic Rep.": "9.07",
          "Islamabad": "53.85",
          "New Delhi": "10.44",
          "Seoul": "9.85",
          "Abu Dhabi": "5.97"
        },
        "Mineral Products": {
          "Iran, Islamic Rep.": "60.12",
          "Uzbekistan": "1.57",
          "Islamabad": "27.74",
          "New Delhi": "5.13",
          "Beijing": "2.85"
        },
        "Products of the Chemical or Allied Industries": {
          "Iran, Islamic Rep.": "14.05",
          "Uzbekistan": "11.18",
          "Turkmenistan": "10.20",
          "Islamabad": "21.29",
          "Beijing": "14.46"
        },
        "Plastics and Articles thereof; Rubber and Articles thereof": {
          "Iran, Islamic Rep.": "24.95",
          "Beijing": "49.98",
          "Tokyo": "5.51",
          "Islamabad": "4.83",
          "Abu Dhabi": "4.01"
        },
        "Raw Hides and Skins, Leather, Furskins, and Articles thereof; Saddlery and Harness; Travel Goods, Handbags, and Similar Containers; Articles of Animal Gut (Other than Silk-worm Gut)": {
          "Iran, Islamic Rep.": "29.79",
          "Abu Dhabi": "25.29",
          "Islamabad": "24.52",
          "Beijing": "18.10",
          "New Delhi": "0.87"
        },
        "Wood and Articles of Wood; Wood Charcoal; Cork and Articles of Cork; Manufactures of Straw, of Esparto or of Other Plaiting Materials; Basketware and Wickerwork": {
          "Russian Federation": "20.41",
          "Iran, Islamic Rep.": "10.81",
          "Kazakhstan": "4.88",
          "Beijing": "23.88",
          "Islamabad": "19.58"
        },
        "Textiles and Textile Articles": {
          "Iran, Islamic Rep.": "4.62",
          "Beijing": "79.38",
          "New Delhi": "10.85",
          "Islamabad": "3.31",
          "Seoul": "0.77"
        },
        "Footwear, Headgear, Umbrellas, Sun Umbrellas, Walking-sticks, Seat-sticks, Whips, Riding-crops, and Parts thereof; Prepared Feathers and Articles Made therewith; Artificial Flowers; Articles of Human Hair": {
          "Iran, Islamic Rep.": "6.66",
          "Unspecified": "3.20",
          "Islamabad": "46.33",
          "Beijing": "35.75",
          "New Delhi": "2.86"
        },
        "Articles of Stone, Plaster, Cement, Asbestos, Mica or Similar Materials; Ceramic Products; Glass and Glassware": {
          "Iran, Islamic Rep.": "44.99",
          "Tajikistan": "10.62",
          "Turkmenistan": "0.79",
          "Islamabad": "35.56",
          "Beijing": "6.55"
        },
        "Natural or Cultured Pearls, Precious or Semi-precious Stones, Precious Metals, Metals Clad with Precious Metal, and Articles thereof; Imitation Jewellery; Coin": {
          "Iran, Islamic Rep.": "48.30",
          "Kazakhstan": "11.04",
          "Islamabad": "14.62",
          "Beijing": "6.10",
          "Vienna": "5.47"
        },
        "Base Metals and Articles of Base Metal": {
          "Iran, Islamic Rep.": "29.61",
          "Uzbekistan": "15.20",
          "Russian Federation": "8.84",
          "Beijing": "16.08",
          "New Delhi": "10.76"
        },
        "Machinery and Mechanical Appliances; Electrical Equipment; Parts thereof; Sound Recorders and Reproducers, Television Image and Sound Recorders and Reproducers, and Parts and Accessories of such Articles": {
          "Iran, Islamic Rep.": "13.91",
          "Beijing": "45.62",
          "New Delhi": "14.21",
          "Islamabad": "7.29",
          "Ankara": "2.75"
        },
        "Vehicles, Aircraft, Vessels, and Associated Transport Equipment": {
          "Iran, Islamic Rep.": "2.54",
          "Tokyo": "63.11",
          "Berlin": "10.35",
          "Beijing": "7.25",
          "Seoul": "3.18"
        },
        "Optical, Photographic, Cinematographic, Measuring, Checking, Precision, Medical or Surgical Instruments and Apparatus; Clocks and Watches; Musical Instruments; Parts and Accessories thereof": {
          "Iran, Islamic Rep.": "16.20",
          "Beijing": "32.95",
          "Tokyo": "11.90",
          "Islamabad": "9.93",
          "New Delhi": "7.31"
        },
        "Miscellaneous Manufactured Articles": {
          "Uzbekistan": "26.41",
          "Iran, Islamic Rep.": "12.10",
          "Tajikistan": "5.95",
          "Tokyo": "20.61",
          "Beijing": "15.59"
        }
      }
    },
    "2019": {
      "Imports": {
        "Animals & Animal Products": {
          "Iran, Islamic Rep.": "9.07",
          "Ankara": "32.06",
          "Islamabad": "18.47",
          "Washington, D.C.": "8.18",
          "New Delhi": "4.79"
        },
        "Vegetable Products": {
          "Kazakhstan": "25.28",
          "Uzbekistan": "10.12",
          "Iran, Islamic Rep.": "4.15",
          "Islamabad": "23.37",
          "Kuala Lumpur": "18.52"
        },
        "Prepared Foodstuffs; Beverages, Spirits, Vinegar, Tobacco and Manufactured Tobacco Substitutes": {
          "Islamabad": "39.71",
          "New Delhi": "16.85",
          "Seoul": "8.60",
          "Abu Dhabi": "7.74",
          "Ankara": "6.93"
        },
        "Mineral Products": {
          "Iran, Islamic Rep.": "45.73",
          "Uzbekistan": "12.59",
          "New Delhi": "16.45",
          "Islamabad": "13.89",
          "Beijing": "9.84"
        },
        "Products of the Chemical or Allied Industries": {
          "Iran, Islamic Rep.": "12.83",
          "Uzbekistan": "7.33",
          "Islamabad": "20.47",
          "Beijing": "12.80",
          "New Delhi": "11.80"
        },
        "Plastics and Articles thereof; Rubber and Articles thereof": {
          "Iran, Islamic Rep.": "16.09",
          "Beijing": "53.03",
          "Tokyo": "10.79",
          "Islamabad": "6.74",
          "Abu Dhabi": "3.91"
        },
        "Raw Hides and Skins, Leather, Furskins, and Articles thereof; Saddlery and Harness; Travel Goods, Handbags, and Similar Containers; Articles of Animal Gut (Other than Silk-worm Gut)": {
          "Iran, Islamic Rep.": "8.10",
          "Islamabad": "43.53",
          "Beijing": "40.67",
          "Amsterdam": "1.64",
          "Copenhagen": "1.39"
        },
        "Wood and Articles of Wood; Wood Charcoal; Cork and Articles of Cork; Manufactures of Straw, of Esparto or of Other Plaiting Materials; Basketware and Wickerwork": {
          "Russian Federation": "15.58",
          "Iran, Islamic Rep.": "12.10",
          "Beijing": "28.67",
          "Islamabad": "18.89",
          "Ankara": "5.98"
        },
        "Textiles and Textile Articles": {
          "Iran, Islamic Rep.": "3.34",
          "Beijing": "76.23",
          "New Delhi": "11.02",
          "Islamabad": "6.83",
          "Seoul": "0.78"
        },
        "Footwear, Headgear, Umbrellas, Sun Umbrellas, Walking-sticks, Seat-sticks, Whips, Riding-crops, and Parts thereof; Prepared Feathers and Articles Made therewith; Artificial Flowers; Articles of Human Hair": {
          "Iran, Islamic Rep.": "5.72",
          "Unspecified": "4.75",
          "Islamabad": "56.76",
          "Beijing": "26.55",
          "New Delhi": "1.76"
        },
        "Articles of Stone, Plaster, Cement, Asbestos, Mica or Similar Materials; Ceramic Products; Glass and Glassware": {
          "Iran, Islamic Rep.": "40.30",
          "Tajikistan": "8.94",
          "Uzbekistan": "2.07",
          "Islamabad": "36.74",
          "Beijing": "9.07"
        },
        "Natural or Cultured Pearls, Precious or Semi-precious Stones, Precious Metals, Metals Clad with Precious Metal, and Articles thereof; Imitation Jewellery; Coin": {
          "Iran, Islamic Rep.": "15.53",
          "New Delhi": "50.40",
          "Beijing": "12.09",
          "Ankara": "7.21",
          "Islamabad": "6.51"
        },
        "Base Metals and Articles of Base Metal": {
          "Iran, Islamic Rep.": "30.52",
          "Uzbekistan": "10.61",
          "Russian Federation": "7.07",
          "Beijing": "18.68",
          "New Delhi": "18.11"
        },
        "Machinery and Mechanical Appliances; Electrical Equipment; Parts thereof; Sound Recorders and Reproducers, Television Image and Sound Recorders and Reproducers, and Parts and Accessories of such Articles": {
          "Unspecified": "4.11",
          "Iran, Islamic Rep.": "4.09",
          "Beijing": "40.50",
          "Ankara": "16.40",
          "New Delhi": "13.98"
        },
        "Vehicles, Aircraft, Vessels, and Associated Transport Equipment": {
          "Tokyo": "41.41",
          "Washington, D.C.": "28.33",
          "Berlin": "12.79",
          "Beijing": "5.42",
          "Seoul": "2.44"
        },
        "Optical, Photographic, Cinematographic, Measuring, Checking, Precision, Medical or Surgical Instruments and Apparatus; Clocks and Watches; Musical Instruments; Parts and Accessories thereof": {
          "Iran, Islamic Rep.": "13.45",
          "Beijing": "33.43",
          "Islamabad": "12.31",
          "New Delhi": "8.69",
          "Tokyo": "6.65"
        },
        "Miscellaneous Manufactured Articles": {
          "Uzbekistan": "14.61",
          "Iran, Islamic Rep.": "8.95",
          "Tajikistan": "8.67",
          "Turkmenistan": "8.46",
          "Washington, D.C.": "28.71"
        }
      }
    }
  }
}