{
  "Main Partners": {
    "2012": {
      "Imports": {
        "Animals & Animal Products": {
          "Wellington": "39.88",
          "Canberra": "26.72",
          "Brasília": "6.38",
          "Amsterdam": "3.84",
          "Berlin": "3.64"
        },
        "Vegetable Products": {
          "Kazakhstan": "14.65",
          "Uganda": "4.40",
          "Canberra": "30.89",
          "Nairobi": "6.07",
          "Ankara": "6.01"
        },
        "Prepared Foodstuffs; Beverages, Spirits, Vinegar, Tobacco and Manufactured Tobacco Substitutes": {
          "Thailand": "4.09",
          "New Delhi": "47.84",
          "Brasília": "11.35",
          "Ankara": "4.47",
          "Cairo": "4.33"
        },
        "Mineral Products": {
          "New Delhi": "28.66",
          "Beijing": "20.91",
          "Cairo": "16.96",
          "Abu Dhabi": "15.21",
          "London": "4.42"
        },
        "Products of the Chemical or Allied Industries": {
          "Jordan": "8.77",
          "New Delhi": "12.66",
          "Beijing": "12.50",
          "Cairo": "9.71",
          "Riyadh": "9.17"
        },
        "Plastics and Articles thereof; Rubber and Articles thereof": {
          "Riyadh": "35.87",
          "Beijing": "21.17",
          "Abu Dhabi": "8.65",
          "Cairo": "7.99",
          "New Delhi": "3.49"
        },
        "Raw Hides and Skins, Leather, Furskins, and Articles thereof; Saddlery and Harness; Travel Goods, Handbags, and Similar Containers; Articles of Animal Gut (Other than Silk-worm Gut)": {
          "Beijing": "91.61",
          "Abu Dhabi": "1.99",
          "Ankara": "1.92",
          "Cairo": "1.26",
          "Riyadh": "0.98"
        },
        "Wood and Articles of Wood; Wood Charcoal; Cork and Articles of Cork; Manufactures of Straw, of Esparto or of Other Plaiting Materials; Basketware and Wickerwork": {
          "Beijing": "14.35",
          "New Delhi": "10.65",
          "Riyadh": "10.16",
          "Stockholm": "8.63",
          "London": "7.25"
        },
        "Textiles and Textile Articles": {
          "Bangladesh": "14.48",
          "Beijing": "44.37",
          "New Delhi": "9.94",
          "Riyadh": "6.91",
          "Hanoi": "5.48"
        },
        "Footwear, Headgear, Umbrellas, Sun Umbrellas, Walking-sticks, Seat-sticks, Whips, Riding-crops, and Parts thereof; Prepared Feathers and Articles Made therewith; Artificial Flowers; Articles of Human Hair": {
          "Syrian Arab Republic": "1.39",
          "Beijing": "90.68",
          "Abu Dhabi": "3.32",
          "Cairo": "1.82",
          "Riyadh": "0.43"
        },
        "Articles of Stone, Plaster, Cement, Asbestos, Mica or Similar Materials; Ceramic Products; Glass and Glassware": {
          "Beijing": "43.43",
          "Cairo": "27.35",
          "Abu Dhabi": "6.22",
          "New Delhi": "5.89",
          "Riyadh": "5.04"
        },
        "Natural or Cultured Pearls, Precious or Semi-precious Stones, Precious Metals, Metals Clad with Precious Metal, and Articles thereof; Imitation Jewellery; Coin": {
          "Cairo": "26.15",
          "Riyadh": "25.76",
          "Abu Dhabi": "20.73",
          "Manama": "14.16",
          "Beijing": "5.20"
        },
        "Base Metals and Articles of Base Metal": {
          "Beijing": "37.26",
          "Cairo": "13.01",
          "Ankara": "12.64",
          "New Delhi": "11.53",
          "Abu Dhabi": "4.07"
        },
        "Machinery and Mechanical Appliances; Electrical Equipment; Parts thereof; Sound Recorders and Reproducers, Television Image and Sound Recorders and Reproducers, and Parts and Accessories of such Articles": {
          "Beijing": "33.34",
          "Abu Dhabi": "6.56",
          "London": "5.45",
          "New Delhi": "5.24",
          "Tokyo": "4.83"
        },
        "Vehicles, Aircraft, Vessels, and Associated Transport Equipment": {
          "Bangladesh": "15.84",
          "Tokyo": "27.47",
          "Beijing": "11.97",
          "Seoul": "10.98",
          "New Delhi": "6.09"
        },
        "Optical, Photographic, Cinematographic, Measuring, Checking, Precision, Medical or Surgical Instruments and Apparatus; Clocks and Watches; Musical Instruments; Parts and Accessories thereof": {
          "Beijing": "27.62",
          "New Delhi": "7.77",
          "Riyadh": "7.75",
          "Tokyo": "7.22",
          "Abu Dhabi": "5.74"
        },
        "Miscellaneous Manufactured Articles": {
          "Beijing": "34.47",
          "London": "13.72",
          "Abu Dhabi": "8.02",
          "Cairo": "7.11",
          "Berlin": "5.87"
        }
      }
    },
    "2013": {
      "Imports": {
        "Animals & Animal Products": {
          "Belgium": "9.29",
          "Wellington": "35.45",
          "Amsterdam": "7.22",
          "Abu Dhabi": "5.47",
          "Ottawa": "4.20"
        },
        "Vegetable Products": {
          "Russian Federation": "7.98",
          "Canberra": "35.40",
          "Ottawa": "11.39",
          "Berlin": "9.87",
          "Nairobi": "5.67"
        },
        "Prepared Foodstuffs; Beverages, Spirits, Vinegar, Tobacco and Manufactured Tobacco Substitutes": {
          "New Delhi": "23.35",
          "Cairo": "14.33",
          "Islamabad": "7.92",
          "Ankara": "5.04",
          "Algiers": "4.75"
        },
        "Mineral Products": {
          "New Delhi": "29.10",
          "Beijing": "13.59",
          "Abu Dhabi": "13.57",
          "Cairo": "13.06",
          "London": "11.08"
        },
        "Products of the Chemical or Allied Industries": {
          "Jordan": "10.39",
          "New Delhi": "14.55",
          "Beijing": "13.19",
          "Riyadh": "9.72",
          "Cairo": "9.14"
        },
        "Plastics and Articles thereof; Rubber and Articles thereof": {
          "Riyadh": "35.64",
          "Beijing": "23.35",
          "Abu Dhabi": "8.14",
          "Cairo": "8.01",
          "New Delhi": "3.77"
        },
        "Raw Hides and Skins, Leather, Furskins, and Articles thereof; Saddlery and Harness; Travel Goods, Handbags, and Similar Containers; Articles of Animal Gut (Other than Silk-worm Gut)": {
          "Beijing": "88.02",
          "Abu Dhabi": "3.28",
          "Cairo": "2.36",
          "Ankara": "2.23",
          "New Delhi": "1.03"
        },
        "Wood and Articles of Wood; Wood Charcoal; Cork and Articles of Cork; Manufactures of Straw, of Esparto or of Other Plaiting Materials; Basketware and Wickerwork": {
          "Beijing": "13.85",
          "New Delhi": "12.78",
          "Riyadh": "8.99",
          "Stockholm": "8.60",
          "Jakarta": "7.55"
        },
        "Textiles and Textile Articles": {
          "Bangladesh": "10.08",
          "Iran, Islamic Rep.": "4.86",
          "Beijing": "48.62",
          "New Delhi": "9.53",
          "Riyadh": "7.05"
        },
        "Footwear, Headgear, Umbrellas, Sun Umbrellas, Walking-sticks, Seat-sticks, Whips, Riding-crops, and Parts thereof; Prepared Feathers and Articles Made therewith; Artificial Flowers; Articles of Human Hair": {
          "Syrian Arab Republic": "0.59",
          "Beijing": "88.53",
          "New Delhi": "3.32",
          "Abu Dhabi": "2.77",
          "Cairo": "1.79"
        },
        "Articles of Stone, Plaster, Cement, Asbestos, Mica or Similar Materials; Ceramic Products; Glass and Glassware": {
          "Beijing": "47.56",
          "Cairo": "30.51",
          "New Delhi": "5.02",
          "Riyadh": "4.82",
          "Abu Dhabi": "4.74"
        },
        "Natural or Cultured Pearls, Precious or Semi-precious Stones, Precious Metals, Metals Clad with Precious Metal, and Articles thereof; Imitation Jewellery; Coin": {
          "Iran, Islamic Rep.": "8.42",
          "Cairo": "28.80",
          "Abu Dhabi": "21.89",
          "Beijing": "19.24",
          "New Delhi": "7.55"
        },
        "Base Metals and Articles of Base Metal": {
          "Beijing": "38.35",
          "Cairo": "15.07",
          "New Delhi": "10.06",
          "Ankara": "8.03",
          "Abu Dhabi": "4.62"
        },
        "Machinery and Mechanical Appliances; Electrical Equipment; Parts thereof; Sound Recorders and Reproducers, Television Image and Sound Recorders and Reproducers, and Parts and Accessories of such Articles": {
          "Beijing": "37.55",
          "Abu Dhabi": "6.86",
          "Seoul": "5.44",
          "New Delhi": "5.40",
          "London": "4.20"
        },
        "Vehicles, Aircraft, Vessels, and Associated Transport Equipment": {
          "Tokyo": "32.59",
          "Beijing": "20.54",
          "Seoul": "9.78",
          "New Delhi": "6.54",
          "London": "3.56"
        },
        "Optical, Photographic, Cinematographic, Measuring, Checking, Precision, Medical or Surgical Instruments and Apparatus; Clocks and Watches; Musical Instruments; Parts and Accessories thereof": {
          "Beijing": "31.27",
          "New Delhi": "7.94",
          "Tokyo": "7.21",
          "Riyadh": "7.12",
          "Cairo": "5.61"
        },
        "Miscellaneous Manufactured Articles": {
          "Beijing": "52.33",
          "Abu Dhabi": "8.81",
          "Berlin": "6.35",
          "New Delhi": "3.15",
          "Riyadh": "3.10"
        }
      }
    },
    "2014": {
      "Imports": {
        "Animals & Animal Products": {
          "Belgium": "6.35",
          "Wellington": "38.47",
          "Abu Dhabi": "8.47",
          "Washington, D.C.": "6.79",
          "Buenos Aires": "5.68"
        },
        "Vegetable Products": {
          "Russian Federation": "17.94",
          "Ukraine": "6.74",
          "Canberra": "18.07",
          "Ottawa": "13.20",
          "Berlin": "6.24"
        },
        "Prepared Foodstuffs; Beverages, Spirits, Vinegar, Tobacco and Manufactured Tobacco Substitutes": {
          "Thailand": "24.96",
          "New Delhi": "31.01",
          "Cairo": "9.92",
          "Ankara": "4.27",
          "Harare": "3.82"
        },
        "Mineral Products": {
          "Ukraine": "6.12",
          "Abu Dhabi": "27.96",
          "New Delhi": "17.89",
          "Muscat": "13.33",
          "Beijing": "7.97"
        },
        "Products of the Chemical or Allied Industries": {
          "Jordan": "8.59",
          "New Delhi": "13.02",
          "Beijing": "12.58",
          "Riyadh": "9.08",
          "Abu Dhabi": "8.92"
        },
        "Plastics and Articles thereof; Rubber and Articles thereof": {
          "Riyadh": "32.55",
          "Beijing": "24.62",
          "Abu Dhabi": "9.81",
          "Cairo": "8.82",
          "Seoul": "3.12"
        },
        "Raw Hides and Skins, Leather, Furskins, and Articles thereof; Saddlery and Harness; Travel Goods, Handbags, and Similar Containers; Articles of Animal Gut (Other than Silk-worm Gut)": {
          "Beijing": "88.56",
          "Abu Dhabi": "2.80",
          "Riyadh": "1.79",
          "Cairo": "1.39",
          "Ankara": "1.26"
        },
        "Wood and Articles of Wood; Wood Charcoal; Cork and Articles of Cork; Manufactures of Straw, of Esparto or of Other Plaiting Materials; Basketware and Wickerwork": {
          "Beijing": "13.47",
          "Riyadh": "9.17",
          "Stockholm": "8.87",
          "Cairo": "8.25",
          "New Delhi": "8.23"
        },
        "Textiles and Textile Articles": {
          "Bangladesh": "8.99",
          "Beijing": "53.68",
          "New Delhi": "10.99",
          "Riyadh": "6.24",
          "Cairo": "4.26"
        },
        "Footwear, Headgear, Umbrellas, Sun Umbrellas, Walking-sticks, Seat-sticks, Whips, Riding-crops, and Parts thereof; Prepared Feathers and Articles Made therewith; Artificial Flowers; Articles of Human Hair": {
          "Beijing": "86.61",
          "New Delhi": "5.50",
          "Abu Dhabi": "2.64",
          "Cairo": "1.05",
          "Ankara": "0.71"
        },
        "Articles of Stone, Plaster, Cement, Asbestos, Mica or Similar Materials; Ceramic Products; Glass and Glassware": {
          "Beijing": "51.63",
          "Cairo": "25.75",
          "Abu Dhabi": "6.76",
          "New Delhi": "5.47",
          "Riyadh": "3.60"
        },
        "Natural or Cultured Pearls, Precious or Semi-precious Stones, Precious Metals, Metals Clad with Precious Metal, and Articles thereof; Imitation Jewellery; Coin": {
          "Iran, Islamic Rep.": "11.01",
          "Cairo": "27.03",
          "Abu Dhabi": "21.28",
          "Beijing": "14.74",
          "New Delhi": "7.49"
        },
        "Base Metals and Articles of Base Metal": {
          "Beijing": "50.49",
          "Cairo": "11.13",
          "New Delhi": "6.96",
          "Ankara": "6.69",
          "Abu Dhabi": "5.34"
        },
        "Machinery and Mechanical Appliances; Electrical Equipment; Parts thereof; Sound Recorders and Reproducers, Television Image and Sound Recorders and Reproducers, and Parts and Accessories of such Articles": {
          "Beijing": "36.69",
          "Abu Dhabi": "8.13",
          "New Delhi": "5.30",
          "Berlin": "4.72",
          "Ankara": "4.07"
        },
        "Vehicles, Aircraft, Vessels, and Associated Transport Equipment": {
          "Tokyo": "32.74",
          "Beijing": "22.19",
          "Seoul": "9.01",
          "New Delhi": "8.94",
          "Jakarta": "2.62"
        },
        "Optical, Photographic, Cinematographic, Measuring, Checking, Precision, Medical or Surgical Instruments and Apparatus; Clocks and Watches; Musical Instruments; Parts and Accessories thereof": {
          "Beijing": "31.60",
          "New Delhi": "8.07",
          "Tokyo": "7.08",
          "Riyadh": "6.92",
          "Abu Dhabi": "6.27"
        },
        "Miscellaneous Manufactured Articles": {
          "Beijing": "50.46",
          "Abu Dhabi": "6.82",
          "Berlin": "5.27",
          "Cairo": "4.08",
          "New Delhi": "3.85"
        }
      }
    },
    "2015": {
      "Imports": {
        "Animals & Animal Products": {
          "Wellington": "71.67",
          "Amsterdam": "5.87",
          "Abu Dhabi": "4.70",
          "Cairo": "2.33",
          "Paris": "2.31"
        },
        "Vegetable Products": {
          "Ukraine": "9.46",
          "Russian Federation": "8.41",
          "Ankara": "26.70",
          "Jakarta": "9.75",
          "Nairobi": "5.91"
        },
        "Prepared Foodstuffs; Beverages, Spirits, Vinegar, Tobacco and Manufactured Tobacco Substitutes": {
          "Thailand": "30.15",
          "New Delhi": "31.12",
          "Cairo": "10.03",
          "Ankara": "3.97",
          "Amsterdam": "3.21"
        },
        "Mineral Products": {
          "New Delhi": "33.59",
          "Muscat": "12.40",
          "Beijing": "11.10",
          "Cairo": "10.85",
          "Abu Dhabi": "8.20"
        },
        "Products of the Chemical or Allied Industries": {
          "Jordan": "11.20",
          "Beijing": "13.07",
          "New Delhi": "12.51",
          "Riyadh": "10.33",
          "Abu Dhabi": "9.66"
        },
        "Plastics and Articles thereof; Rubber and Articles thereof": {
          "Riyadh": "30.87",
          "Beijing": "25.22",
          "Abu Dhabi": "12.95",
          "Cairo": "9.49",
          "Seoul": "3.13"
        },
        "Raw Hides and Skins, Leather, Furskins, and Articles thereof; Saddlery and Harness; Travel Goods, Handbags, and Similar Containers; Articles of Animal Gut (Other than Silk-worm Gut)": {
          "Beijing": "91.01",
          "Abu Dhabi": "2.37",
          "Cairo": "1.74",
          "Riyadh": "1.10",
          "Ankara": "0.96"
        },
        "Wood and Articles of Wood; Wood Charcoal; Cork and Articles of Cork; Manufactures of Straw, of Esparto or of Other Plaiting Materials; Basketware and Wickerwork": {
          "Beijing": "11.59",
          "Cairo": "8.75",
          "New Delhi": "8.08",
          "Berlin": "7.03",
          "Abu Dhabi": "6.89"
        },
        "Textiles and Textile Articles": {
          "Bangladesh": "11.57",
          "Beijing": "50.59",
          "New Delhi": "12.78",
          "Cairo": "5.45",
          "Riyadh": "3.99"
        },
        "Footwear, Headgear, Umbrellas, Sun Umbrellas, Walking-sticks, Seat-sticks, Whips, Riding-crops, and Parts thereof; Prepared Feathers and Articles Made therewith; Artificial Flowers; Articles of Human Hair": {
          "Thailand": "0.91",
          "Beijing": "88.77",
          "New Delhi": "3.21",
          "Abu Dhabi": "2.52",
          "Ankara": "0.95"
        },
        "Articles of Stone, Plaster, Cement, Asbestos, Mica or Similar Materials; Ceramic Products; Glass and Glassware": {
          "Beijing": "41.54",
          "Cairo": "39.59",
          "Abu Dhabi": "5.86",
          "New Delhi": "4.14",
          "Riyadh": "3.61"
        },
        "Natural or Cultured Pearls, Precious or Semi-precious Stones, Precious Metals, Metals Clad with Precious Metal, and Articles thereof; Imitation Jewellery; Coin": {
          "Iran, Islamic Rep.": "13.62",
          "Abu Dhabi": "28.07",
          "Cairo": "17.55",
          "Beijing": "13.07",
          "New Delhi": "7.69"
        },
        "Base Metals and Articles of Base Metal": {
          "Ukraine": "8.13",
          "Other Asia, nes": "6.00",
          "Beijing": "46.65",
          "Cairo": "8.22",
          "New Delhi": "7.51"
        },
        "Machinery and Mechanical Appliances; Electrical Equipment; Parts thereof; Sound Recorders and Reproducers, Television Image and Sound Recorders and Reproducers, and Parts and Accessories of such Articles": {
          "Beijing": "37.81",
          "Abu Dhabi": "7.25",
          "New Delhi": "4.94",
          "Rome": "4.26",
          "Seoul": "4.10"
        },
        "Vehicles, Aircraft, Vessels, and Associated Transport Equipment": {
          "Jordan": "34.30",
          "Tokyo": "22.08",
          "Beijing": "14.15",
          "Seoul": "5.34",
          "New Delhi": "5.03"
        },
        "Optical, Photographic, Cinematographic, Measuring, Checking, Precision, Medical or Surgical Instruments and Apparatus; Clocks and Watches; Musical Instruments; Parts and Accessories thereof": {
          "Jordan": "11.36",
          "Beijing": "29.22",
          "New Delhi": "6.85",
          "Tokyo": "6.74",
          "Riyadh": "5.66"
        },
        "Miscellaneous Manufactured Articles": {
          "Beijing": "50.72",
          "Islamabad": "6.76",
          "Cairo": "6.56",
          "Abu Dhabi": "6.37",
          "New Delhi": "3.28"
        }
      }
    },
    "2016": {
      "Imports": {
        "Animals & Animal Products": {
          "Belgium": "5.69",
          "Wellington": "45.44",
          "Kuala Lumpur": "7.82",
          "Abu Dhabi": "7.02",
          "Cairo": "6.56"
        },
        "Vegetable Products": {
          "Russian Federation": "63.74",
          "Romania": "3.29",
          "Ankara": "10.04",
          "Jakarta": "3.17",
          "Ottawa": "1.88"
        },
        "Prepared Foodstuffs; Beverages, Spirits, Vinegar, Tobacco and Manufactured Tobacco Substitutes": {
          "Thailand": "8.36",
          "New Delhi": "26.29",
          "Cairo": "20.78",
          "Abu Dhabi": "10.03",
          "Ankara": "3.64"
        },
        "Mineral Products": {
          "Ukraine": "6.71",
          "Cairo": "16.34",
          "New Delhi": "16.18",
          "Beijing": "14.54",
          "Abu Dhabi": "13.83"
        },
        "Products of the Chemical or Allied Industries": {
          "Beijing": "12.35",
          "New Delhi": "12.13",
          "Abu Dhabi": "10.91",
          "Riyadh": "9.57",
          "Cairo": "7.28"
        },
        "Plastics and Articles thereof; Rubber and Articles thereof": {
          "Beijing": "28.82",
          "Riyadh": "25.91",
          "Abu Dhabi": "14.23",
          "Cairo": "11.25",
          "New Delhi": "2.90"
        },
        "Raw Hides and Skins, Leather, Furskins, and Articles thereof; Saddlery and Harness; Travel Goods, Handbags, and Similar Containers; Articles of Animal Gut (Other than Silk-worm Gut)": {
          "Other Asia, nes": "0.61",
          "Beijing": "92.91",
          "Abu Dhabi": "3.02",
          "Cairo": "1.41",
          "Riyadh": "0.52"
        },
        "Wood and Articles of Wood; Wood Charcoal; Cork and Articles of Cork; Manufactures of Straw, of Esparto or of Other Plaiting Materials; Basketware and Wickerwork": {
          "Beijing": "13.44",
          "Cairo": "11.81",
          "Abu Dhabi": "9.53",
          "Riyadh": "7.64",
          "New Delhi": "7.20"
        },
        "Textiles and Textile Articles": {
          "Bangladesh": "5.84",
          "Beijing": "49.69",
          "New Delhi": "15.17",
          "Cairo": "7.87",
          "Riyadh": "4.60"
        },
        "Footwear, Headgear, Umbrellas, Sun Umbrellas, Walking-sticks, Seat-sticks, Whips, Riding-crops, and Parts thereof; Prepared Feathers and Articles Made therewith; Artificial Flowers; Articles of Human Hair": {
          "Beijing": "79.12",
          "Ankara": "5.92",
          "New Delhi": "4.21",
          "Cairo": "2.35",
          "Abu Dhabi": "2.34"
        },
        "Articles of Stone, Plaster, Cement, Asbestos, Mica or Similar Materials; Ceramic Products; Glass and Glassware": {
          "Beijing": "41.80",
          "Cairo": "37.55",
          "Abu Dhabi": "7.00",
          "New Delhi": "3.70",
          "Riyadh": "3.00"
        },
        "Natural or Cultured Pearls, Precious or Semi-precious Stones, Precious Metals, Metals Clad with Precious Metal, and Articles thereof; Imitation Jewellery; Coin": {
          "Iran, Islamic Rep.": "21.00",
          "Cairo": "25.06",
          "Beijing": "17.57",
          "Abu Dhabi": "13.23",
          "New Delhi": "5.76"
        },
        "Base Metals and Articles of Base Metal": {
          "Beijing": "49.85",
          "Cairo": "15.18",
          "New Delhi": "6.80",
          "Abu Dhabi": "6.57",
          "Ankara": "4.46"
        },
        "Machinery and Mechanical Appliances; Electrical Equipment; Parts thereof; Sound Recorders and Reproducers, Television Image and Sound Recorders and Reproducers, and Parts and Accessories of such Articles": {
          "Beijing": "40.41",
          "Abu Dhabi": "10.90",
          "Ankara": "5.84",
          "New Delhi": "5.20",
          "Seoul": "4.91"
        },
        "Vehicles, Aircraft, Vessels, and Associated Transport Equipment": {
          "Thailand": "3.85",
          "Tokyo": "33.69",
          "Beijing": "21.71",
          "Seoul": "8.65",
          "New Delhi": "6.42"
        },
        "Optical, Photographic, Cinematographic, Measuring, Checking, Precision, Medical or Surgical Instruments and Apparatus; Clocks and Watches; Musical Instruments; Parts and Accessories thereof": {
          "Beijing": "32.64",
          "Abu Dhabi": "8.14",
          "New Delhi": "7.69",
          "Tokyo": "7.01",
          "Cairo": "6.58"
        },
        "Miscellaneous Manufactured Articles": {
          "Beijing": "59.05",
          "Abu Dhabi": "6.55",
          "New Delhi": "5.55",
          "Berlin": "4.51",
          "Cairo": "3.14"
        }
      }
    },
    "2017": {
      "Imports": {
        "Animals & Animal Products": {
          "Wellington": "37.64",
          "Kuala Lumpur": "11.32",
          "Abu Dhabi": "8.62",
          "Amsterdam": "7.76",
          "Washington, D.C.": "5.68"
        },
        "Vegetable Products": {
          "Russian Federation": "27.37",
          "Ukraine": "5.22",
          "Ankara": "10.83",
          "Jakarta": "7.48",
          "Buenos Aires": "6.61"
        },
        "Prepared Foodstuffs; Beverages, Spirits, Vinegar, Tobacco and Manufactured Tobacco Substitutes": {
          "Abu Dhabi": "23.36",
          "New Delhi": "20.72",
          "Riyadh": "6.46",
          "Cairo": "6.08",
          "Beijing": "5.83"
        },
        "Mineral Products": {
          "Cairo": "35.90",
          "New Delhi": "18.13",
          "Abu Dhabi": "9.15",
          "Beijing": "7.96",
          "London": "5.18"
        },
        "Products of the Chemical or Allied Industries": {
          "Jordan": "8.95",
          "New Delhi": "12.55",
          "Beijing": "11.91",
          "Abu Dhabi": "11.46",
          "Riyadh": "10.11"
        },
        "Plastics and Articles thereof; Rubber and Articles thereof": {
          "Unspecified": "4.33",
          "Riyadh": "26.93",
          "Beijing": "24.46",
          "Cairo": "13.91",
          "Abu Dhabi": "12.24"
        },
        "Raw Hides and Skins, Leather, Furskins, and Articles thereof; Saddlery and Harness; Travel Goods, Handbags, and Similar Containers; Articles of Animal Gut (Other than Silk-worm Gut)": {
          "Unspecified": "1.13",
          "Beijing": "83.65",
          "Ankara": "9.94",
          "Cairo": "1.45",
          "Abu Dhabi": "0.96"
        },
        "Wood and Articles of Wood; Wood Charcoal; Cork and Articles of Cork; Manufactures of Straw, of Esparto or of Other Plaiting Materials; Basketware and Wickerwork": {
          "Cairo": "11.64",
          "Beijing": "11.38",
          "Berlin": "11.13",
          "Abu Dhabi": "8.80",
          "New Delhi": "6.62"
        },
        "Textiles and Textile Articles": {
          "Bangladesh": "11.22",
          "Beijing": "43.54",
          "New Delhi": "15.18",
          "Cairo": "7.22",
          "Riyadh": "4.82"
        },
        "Footwear, Headgear, Umbrellas, Sun Umbrellas, Walking-sticks, Seat-sticks, Whips, Riding-crops, and Parts thereof; Prepared Feathers and Articles Made therewith; Artificial Flowers; Articles of Human Hair": {
          "Unspecified": "1.87",
          "Beijing": "72.62",
          "Ankara": "13.73",
          "New Delhi": "4.51",
          "Abu Dhabi": "1.82"
        },
        "Articles of Stone, Plaster, Cement, Asbestos, Mica or Similar Materials; Ceramic Products; Glass and Glassware": {
          "Unspecified": "11.87",
          "Beijing": "38.53",
          "Cairo": "32.36",
          "Abu Dhabi": "4.90",
          "New Delhi": "4.18"
        },
        "Natural or Cultured Pearls, Precious or Semi-precious Stones, Precious Metals, Metals Clad with Precious Metal, and Articles thereof; Imitation Jewellery; Coin": {
          "Iran, Islamic Rep.": "12.45",
          "Cairo": "26.67",
          "Abu Dhabi": "17.44",
          "Beijing": "14.77",
          "Manama": "9.08"
        },
        "Base Metals and Articles of Base Metal": {
          "Unspecified": "32.47",
          "Beijing": "33.16",
          "Cairo": "10.51",
          "New Delhi": "5.65",
          "Abu Dhabi": "4.12"
        },
        "Machinery and Mechanical Appliances; Electrical Equipment; Parts thereof; Sound Recorders and Reproducers, Television Image and Sound Recorders and Reproducers, and Parts and Accessories of such Articles": {
          "Beijing": "41.21",
          "Berlin": "14.52",
          "Abu Dhabi": "6.90",
          "Seoul": "4.15",
          "Rome": "3.88"
        },
        "Vehicles, Aircraft, Vessels, and Associated Transport Equipment": {
          "Thailand": "3.23",
          "Tokyo": "35.93",
          "Beijing": "19.91",
          "Seoul": "13.79",
          "New Delhi": "5.72"
        },
        "Optical, Photographic, Cinematographic, Measuring, Checking, Precision, Medical or Surgical Instruments and Apparatus; Clocks and Watches; Musical Instruments; Parts and Accessories thereof": {
          "Beijing": "30.34",
          "Tokyo": "8.10",
          "New Delhi": "6.70",
          "Abu Dhabi": "6.26",
          "Riyadh": "5.84"
        },
        "Miscellaneous Manufactured Articles": {
          "Beijing": "52.30",
          "Abu Dhabi": "8.26",
          "New Delhi": "5.50",
          "Berlin": "4.90",
          "Ankara": "3.61"
        }
      }
    },
    "2018": {
      "Imports": {
        "Animals & Animal Products": {
          "Belgium": "4.61",
          "Wellington": "35.42",
          "Amsterdam": "15.37",
          "Kuala Lumpur": "11.80",
          "Abu Dhabi": "5.46"
        },
        "Vegetable Products": {
          "Russian Federation": "70.63",
          "Romania": "3.30",
          "Jakarta": "2.79",
          "Ankara": "2.61",
          "Nairobi": "2.55"
        },
        "Prepared Foodstuffs; Beverages, Spirits, Vinegar, Tobacco and Manufactured Tobacco Substitutes": {
          "Thailand": "13.91",
          "New Delhi": "38.18",
          "Abu Dhabi": "13.04",
          "Riyadh": "6.06",
          "Beijing": "5.19"
        },
        "Mineral Products": {
          "Madrid": "20.91",
          "Cairo": "19.67",
          "New Delhi": "15.09",
          "Abu Dhabi": "14.87",
          "Rome": "8.55"
        },
        "Products of the Chemical or Allied Industries": {
          "Jordan": "11.86",
          "Riyadh": "13.56",
          "New Delhi": "12.13",
          "Beijing": "11.60",
          "Abu Dhabi": "6.93"
        },
        "Plastics and Articles thereof; Rubber and Articles thereof": {
          "Beijing": "31.49",
          "Riyadh": "28.04",
          "Cairo": "15.07",
          "Abu Dhabi": "8.60",
          "New Delhi": "3.34"
        },
        "Raw Hides and Skins, Leather, Furskins, and Articles thereof; Saddlery and Harness; Travel Goods, Handbags, and Similar Containers; Articles of Animal Gut (Other than Silk-worm Gut)": {
          "Beijing": "90.06",
          "Ankara": "3.58",
          "Cairo": "2.17",
          "Abu Dhabi": "1.56",
          "Riyadh": "0.47"
        },
        "Wood and Articles of Wood; Wood Charcoal; Cork and Articles of Cork; Manufactures of Straw, of Esparto or of Other Plaiting Materials; Basketware and Wickerwork": {
          "Berlin": "15.64",
          "Cairo": "13.97",
          "Abu Dhabi": "9.77",
          "New Delhi": "8.85",
          "Beijing": "8.50"
        },
        "Textiles and Textile Articles": {
          "Bangladesh": "10.09",
          "Beijing": "38.39",
          "New Delhi": "14.26",
          "Cairo": "10.64",
          "Riyadh": "6.70"
        },
        "Footwear, Headgear, Umbrellas, Sun Umbrellas, Walking-sticks, Seat-sticks, Whips, Riding-crops, and Parts thereof; Prepared Feathers and Articles Made therewith; Artificial Flowers; Articles of Human Hair": {
          "Beijing": "54.64",
          "Ankara": "27.11",
          "Cairo": "4.52",
          "Riyadh": "3.69",
          "New Delhi": "3.68"
        },
        "Articles of Stone, Plaster, Cement, Asbestos, Mica or Similar Materials; Ceramic Products; Glass and Glassware": {
          "Cairo": "43.35",
          "Beijing": "37.72",
          "New Delhi": "5.48",
          "Abu Dhabi": "4.53",
          "Riyadh": "3.22"
        },
        "Natural or Cultured Pearls, Precious or Semi-precious Stones, Precious Metals, Metals Clad with Precious Metal, and Articles thereof; Imitation Jewellery; Coin": {
          "Iran, Islamic Rep.": "10.62",
          "Abu Dhabi": "21.63",
          "Cairo": "19.65",
          "Beijing": "17.00",
          "Madrid": "6.02"
        },
        "Base Metals and Articles of Base Metal": {
          "Beijing": "47.41",
          "Cairo": "14.70",
          "Ankara": "6.70",
          "Abu Dhabi": "6.03",
          "New Delhi": "5.50"
        },
        "Machinery and Mechanical Appliances; Electrical Equipment; Parts thereof; Sound Recorders and Reproducers, Television Image and Sound Recorders and Reproducers, and Parts and Accessories of such Articles": {
          "Beijing": "38.83",
          "Ankara": "9.53",
          "New Delhi": "7.42",
          "Abu Dhabi": "6.90",
          "Seoul": "4.58"
        },
        "Vehicles, Aircraft, Vessels, and Associated Transport Equipment": {
          "Thailand": "3.84",
          "Tokyo": "37.93",
          "Beijing": "19.22",
          "Seoul": "13.17",
          "Riyadh": "3.99"
        },
        "Optical, Photographic, Cinematographic, Measuring, Checking, Precision, Medical or Surgical Instruments and Apparatus; Clocks and Watches; Musical Instruments; Parts and Accessories thereof": {
          "Beijing": "28.94",
          "Tokyo": "9.34",
          "Riyadh": "7.67",
          "New Delhi": "7.31",
          "Cairo": "6.79"
        },
        "Miscellaneous Manufactured Articles": {
          "Beijing": "39.35",
          "Berlin": "10.52",
          "Cairo": "9.14",
          "Abu Dhabi": "6.35",
          "Ankara": "5.26"
        }
      }
    }
  }
}