{
  "Main Partners": {
    "2015": {
      "Imports": {
        "Animals & Animal Products": {
          "Namibia": "18.59",
          "Belgium": "8.47",
          "Angola": "8.31",
          "Washington, D.C.": "8.32",
          "Ankara": "5.01"
        },
        "Vegetable Products": {
          "Russian Federation": "19.73",
          "Thailand": "14.28",
          "Belgium": "8.16",
          "Paris": "10.31",
          "Pretoria": "8.21"
        },
        "Prepared Foodstuffs; Beverages, Spirits, Vinegar, Tobacco and Manufactured Tobacco Substitutes": {
          "Guatemala": "7.66",
          "Tanzania": "6.63",
          "Nairobi": "11.42",
          "Pretoria": "10.63",
          "Beijing": "7.87"
        },
        "Mineral Products": {
          "Tanzania": "4.60",
          "Pretoria": "48.69",
          "Lusaka": "17.53",
          "Canberra": "3.38",
          "Beijing": "3.32"
        },
        "Products of the Chemical or Allied Industries": {
          "Beijing": "17.73",
          "Pretoria": "17.06",
          "Lusaka": "15.35",
          "Paris": "10.33",
          "New Delhi": "7.23"
        },
        "Plastics and Articles thereof; Rubber and Articles thereof": {
          "Thailand": "4.46",
          "Pretoria": "26.29",
          "Beijing": "20.39",
          "Riyadh": "6.94",
          "Washington, D.C.": "4.36"
        },
        "Raw Hides and Skins, Leather, Furskins, and Articles thereof; Saddlery and Harness; Travel Goods, Handbags, and Similar Containers; Articles of Animal Gut (Other than Silk-worm Gut)": {
          "Uganda": "4.18",
          "Beijing": "54.31",
          "Ottawa": "7.24",
          "Washington, D.C.": "6.48",
          "Pretoria": "6.10"
        },
        "Wood and Articles of Wood; Wood Charcoal; Cork and Articles of Cork; Manufactures of Straw, of Esparto or of Other Plaiting Materials; Basketware and Wickerwork": {
          "Washington, D.C.": "51.76",
          "Bern": "25.97",
          "London": "9.06",
          "Beijing": "3.45",
          "Pretoria": "1.45"
        },
        "Textiles and Textile Articles": {
          "Beijing": "31.48",
          "Pretoria": "17.91",
          "Washington, D.C.": "11.09",
          "Ottawa": "6.92",
          "New Delhi": "4.91"
        },
        "Footwear, Headgear, Umbrellas, Sun Umbrellas, Walking-sticks, Seat-sticks, Whips, Riding-crops, and Parts thereof; Prepared Feathers and Articles Made therewith; Artificial Flowers; Articles of Human Hair": {
          "Beijing": "38.83",
          "Seoul": "16.04",
          "Tokyo": "12.36",
          "Pretoria": "9.48",
          "Nairobi": "5.17"
        },
        "Articles of Stone, Plaster, Cement, Asbestos, Mica or Similar Materials; Ceramic Products; Glass and Glassware": {
          "Tanzania": "11.46",
          "Beijing": "36.25",
          "Pretoria": "8.79",
          "Madrid": "7.42",
          "Abu Dhabi": "6.27"
        },
        "Natural or Cultured Pearls, Precious or Semi-precious Stones, Precious Metals, Metals Clad with Precious Metal, and Articles thereof; Imitation Jewellery; Coin": {
          "Russian Federation": "5.39",
          "Pretoria": "43.21",
          "Lusaka": "10.40",
          "Canberra": "8.41",
          "Washington, D.C.": "4.45"
        },
        "Base Metals and Articles of Base Metal": {
          "Belgium": "2.87",
          "Pretoria": "40.23",
          "Beijing": "28.48",
          "New Delhi": "3.91",
          "Madrid": "2.86"
        },
        "Machinery and Mechanical Appliances; Electrical Equipment; Parts thereof; Sound Recorders and Reproducers, Television Image and Sound Recorders and Reproducers, and Parts and Accessories of such Articles": {
          "Belgium": "7.36",
          "Pretoria": "25.81",
          "Beijing": "23.55",
          "Washington, D.C.": "9.10",
          "Berlin": "5.17"
        },
        "Vehicles, Aircraft, Vessels, and Associated Transport Equipment": {
          "Tokyo": "18.05",
          "Beijing": "14.63",
          "Pretoria": "12.99",
          "New Delhi": "11.36",
          "Washington, D.C.": "8.30"
        },
        "Optical, Photographic, Cinematographic, Measuring, Checking, Precision, Medical or Surgical Instruments and Apparatus; Clocks and Watches; Musical Instruments; Parts and Accessories thereof": {
          "Pretoria": "23.29",
          "Beijing": "19.60",
          "Washington, D.C.": "10.21",
          "Lusaka": "5.12",
          "New Delhi": "4.32"
        },
        "Miscellaneous Manufactured Articles": {
          "Belgium": "7.05",
          "Beijing": "32.05",
          "Pretoria": "19.56",
          "Washington, D.C.": "5.28",
          "Abu Dhabi": "5.20"
        }
      }
    },
    "2016": {
      "Imports": {
        "Animals & Animal Products": {
          "Namibia": "14.08",
          "Angola": "7.22",
          "Berlin": "6.81",
          "Washington, D.C.": "6.78",
          "Brasília": "6.70"
        },
        "Vegetable Products": {
          "Russian Federation": "20.52",
          "Thailand": "10.89",
          "Belgium": "9.82",
          "Paris": "15.56",
          "Berlin": "4.58"
        },
        "Prepared Foodstuffs; Beverages, Spirits, Vinegar, Tobacco and Manufactured Tobacco Substitutes": {
          "Tanzania": "8.12",
          "Ireland": "7.75",
          "Nairobi": "10.98",
          "Pretoria": "10.31",
          "Beijing": "8.51"
        },
        "Mineral Products": {
          "Pretoria": "28.43",
          "Riyadh": "11.57",
          "Lusaka": "11.21",
          "Washington, D.C.": "9.70",
          "Abu Dhabi": "6.30"
        },
        "Products of the Chemical or Allied Industries": {
          "Paris": "17.92",
          "New Delhi": "16.15",
          "Beijing": "14.54",
          "Lusaka": "11.62",
          "Pretoria": "9.49"
        },
        "Plastics and Articles thereof; Rubber and Articles thereof": {
          "Beijing": "22.91",
          "Pretoria": "19.13",
          "Riyadh": "11.04",
          "Washington, D.C.": "8.88",
          "New Delhi": "3.71"
        },
        "Raw Hides and Skins, Leather, Furskins, and Articles thereof; Saddlery and Harness; Travel Goods, Handbags, and Similar Containers; Articles of Animal Gut (Other than Silk-worm Gut)": {
          "Uganda": "4.33",
          "Beijing": "46.57",
          "Ottawa": "14.11",
          "Washington, D.C.": "9.84",
          "Pretoria": "3.66"
        },
        "Wood and Articles of Wood; Wood Charcoal; Cork and Articles of Cork; Manufactures of Straw, of Esparto or of Other Plaiting Materials; Basketware and Wickerwork": {
          "London": "53.74",
          "Washington, D.C.": "34.94",
          "Beijing": "2.66",
          "Berlin": "1.29",
          "Pretoria": "1.28"
        },
        "Textiles and Textile Articles": {
          "Beijing": "33.89",
          "Washington, D.C.": "16.86",
          "Ottawa": "8.73",
          "New Delhi": "5.44",
          "Islamabad": "4.96"
        },
        "Footwear, Headgear, Umbrellas, Sun Umbrellas, Walking-sticks, Seat-sticks, Whips, Riding-crops, and Parts thereof; Prepared Feathers and Articles Made therewith; Artificial Flowers; Articles of Human Hair": {
          "Beijing": "36.40",
          "Seoul": "18.33",
          "Tokyo": "10.34",
          "Pretoria": "9.57",
          "Nairobi": "5.53"
        },
        "Articles of Stone, Plaster, Cement, Asbestos, Mica or Similar Materials; Ceramic Products; Glass and Glassware": {
          "Tanzania": "9.34",
          "Beijing": "41.94",
          "Pretoria": "7.96",
          "Madrid": "7.38",
          "Seoul": "4.95"
        },
        "Natural or Cultured Pearls, Precious or Semi-precious Stones, Precious Metals, Metals Clad with Precious Metal, and Articles thereof; Imitation Jewellery; Coin": {
          "Pretoria": "32.06",
          "Riyadh": "16.41",
          "Washington, D.C.": "13.77",
          "Abu Dhabi": "9.27",
          "Canberra": "8.92"
        },
        "Base Metals and Articles of Base Metal": {
          "Belgium": "3.16",
          "Pretoria": "35.33",
          "Beijing": "28.76",
          "New Delhi": "3.86",
          "Lusaka": "3.49"
        },
        "Machinery and Mechanical Appliances; Electrical Equipment; Parts thereof; Sound Recorders and Reproducers, Television Image and Sound Recorders and Reproducers, and Parts and Accessories of such Articles": {
          "Belgium": "5.55",
          "Beijing": "32.34",
          "Pretoria": "16.41",
          "Washington, D.C.": "8.56",
          "Berlin": "4.95"
        },
        "Vehicles, Aircraft, Vessels, and Associated Transport Equipment": {
          "Tokyo": "19.49",
          "Beijing": "18.14",
          "Washington, D.C.": "10.72",
          "Pretoria": "9.77",
          "New Delhi": "7.56"
        },
        "Optical, Photographic, Cinematographic, Measuring, Checking, Precision, Medical or Surgical Instruments and Apparatus; Clocks and Watches; Musical Instruments; Parts and Accessories thereof": {
          "Beijing": "21.80",
          "Pretoria": "13.48",
          "Washington, D.C.": "10.79",
          "London": "9.17",
          "New Delhi": "6.24"
        },
        "Miscellaneous Manufactured Articles": {
          "Belgium": "8.99",
          "Beijing": "34.39",
          "Pretoria": "10.22",
          "Abu Dhabi": "4.89",
          "Paris": "4.68"
        }
      }
    },
    "2017": {
      "Imports": {
        "Animals & Animal Products": {
          "Namibia": "12.30",
          "Belgium": "6.56",
          "Warsaw": "6.98",
          "Paris": "6.44",
          "Oslo": "6.41"
        },
        "Vegetable Products": {
          "Russian Federation": "17.37",
          "Thailand": "7.98",
          "Paris": "7.39",
          "Pretoria": "7.23",
          "Washington, D.C.": "6.88"
        },
        "Prepared Foodstuffs; Beverages, Spirits, Vinegar, Tobacco and Manufactured Tobacco Substitutes": {
          "Tanzania": "6.93",
          "Nairobi": "13.49",
          "Pretoria": "9.34",
          "Paris": "8.31",
          "Beijing": "7.53"
        },
        "Mineral Products": {
          "Pretoria": "24.34",
          "Riyadh": "19.32",
          "Lusaka": "10.02",
          "Washington, D.C.": "10.00",
          "Abu Dhabi": "6.51"
        },
        "Products of the Chemical or Allied Industries": {
          "Beijing": "16.41",
          "Pretoria": "14.92",
          "Lusaka": "14.52",
          "New Delhi": "13.62",
          "Amsterdam": "6.17"
        },
        "Plastics and Articles thereof; Rubber and Articles thereof": {
          "Pretoria": "22.03",
          "Beijing": "21.73",
          "Riyadh": "11.21",
          "Washington, D.C.": "7.14",
          "New Delhi": "4.12"
        },
        "Raw Hides and Skins, Leather, Furskins, and Articles thereof; Saddlery and Harness; Travel Goods, Handbags, and Similar Containers; Articles of Animal Gut (Other than Silk-worm Gut)": {
          "Uganda": "4.09",
          "Beijing": "53.57",
          "Abu Dhabi": "13.59",
          "Washington, D.C.": "7.50",
          "Ottawa": "5.15"
        },
        "Wood and Articles of Wood; Wood Charcoal; Cork and Articles of Cork; Manufactures of Straw, of Esparto or of Other Plaiting Materials; Basketware and Wickerwork": {
          "Washington, D.C.": "91.77",
          "London": "3.00",
          "Beijing": "1.07",
          "Berlin": "0.99",
          "Pretoria": "0.80"
        },
        "Textiles and Textile Articles": {
          "Belgium": "12.82",
          "Beijing": "30.57",
          "Washington, D.C.": "17.38",
          "Ottawa": "8.30",
          "Abu Dhabi": "4.85"
        },
        "Footwear, Headgear, Umbrellas, Sun Umbrellas, Walking-sticks, Seat-sticks, Whips, Riding-crops, and Parts thereof; Prepared Feathers and Articles Made therewith; Artificial Flowers; Articles of Human Hair": {
          "Uganda": "7.38",
          "Beijing": "31.61",
          "Seoul": "28.22",
          "Tokyo": "8.88",
          "Pretoria": "8.15"
        },
        "Articles of Stone, Plaster, Cement, Asbestos, Mica or Similar Materials; Ceramic Products; Glass and Glassware": {
          "Tanzania": "9.28",
          "Beijing": "43.02",
          "Pretoria": "7.76",
          "Madrid": "7.57",
          "Seoul": "6.66"
        },
        "Natural or Cultured Pearls, Precious or Semi-precious Stones, Precious Metals, Metals Clad with Precious Metal, and Articles thereof; Imitation Jewellery; Coin": {
          "Pretoria": "26.17",
          "Riyadh": "25.51",
          "Washington, D.C.": "13.20",
          "Abu Dhabi": "8.67",
          "Canberra": "7.58"
        },
        "Base Metals and Articles of Base Metal": {
          "Beijing": "34.61",
          "Pretoria": "31.31",
          "New Delhi": "5.11",
          "Lusaka": "4.41",
          "Canberra": "2.55"
        },
        "Machinery and Mechanical Appliances; Electrical Equipment; Parts thereof; Sound Recorders and Reproducers, Television Image and Sound Recorders and Reproducers, and Parts and Accessories of such Articles": {
          "Belgium": "5.52",
          "Beijing": "33.73",
          "Pretoria": "20.37",
          "Washington, D.C.": "7.39",
          "Berlin": "4.53"
        },
        "Vehicles, Aircraft, Vessels, and Associated Transport Equipment": {
          "Tokyo": "23.07",
          "Beijing": "21.28",
          "New Delhi": "8.63",
          "Pretoria": "7.69",
          "London": "5.72"
        },
        "Optical, Photographic, Cinematographic, Measuring, Checking, Precision, Medical or Surgical Instruments and Apparatus; Clocks and Watches; Musical Instruments; Parts and Accessories thereof": {
          "Washington, D.C.": "31.51",
          "Beijing": "18.92",
          "Pretoria": "12.80",
          "New Delhi": "4.67",
          "Lusaka": "3.57"
        },
        "Miscellaneous Manufactured Articles": {
          "Belgium": "8.52",
          "Uganda": "4.55",
          "Beijing": "31.18",
          "Pretoria": "14.88",
          "Paris": "4.32"
        }
      }
    },
    "2018": {
      "Imports": {
        "Animals & Animal Products": {
          "Namibia": "16.94",
          "Belgium": "7.43",
          "Warsaw": "8.23",
          "Oslo": "7.89",
          "Berlin": "7.23"
        },
        "Vegetable Products": {
          "Russian Federation": "24.72",
          "Thailand": "12.61",
          "Ukraine": "7.48",
          "Paris": "6.42",
          "Pretoria": "5.82"
        },
        "Prepared Foodstuffs; Beverages, Spirits, Vinegar, Tobacco and Manufactured Tobacco Substitutes": {
          "Ireland": "8.85",
          "Tanzania": "6.82",
          "Nairobi": "12.24",
          "Pretoria": "9.87",
          "Beijing": "7.11"
        },
        "Mineral Products": {
          "Tanzania": "12.29",
          "Pretoria": "15.40",
          "Abu Dhabi": "13.84",
          "Washington, D.C.": "11.03",
          "Lusaka": "10.31"
        },
        "Products of the Chemical or Allied Industries": {
          "Lusaka": "20.59",
          "Pretoria": "19.55",
          "Beijing": "16.13",
          "New Delhi": "10.46",
          "Paris": "3.98"
        },
        "Plastics and Articles thereof; Rubber and Articles thereof": {
          "Beijing": "23.69",
          "Pretoria": "19.91",
          "Riyadh": "10.39",
          "New Delhi": "4.98",
          "Washington, D.C.": "4.17"
        },
        "Raw Hides and Skins, Leather, Furskins, and Articles thereof; Saddlery and Harness; Travel Goods, Handbags, and Similar Containers; Articles of Animal Gut (Other than Silk-worm Gut)": {
          "Beijing": "63.86",
          "Washington, D.C.": "7.75",
          "Abu Dhabi": "4.99",
          "Ottawa": "4.70",
          "Pretoria": "4.34"
        },
        "Wood and Articles of Wood; Wood Charcoal; Cork and Articles of Cork; Manufactures of Straw, of Esparto or of Other Plaiting Materials; Basketware and Wickerwork": {
          "Washington, D.C.": "95.51",
          "Berlin": "1.10",
          "Pretoria": "0.58",
          "Beijing": "0.55",
          "London": "0.34"
        },
        "Textiles and Textile Articles": {
          "Beijing": "31.42",
          "Washington, D.C.": "15.84",
          "Islamabad": "6.70",
          "Ottawa": "6.50",
          "Abu Dhabi": "5.52"
        },
        "Footwear, Headgear, Umbrellas, Sun Umbrellas, Walking-sticks, Seat-sticks, Whips, Riding-crops, and Parts thereof; Prepared Feathers and Articles Made therewith; Artificial Flowers; Articles of Human Hair": {
          "Beijing": "30.01",
          "Seoul": "23.46",
          "Tokyo": "9.60",
          "Pretoria": "9.45",
          "Abu Dhabi": "5.53"
        },
        "Articles of Stone, Plaster, Cement, Asbestos, Mica or Similar Materials; Ceramic Products; Glass and Glassware": {
          "Tanzania": "8.59",
          "Beijing": "46.15",
          "Pretoria": "9.80",
          "Madrid": "5.79",
          "Seoul": "4.70"
        },
        "Natural or Cultured Pearls, Precious or Semi-precious Stones, Precious Metals, Metals Clad with Precious Metal, and Articles thereof; Imitation Jewellery; Coin": {
          "Kazakhstan": "13.25",
          "Abu Dhabi": "19.36",
          "Pretoria": "18.26",
          "Washington, D.C.": "15.47",
          "Canberra": "7.33"
        },
        "Base Metals and Articles of Base Metal": {
          "Beijing": "45.08",
          "Pretoria": "30.73",
          "New Delhi": "4.47",
          "Lusaka": "3.76",
          "Abu Dhabi": "1.49"
        },
        "Machinery and Mechanical Appliances; Electrical Equipment; Parts thereof; Sound Recorders and Reproducers, Television Image and Sound Recorders and Reproducers, and Parts and Accessories of such Articles": {
          "Beijing": "40.53",
          "Pretoria": "19.05",
          "Washington, D.C.": "7.58",
          "New Delhi": "3.06",
          "Berlin": "3.05"
        },
        "Vehicles, Aircraft, Vessels, and Associated Transport Equipment": {
          "Beijing": "31.99",
          "Tokyo": "16.49",
          "New Delhi": "13.62",
          "Pretoria": "6.68",
          "Washington, D.C.": "6.05"
        },
        "Optical, Photographic, Cinematographic, Measuring, Checking, Precision, Medical or Surgical Instruments and Apparatus; Clocks and Watches; Musical Instruments; Parts and Accessories thereof": {
          "Washington, D.C.": "32.11",
          "Beijing": "22.72",
          "Pretoria": "12.74",
          "Lusaka": "4.50",
          "New Delhi": "4.35"
        },
        "Miscellaneous Manufactured Articles": {
          "Belgium": "4.47",
          "Beijing": "44.27",
          "Pretoria": "11.34",
          "Washington, D.C.": "7.03",
          "New Delhi": "4.29"
        }
      }
    },
    "2019": {
      "Imports": {
        "Animals & Animal Products": {
          "Namibia": "13.87",
          "Belgium": "7.87",
          "Pretoria": "10.74",
          "Oslo": "7.56",
          "Warsaw": "6.39"
        },
        "Vegetable Products": {
          "Russian Federation": "25.07",
          "Thailand": "9.80",
          "Paris": "8.65",
          "Washington, D.C.": "6.98",
          "Buenos Aires": "6.91"
        },
        "Prepared Foodstuffs; Beverages, Spirits, Vinegar, Tobacco and Manufactured Tobacco Substitutes": {
          "Ireland": "8.11",
          "Belgium": "6.58",
          "Pretoria": "10.36",
          "Nairobi": "9.89",
          "Beijing": "7.29"
        },
        "Mineral Products": {
          "Tanzania": "12.49",
          "Russian Federation": "8.98",
          "Lusaka": "15.68",
          "Pretoria": "13.37",
          "Abu Dhabi": "11.77"
        },
        "Products of the Chemical or Allied Industries": {
          "Paris": "19.62",
          "Pretoria": "16.47",
          "Lusaka": "15.56",
          "Beijing": "14.11",
          "New Delhi": "8.78"
        },
        "Plastics and Articles thereof; Rubber and Articles thereof": {
          "Beijing": "33.95",
          "Pretoria": "14.06",
          "Riyadh": "7.82",
          "Washington, D.C.": "6.06",
          "Tokyo": "3.66"
        },
        "Raw Hides and Skins, Leather, Furskins, and Articles thereof; Saddlery and Harness; Travel Goods, Handbags, and Similar Containers; Articles of Animal Gut (Other than Silk-worm Gut)": {
          "Beijing": "61.89",
          "Abu Dhabi": "6.04",
          "Washington, D.C.": "5.78",
          "Ottawa": "4.57",
          "New Delhi": "3.57"
        },
        "Wood and Articles of Wood; Wood Charcoal; Cork and Articles of Cork; Manufactures of Straw, of Esparto or of Other Plaiting Materials; Basketware and Wickerwork": {
          "Washington, D.C.": "94.76",
          "Kuala Lumpur": "0.91",
          "Beijing": "0.82",
          "Berlin": "0.76",
          "Pretoria": "0.49"
        },
        "Textiles and Textile Articles": {
          "Beijing": "34.85",
          "Washington, D.C.": "13.58",
          "Abu Dhabi": "8.94",
          "Islamabad": "7.03",
          "Ottawa": "6.29"
        },
        "Footwear, Headgear, Umbrellas, Sun Umbrellas, Walking-sticks, Seat-sticks, Whips, Riding-crops, and Parts thereof; Prepared Feathers and Articles Made therewith; Artificial Flowers; Articles of Human Hair": {
          "Beijing": "34.43",
          "Seoul": "17.99",
          "Abu Dhabi": "10.45",
          "Tokyo": "9.47",
          "Pretoria": "6.77"
        },
        "Articles of Stone, Plaster, Cement, Asbestos, Mica or Similar Materials; Ceramic Products; Glass and Glassware": {
          "Tanzania": "11.80",
          "Beijing": "48.79",
          "Pretoria": "7.72",
          "Lusaka": "5.92",
          "New Delhi": "5.07"
        },
        "Natural or Cultured Pearls, Precious or Semi-precious Stones, Precious Metals, Metals Clad with Precious Metal, and Articles thereof; Imitation Jewellery; Coin": {
          "Russian Federation": "12.47",
          "Pretoria": "17.55",
          "Abu Dhabi": "16.54",
          "Washington, D.C.": "11.54",
          "Canberra": "8.47"
        },
        "Base Metals and Articles of Base Metal": {
          "Beijing": "52.48",
          "Pretoria": "23.93",
          "New Delhi": "3.37",
          "Lusaka": "3.23",
          "Rome": "2.18"
        },
        "Machinery and Mechanical Appliances; Electrical Equipment; Parts thereof; Sound Recorders and Reproducers, Television Image and Sound Recorders and Reproducers, and Parts and Accessories of such Articles": {
          "Beijing": "50.24",
          "Pretoria": "12.76",
          "Washington, D.C.": "7.63",
          "New Delhi": "5.16",
          "Berlin": "2.81"
        },
        "Vehicles, Aircraft, Vessels, and Associated Transport Equipment": {
          "Beijing": "31.05",
          "Tokyo": "18.77",
          "New Delhi": "10.77",
          "Pretoria": "6.27",
          "Washington, D.C.": "5.68"
        },
        "Optical, Photographic, Cinematographic, Measuring, Checking, Precision, Medical or Surgical Instruments and Apparatus; Clocks and Watches; Musical Instruments; Parts and Accessories thereof": {
          "Washington, D.C.": "27.98",
          "Beijing": "27.38",
          "Pretoria": "10.61",
          "Lusaka": "4.73",
          "New Delhi": "4.53"
        },
        "Miscellaneous Manufactured Articles": {
          "Belgium": "6.35",
          "Beijing": "39.75",
          "Pretoria": "11.28",
          "Berlin": "5.71",
          "Washington, D.C.": "5.62"
        }
      }
    },
    "2020": {
      "Imports": {
        "Animals & Animal Products": {
          "Mauritania": "7.58",
          "Namibia": "7.16",
          "Warsaw": "14.03",
          "Washington, D.C.": "7.95",
          "Amsterdam": "7.37"
        },
        "Vegetable Products": {
          "Russian Federation": "26.46",
          "Thailand": "8.45",
          "Paris": "9.41",
          "Amsterdam": "5.73",
          "Buenos Aires": "5.53"
        },
        "Prepared Foodstuffs; Beverages, Spirits, Vinegar, Tobacco and Manufactured Tobacco Substitutes": {
          "Ireland": "10.05",
          "Rome": "11.86",
          "Brasília": "9.95",
          "Beijing": "7.11",
          "Pretoria": "6.02"
        },
        "Mineral Products": {
          "Tanzania": "12.22",
          "Qatar": "11.12",
          "Lusaka": "22.47",
          "Pretoria": "10.50",
          "Canberra": "5.62"
        },
        "Products of the Chemical or Allied Industries": {
          "Ireland": "4.30",
          "Beijing": "25.76",
          "Lusaka": "17.04",
          "New Delhi": "14.07",
          "Pretoria": "13.88"
        },
        "Plastics and Articles thereof; Rubber and Articles thereof": {
          "Beijing": "34.75",
          "Pretoria": "16.40",
          "London": "6.12",
          "Washington, D.C.": "5.49",
          "New Delhi": "4.52"
        },
        "Raw Hides and Skins, Leather, Furskins, and Articles thereof; Saddlery and Harness; Travel Goods, Handbags, and Similar Containers; Articles of Animal Gut (Other than Silk-worm Gut)": {
          "Beijing": "70.14",
          "Abu Dhabi": "4.89",
          "Washington, D.C.": "3.71",
          "Ottawa": "3.08",
          "Pretoria": "2.54"
        },
        "Wood and Articles of Wood; Wood Charcoal; Cork and Articles of Cork; Manufactures of Straw, of Esparto or of Other Plaiting Materials; Basketware and Wickerwork": {
          "Malta": "0.77",
          "Washington, D.C.": "93.26",
          "Berlin": "1.73",
          "Beijing": "0.97",
          "Pretoria": "0.54"
        },
        "Textiles and Textile Articles": {
          "Beijing": "39.43",
          "Washington, D.C.": "9.78",
          "Islamabad": "8.68",
          "New Delhi": "7.89",
          "Abu Dhabi": "7.43"
        },
        "Footwear, Headgear, Umbrellas, Sun Umbrellas, Walking-sticks, Seat-sticks, Whips, Riding-crops, and Parts thereof; Prepared Feathers and Articles Made therewith; Artificial Flowers; Articles of Human Hair": {
          "Beijing": "40.19",
          "Seoul": "25.90",
          "Nairobi": "6.93",
          "Pretoria": "6.13",
          "Lusaka": "5.67"
        },
        "Articles of Stone, Plaster, Cement, Asbestos, Mica or Similar Materials; Ceramic Products; Glass and Glassware": {
          "Tanzania": "5.55",
          "Beijing": "52.15",
          "Pretoria": "7.84",
          "New Delhi": "6.13",
          "Madrid": "5.03"
        },
        "Natural or Cultured Pearls, Precious or Semi-precious Stones, Precious Metals, Metals Clad with Precious Metal, and Articles thereof; Imitation Jewellery; Coin": {
          "Qatar": "15.69",
          "Tanzania": "8.21",
          "Pretoria": "17.17",
          "Canberra": "7.93",
          "Washington, D.C.": "7.17"
        },
        "Base Metals and Articles of Base Metal": {
          "Beijing": "52.06",
          "Pretoria": "21.58",
          "Lusaka": "5.26",
          "New Delhi": "2.84",
          "Rome": "1.64"
        },
        "Machinery and Mechanical Appliances; Electrical Equipment; Parts thereof; Sound Recorders and Reproducers, Television Image and Sound Recorders and Reproducers, and Parts and Accessories of such Articles": {
          "Beijing": "52.34",
          "Pretoria": "12.06",
          "Washington, D.C.": "5.31",
          "Berlin": "3.86",
          "Helsinki": "3.33"
        },
        "Vehicles, Aircraft, Vessels, and Associated Transport Equipment": {
          "Beijing": "29.97",
          "Tokyo": "18.07",
          "Washington, D.C.": "14.90",
          "New Delhi": "9.04",
          "Helsinki": "4.30"
        },
        "Optical, Photographic, Cinematographic, Measuring, Checking, Precision, Medical or Surgical Instruments and Apparatus; Clocks and Watches; Musical Instruments; Parts and Accessories thereof": {
          "Beijing": "31.41",
          "Washington, D.C.": "25.33",
          "Pretoria": "9.36",
          "Lusaka": "5.51",
          "New Delhi": "4.70"
        },
        "Miscellaneous Manufactured Articles": {
          "Senegal": "9.52",
          "Belgium": "4.64",
          "Beijing": "41.67",
          "Pretoria": "11.39",
          "Berlin": "4.27"
        }
      }
    },
    "2021": {
      "Imports": {
        "Animals & Animal Products": {
          "Namibia": "13.93",
          "Belgium": "8.10",
          "Mauritania": "6.73",
          "Warsaw": "11.51",
          "Amsterdam": "8.12"
        },
        "Vegetable Products": {
          "Russian Federation": "34.01",
          "Belgium": "4.41",
          "Pretoria": "12.45",
          "Paris": "8.39",
          "Amsterdam": "3.92"
        },
        "Prepared Foodstuffs; Beverages, Spirits, Vinegar, Tobacco and Manufactured Tobacco Substitutes": {
          "Ireland": "9.54",
          "Belgium": "6.99",
          "Brasília": "17.33",
          "Washington, D.C.": "8.17",
          "Beijing": "6.97"
        },
        "Mineral Products": {
          "Qatar": "13.20",
          "Pretoria": "18.97",
          "Abu Dhabi": "14.14",
          "Lusaka": "12.38",
          "Washington, D.C.": "9.44"
        },
        "Products of the Chemical or Allied Industries": {
          "Belgium": "3.66",
          "Beijing": "27.61",
          "New Delhi": "18.42",
          "Lusaka": "12.46",
          "Pretoria": "10.91"
        },
        "Plastics and Articles thereof; Rubber and Articles thereof": {
          "Beijing": "31.50",
          "Pretoria": "18.30",
          "New Delhi": "6.05",
          "Riyadh": "4.85",
          "Washington, D.C.": "4.34"
        },
        "Raw Hides and Skins, Leather, Furskins, and Articles thereof; Saddlery and Harness; Travel Goods, Handbags, and Similar Containers; Articles of Animal Gut (Other than Silk-worm Gut)": {
          "Beijing": "69.05",
          "Washington, D.C.": "6.16",
          "Abu Dhabi": "4.30",
          "New Delhi": "2.87",
          "Pretoria": "2.79"
        },
        "Wood and Articles of Wood; Wood Charcoal; Cork and Articles of Cork; Manufactures of Straw, of Esparto or of Other Plaiting Materials; Basketware and Wickerwork": {
          "Washington, D.C.": "83.75",
          "Beijing": "2.50",
          "Berlin": "2.48",
          "Pretoria": "1.17",
          "New Delhi": "1.09"
        },
        "Textiles and Textile Articles": {
          "Beijing": "37.88",
          "Abu Dhabi": "8.19",
          "Islamabad": "8.11",
          "New Delhi": "6.71",
          "Washington, D.C.": "6.64"
        },
        "Footwear, Headgear, Umbrellas, Sun Umbrellas, Walking-sticks, Seat-sticks, Whips, Riding-crops, and Parts thereof; Prepared Feathers and Articles Made therewith; Artificial Flowers; Articles of Human Hair": {
          "Beijing": "38.86",
          "Seoul": "19.56",
          "Pretoria": "10.79",
          "Lusaka": "5.71",
          "Nairobi": "5.44"
        },
        "Articles of Stone, Plaster, Cement, Asbestos, Mica or Similar Materials; Ceramic Products; Glass and Glassware": {
          "Tanzania": "10.44",
          "Beijing": "37.14",
          "Madrid": "11.46",
          "New Delhi": "7.43",
          "Pretoria": "6.37"
        },
        "Natural or Cultured Pearls, Precious or Semi-precious Stones, Precious Metals, Metals Clad with Precious Metal, and Articles thereof; Imitation Jewellery; Coin": {
          "Qatar": "16.13",
          "Tanzania": "6.52",
          "Pretoria": "22.27",
          "Abu Dhabi": "17.66",
          "Washington, D.C.": "11.63"
        },
        "Base Metals and Articles of Base Metal": {
          "Beijing": "46.39",
          "Pretoria": "24.39",
          "New Delhi": "5.16",
          "Lusaka": "4.48",
          "Stockholm": "1.79"
        },
        "Machinery and Mechanical Appliances; Electrical Equipment; Parts thereof; Sound Recorders and Reproducers, Television Image and Sound Recorders and Reproducers, and Parts and Accessories of such Articles": {
          "Beijing": "46.13",
          "Pretoria": "18.21",
          "New Delhi": "5.12",
          "Washington, D.C.": "4.57",
          "Berlin": "3.81"
        },
        "Vehicles, Aircraft, Vessels, and Associated Transport Equipment": {
          "Beijing": "32.88",
          "New Delhi": "17.58",
          "Tokyo": "13.55",
          "Pretoria": "5.22",
          "Paris": "5.10"
        },
        "Optical, Photographic, Cinematographic, Measuring, Checking, Precision, Medical or Surgical Instruments and Apparatus; Clocks and Watches; Musical Instruments; Parts and Accessories thereof": {
          "Beijing": "35.02",
          "Pretoria": "13.63",
          "Washington, D.C.": "10.16",
          "New Delhi": "8.56",
          "Lusaka": "4.39"
        },
        "Miscellaneous Manufactured Articles": {
          "Belgium": "4.25",
          "Beijing": "37.83",
          "Pretoria": "11.92",
          "Berlin": "6.07",
          "New Delhi": "5.84"
        }
      }
    },
    "2022": {
      "Imports": {
        "Animals & Animal Products": {
          "Namibia": "22.11",
          "Mauritania": "21.82",
          "Amsterdam": "6.60",
          "Beijing": "4.44",
          "Yaoundé": "3.51"
        },
        "Vegetable Products": {
          "Russian Federation": "14.85",
          "Belgium": "6.93",
          "Buenos Aires": "13.45",
          "Paris": "8.50",
          "Washington, D.C.": "5.82"
        },
        "Prepared Foodstuffs; Beverages, Spirits, Vinegar, Tobacco and Manufactured Tobacco Substitutes": {
          "Ireland": "11.23",
          "Brasília": "14.11",
          "Nairobi": "8.06",
          "Pretoria": "6.54",
          "Beijing": "6.17"
        },
        "Mineral Products": {
          "Qatar": "19.46",
          "Tanzania": "8.21",
          "Abu Dhabi": "29.11",
          "Pretoria": "9.39",
          "Washington, D.C.": "6.67"
        },
        "Products of the Chemical or Allied Industries": {
          "Beijing": "32.33",
          "Lusaka": "16.31",
          "Pretoria": "16.01",
          "New Delhi": "12.83",
          "Amsterdam": "2.84"
        },
        "Plastics and Articles thereof; Rubber and Articles thereof": {
          "Beijing": "41.74",
          "Pretoria": "16.48",
          "Riyadh": "6.19",
          "New Delhi": "5.60",
          "London": "5.31"
        },
        "Raw Hides and Skins, Leather, Furskins, and Articles thereof; Saddlery and Harness; Travel Goods, Handbags, and Similar Containers; Articles of Animal Gut (Other than Silk-worm Gut)": {
          "Uganda": "2.87",
          "Beijing": "69.31",
          "Abu Dhabi": "6.29",
          "Lusaka": "2.83",
          "Washington, D.C.": "2.52"
        },
        "Wood and Articles of Wood; Wood Charcoal; Cork and Articles of Cork; Manufactures of Straw, of Esparto or of Other Plaiting Materials; Basketware and Wickerwork": {
          "Malta": "8.87",
          "Washington, D.C.": "17.66",
          "Beijing": "9.65",
          "Berlin": "9.61",
          "Bern": "9.58"
        },
        "Textiles and Textile Articles": {
          "Beijing": "43.02",
          "Ankara": "6.81",
          "Abu Dhabi": "6.40",
          "Islamabad": "5.74",
          "Washington, D.C.": "5.59"
        },
        "Footwear, Headgear, Umbrellas, Sun Umbrellas, Walking-sticks, Seat-sticks, Whips, Riding-crops, and Parts thereof; Prepared Feathers and Articles Made therewith; Artificial Flowers; Articles of Human Hair": {
          "Beijing": "44.41",
          "Seoul": "14.58",
          "Pretoria": "7.53",
          "Tokyo": "6.83",
          "Lusaka": "4.95"
        },
        "Articles of Stone, Plaster, Cement, Asbestos, Mica or Similar Materials; Ceramic Products; Glass and Glassware": {
          "Tanzania": "15.45",
          "Beijing": "37.34",
          "New Delhi": "6.73",
          "Pretoria": "5.87",
          "Rabat": "5.23"
        },
        "Natural or Cultured Pearls, Precious or Semi-precious Stones, Precious Metals, Metals Clad with Precious Metal, and Articles thereof; Imitation Jewellery; Coin": {
          "Qatar": "21.54",
          "Tanzania": "6.30",
          "Abu Dhabi": "32.27",
          "Pretoria": "10.00",
          "Washington, D.C.": "7.43"
        },
        "Base Metals and Articles of Base Metal": {
          "Angola": "2.12",
          "Beijing": "53.28",
          "Pretoria": "17.90",
          "Lusaka": "9.11",
          "New Delhi": "5.43"
        },
        "Machinery and Mechanical Appliances; Electrical Equipment; Parts thereof; Sound Recorders and Reproducers, Television Image and Sound Recorders and Reproducers, and Parts and Accessories of such Articles": {
          "Beijing": "56.68",
          "Pretoria": "13.63",
          "New Delhi": "4.60",
          "Washington, D.C.": "3.72",
          "Helsinki": "2.67"
        },
        "Vehicles, Aircraft, Vessels, and Associated Transport Equipment": {
          "Beijing": "30.99",
          "New Delhi": "21.73",
          "Tokyo": "16.85",
          "Pretoria": "4.69",
          "Abu Dhabi": "4.25"
        },
        "Optical, Photographic, Cinematographic, Measuring, Checking, Precision, Medical or Surgical Instruments and Apparatus; Clocks and Watches; Musical Instruments; Parts and Accessories thereof": {
          "Beijing": "45.25",
          "Pretoria": "13.35",
          "New Delhi": "7.65",
          "Lusaka": "6.02",
          "Washington, D.C.": "2.87"
        },
        "Miscellaneous Manufactured Articles": {
          "Belgium": "4.38",
          "Beijing": "43.52",
          "Pretoria": "9.66",
          "New Delhi": "5.12",
          "Paris": "4.71"
        }
      }
    }
  }
}