{
  "Main Partners": {
    "2007": {
      "Imports": {
        "Animals & Animal Products": {
          "Unspecified": "5.04",
          "Brasília": "16.85",
          "Washington, D.C.": "14.11",
          "New Delhi": "13.72",
          "Lisbon": "10.28"
        },
        "Vegetable Products": {
          "Belgium": "15.68",
          "Thailand": "7.84",
          "Paris": "9.07",
          "Buenos Aires": "8.69",
          "Lisbon": "7.14"
        },
        "Prepared Foodstuffs; Beverages, Spirits, Vinegar, Tobacco and Manufactured Tobacco Substitutes": {
          "Unspecified": "7.98",
          "Lisbon": "38.23",
          "Brasília": "13.46",
          "Pretoria": "9.11",
          "Rome": "3.77"
        },
        "Mineral Products": {
          "Other Asia, nes": "7.10",
          "Unspecified": "5.54",
          "Beijing": "38.08",
          "Lisbon": "9.63",
          "Madrid": "8.95"
        },
        "Products of the Chemical or Allied Industries": {
          "Unspecified": "6.73",
          "Lisbon": "18.33",
          "Washington, D.C.": "12.07",
          "Pretoria": "9.49",
          "Beijing": "7.02"
        },
        "Plastics and Articles thereof; Rubber and Articles thereof": {
          "Unspecified": "7.45",
          "Lisbon": "15.90",
          "Paris": "10.58",
          "Beijing": "8.64",
          "Pretoria": "7.46"
        },
        "Raw Hides and Skins, Leather, Furskins, and Articles thereof; Saddlery and Harness; Travel Goods, Handbags, and Similar Containers; Articles of Animal Gut (Other than Silk-worm Gut)": {
          "Unspecified": "14.11",
          "Beijing": "28.25",
          "Lisbon": "14.88",
          "Abu Dhabi": "12.39",
          "Washington, D.C.": "8.13"
        },
        "Wood and Articles of Wood; Wood Charcoal; Cork and Articles of Cork; Manufactures of Straw, of Esparto or of Other Plaiting Materials; Basketware and Wickerwork": {
          "Unspecified": "9.91",
          "Lisbon": "39.88",
          "Beijing": "8.27",
          "Pretoria": "7.33",
          "Brasília": "6.10"
        },
        "Textiles and Textile Articles": {
          "Unspecified": "11.38",
          "Beijing": "16.33",
          "Lisbon": "13.96",
          "Washington, D.C.": "7.93",
          "Ottawa": "7.05"
        },
        "Footwear, Headgear, Umbrellas, Sun Umbrellas, Walking-sticks, Seat-sticks, Whips, Riding-crops, and Parts thereof; Prepared Feathers and Articles Made therewith; Artificial Flowers; Articles of Human Hair": {
          "Unspecified": "11.80",
          "Beijing": "46.53",
          "Lisbon": "11.92",
          "Brasília": "8.76",
          "Washington, D.C.": "3.39"
        },
        "Articles of Stone, Plaster, Cement, Asbestos, Mica or Similar Materials; Ceramic Products; Glass and Glassware": {
          "Unspecified": "12.80",
          "Lisbon": "31.90",
          "Beijing": "13.62",
          "Brasília": "10.53",
          "Madrid": "5.83"
        },
        "Natural or Cultured Pearls, Precious or Semi-precious Stones, Precious Metals, Metals Clad with Precious Metal, and Articles thereof; Imitation Jewellery; Coin": {
          "Unspecified": "9.81",
          "Lisbon": "27.74",
          "Washington, D.C.": "13.35",
          "Pretoria": "7.54",
          "Rabat": "5.42"
        },
        "Base Metals and Articles of Base Metal": {
          "Unspecified": "9.99",
          "Lisbon": "12.87",
          "Paris": "10.79",
          "Washington, D.C.": "10.72",
          "Beijing": "10.10"
        },
        "Machinery and Mechanical Appliances; Electrical Equipment; Parts thereof; Sound Recorders and Reproducers, Television Image and Sound Recorders and Reproducers, and Parts and Accessories of such Articles": {
          "Unspecified": "8.95",
          "Pyongyang": "27.07",
          "Lisbon": "11.83",
          "Washington, D.C.": "10.48",
          "Beijing": "7.11"
        },
        "Vehicles, Aircraft, Vessels, and Associated Transport Equipment": {
          "Tokyo": "21.18",
          "Washington, D.C.": "9.62",
          "Lisbon": "8.76",
          "Beijing": "7.84",
          "Brasília": "7.78"
        },
        "Optical, Photographic, Cinematographic, Measuring, Checking, Precision, Medical or Surgical Instruments and Apparatus; Clocks and Watches; Musical Instruments; Parts and Accessories thereof": {
          "Unspecified": "9.02",
          "Lisbon": "13.57",
          "Pyongyang": "11.58",
          "Washington, D.C.": "9.64",
          "Beijing": "9.26"
        },
        "Miscellaneous Manufactured Articles": {
          "Unspecified": "15.52",
          "Lisbon": "21.68",
          "Beijing": "11.41",
          "Washington, D.C.": "10.06",
          "Brasília": "8.54"
        }
      }
    },
    "2009": {
      "Imports": {
        "Animals & Animal Products": {
          "Brasília": "25.54",
          "Washington, D.C.": "13.26",
          "Lisbon": "10.10",
          "New Delhi": "9.43",
          "Amsterdam": "7.41"
        },
        "Vegetable Products": {
          "Belgium": "10.87",
          "Namibia": "8.34",
          "Paris": "10.18",
          "Lisbon": "9.37",
          "Buenos Aires": "8.87"
        },
        "Prepared Foodstuffs; Beverages, Spirits, Vinegar, Tobacco and Manufactured Tobacco Substitutes": {
          "Namibia": "5.51",
          "Lisbon": "33.87",
          "Brasília": "15.84",
          "Pretoria": "13.71",
          "Rome": "3.59"
        },
        "Mineral Products": {
          "Beijing": "39.39",
          "Madrid": "11.20",
          "Lisbon": "9.95",
          "Ankara": "8.77",
          "Washington, D.C.": "5.47"
        },
        "Products of the Chemical or Allied Industries": {
          "Belgium": "6.64",
          "Pretoria": "22.69",
          "Lisbon": "17.80",
          "Washington, D.C.": "8.07",
          "Beijing": "6.27"
        },
        "Plastics and Articles thereof; Rubber and Articles thereof": {
          "Namibia": "6.36",
          "Lisbon": "23.46",
          "Beijing": "11.94",
          "Pretoria": "11.79",
          "Washington, D.C.": "6.06"
        },
        "Raw Hides and Skins, Leather, Furskins, and Articles thereof; Saddlery and Harness; Travel Goods, Handbags, and Similar Containers; Articles of Animal Gut (Other than Silk-worm Gut)": {
          "Namibia": "7.33",
          "Beijing": "39.11",
          "Lisbon": "21.02",
          "Washington, D.C.": "6.96",
          "Abu Dhabi": "5.20"
        },
        "Wood and Articles of Wood; Wood Charcoal; Cork and Articles of Cork; Manufactures of Straw, of Esparto or of Other Plaiting Materials; Basketware and Wickerwork": {
          "Lebanon": "5.12",
          "Lisbon": "37.50",
          "Beijing": "13.32",
          "Pretoria": "12.40",
          "Brasília": "6.21"
        },
        "Textiles and Textile Articles": {
          "Namibia": "10.43",
          "Lisbon": "18.75",
          "Beijing": "15.08",
          "Washington, D.C.": "10.89",
          "Ottawa": "8.83"
        },
        "Footwear, Headgear, Umbrellas, Sun Umbrellas, Walking-sticks, Seat-sticks, Whips, Riding-crops, and Parts thereof; Prepared Feathers and Articles Made therewith; Artificial Flowers; Articles of Human Hair": {
          "Namibia": "9.20",
          "Beijing": "35.08",
          "Lisbon": "19.89",
          "Brasília": "10.97",
          "Pretoria": "8.69"
        },
        "Articles of Stone, Plaster, Cement, Asbestos, Mica or Similar Materials; Ceramic Products; Glass and Glassware": {
          "Lisbon": "33.13",
          "Beijing": "22.06",
          "Brasília": "12.81",
          "Abu Dhabi": "5.62",
          "Pretoria": "5.29"
        },
        "Natural or Cultured Pearls, Precious or Semi-precious Stones, Precious Metals, Metals Clad with Precious Metal, and Articles thereof; Imitation Jewellery; Coin": {
          "Cote dIvoire": "9.01",
          "Iraq": "7.24",
          "Lisbon": "16.14",
          "Bern": "11.85",
          "Rome": "9.09"
        },
        "Base Metals and Articles of Base Metal": {
          "Lisbon": "18.33",
          "Washington, D.C.": "11.23",
          "Beijing": "9.02",
          "Pretoria": "8.72",
          "Brasília": "6.63"
        },
        "Machinery and Mechanical Appliances; Electrical Equipment; Parts thereof; Sound Recorders and Reproducers, Television Image and Sound Recorders and Reproducers, and Parts and Accessories of such Articles": {
          "Lisbon": "21.92",
          "Washington, D.C.": "15.92",
          "Beijing": "11.93",
          "London": "5.26",
          "Pretoria": "4.83"
        },
        "Vehicles, Aircraft, Vessels, and Associated Transport Equipment": {
          "Tokyo": "21.75",
          "Abu Dhabi": "14.05",
          "Beijing": "8.78",
          "Lisbon": "7.82",
          "Seoul": "7.33"
        },
        "Optical, Photographic, Cinematographic, Measuring, Checking, Precision, Medical or Surgical Instruments and Apparatus; Clocks and Watches; Musical Instruments; Parts and Accessories thereof": {
          "Lisbon": "17.89",
          "Beijing": "11.90",
          "Washington, D.C.": "10.25",
          "Tokyo": "6.86",
          "Pretoria": "6.65"
        },
        "Miscellaneous Manufactured Articles": {
          "Lisbon": "24.26",
          "Beijing": "18.08",
          "Washington, D.C.": "11.31",
          "Brasília": "10.54",
          "Pretoria": "6.50"
        }
      }
    },
    "2010": {
      "Imports": {
        "Animals & Animal Products": {
          "Brasília": "23.17",
          "Washington, D.C.": "20.77",
          "Lisbon": "9.61",
          "New Delhi": "7.19",
          "Amsterdam": "6.84"
        },
        "Vegetable Products": {
          "Belgium": "9.84",
          "Paris": "12.72",
          "Hanoi": "10.36",
          "Lisbon": "9.71",
          "Kuala Lumpur": "8.30"
        },
        "Prepared Foodstuffs; Beverages, Spirits, Vinegar, Tobacco and Manufactured Tobacco Substitutes": {
          "Lisbon": "38.44",
          "Brasília": "16.26",
          "Pretoria": "8.82",
          "Buenos Aires": "3.89",
          "Rome": "3.87"
        },
        "Mineral Products": {
          "Beijing": "51.37",
          "Lisbon": "9.44",
          "Ankara": "7.53",
          "Madrid": "6.53",
          "Seoul": "4.56"
        },
        "Products of the Chemical or Allied Industries": {
          "Belgium": "8.53",
          "Lisbon": "22.23",
          "Pretoria": "9.90",
          "Washington, D.C.": "9.83",
          "Beijing": "7.91"
        },
        "Plastics and Articles thereof; Rubber and Articles thereof": {
          "Lisbon": "25.99",
          "Beijing": "15.45",
          "Pretoria": "9.66",
          "Washington, D.C.": "6.04",
          "Seoul": "5.81"
        },
        "Raw Hides and Skins, Leather, Furskins, and Articles thereof; Saddlery and Harness; Travel Goods, Handbags, and Similar Containers; Articles of Animal Gut (Other than Silk-worm Gut)": {
          "Beijing": "43.80",
          "Lisbon": "21.94",
          "Abu Dhabi": "6.88",
          "Washington, D.C.": "5.64",
          "Pretoria": "3.98"
        },
        "Wood and Articles of Wood; Wood Charcoal; Cork and Articles of Cork; Manufactures of Straw, of Esparto or of Other Plaiting Materials; Basketware and Wickerwork": {
          "Lisbon": "38.64",
          "Beijing": "20.88",
          "Pretoria": "9.71",
          "Washington, D.C.": "3.87",
          "Brasília": "3.80"
        },
        "Textiles and Textile Articles": {
          "Beijing": "22.00",
          "Lisbon": "19.45",
          "Washington, D.C.": "10.37",
          "Ottawa": "7.90",
          "Brasília": "4.08"
        },
        "Footwear, Headgear, Umbrellas, Sun Umbrellas, Walking-sticks, Seat-sticks, Whips, Riding-crops, and Parts thereof; Prepared Feathers and Articles Made therewith; Artificial Flowers; Articles of Human Hair": {
          "Beijing": "46.76",
          "Lisbon": "15.44",
          "Brasília": "14.37",
          "Washington, D.C.": "3.61"
        },
        "Articles of Stone, Plaster, Cement, Asbestos, Mica or Similar Materials; Ceramic Products; Glass and Glassware": {
          "Lisbon": "34.47",
          "Beijing": "27.04",
          "Brasília": "8.87",
          "Madrid": "4.92",
          "Abu Dhabi": "3.79"
        },
        "Natural or Cultured Pearls, Precious or Semi-precious Stones, Precious Metals, Metals Clad with Precious Metal, and Articles thereof; Imitation Jewellery; Coin": {
          "Belgium": "4.53",
          "Lisbon": "35.69",
          "Beijing": "17.49",
          "Washington, D.C.": "7.19",
          "Rabat": "4.77"
        },
        "Base Metals and Articles of Base Metal": {
          "Belgium": "7.19",
          "Lisbon": "14.10",
          "Paris": "13.44",
          "Washington, D.C.": "11.18",
          "Beijing": "8.90"
        },
        "Machinery and Mechanical Appliances; Electrical Equipment; Parts thereof; Sound Recorders and Reproducers, Television Image and Sound Recorders and Reproducers, and Parts and Accessories of such Articles": {
          "Lisbon": "15.14",
          "Washington, D.C.": "13.71",
          "Beijing": "10.65",
          "Oslo": "9.18",
          "London": "8.64"
        },
        "Vehicles, Aircraft, Vessels, and Associated Transport Equipment": {
          "Beijing": "21.51",
          "Tokyo": "16.19",
          "Washington, D.C.": "7.44",
          "Lisbon": "7.43",
          "Paris": "4.46"
        },
        "Optical, Photographic, Cinematographic, Measuring, Checking, Precision, Medical or Surgical Instruments and Apparatus; Clocks and Watches; Musical Instruments; Parts and Accessories thereof": {
          "Lisbon": "16.17",
          "Beijing": "14.69",
          "Washington, D.C.": "10.82",
          "Paris": "5.94",
          "London": "5.35"
        },
        "Miscellaneous Manufactured Articles": {
          "Lisbon": "25.63",
          "Washington, D.C.": "16.30",
          "Beijing": "13.87",
          "Brasília": "8.30",
          "Pretoria": "4.96"
        }
      }
    },
    "2011": {
      "Imports": {
        "Animals & Animal Products": {
          "Washington, D.C.": "22.29",
          "Brasília": "20.64",
          "Lisbon": "13.07",
          "Amsterdam": "8.15",
          "New Delhi": "4.36"
        },
        "Vegetable Products": {
          "Thailand": "10.20",
          "Lisbon": "12.72",
          "Paris": "12.06",
          "Kuala Lumpur": "10.63",
          "Buenos Aires": "7.97"
        },
        "Prepared Foodstuffs; Beverages, Spirits, Vinegar, Tobacco and Manufactured Tobacco Substitutes": {
          "Lisbon": "39.75",
          "Brasília": "14.18",
          "Pretoria": "8.61",
          "New Delhi": "3.39",
          "Ankara": "3.30"
        },
        "Mineral Products": {
          "Beijing": "41.80",
          "Seoul": "18.32",
          "Lisbon": "13.37",
          "Rabat": "3.87",
          "Ankara": "3.84"
        },
        "Products of the Chemical or Allied Industries": {
          "Belgium": "7.91",
          "Lisbon": "23.11",
          "Washington, D.C.": "11.18",
          "Pretoria": "9.97",
          "Beijing": "8.47"
        },
        "Plastics and Articles thereof; Rubber and Articles thereof": {
          "Lisbon": "24.84",
          "Beijing": "15.04",
          "London": "10.46",
          "Pretoria": "10.10",
          "Washington, D.C.": "5.64"
        },
        "Raw Hides and Skins, Leather, Furskins, and Articles thereof; Saddlery and Harness; Travel Goods, Handbags, and Similar Containers; Articles of Animal Gut (Other than Silk-worm Gut)": {
          "Beijing": "39.72",
          "Lisbon": "23.18",
          "Washington, D.C.": "9.83",
          "Abu Dhabi": "5.68",
          "Pretoria": "4.61"
        },
        "Wood and Articles of Wood; Wood Charcoal; Cork and Articles of Cork; Manufactures of Straw, of Esparto or of Other Plaiting Materials; Basketware and Wickerwork": {
          "Lisbon": "39.33",
          "Beijing": "21.54",
          "Pretoria": "9.81",
          "Brasília": "3.55",
          "London": "3.44"
        },
        "Textiles and Textile Articles": {
          "Lisbon": "23.94",
          "Beijing": "19.61",
          "Washington, D.C.": "11.60",
          "Ottawa": "6.77",
          "Pretoria": "4.16"
        },
        "Footwear, Headgear, Umbrellas, Sun Umbrellas, Walking-sticks, Seat-sticks, Whips, Riding-crops, and Parts thereof; Prepared Feathers and Articles Made therewith; Artificial Flowers; Articles of Human Hair": {
          "Beijing": "45.35",
          "Brasília": "20.61",
          "Lisbon": "16.99",
          "Washington, D.C.": "3.57",
          "Pretoria": "3.03"
        },
        "Articles of Stone, Plaster, Cement, Asbestos, Mica or Similar Materials; Ceramic Products; Glass and Glassware": {
          "Lisbon": "41.00",
          "Beijing": "28.16",
          "Madrid": "4.91",
          "Brasília": "4.75",
          "Washington, D.C.": "4.36"
        },
        "Natural or Cultured Pearls, Precious or Semi-precious Stones, Precious Metals, Metals Clad with Precious Metal, and Articles thereof; Imitation Jewellery; Coin": {
          "Lisbon": "39.29",
          "Beijing": "15.71",
          "Washington, D.C.": "5.64",
          "Rabat": "5.32",
          "Pretoria": "4.87"
        },
        "Base Metals and Articles of Base Metal": {
          "Lisbon": "22.59",
          "Beijing": "13.75",
          "Washington, D.C.": "9.76",
          "Paris": "7.93",
          "Pretoria": "6.53"
        },
        "Machinery and Mechanical Appliances; Electrical Equipment; Parts thereof; Sound Recorders and Reproducers, Television Image and Sound Recorders and Reproducers, and Parts and Accessories of such Articles": {
          "Lisbon": "17.00",
          "Washington, D.C.": "15.99",
          "Beijing": "12.41",
          "London": "10.08",
          "Paris": "6.15"
        },
        "Vehicles, Aircraft, Vessels, and Associated Transport Equipment": {
          "Seoul": "54.20",
          "Tokyo": "7.64",
          "Beijing": "6.17",
          "Washington, D.C.": "4.33",
          "Abu Dhabi": "4.19"
        },
        "Optical, Photographic, Cinematographic, Measuring, Checking, Precision, Medical or Surgical Instruments and Apparatus; Clocks and Watches; Musical Instruments; Parts and Accessories thereof": {
          "Lisbon": "16.71",
          "Seoul": "16.69",
          "Beijing": "12.34",
          "Washington, D.C.": "9.45",
          "London": "5.46"
        },
        "Miscellaneous Manufactured Articles": {
          "Lisbon": "28.97",
          "Beijing": "13.80",
          "Washington, D.C.": "8.28",
          "Brasília": "8.02",
          "London": "7.57"
        }
      }
    },
    "2012": {
      "Imports": {
        "Animals & Animal Products": {
          "Brasília": "24.32",
          "Washington, D.C.": "19.67",
          "Lisbon": "11.65",
          "New Delhi": "6.22",
          "Amsterdam": "6.02"
        },
        "Vegetable Products": {
          "Kuala Lumpur": "11.06",
          "Paris": "10.74",
          "Lisbon": "9.70",
          "Buenos Aires": "9.30",
          "Pretoria": "9.21"
        },
        "Prepared Foodstuffs; Beverages, Spirits, Vinegar, Tobacco and Manufactured Tobacco Substitutes": {
          "Lisbon": "35.69",
          "Brasília": "15.91",
          "Pretoria": "9.23",
          "New Delhi": "4.49",
          "Ankara": "4.09"
        },
        "Mineral Products": {
          "Namibia": "4.35",
          "Beijing": "30.41",
          "Seoul": "27.01",
          "Lisbon": "10.96",
          "Rabat": "3.58"
        },
        "Products of the Chemical or Allied Industries": {
          "Lisbon": "20.82",
          "Washington, D.C.": "14.57",
          "Beijing": "9.41",
          "Amsterdam": "8.39",
          "Pretoria": "6.95"
        },
        "Plastics and Articles thereof; Rubber and Articles thereof": {
          "Lisbon": "28.29",
          "Beijing": "15.30",
          "Pretoria": "7.83",
          "Paris": "6.21",
          "Washington, D.C.": "5.99"
        },
        "Raw Hides and Skins, Leather, Furskins, and Articles thereof; Saddlery and Harness; Travel Goods, Handbags, and Similar Containers; Articles of Animal Gut (Other than Silk-worm Gut)": {
          "Beijing": "36.11",
          "Lisbon": "23.99",
          "Abu Dhabi": "10.30",
          "Washington, D.C.": "6.65",
          "Pretoria": "4.55"
        },
        "Wood and Articles of Wood; Wood Charcoal; Cork and Articles of Cork; Manufactures of Straw, of Esparto or of Other Plaiting Materials; Basketware and Wickerwork": {
          "Lisbon": "42.21",
          "Beijing": "20.19",
          "Pretoria": "6.65",
          "Brasília": "4.30",
          "Berlin": "2.61"
        },
        "Textiles and Textile Articles": {
          "Beijing": "24.34",
          "Lisbon": "22.02",
          "Washington, D.C.": "11.26",
          "Ottawa": "4.17",
          "New Delhi": "3.70"
        },
        "Footwear, Headgear, Umbrellas, Sun Umbrellas, Walking-sticks, Seat-sticks, Whips, Riding-crops, and Parts thereof; Prepared Feathers and Articles Made therewith; Artificial Flowers; Articles of Human Hair": {
          "Beijing": "41.47",
          "Brasília": "22.22",
          "Lisbon": "19.06",
          "Washington, D.C.": "3.70",
          "Pretoria": "2.26"
        },
        "Articles of Stone, Plaster, Cement, Asbestos, Mica or Similar Materials; Ceramic Products; Glass and Glassware": {
          "Lisbon": "43.66",
          "Beijing": "32.25",
          "Brasília": "4.05",
          "Madrid": "3.67",
          "Abu Dhabi": "2.51"
        },
        "Natural or Cultured Pearls, Precious or Semi-precious Stones, Precious Metals, Metals Clad with Precious Metal, and Articles thereof; Imitation Jewellery; Coin": {
          "Lisbon": "44.86",
          "Beijing": "19.22",
          "Washington, D.C.": "5.23",
          "Rabat": "4.38",
          "London": "4.01"
        },
        "Base Metals and Articles of Base Metal": {
          "Lisbon": "25.36",
          "Beijing": "16.73",
          "Washington, D.C.": "9.90",
          "Paris": "7.27",
          "London": "6.70"
        },
        "Machinery and Mechanical Appliances; Electrical Equipment; Parts thereof; Sound Recorders and Reproducers, Television Image and Sound Recorders and Reproducers, and Parts and Accessories of such Articles": {
          "Lisbon": "19.64",
          "Beijing": "15.06",
          "Washington, D.C.": "12.94",
          "London": "8.47",
          "Pretoria": "4.58"
        },
        "Vehicles, Aircraft, Vessels, and Associated Transport Equipment": {
          "Tokyo": "11.83",
          "Beijing": "11.36",
          "Abu Dhabi": "10.19",
          "Washington, D.C.": "4.77"
        },
        "Optical, Photographic, Cinematographic, Measuring, Checking, Precision, Medical or Surgical Instruments and Apparatus; Clocks and Watches; Musical Instruments; Parts and Accessories thereof": {
          "Lisbon": "18.81",
          "Beijing": "15.39",
          "Washington, D.C.": "9.13",
          "London": "4.79"
        },
        "Miscellaneous Manufactured Articles": {
          "Lisbon": "30.44",
          "Beijing": "18.42",
          "Washington, D.C.": "9.38",
          "Brasília": "8.40",
          "Pretoria": "5.53"
        }
      }
    },
    "2013": {
      "Imports": {
        "Animals & Animal Products": {
          "Belgium": "5.76",
          "Brasília": "23.83",
          "Washington, D.C.": "19.82",
          "Lisbon": "11.84",
          "New Delhi": "5.10"
        },
        "Vegetable Products": {
          "Thailand": "8.78",
          "Lisbon": "10.27",
          "Kuala Lumpur": "10.13",
          "Paris": "9.92",
          "Pretoria": "9.08"
        },
        "Prepared Foodstuffs; Beverages, Spirits, Vinegar, Tobacco and Manufactured Tobacco Substitutes": {
          "Lisbon": "36.46",
          "Brasília": "14.32",
          "Pretoria": "9.22",
          "New Delhi": "3.99",
          "Ankara": "3.76"
        },
        "Mineral Products": {
          "Belgium": "6.67",
          "Beijing": "33.21",
          "Lisbon": "12.90",
          "Seoul": "7.59",
          "Rabat": "4.70"
        },
        "Products of the Chemical or Allied Industries": {
          "Belgium": "6.68",
          "Lisbon": "23.64",
          "Beijing": "10.50",
          "Washington, D.C.": "9.94",
          "Pretoria": "9.24"
        },
        "Plastics and Articles thereof; Rubber and Articles thereof": {
          "Lisbon": "27.74",
          "Beijing": "20.02",
          "Pretoria": "8.04",
          "Washington, D.C.": "5.54",
          "Seoul": "4.72"
        },
        "Raw Hides and Skins, Leather, Furskins, and Articles thereof; Saddlery and Harness; Travel Goods, Handbags, and Similar Containers; Articles of Animal Gut (Other than Silk-worm Gut)": {
          "Beijing": "34.64",
          "Lisbon": "29.13",
          "Pretoria": "6.64",
          "Washington, D.C.": "6.20",
          "Abu Dhabi": "4.68"
        },
        "Wood and Articles of Wood; Wood Charcoal; Cork and Articles of Cork; Manufactures of Straw, of Esparto or of Other Plaiting Materials; Basketware and Wickerwork": {
          "Lisbon": "44.17",
          "Beijing": "20.31",
          "Pretoria": "6.37",
          "Abu Dhabi": "3.21",
          "Brasília": "2.95"
        },
        "Textiles and Textile Articles": {
          "Lisbon": "23.99",
          "Beijing": "22.37",
          "Washington, D.C.": "11.75",
          "New Delhi": "4.98",
          "Pretoria": "4.07"
        },
        "Footwear, Headgear, Umbrellas, Sun Umbrellas, Walking-sticks, Seat-sticks, Whips, Riding-crops, and Parts thereof; Prepared Feathers and Articles Made therewith; Artificial Flowers; Articles of Human Hair": {
          "Beijing": "35.61",
          "Brasília": "25.92",
          "Lisbon": "23.09",
          "Pretoria": "3.20",
          "Washington, D.C.": "2.70"
        },
        "Articles of Stone, Plaster, Cement, Asbestos, Mica or Similar Materials; Ceramic Products; Glass and Glassware": {
          "Lisbon": "39.15",
          "Beijing": "29.04",
          "Abu Dhabi": "5.73",
          "Madrid": "4.63",
          "Washington, D.C.": "3.92"
        },
        "Natural or Cultured Pearls, Precious or Semi-precious Stones, Precious Metals, Metals Clad with Precious Metal, and Articles thereof; Imitation Jewellery; Coin": {
          "Lisbon": "34.01",
          "Beijing": "22.02",
          "Rabat": "5.89",
          "Abu Dhabi": "4.72",
          "London": "4.14"
        },
        "Base Metals and Articles of Base Metal": {
          "Belgium": "4.55",
          "Lisbon": "20.41",
          "Beijing": "18.78",
          "Washington, D.C.": "9.05",
          "London": "8.67"
        },
        "Machinery and Mechanical Appliances; Electrical Equipment; Parts thereof; Sound Recorders and Reproducers, Television Image and Sound Recorders and Reproducers, and Parts and Accessories of such Articles": {
          "Lisbon": "20.87",
          "Beijing": "14.33",
          "Washington, D.C.": "11.40",
          "London": "8.65",
          "Pretoria": "3.84"
        },
        "Vehicles, Aircraft, Vessels, and Associated Transport Equipment": {
          "Seoul": "57.71",
          "Abu Dhabi": "7.20",
          "Beijing": "6.87",
          "Tokyo": "5.80",
          "Manama": "4.82"
        },
        "Optical, Photographic, Cinematographic, Measuring, Checking, Precision, Medical or Surgical Instruments and Apparatus; Clocks and Watches; Musical Instruments; Parts and Accessories thereof": {
          "Seoul": "21.79",
          "Lisbon": "16.40",
          "Beijing": "13.48",
          "Washington, D.C.": "6.70",
          "London": "4.68"
        },
        "Miscellaneous Manufactured Articles": {
          "Lisbon": "31.25",
          "Beijing": "16.38",
          "Washington, D.C.": "9.62",
          "London": "6.65",
          "Brasília": "6.23"
        }
      }
    },
    "2014": {
      "Imports": {
        "Animals & Animal Products": {
          "Brasília": "27.12",
          "Washington, D.C.": "20.14",
          "Lisbon": "12.89",
          "New Delhi": "5.98",
          "Buenos Aires": "4.36"
        },
        "Vegetable Products": {
          "Belgium": "9.20",
          "Lisbon": "29.86",
          "Pretoria": "13.24",
          "Paris": "10.59",
          "Brasília": "7.48"
        },
        "Prepared Foodstuffs; Beverages, Spirits, Vinegar, Tobacco and Manufactured Tobacco Substitutes": {
          "Lisbon": "39.48",
          "Pretoria": "11.67",
          "Brasília": "10.96",
          "Ankara": "4.97",
          "Abu Dhabi": "2.95"
        },
        "Mineral Products": {
          "Belgium": "4.38",
          "Seoul": "31.06",
          "Lisbon": "20.35",
          "Madrid": "13.07",
          "Beijing": "11.89"
        },
        "Products of the Chemical or Allied Industries": {
          "Belgium": "7.46",
          "Lisbon": "23.43",
          "Beijing": "12.35",
          "Pretoria": "8.14",
          "Washington, D.C.": "7.42"
        },
        "Plastics and Articles thereof; Rubber and Articles thereof": {
          "Beijing": "21.38",
          "Lisbon": "19.89",
          "Pretoria": "7.81",
          "Washington, D.C.": "5.60",
          "Paris": "4.88"
        },
        "Raw Hides and Skins, Leather, Furskins, and Articles thereof; Saddlery and Harness; Travel Goods, Handbags, and Similar Containers; Articles of Animal Gut (Other than Silk-worm Gut)": {
          "Beijing": "38.37",
          "Lisbon": "23.08",
          "Pretoria": "5.12",
          "Washington, D.C.": "4.86",
          "Abu Dhabi": "4.10"
        },
        "Wood and Articles of Wood; Wood Charcoal; Cork and Articles of Cork; Manufactures of Straw, of Esparto or of Other Plaiting Materials; Basketware and Wickerwork": {
          "Lisbon": "41.89",
          "Beijing": "20.60",
          "Pretoria": "7.58",
          "Brasília": "4.15",
          "Cairo": "2.87"
        },
        "Textiles and Textile Articles": {
          "Beijing": "23.05",
          "Lisbon": "19.13",
          "Washington, D.C.": "10.48",
          "Abu Dhabi": "5.51",
          "Ottawa": "4.37"
        },
        "Footwear, Headgear, Umbrellas, Sun Umbrellas, Walking-sticks, Seat-sticks, Whips, Riding-crops, and Parts thereof; Prepared Feathers and Articles Made therewith; Artificial Flowers; Articles of Human Hair": {
          "Beijing": "35.61",
          "Brasília": "24.12",
          "Lisbon": "20.89",
          "Santiago": "4.90",
          "Washington, D.C.": "2.58"
        },
        "Articles of Stone, Plaster, Cement, Asbestos, Mica or Similar Materials; Ceramic Products; Glass and Glassware": {
          "Lisbon": "35.74",
          "Beijing": "27.61",
          "Santiago": "9.70",
          "Madrid": "5.16",
          "Brasília": "4.42"
        },
        "Natural or Cultured Pearls, Precious or Semi-precious Stones, Precious Metals, Metals Clad with Precious Metal, and Articles thereof; Imitation Jewellery; Coin": {
          "Lisbon": "34.55",
          "Beijing": "16.75",
          "Abu Dhabi": "5.74",
          "Ankara": "4.34",
          "Rabat": "4.34"
        },
        "Base Metals and Articles of Base Metal": {
          "Beijing": "20.14",
          "Lisbon": "14.85",
          "Paris": "11.85",
          "Washington, D.C.": "9.71",
          "Santiago": "6.11"
        },
        "Machinery and Mechanical Appliances; Electrical Equipment; Parts thereof; Sound Recorders and Reproducers, Television Image and Sound Recorders and Reproducers, and Parts and Accessories of such Articles": {
          "Lisbon": "18.39",
          "Washington, D.C.": "16.24",
          "Beijing": "16.13",
          "London": "8.97",
          "Oslo": "4.65"
        },
        "Vehicles, Aircraft, Vessels, and Associated Transport Equipment": {
          "Abu Dhabi": "23.77",
          "Beijing": "16.83",
          "Tokyo": "14.01",
          "Seoul": "7.68",
          "New Delhi": "5.33"
        },
        "Optical, Photographic, Cinematographic, Measuring, Checking, Precision, Medical or Surgical Instruments and Apparatus; Clocks and Watches; Musical Instruments; Parts and Accessories thereof": {
          "Beijing": "17.90",
          "Lisbon": "17.13",
          "Washington, D.C.": "9.18",
          "Abu Dhabi": "6.42",
          "London": "5.64"
        },
        "Miscellaneous Manufactured Articles": {
          "Lisbon": "10.51",
          "Brasília": "8.18",
          "Washington, D.C.": "6.09",
          "Beijing": "5.98"
        }
      }
    },
    "2015": {
      "Imports": {
        "Animals & Animal Products": {
          "Mauritania": "8.00",
          "Brasília": "24.83",
          "Washington, D.C.": "18.17",
          "Lisbon": "14.27",
          "New Delhi": "5.33"
        },
        "Vegetable Products": {
          "Belgium": "13.20",
          "Pretoria": "18.22",
          "Lisbon": "12.29",
          "Paris": "11.02",
          "Ankara": "10.10"
        },
        "Prepared Foodstuffs; Beverages, Spirits, Vinegar, Tobacco and Manufactured Tobacco Substitutes": {
          "Lisbon": "36.15",
          "Pretoria": "15.64",
          "Brasília": "7.24",
          "Ankara": "5.28",
          "New Delhi": "3.98"
        },
        "Mineral Products": {
          "Madrid": "25.27",
          "Seoul": "21.47",
          "Beijing": "12.98",
          "Lisbon": "10.25",
          "Rabat": "9.21"
        },
        "Products of the Chemical or Allied Industries": {
          "Lisbon": "19.96",
          "Beijing": "17.42",
          "Washington, D.C.": "8.71",
          "Pretoria": "8.68",
          "New Delhi": "6.39"
        },
        "Plastics and Articles thereof; Rubber and Articles thereof": {
          "Beijing": "22.86",
          "Lisbon": "15.92",
          "Washington, D.C.": "8.75",
          "Pretoria": "8.46",
          "Seoul": "5.92"
        },
        "Raw Hides and Skins, Leather, Furskins, and Articles thereof; Saddlery and Harness; Travel Goods, Handbags, and Similar Containers; Articles of Animal Gut (Other than Silk-worm Gut)": {
          "Beijing": "32.91",
          "Lisbon": "32.01",
          "Pretoria": "8.80",
          "Washington, D.C.": "7.36",
          "Abu Dhabi": "2.37"
        },
        "Wood and Articles of Wood; Wood Charcoal; Cork and Articles of Cork; Manufactures of Straw, of Esparto or of Other Plaiting Materials; Basketware and Wickerwork": {
          "Lisbon": "34.18",
          "Beijing": "23.06",
          "Pretoria": "8.10",
          "Paris": "3.65",
          "Brasília": "3.51"
        },
        "Textiles and Textile Articles": {
          "Kuala Lumpur": "25.30",
          "Beijing": "18.88",
          "Lisbon": "15.43",
          "Washington, D.C.": "6.84",
          "New Delhi": "4.18"
        },
        "Footwear, Headgear, Umbrellas, Sun Umbrellas, Walking-sticks, Seat-sticks, Whips, Riding-crops, and Parts thereof; Prepared Feathers and Articles Made therewith; Artificial Flowers; Articles of Human Hair": {
          "Beijing": "40.37",
          "Lisbon": "23.46",
          "Brasília": "21.85",
          "Pretoria": "2.87",
          "Washington, D.C.": "2.11"
        },
        "Articles of Stone, Plaster, Cement, Asbestos, Mica or Similar Materials; Ceramic Products; Glass and Glassware": {
          "Beijing": "40.10",
          "Lisbon": "33.04",
          "Madrid": "5.45",
          "Washington, D.C.": "3.10",
          "Abu Dhabi": "2.62"
        },
        "Natural or Cultured Pearls, Precious or Semi-precious Stones, Precious Metals, Metals Clad with Precious Metal, and Articles thereof; Imitation Jewellery; Coin": {
          "Beijing": "23.61",
          "Lisbon": "23.40",
          "Rabat": "11.94",
          "Washington, D.C.": "6.07",
          "Madrid": "5.50"
        },
        "Base Metals and Articles of Base Metal": {
          "Belgium": "5.96",
          "Beijing": "25.51",
          "Washington, D.C.": "11.46",
          "Lisbon": "10.16",
          "Paris": "8.42"
        },
        "Machinery and Mechanical Appliances; Electrical Equipment; Parts thereof; Sound Recorders and Reproducers, Television Image and Sound Recorders and Reproducers, and Parts and Accessories of such Articles": {
          "Beijing": "17.03",
          "Lisbon": "13.90",
          "Washington, D.C.": "12.91",
          "Seoul": "7.68",
          "London": "7.21"
        },
        "Vehicles, Aircraft, Vessels, and Associated Transport Equipment": {
          "Beijing": "19.63",
          "Abu Dhabi": "17.12",
          "Tokyo": "9.81",
          "Mexico City": "6.36",
          "Lisbon": "5.92"
        },
        "Optical, Photographic, Cinematographic, Measuring, Checking, Precision, Medical or Surgical Instruments and Apparatus; Clocks and Watches; Musical Instruments; Parts and Accessories thereof": {
          "Beijing": "20.41",
          "Lisbon": "14.63",
          "Washington, D.C.": "9.93",
          "London": "5.60",
          "Pretoria": "4.82"
        },
        "Miscellaneous Manufactured Articles": {
          "Beijing": "13.84",
          "Kuala Lumpur": "8.10",
          "Lisbon": "8.00",
          "Brasília": "5.06"
        }
      }
    },
    "2016": {
      "Imports": {
        "Animals & Animal Products": {
          "Mauritania": "6.23",
          "Brasília": "30.10",
          "Washington, D.C.": "20.49",
          "Lisbon": "18.92",
          "Buenos Aires": "2.90"
        },
        "Vegetable Products": {
          "Belgium": "12.74",
          "Lisbon": "14.53",
          "Pretoria": "11.30",
          "Ankara": "10.70",
          "Paris": "10.03"
        },
        "Prepared Foodstuffs; Beverages, Spirits, Vinegar, Tobacco and Manufactured Tobacco Substitutes": {
          "Lisbon": "35.49",
          "Pretoria": "14.13",
          "Brasília": "9.38",
          "Ankara": "9.23",
          "Rome": "3.94"
        },
        "Mineral Products": {
          "Bern": "29.29",
          "Beijing": "13.27",
          "Lisbon": "11.65",
          "Ankara": "9.66",
          "Madrid": "9.11"
        },
        "Products of the Chemical or Allied Industries": {
          "Belgium": "9.82",
          "Lisbon": "22.74",
          "Beijing": "17.03",
          "Pretoria": "8.38",
          "Washington, D.C.": "6.14"
        },
        "Plastics and Articles thereof; Rubber and Articles thereof": {
          "Beijing": "18.24",
          "Lisbon": "17.01",
          "Pretoria": "9.18",
          "Washington, D.C.": "6.88",
          "Seoul": "4.57"
        },
        "Raw Hides and Skins, Leather, Furskins, and Articles thereof; Saddlery and Harness; Travel Goods, Handbags, and Similar Containers; Articles of Animal Gut (Other than Silk-worm Gut)": {
          "Beijing": "38.88",
          "Lisbon": "35.57",
          "Washington, D.C.": "6.35",
          "Pretoria": "4.91",
          "Paris": "1.54"
        },
        "Wood and Articles of Wood; Wood Charcoal; Cork and Articles of Cork; Manufactures of Straw, of Esparto or of Other Plaiting Materials; Basketware and Wickerwork": {
          "Lisbon": "40.73",
          "Beijing": "14.44",
          "Pretoria": "9.75",
          "Ankara": "3.84",
          "Paris": "3.61"
        },
        "Textiles and Textile Articles": {
          "Beijing": "35.39",
          "Lisbon": "21.06",
          "Washington, D.C.": "8.24",
          "Pretoria": "4.57",
          "New Delhi": "3.80"
        },
        "Footwear, Headgear, Umbrellas, Sun Umbrellas, Walking-sticks, Seat-sticks, Whips, Riding-crops, and Parts thereof; Prepared Feathers and Articles Made therewith; Artificial Flowers; Articles of Human Hair": {
          "Beijing": "52.37",
          "Lisbon": "25.34",
          "Brasília": "11.93",
          "Abu Dhabi": "1.57",
          "Pretoria": "1.51"
        },
        "Articles of Stone, Plaster, Cement, Asbestos, Mica or Similar Materials; Ceramic Products; Glass and Glassware": {
          "Lisbon": "39.39",
          "Beijing": "29.77",
          "Pretoria": "4.80",
          "New Delhi": "4.36",
          "Abu Dhabi": "3.36"
        },
        "Natural or Cultured Pearls, Precious or Semi-precious Stones, Precious Metals, Metals Clad with Precious Metal, and Articles thereof; Imitation Jewellery; Coin": {
          "Belgium": "6.93",
          "Beijing": "21.64",
          "Lisbon": "18.10",
          "Seoul": "14.05",
          "Riyadh": "5.37"
        },
        "Base Metals and Articles of Base Metal": {
          "Beijing": "17.53",
          "Paris": "11.49",
          "Lisbon": "9.49",
          "Washington, D.C.": "9.24",
          "Mexico City": "8.66"
        },
        "Machinery and Mechanical Appliances; Electrical Equipment; Parts thereof; Sound Recorders and Reproducers, Television Image and Sound Recorders and Reproducers, and Parts and Accessories of such Articles": {
          "Washington, D.C.": "21.86",
          "Lisbon": "12.90",
          "Beijing": "11.40",
          "Oslo": "9.70",
          "London": "7.51"
        },
        "Vehicles, Aircraft, Vessels, and Associated Transport Equipment": {
          "Cote dIvoire": "9.56",
          "Washington, D.C.": "15.20",
          "Beijing": "9.54",
          "Abu Dhabi": "6.75",
          "Lisbon": "5.82"
        },
        "Optical, Photographic, Cinematographic, Measuring, Checking, Precision, Medical or Surgical Instruments and Apparatus; Clocks and Watches; Musical Instruments; Parts and Accessories thereof": {
          "Lisbon": "15.57",
          "Beijing": "14.83",
          "Washington, D.C.": "14.29",
          "London": "6.21",
          "Oslo": "5.78"
        },
        "Miscellaneous Manufactured Articles": {
          "Russian Federation": "11.22",
          "Beijing": "14.85",
          "Washington, D.C.": "14.39",
          "Lisbon": "8.90",
          "Brasília": "7.30"
        }
      }
    },
    "2017": {
      "Imports": {
        "Animals & Animal Products": {
          "Mauritania": "11.58",
          "Brasília": "27.97",
          "Washington, D.C.": "24.63",
          "Lisbon": "15.05",
          "New Delhi": "2.94"
        },
        "Vegetable Products": {
          "Belgium": "8.97",
          "Lisbon": "15.71",
          "Brasília": "11.95",
          "Pretoria": "11.47",
          "Ankara": "9.32"
        },
        "Prepared Foodstuffs; Beverages, Spirits, Vinegar, Tobacco and Manufactured Tobacco Substitutes": {
          "Lisbon": "27.47",
          "Pretoria": "14.82",
          "Ankara": "13.55",
          "Brasília": "10.88",
          "Beijing": "5.27"
        },
        "Mineral Products": {
          "Namibia": "6.38",
          "Lisbon": "25.67",
          "Beijing": "11.27",
          "Seoul": "9.37",
          "Hanoi": "6.06"
        },
        "Products of the Chemical or Allied Industries": {
          "Belgium": "7.93",
          "Lisbon": "25.79",
          "Beijing": "17.26",
          "New Delhi": "8.41",
          "Pretoria": "7.23"
        },
        "Plastics and Articles thereof; Rubber and Articles thereof": {
          "Thailand": "5.27",
          "Beijing": "25.26",
          "Lisbon": "19.90",
          "Pretoria": "7.29",
          "Seoul": "6.38"
        },
        "Raw Hides and Skins, Leather, Furskins, and Articles thereof; Saddlery and Harness; Travel Goods, Handbags, and Similar Containers; Articles of Animal Gut (Other than Silk-worm Gut)": {
          "Beijing": "45.79",
          "Lisbon": "33.14",
          "Pretoria": "5.21",
          "Paris": "1.94",
          "Washington, D.C.": "1.88"
        },
        "Wood and Articles of Wood; Wood Charcoal; Cork and Articles of Cork; Manufactures of Straw, of Esparto or of Other Plaiting Materials; Basketware and Wickerwork": {
          "Lisbon": "32.61",
          "Beijing": "19.65",
          "Pretoria": "8.60",
          "Ankara": "5.21",
          "Madrid": "5.13"
        },
        "Textiles and Textile Articles": {
          "Beijing": "44.47",
          "Lisbon": "16.27",
          "New Delhi": "4.54",
          "Abu Dhabi": "3.37",
          "Washington, D.C.": "3.31"
        },
        "Footwear, Headgear, Umbrellas, Sun Umbrellas, Walking-sticks, Seat-sticks, Whips, Riding-crops, and Parts thereof; Prepared Feathers and Articles Made therewith; Artificial Flowers; Articles of Human Hair": {
          "Beijing": "64.85",
          "Lisbon": "18.82",
          "Brasília": "5.54",
          "Abu Dhabi": "4.56",
          "Pretoria": "1.35"
        },
        "Articles of Stone, Plaster, Cement, Asbestos, Mica or Similar Materials; Ceramic Products; Glass and Glassware": {
          "Lisbon": "38.58",
          "Beijing": "32.66",
          "Madrid": "4.55",
          "Pretoria": "4.16",
          "New Delhi": "4.15"
        },
        "Natural or Cultured Pearls, Precious or Semi-precious Stones, Precious Metals, Metals Clad with Precious Metal, and Articles thereof; Imitation Jewellery; Coin": {
          "Lisbon": "20.88",
          "Riyadh": "20.44",
          "Beijing": "10.79",
          "Brasília": "10.02",
          "Seoul": "6.22"
        },
        "Base Metals and Articles of Base Metal": {
          "Beijing": "26.35",
          "Lisbon": "19.08",
          "Paris": "11.31",
          "Pretoria": "5.59",
          "Washington, D.C.": "4.68"
        },
        "Machinery and Mechanical Appliances; Electrical Equipment; Parts thereof; Sound Recorders and Reproducers, Television Image and Sound Recorders and Reproducers, and Parts and Accessories of such Articles": {
          "Lisbon": "18.15",
          "Beijing": "16.52",
          "London": "10.11",
          "Washington, D.C.": "8.18",
          "Berlin": "6.57"
        },
        "Vehicles, Aircraft, Vessels, and Associated Transport Equipment": {
          "Belgium": "5.55",
          "Washington, D.C.": "26.78",
          "Beijing": "19.80",
          "Abu Dhabi": "14.78",
          "Tokyo": "7.63"
        },
        "Optical, Photographic, Cinematographic, Measuring, Checking, Precision, Medical or Surgical Instruments and Apparatus; Clocks and Watches; Musical Instruments; Parts and Accessories thereof": {
          "Beijing": "21.18",
          "Lisbon": "19.51",
          "Washington, D.C.": "8.15",
          "London": "5.49",
          "Pretoria": "5.40"
        },
        "Miscellaneous Manufactured Articles": {
          "Thailand": "9.20",
          "Lisbon": "16.78",
          "Beijing": "10.55",
          "Brasília": "9.91",
          "Kuala Lumpur": "7.63"
        }
      }
    },
    "2018": {
      "Imports": {
        "Animals & Animal Products": {
          "Mauritania": "6.81",
          "Washington, D.C.": "25.43",
          "Brasília": "23.14",
          "Lisbon": "12.47",
          "New Delhi": "3.33"
        },
        "Vegetable Products": {
          "Thailand": "18.04",
          "Lisbon": "12.99",
          "Paris": "8.17",
          "Ankara": "8.02",
          "Kuala Lumpur": "7.46"
        },
        "Prepared Foodstuffs; Beverages, Spirits, Vinegar, Tobacco and Manufactured Tobacco Substitutes": {
          "Belgium": "5.53",
          "Lisbon": "23.35",
          "Brasília": "21.05",
          "Ankara": "11.38",
          "Pretoria": "9.76"
        },
        "Mineral Products": {
          "Lisbon": "25.50",
          "New Delhi": "10.79",
          "Abu Dhabi": "9.32",
          "Rabat": "8.39",
          "Beijing": "7.93"
        },
        "Products of the Chemical or Allied Industries": {
          "Belgium": "8.38",
          "Lisbon": "22.30",
          "Beijing": "16.30",
          "New Delhi": "11.84",
          "Pretoria": "6.03"
        },
        "Plastics and Articles thereof; Rubber and Articles thereof": {
          "Beijing": "25.75",
          "Lisbon": "19.08",
          "New Delhi": "6.82",
          "Pretoria": "5.42",
          "Seoul": "5.38"
        },
        "Raw Hides and Skins, Leather, Furskins, and Articles thereof; Saddlery and Harness; Travel Goods, Handbags, and Similar Containers; Articles of Animal Gut (Other than Silk-worm Gut)": {
          "Beijing": "39.39",
          "Lisbon": "35.46",
          "Pretoria": "6.11",
          "Abu Dhabi": "2.73",
          "Washington, D.C.": "2.62"
        },
        "Wood and Articles of Wood; Wood Charcoal; Cork and Articles of Cork; Manufactures of Straw, of Esparto or of Other Plaiting Materials; Basketware and Wickerwork": {
          "Lisbon": "36.36",
          "Beijing": "16.21",
          "Pretoria": "11.66",
          "Ankara": "4.82",
          "Washington, D.C.": "3.85"
        },
        "Textiles and Textile Articles": {
          "Beijing": "40.10",
          "Lisbon": "16.41",
          "New Delhi": "4.63",
          "Washington, D.C.": "4.23",
          "Abu Dhabi": "3.56"
        },
        "Footwear, Headgear, Umbrellas, Sun Umbrellas, Walking-sticks, Seat-sticks, Whips, Riding-crops, and Parts thereof; Prepared Feathers and Articles Made therewith; Artificial Flowers; Articles of Human Hair": {
          "Beijing": "55.51",
          "Lisbon": "22.39",
          "Brasília": "10.65",
          "Pretoria": "1.50",
          "New Delhi": "1.17"
        },
        "Articles of Stone, Plaster, Cement, Asbestos, Mica or Similar Materials; Ceramic Products; Glass and Glassware": {
          "Belgium": "2.74",
          "Lisbon": "35.09",
          "Beijing": "34.78",
          "New Delhi": "9.08",
          "Madrid": "3.70"
        },
        "Natural or Cultured Pearls, Precious or Semi-precious Stones, Precious Metals, Metals Clad with Precious Metal, and Articles thereof; Imitation Jewellery; Coin": {
          "Beijing": "22.33",
          "Riyadh": "19.20",
          "Lisbon": "17.88",
          "Seoul": "12.94",
          "Rabat": "3.78"
        },
        "Base Metals and Articles of Base Metal": {
          "Beijing": "40.25",
          "Lisbon": "17.99",
          "Paris": "9.20",
          "Pretoria": "3.89",
          "Oslo": "3.65"
        },
        "Machinery and Mechanical Appliances; Electrical Equipment; Parts thereof; Sound Recorders and Reproducers, Television Image and Sound Recorders and Reproducers, and Parts and Accessories of such Articles": {
          "Belgium": "4.40",
          "Beijing": "27.13",
          "Lisbon": "17.02",
          "Washington, D.C.": "7.42",
          "Rome": "6.36"
        },
        "Vehicles, Aircraft, Vessels, and Associated Transport Equipment": {
          "Abu Dhabi": "7.66",
          "Beijing": "6.81",
          "Brasília": "4.04",
          "Tokyo": "2.58"
        },
        "Optical, Photographic, Cinematographic, Measuring, Checking, Precision, Medical or Surgical Instruments and Apparatus; Clocks and Watches; Musical Instruments; Parts and Accessories thereof": {
          "Beijing": "22.54",
          "Lisbon": "16.23",
          "Pretoria": "4.27",
          "Washington, D.C.": "3.95"
        },
        "Miscellaneous Manufactured Articles": {
          "Belarus": "7.23",
          "Thailand": "4.92",
          "Beijing": "21.78",
          "Lisbon": "19.79",
          "Brasília": "5.13"
        }
      }
    },
    "2019": {
      "Imports": {
        "Animals & Animal Products": {
          "Washington, D.C.": "23.67",
          "Brasília": "19.76",
          "Lisbon": "12.61",
          "Kuala Lumpur": "4.87",
          "Amsterdam": "4.77"
        },
        "Vegetable Products": {
          "Thailand": "18.70",
          "Kuala Lumpur": "12.54",
          "Lisbon": "11.85",
          "Paris": "11.52",
          "Ankara": "7.82"
        },
        "Prepared Foodstuffs; Beverages, Spirits, Vinegar, Tobacco and Manufactured Tobacco Substitutes": {
          "Brasília": "30.51",
          "Lisbon": "20.76",
          "Ankara": "9.37",
          "Pretoria": "7.35",
          "New Delhi": "5.63"
        },
        "Mineral Products": {
          "Ankara": "32.63",
          "Lisbon": "15.75",
          "Rome": "9.37",
          "Beijing": "5.87",
          "Brazzaville": "5.77"
        },
        "Products of the Chemical or Allied Industries": {
          "Belgium": "7.36",
          "Lisbon": "20.97",
          "Beijing": "13.65",
          "New Delhi": "11.25",
          "Pretoria": "6.62"
        },
        "Plastics and Articles thereof; Rubber and Articles thereof": {
          "Beijing": "31.29",
          "Lisbon": "15.59",
          "New Delhi": "6.32",
          "Washington, D.C.": "5.86",
          "Pretoria": "4.82"
        },
        "Raw Hides and Skins, Leather, Furskins, and Articles thereof; Saddlery and Harness; Travel Goods, Handbags, and Similar Containers; Articles of Animal Gut (Other than Silk-worm Gut)": {
          "Beijing": "57.67",
          "Lisbon": "23.76",
          "Pretoria": "4.07",
          "Washington, D.C.": "2.75",
          "Paris": "2.20"
        },
        "Wood and Articles of Wood; Wood Charcoal; Cork and Articles of Cork; Manufactures of Straw, of Esparto or of Other Plaiting Materials; Basketware and Wickerwork": {
          "Lisbon": "39.54",
          "London": "24.33",
          "Beijing": "6.99",
          "Washington, D.C.": "5.73",
          "Pretoria": "4.85"
        },
        "Textiles and Textile Articles": {
          "Beijing": "42.35",
          "Lisbon": "15.23",
          "New Delhi": "4.49",
          "Pretoria": "4.26",
          "Washington, D.C.": "3.78"
        },
        "Footwear, Headgear, Umbrellas, Sun Umbrellas, Walking-sticks, Seat-sticks, Whips, Riding-crops, and Parts thereof; Prepared Feathers and Articles Made therewith; Artificial Flowers; Articles of Human Hair": {
          "Beijing": "54.80",
          "Lisbon": "15.47",
          "Brasília": "12.99",
          "Pretoria": "3.08",
          "Harare": "2.69"
        },
        "Articles of Stone, Plaster, Cement, Asbestos, Mica or Similar Materials; Ceramic Products; Glass and Glassware": {
          "Belgium": "2.53",
          "Beijing": "33.08",
          "Lisbon": "30.80",
          "New Delhi": "11.81",
          "Madrid": "2.97"
        },
        "Natural or Cultured Pearls, Precious or Semi-precious Stones, Precious Metals, Metals Clad with Precious Metal, and Articles thereof; Imitation Jewellery; Coin": {
          "Beijing": "27.96",
          "Lisbon": "21.97",
          "Riyadh": "14.14",
          "Madrid": "8.98",
          "Seoul": "5.63"
        },
        "Base Metals and Articles of Base Metal": {
          "Beijing": "30.61",
          "Lisbon": "17.27",
          "Paris": "8.60",
          "Washington, D.C.": "4.59",
          "Pretoria": "4.00"
        },
        "Machinery and Mechanical Appliances; Electrical Equipment; Parts thereof; Sound Recorders and Reproducers, Television Image and Sound Recorders and Reproducers, and Parts and Accessories of such Articles": {
          "Beijing": "25.13",
          "Lisbon": "16.11",
          "Washington, D.C.": "10.26",
          "Rome": "7.98",
          "London": "5.22"
        },
        "Vehicles, Aircraft, Vessels, and Associated Transport Equipment": {
          "Belgium": "2.32",
          "Paris": "60.20",
          "Beijing": "12.26",
          "Abu Dhabi": "7.75",
          "Seoul": "2.43"
        },
        "Optical, Photographic, Cinematographic, Measuring, Checking, Precision, Medical or Surgical Instruments and Apparatus; Clocks and Watches; Musical Instruments; Parts and Accessories thereof": {
          "Beijing": "21.50",
          "Paris": "17.73",
          "Lisbon": "15.32",
          "Washington, D.C.": "5.37",
          "London": "4.46"
        },
        "Miscellaneous Manufactured Articles": {
          "Russian Federation": "6.02",
          "Belarus": "4.51",
          "Lisbon": "25.30",
          "Beijing": "24.46",
          "Washington, D.C.": "4.94"
        }
      }
    },
    "2020": {
      "Imports": {
        "Animals & Animal Products": {
          "Belgium": "6.26",
          "Ireland": "3.63",
          "Brasília": "24.00",
          "Washington, D.C.": "23.04",
          "Lisbon": "11.54"
        },
        "Vegetable Products": {
          "Thailand": "20.09",
          "Kuala Lumpur": "11.66",
          "Lisbon": "9.28",
          "Paris": "9.25",
          "Ankara": "8.17"
        },
        "Prepared Foodstuffs; Beverages, Spirits, Vinegar, Tobacco and Manufactured Tobacco Substitutes": {
          "Brasília": "31.72",
          "Lisbon": "20.70",
          "Ankara": "9.06",
          "Pretoria": "7.21",
          "New Delhi": "5.06"
        },
        "Mineral Products": {
          "New Delhi": "17.40",
          "Lisbon": "12.81",
          "Brazzaville": "11.08",
          "Rabat": "9.18",
          "Washington, D.C.": "8.67"
        },
        "Products of the Chemical or Allied Industries": {
          "Belgium": "5.67",
          "Lisbon": "18.80",
          "Beijing": "16.11",
          "New Delhi": "15.27",
          "Pretoria": "5.56"
        },
        "Plastics and Articles thereof; Rubber and Articles thereof": {
          "Beijing": "32.78",
          "Lisbon": "14.84",
          "New Delhi": "6.18",
          "Washington, D.C.": "4.38",
          "Pretoria": "4.28"
        },
        "Raw Hides and Skins, Leather, Furskins, and Articles thereof; Saddlery and Harness; Travel Goods, Handbags, and Similar Containers; Articles of Animal Gut (Other than Silk-worm Gut)": {
          "Beijing": "39.08",
          "Lisbon": "31.64",
          "Pretoria": "9.05",
          "Washington, D.C.": "4.03",
          "Paris": "2.21"
        },
        "Wood and Articles of Wood; Wood Charcoal; Cork and Articles of Cork; Manufactures of Straw, of Esparto or of Other Plaiting Materials; Basketware and Wickerwork": {
          "London": "21.73",
          "Lisbon": "21.32",
          "Pretoria": "15.14",
          "Paris": "9.44",
          "Beijing": "6.81"
        },
        "Textiles and Textile Articles": {
          "Beijing": "43.29",
          "Lisbon": "14.26",
          "Pretoria": "4.02",
          "Washington, D.C.": "3.98",
          "New Delhi": "3.61"
        },
        "Footwear, Headgear, Umbrellas, Sun Umbrellas, Walking-sticks, Seat-sticks, Whips, Riding-crops, and Parts thereof; Prepared Feathers and Articles Made therewith; Artificial Flowers; Articles of Human Hair": {
          "Beijing": "54.78",
          "Brasília": "15.78",
          "Lisbon": "15.00",
          "Pretoria": "4.13",
          "Washington, D.C.": "1.52"
        },
        "Articles of Stone, Plaster, Cement, Asbestos, Mica or Similar Materials; Ceramic Products; Glass and Glassware": {
          "Beijing": "42.06",
          "Lisbon": "28.42",
          "New Delhi": "6.53",
          "Ankara": "3.01",
          "Madrid": "2.89"
        },
        "Natural or Cultured Pearls, Precious or Semi-precious Stones, Precious Metals, Metals Clad with Precious Metal, and Articles thereof; Imitation Jewellery; Coin": {
          "Lisbon": "31.75",
          "Beijing": "23.83",
          "Washington, D.C.": "6.86",
          "Riyadh": "5.95",
          "New Delhi": "3.77"
        },
        "Base Metals and Articles of Base Metal": {
          "Beijing": "26.14",
          "Lisbon": "15.94",
          "Copenhagen": "8.56",
          "London": "7.60",
          "Washington, D.C.": "6.09"
        },
        "Machinery and Mechanical Appliances; Electrical Equipment; Parts thereof; Sound Recorders and Reproducers, Television Image and Sound Recorders and Reproducers, and Parts and Accessories of such Articles": {
          "Beijing": "17.39",
          "Lisbon": "16.62",
          "Washington, D.C.": "11.02",
          "London": "9.01",
          "Rome": "6.23"
        },
        "Vehicles, Aircraft, Vessels, and Associated Transport Equipment": {
          "Beijing": "28.70",
          "Washington, D.C.": "10.55",
          "Brasília": "9.51",
          "Tokyo": "7.24",
          "Abu Dhabi": "6.95"
        },
        "Optical, Photographic, Cinematographic, Measuring, Checking, Precision, Medical or Surgical Instruments and Apparatus; Clocks and Watches; Musical Instruments; Parts and Accessories thereof": {
          "Beijing": "22.37",
          "Lisbon": "16.01",
          "Washington, D.C.": "7.52",
          "London": "6.61",
          "Pretoria": "5.04"
        },
        "Miscellaneous Manufactured Articles": {
          "Russian Federation": "5.56",
          "Lisbon": "28.94",
          "Beijing": "21.46",
          "Washington, D.C.": "6.26",
          "London": "4.89"
        }
      }
    },
    "2021": {
      "Imports": {
        "Animals & Animal Products": {
          "Belgium": "6.24",
          "Washington, D.C.": "27.67",
          "Brasília": "23.90",
          "Lisbon": "11.24",
          "Buenos Aires": "3.15"
        },
        "Vegetable Products": {
          "Thailand": "10.23",
          "Paris": "12.82",
          "Kuala Lumpur": "10.50",
          "New Delhi": "9.87",
          "Ankara": "8.14"
        },
        "Prepared Foodstuffs; Beverages, Spirits, Vinegar, Tobacco and Manufactured Tobacco Substitutes": {
          "Brasília": "31.82",
          "Lisbon": "21.77",
          "Pretoria": "6.59",
          "Ankara": "6.02",
          "New Delhi": "5.27"
        },
        "Mineral Products": {
          "Brazzaville": "13.62",
          "Lisbon": "12.44",
          "New Delhi": "9.45",
          "Abu Dhabi": "8.63",
          "Rabat": "8.21"
        },
        "Plastics and Articles thereof; Rubber and Articles thereof": {
          "Beijing": "27.57",
          "Lisbon": "15.08",
          "New Delhi": "6.71",
          "Riyadh": "5.42",
          "Pretoria": "4.86"
        },
        "Raw Hides and Skins, Leather, Furskins, and Articles thereof; Saddlery and Harness; Travel Goods, Handbags, and Similar Containers; Articles of Animal Gut (Other than Silk-worm Gut)": {
          "Beijing": "42.41",
          "Lisbon": "29.15",
          "Pretoria": "4.61",
          "Rome": "2.81",
          "Washington, D.C.": "2.75"
        },
        "Wood and Articles of Wood; Wood Charcoal; Cork and Articles of Cork; Manufactures of Straw, of Esparto or of Other Plaiting Materials; Basketware and Wickerwork": {
          "London": "30.56",
          "Lisbon": "19.33",
          "Washington, D.C.": "7.73",
          "Beijing": "6.24",
          "Pretoria": "5.73"
        },
        "Textiles and Textile Articles": {
          "Beijing": "69.01",
          "Lisbon": "7.63",
          "Pretoria": "2.55",
          "New Delhi": "2.39",
          "Ankara": "2.16"
        },
        "Footwear, Headgear, Umbrellas, Sun Umbrellas, Walking-sticks, Seat-sticks, Whips, Riding-crops, and Parts thereof; Prepared Feathers and Articles Made therewith; Artificial Flowers; Articles of Human Hair": {
          "Beijing": "45.71",
          "Brasília": "22.30",
          "Lisbon": "12.81",
          "Pretoria": "3.99",
          "New Delhi": "2.37"
        },
        "Articles of Stone, Plaster, Cement, Asbestos, Mica or Similar Materials; Ceramic Products; Glass and Glassware": {
          "Beijing": "56.15",
          "Lisbon": "19.82",
          "New Delhi": "5.00",
          "Ankara": "3.02",
          "Madrid": "2.53"
        },
        "Natural or Cultured Pearls, Precious or Semi-precious Stones, Precious Metals, Metals Clad with Precious Metal, and Articles thereof; Imitation Jewellery; Coin": {
          "Thailand": "14.54",
          "Lisbon": "27.61",
          "Beijing": "18.32",
          "Riyadh": "6.87",
          "New Delhi": "4.35"
        },
        "Base Metals and Articles of Base Metal": {
          "Beijing": "21.15",
          "Lisbon": "12.99",
          "Oslo": "10.44",
          "Rome": "8.78",
          "London": "7.26"
        },
        "Machinery and Mechanical Appliances; Electrical Equipment; Parts thereof; Sound Recorders and Reproducers, Television Image and Sound Recorders and Reproducers, and Parts and Accessories of such Articles": {
          "Beijing": "18.68",
          "Lisbon": "16.38",
          "Rome": "8.71",
          "London": "7.73",
          "Washington, D.C.": "7.55"
        },
        "Vehicles, Aircraft, Vessels, and Associated Transport Equipment": {
          "Beijing": "19.92",
          "Brasília": "17.21",
          "Abu Dhabi": "13.70",
          "Tokyo": "9.30",
          "Ottawa": "5.53"
        },
        "Optical, Photographic, Cinematographic, Measuring, Checking, Precision, Medical or Surgical Instruments and Apparatus; Clocks and Watches; Musical Instruments; Parts and Accessories thereof": {
          "Beijing": "22.46",
          "Lisbon": "14.78",
          "London": "6.81",
          "Rome": "5.02",
          "Washington, D.C.": "4.90"
        },
        "Miscellaneous Manufactured Articles": {
          "Lisbon": "27.87",
          "Beijing": "19.60",
          "Washington, D.C.": "6.86",
          "London": "6.77",
          "Paris": "5.44"
        }
      }
    },
    "2022": {
      "Imports": {
        "Animals & Animal Products": {
          "Washington, D.C.": "26.86",
          "Brasília": "26.60",
          "Lisbon": "9.86",
          "Amsterdam": "4.29",
          "Buenos Aires": "2.99"
        },
        "Vegetable Products": {
          "Jakarta": "14.54",
          "New Delhi": "14.54",
          "Kuala Lumpur": "13.44",
          "Buenos Aires": "8.85",
          "Lisbon": "6.45"
        },
        "Prepared Foodstuffs; Beverages, Spirits, Vinegar, Tobacco and Manufactured Tobacco Substitutes": {
          "Brasília": "30.87",
          "Lisbon": "22.50",
          "Pretoria": "6.45",
          "New Delhi": "4.82",
          "Ankara": "4.69"
        },
        "Mineral Products": {
          "Rabat": "19.57",
          "Berlin": "11.70",
          "New Delhi": "9.63",
          "Lisbon": "6.81",
          "Brazzaville": "6.34"
        },
        "Products of the Chemical or Allied Industries": {
          "Belgium": "8.49",
          "Beijing": "18.08",
          "Lisbon": "14.15",
          "New Delhi": "12.28",
          "Washington, D.C.": "6.30"
        },
        "Plastics and Articles thereof; Rubber and Articles thereof": {
          "Beijing": "33.04",
          "Lisbon": "11.97",
          "New Delhi": "7.72",
          "Seoul": "6.15",
          "Washington, D.C.": "5.07"
        },
        "Raw Hides and Skins, Leather, Furskins, and Articles thereof; Saddlery and Harness; Travel Goods, Handbags, and Similar Containers; Articles of Animal Gut (Other than Silk-worm Gut)": {
          "Beijing": "41.32",
          "Lisbon": "22.11",
          "Madrid": "13.43",
          "New Delhi": "4.50",
          "Pretoria": "2.87"
        },
        "Wood and Articles of Wood; Wood Charcoal; Cork and Articles of Cork; Manufactures of Straw, of Esparto or of Other Plaiting Materials; Basketware and Wickerwork": {
          "London": "35.33",
          "Lisbon": "19.75",
          "Madrid": "9.08",
          "Beijing": "8.44",
          "New Delhi": "4.15"
        },
        "Textiles and Textile Articles": {
          "Namibia": "3.67",
          "Beijing": "56.39",
          "Lisbon": "8.72",
          "Pretoria": "3.52",
          "Ankara": "2.92"
        },
        "Footwear, Headgear, Umbrellas, Sun Umbrellas, Walking-sticks, Seat-sticks, Whips, Riding-crops, and Parts thereof; Prepared Feathers and Articles Made therewith; Artificial Flowers; Articles of Human Hair": {
          "Beijing": "59.81",
          "Brasília": "15.57",
          "Lisbon": "10.64",
          "Pretoria": "2.25",
          "Ankara": "1.79"
        },
        "Articles of Stone, Plaster, Cement, Asbestos, Mica or Similar Materials; Ceramic Products; Glass and Glassware": {
          "Beijing": "54.14",
          "Lisbon": "19.14",
          "New Delhi": "6.50",
          "Abu Dhabi": "3.41",
          "Madrid": "2.24"
        },
        "Natural or Cultured Pearls, Precious or Semi-precious Stones, Precious Metals, Metals Clad with Precious Metal, and Articles thereof; Imitation Jewellery; Coin": {
          "Thailand": "15.41",
          "Lisbon": "24.06",
          "Beijing": "16.47",
          "Rabat": "6.95",
          "Stockholm": "5.97"
        },
        "Base Metals and Articles of Base Metal": {
          "Beijing": "30.32",
          "Lisbon": "15.56",
          "London": "8.98",
          "Rome": "6.10",
          "Paris": "5.80"
        },
        "Machinery and Mechanical Appliances; Electrical Equipment; Parts thereof; Sound Recorders and Reproducers, Television Image and Sound Recorders and Reproducers, and Parts and Accessories of such Articles": {
          "Beijing": "24.05",
          "Lisbon": "17.29",
          "Washington, D.C.": "9.39",
          "London": "6.50",
          "Rome": "4.74"
        },
        "Vehicles, Aircraft, Vessels, and Associated Transport Equipment": {
          "Beijing": "26.74",
          "Abu Dhabi": "20.62",
          "Tokyo": "11.17",
          "Lisbon": "5.08",
          "Brasília": "4.76"
        },
        "Optical, Photographic, Cinematographic, Measuring, Checking, Precision, Medical or Surgical Instruments and Apparatus; Clocks and Watches; Musical Instruments; Parts and Accessories thereof": {
          "Beijing": "26.35",
          "Lisbon": "14.57",
          "London": "5.90",
          "Washington, D.C.": "5.75",
          "Abu Dhabi": "5.38"
        },
        "Miscellaneous Manufactured Articles": {
          "Belarus": "6.63",
          "Lisbon": "24.42",
          "Beijing": "23.07",
          "Washington, D.C.": "8.00",
          "London": "4.44"
        }
      }
    }
  }
}