{
  "Main Partners": {
    "1995": {
      "Imports": {
        "Animals & Animal Products": {
          "Paris": "56.84",
          "Amsterdam": "15.22",
          "Yaoundé": "14.94",
          "Berlin": "4.95",
          "Stockholm": "4.03"
        },
        "Vegetable Products": {
          "Paris": "46.08",
          "Rome": "20.90",
          "Kuala Lumpur": "10.64",
          "Washington, D.C.": "5.68",
          "Yaoundé": "5.53"
        },
        "Prepared Foodstuffs; Beverages, Spirits, Vinegar, Tobacco and Manufactured Tobacco Substitutes": {
          "Central African Republic": "8.75",
          "Paris": "59.49",
          "Yaoundé": "14.68",
          "Brussels": "11.54",
          "Oslo": "1.55"
        },
        "Mineral Products": {
          "Nigeria": "5.91",
          "Yaoundé": "89.19",
          "Paris": "1.65",
          "Brussels": "1.28",
          "Beijing": "0.86"
        },
        "Products of the Chemical or Allied Industries": {
          "Paris": "37.48",
          "Madrid": "11.47",
          "Amsterdam": "10.05",
          "Berlin": "7.04",
          "Yaoundé": "5.78"
        },
        "Plastics and Articles thereof; Rubber and Articles thereof": {
          "Unspecified": "10.56",
          "Cote dIvoire": "6.55",
          "Paris": "47.21",
          "Washington, D.C.": "18.54",
          "Yaoundé": "10.27"
        },
        "Raw Hides and Skins, Leather, Furskins, and Articles thereof; Saddlery and Harness; Travel Goods, Handbags, and Similar Containers; Articles of Animal Gut (Other than Silk-worm Gut)": {
          "Unspecified": "9.43",
          "Cote dIvoire": "7.68",
          "Paris": "69.08",
          "Washington, D.C.": "7.39",
          "Yaoundé": "2.16"
        },
        "Wood and Articles of Wood; Wood Charcoal; Cork and Articles of Cork; Manufactures of Straw, of Esparto or of Other Plaiting Materials; Basketware and Wickerwork": {
          "Unspecified": "18.76",
          "Paris": "66.10",
          "Yaoundé": "8.01",
          "Madrid": "1.34",
          "Washington, D.C.": "1.25"
        },
        "Textiles and Textile Articles": {
          "Unspecified": "9.65",
          "Paris": "49.10",
          "Yaoundé": "14.09",
          "Tokyo": "8.59",
          "Washington, D.C.": "3.71"
        },
        "Footwear, Headgear, Umbrellas, Sun Umbrellas, Walking-sticks, Seat-sticks, Whips, Riding-crops, and Parts thereof; Prepared Feathers and Articles Made therewith; Artificial Flowers; Articles of Human Hair": {
          "Nigeria": "5.61",
          "Paris": "74.26",
          "Yaoundé": "10.36",
          "Brussels": "3.33",
          "Washington, D.C.": "2.65"
        },
        "Articles of Stone, Plaster, Cement, Asbestos, Mica or Similar Materials; Ceramic Products; Glass and Glassware": {
          "Central African Republic": "12.46",
          "Fm Sudan": "3.95",
          "Paris": "41.95",
          "Beijing": "16.41",
          "Yaoundé": "9.34"
        },
        "Natural or Cultured Pearls, Precious or Semi-precious Stones, Precious Metals, Metals Clad with Precious Metal, and Articles thereof; Imitation Jewellery; Coin": {
          "Nigeria": "27.13",
          "Yaoundé": "37.52",
          "Paris": "21.29",
          "Beijing": "4.71",
          "Washington, D.C.": "4.41"
        },
        "Base Metals and Articles of Base Metal": {
          "Paris": "36.25",
          "Yaoundé": "16.22",
          "Tokyo": "13.75",
          "Washington, D.C.": "10.12",
          "Beijing": "3.94"
        },
        "Machinery and Mechanical Appliances; Electrical Equipment; Parts thereof; Sound Recorders and Reproducers, Television Image and Sound Recorders and Reproducers, and Parts and Accessories of such Articles": {
          "Unspecified": "9.07",
          "Paris": "54.19",
          "Washington, D.C.": "20.83",
          "Tokyo": "2.31",
          "Berlin": "2.25"
        },
        "Vehicles, Aircraft, Vessels, and Associated Transport Equipment": {
          "Paris": "54.83",
          "Beijing": "20.40",
          "Tokyo": "10.65",
          "Rome": "4.10",
          "Berlin": "2.93"
        },
        "Optical, Photographic, Cinematographic, Measuring, Checking, Precision, Medical or Surgical Instruments and Apparatus; Clocks and Watches; Musical Instruments; Parts and Accessories thereof": {
          "Unspecified": "7.46",
          "Paris": "48.97",
          "Washington, D.C.": "10.34",
          "Yaoundé": "9.75",
          "Beijing": "5.01"
        },
        "Miscellaneous Manufactured Articles": {
          "Unspecified": "6.51",
          "Paris": "48.46",
          "Washington, D.C.": "21.45",
          "Beijing": "9.86",
          "Copenhagen": "3.10"
        }
      }
    }
  }
}