{
  "Main Partners": {
    "1992": {
      "Imports": {
        "Vegetable Products": {
          "Mali": "3.83",
          "Madagascar": "3.14",
          "Kuala Lumpur": "57.13",
          "Tokyo": "8.29"
        },
        "Prepared Foodstuffs; Beverages, Spirits, Vinegar, Tobacco and Manufactured Tobacco Substitutes": {
          "Thailand": "9.10",
          "Tokyo": "11.39",
          "Beijing": "6.63",
          "Jakarta": "3.91"
        },
        "Mineral Products": {
          "Jakarta": "29.55",
          "Seoul": "21.52",
          "New Delhi": "14.80",
          "Beijing": "11.21",
          "Ottawa": "7.38"
        },
        "Products of the Chemical or Allied Industries": {
          "Tokyo": "13.23",
          "Ankara": "10.29",
          "Jakarta": "9.49",
          "Berlin": "6.74"
        },
        "Plastics and Articles thereof; Rubber and Articles thereof": {
          "Seoul": "23.07",
          "Tokyo": "21.32",
          "Beijing": "6.69",
          "Ankara": "6.14"
        },
        "Raw Hides and Skins, Leather, Furskins, and Articles thereof; Saddlery and Harness; Travel Goods, Handbags, and Similar Containers; Articles of Animal Gut (Other than Silk-worm Gut)": {
          "Thailand": "4.78",
          "New Delhi": "16.41",
          "Hong Kong": "15.65",
          "Tokyo": "7.70"
        },
        "Wood and Articles of Wood; Wood Charcoal; Cork and Articles of Cork; Manufactures of Straw, of Esparto or of Other Plaiting Materials; Basketware and Wickerwork": {
          "Berlin": "30.38",
          "Amsterdam": "18.52",
          "Tokyo": "14.17",
          "Jakarta": "11.70"
        },
        "Textiles and Textile Articles": {
          "Seoul": "15.59",
          "Tokyo": "14.89",
          "Hong Kong": "12.85",
          "Beijing": "11.79"
        },
        "Footwear, Headgear, Umbrellas, Sun Umbrellas, Walking-sticks, Seat-sticks, Whips, Riding-crops, and Parts thereof; Prepared Feathers and Articles Made therewith; Artificial Flowers; Articles of Human Hair": {
          "Tokyo": "29.38",
          "Jakarta": "9.15",
          "Kuala Lumpur": "5.48",
          "Seoul": "3.07"
        },
        "Articles of Stone, Plaster, Cement, Asbestos, Mica or Similar Materials; Ceramic Products; Glass and Glassware": {
          "Kuala Lumpur": "23.07",
          "Tokyo": "21.13",
          "Jakarta": "9.60",
          "Brussels": "8.47"
        },
        "Natural or Cultured Pearls, Precious or Semi-precious Stones, Precious Metals, Metals Clad with Precious Metal, and Articles thereof; Imitation Jewellery; Coin": {
          "Other Asia, nes": "8.33",
          "Brussels": "26.10",
          "Ottawa": "16.09",
          "Tokyo": "12.62",
          "New Delhi": "6.62"
        },
        "Base Metals and Articles of Base Metal": {
          "Tokyo": "53.99",
          "New Delhi": "7.81",
          "Washington, D.C.": "5.02",
          "Seoul": "3.26"
        },
        "Machinery and Mechanical Appliances; Electrical Equipment; Parts thereof; Sound Recorders and Reproducers, Television Image and Sound Recorders and Reproducers, and Parts and Accessories of such Articles": {
          "Thailand": "3.49",
          "Tokyo": "44.98",
          "Washington, D.C.": "15.29",
          "Berlin": "5.38"
        },
        "Vehicles, Aircraft, Vessels, and Associated Transport Equipment": {
          "Tokyo": "80.08",
          "Washington, D.C.": "5.84",
          "Seoul": "2.84",
          "London": "2.72"
        },
        "Optical, Photographic, Cinematographic, Measuring, Checking, Precision, Medical or Surgical Instruments and Apparatus; Clocks and Watches; Musical Instruments; Parts and Accessories thereof": {
          "Tokyo": "46.77",
          "Washington, D.C.": "6.83",
          "Seoul": "5.36",
          "Berlin": "3.59"
        },
        "Miscellaneous Manufactured Articles": {
          "Tokyo": "39.26",
          "Hong Kong": "12.53",
          "Berlin": "8.60",
          "Beijing": "5.43"
        }
      }
    },
    "2001": {
      "Imports": {
        "Animals & Animal Products": {
          "Thailand": "8.90",
          "Kuala Lumpur": "11.43",
          "Wellington": "8.22",
          "Canberra": "2.73"
        },
        "Vegetable Products": {
          "Belgium": "3.41",
          "Kuala Lumpur": "43.82",
          "Jakarta": "12.87",
          "Canberra": "7.38"
        },
        "Prepared Foodstuffs; Beverages, Spirits, Vinegar, Tobacco and Manufactured Tobacco Substitutes": {
          "Thailand": "6.85",
          "Manila": "10.41",
          "New Delhi": "3.25",
          "Washington, D.C.": "1.90"
        },
        "Mineral Products": {
          "Thailand": "92.48",
          "New Delhi": "1.97",
          "Beijing": "1.37",
          "Washington, D.C.": "0.47"
        },
        "Products of the Chemical or Allied Industries": {
          "Thailand": "11.23",
          "New Delhi": "12.91",
          "Beijing": "9.82",
          "Kuala Lumpur": "8.90"
        },
        "Plastics and Articles thereof; Rubber and Articles thereof": {
          "Thailand": "33.41",
          "Kuala Lumpur": "13.06",
          "Seoul": "10.11",
          "Beijing": "5.36"
        },
        "Raw Hides and Skins, Leather, Furskins, and Articles thereof; Saddlery and Harness; Travel Goods, Handbags, and Similar Containers; Articles of Animal Gut (Other than Silk-worm Gut)": {
          "Thailand": "14.64",
          "Seoul": "33.22",
          "Hong Kong": "5.59",
          "Beijing": "5.42"
        },
        "Wood and Articles of Wood; Wood Charcoal; Cork and Articles of Cork; Manufactures of Straw, of Esparto or of Other Plaiting Materials; Basketware and Wickerwork": {
          "Thailand": "7.92",
          "Jakarta": "27.11",
          "Seoul": "5.07",
          "Beijing": "4.33"
        },
        "Textiles and Textile Articles": {
          "Other Asia, nes": "5.52",
          "Hong Kong": "16.31",
          "Seoul": "14.79",
          "Beijing": "9.99"
        },
        "Footwear, Headgear, Umbrellas, Sun Umbrellas, Walking-sticks, Seat-sticks, Whips, Riding-crops, and Parts thereof; Prepared Feathers and Articles Made therewith; Artificial Flowers; Articles of Human Hair": {
          "Thailand": "23.44",
          "Beijing": "16.66",
          "Seoul": "15.69",
          "Hong Kong": "5.13"
        },
        "Articles of Stone, Plaster, Cement, Asbestos, Mica or Similar Materials; Ceramic Products; Glass and Glassware": {
          "Thailand": "28.23",
          "Jakarta": "21.72",
          "Kuala Lumpur": "15.46",
          "Beijing": "6.62"
        },
        "Natural or Cultured Pearls, Precious or Semi-precious Stones, Precious Metals, Metals Clad with Precious Metal, and Articles thereof; Imitation Jewellery; Coin": {
          "Thailand": "9.62",
          "Seoul": "14.50",
          "Tokyo": "4.72",
          "Beijing": "4.56"
        },
        "Base Metals and Articles of Base Metal": {
          "Thailand": "11.19",
          "Seoul": "20.35",
          "Beijing": "12.55",
          "New Delhi": "11.33"
        },
        "Machinery and Mechanical Appliances; Electrical Equipment; Parts thereof; Sound Recorders and Reproducers, Television Image and Sound Recorders and Reproducers, and Parts and Accessories of such Articles": {
          "Thailand": "6.29",
          "Beijing": "29.55",
          "Tokyo": "23.07",
          "Bern": "6.25"
        },
        "Vehicles, Aircraft, Vessels, and Associated Transport Equipment": {
          "Thailand": "6.29",
          "Tokyo": "71.46",
          "Beijing": "4.05",
          "New Delhi": "2.78"
        },
        "Optical, Photographic, Cinematographic, Measuring, Checking, Precision, Medical or Surgical Instruments and Apparatus; Clocks and Watches; Musical Instruments; Parts and Accessories thereof": {
          "Thailand": "10.70",
          "Tokyo": "18.53",
          "Beijing": "14.77",
          "Seoul": "8.27"
        },
        "Miscellaneous Manufactured Articles": {
          "Unspecified": "37.65",
          "Beijing": "12.05",
          "Tokyo": "6.39",
          "Seoul": "5.11"
        }
      }
    },
    "2010": {
      "Imports": {
        "Animals & Animal Products": {
          "Wellington": "17.73",
          "Beijing": "2.00",
          "Washington, D.C.": "1.83",
          "Canberra": "1.49"
        },
        "Vegetable Products": {
          "Jakarta": "26.99",
          "Canberra": "24.20",
          "Kuala Lumpur": "22.26",
          "New Delhi": "1.13"
        },
        "Prepared Foodstuffs; Beverages, Spirits, Vinegar, Tobacco and Manufactured Tobacco Substitutes": {
          "Thailand": "12.82",
          "Beijing": "31.18",
          "Brasília": "10.23",
          "New Delhi": "8.23",
          "Abu Dhabi": "7.63"
        },
        "Mineral Products": {
          "Thailand": "86.24",
          "Islamabad": "5.98",
          "Kuala Lumpur": "3.86",
          "New Delhi": "2.12",
          "Beijing": "0.76"
        },
        "Products of the Chemical or Allied Industries": {
          "Thailand": "11.49",
          "New Delhi": "25.05",
          "Beijing": "12.93",
          "Seoul": "5.64"
        },
        "Plastics and Articles thereof; Rubber and Articles thereof": {
          "Thailand": "16.99",
          "Beijing": "19.97",
          "Riyadh": "15.79",
          "Seoul": "10.75"
        },
        "Raw Hides and Skins, Leather, Furskins, and Articles thereof; Saddlery and Harness; Travel Goods, Handbags, and Similar Containers; Articles of Animal Gut (Other than Silk-worm Gut)": {
          "Other Asia, nes": "10.48",
          "Thailand": "6.32",
          "Seoul": "59.27",
          "Beijing": "12.71",
          "New Delhi": "3.63"
        },
        "Wood and Articles of Wood; Wood Charcoal; Cork and Articles of Cork; Manufactures of Straw, of Esparto or of Other Plaiting Materials; Basketware and Wickerwork": {
          "Thailand": "8.08",
          "Jakarta": "33.67",
          "Beijing": "20.24",
          "Seoul": "9.46"
        },
        "Textiles and Textile Articles": {
          "Other Asia, nes": "4.55",
          "Beijing": "58.72",
          "Seoul": "13.36",
          "Tokyo": "5.08"
        },
        "Footwear, Headgear, Umbrellas, Sun Umbrellas, Walking-sticks, Seat-sticks, Whips, Riding-crops, and Parts thereof; Prepared Feathers and Articles Made therewith; Artificial Flowers; Articles of Human Hair": {
          "Other Asia, nes": "10.82",
          "Beijing": "51.92",
          "Seoul": "27.69",
          "Tokyo": "2.80"
        },
        "Articles of Stone, Plaster, Cement, Asbestos, Mica or Similar Materials; Ceramic Products; Glass and Glassware": {
          "Thailand": "44.87",
          "Beijing": "32.16",
          "Jakarta": "7.71",
          "Kuala Lumpur": "3.10",
          "Hanoi": "2.39"
        },
        "Natural or Cultured Pearls, Precious or Semi-precious Stones, Precious Metals, Metals Clad with Precious Metal, and Articles thereof; Imitation Jewellery; Coin": {
          "Iran, Islamic Rep.": "23.72",
          "Kuala Lumpur": "17.53",
          "Seoul": "9.85",
          "Beijing": "8.48"
        },
        "Base Metals and Articles of Base Metal": {
          "Beijing": "44.57",
          "Jakarta": "14.20",
          "Seoul": "11.97",
          "New Delhi": "7.33"
        },
        "Machinery and Mechanical Appliances; Electrical Equipment; Parts thereof; Sound Recorders and Reproducers, Television Image and Sound Recorders and Reproducers, and Parts and Accessories of such Articles": {
          "Thailand": "8.10",
          "Beijing": "44.55",
          "Tokyo": "16.56",
          "Seoul": "9.56"
        },
        "Vehicles, Aircraft, Vessels, and Associated Transport Equipment": {
          "Thailand": "50.14",
          "Beijing": "20.46",
          "Tokyo": "15.76",
          "Seoul": "3.74",
          "Paris": "2.45"
        },
        "Optical, Photographic, Cinematographic, Measuring, Checking, Precision, Medical or Surgical Instruments and Apparatus; Clocks and Watches; Musical Instruments; Parts and Accessories thereof": {
          "Thailand": "16.58",
          "Beijing": "35.00",
          "Seoul": "9.26",
          "Tokyo": "8.19",
          "New Delhi": "5.70"
        },
        "Miscellaneous Manufactured Articles": {
          "Unspecified": "91.98",
          "Beijing": "2.69",
          "Tokyo": "0.67",
          "Seoul": "0.59"
        }
      }
    },
    "2011": {
      "Imports": {
        "Animals & Animal Products": {
          "Thailand": "9.22",
          "Wellington": "15.87",
          "Beijing": "5.31",
          "Canberra": "3.72"
        },
        "Vegetable Products": {
          "Thailand": "6.27",
          "Jakarta": "43.05",
          "Kuala Lumpur": "31.61",
          "Canberra": "7.05"
        },
        "Prepared Foodstuffs; Beverages, Spirits, Vinegar, Tobacco and Manufactured Tobacco Substitutes": {
          "Thailand": "21.73",
          "Abu Dhabi": "18.74",
          "New Delhi": "18.27",
          "Beijing": "7.76"
        },
        "Mineral Products": {
          "Thailand": "88.00",
          "Beijing": "3.86",
          "Kuala Lumpur": "1.93",
          "Islamabad": "0.81"
        },
        "Products of the Chemical or Allied Industries": {
          "Thailand": "16.11",
          "Beijing": "29.47",
          "New Delhi": "21.57",
          "Seoul": "3.64"
        },
        "Plastics and Articles thereof; Rubber and Articles thereof": {
          "Thailand": "15.10",
          "Beijing": "20.37",
          "Seoul": "13.68",
          "Riyadh": "13.00"
        },
        "Raw Hides and Skins, Leather, Furskins, and Articles thereof; Saddlery and Harness; Travel Goods, Handbags, and Similar Containers; Articles of Animal Gut (Other than Silk-worm Gut)": {
          "Other Asia, nes": "17.16",
          "Thailand": "3.07",
          "Seoul": "39.23",
          "Beijing": "26.99",
          "Rome": "7.10"
        },
        "Wood and Articles of Wood; Wood Charcoal; Cork and Articles of Cork; Manufactures of Straw, of Esparto or of Other Plaiting Materials; Basketware and Wickerwork": {
          "Thailand": "9.27",
          "Jakarta": "22.72",
          "Beijing": "21.25",
          "Seoul": "15.86"
        },
        "Textiles and Textile Articles": {
          "Other Asia, nes": "3.64",
          "Thailand": "3.53",
          "Beijing": "64.92",
          "Seoul": "12.40",
          "Tokyo": "5.09"
        },
        "Footwear, Headgear, Umbrellas, Sun Umbrellas, Walking-sticks, Seat-sticks, Whips, Riding-crops, and Parts thereof; Prepared Feathers and Articles Made therewith; Artificial Flowers; Articles of Human Hair": {
          "Thailand": "23.72",
          "Other Asia, nes": "8.29",
          "Beijing": "51.61",
          "Seoul": "10.40"
        },
        "Articles of Stone, Plaster, Cement, Asbestos, Mica or Similar Materials; Ceramic Products; Glass and Glassware": {
          "Thailand": "26.28",
          "Beijing": "57.87",
          "Jakarta": "5.08",
          "Hanoi": "2.88"
        },
        "Natural or Cultured Pearls, Precious or Semi-precious Stones, Precious Metals, Metals Clad with Precious Metal, and Articles thereof; Imitation Jewellery; Coin": {
          "Iran, Islamic Rep.": "37.17",
          "Thailand": "8.00",
          "Beijing": "9.54",
          "Kuala Lumpur": "8.80"
        },
        "Base Metals and Articles of Base Metal": {
          "Thailand": "4.78",
          "Beijing": "58.11",
          "Seoul": "10.61",
          "New Delhi": "8.70"
        },
        "Machinery and Mechanical Appliances; Electrical Equipment; Parts thereof; Sound Recorders and Reproducers, Television Image and Sound Recorders and Reproducers, and Parts and Accessories of such Articles": {
          "Thailand": "5.81",
          "Beijing": "44.70",
          "Seoul": "12.74",
          "Tokyo": "11.08"
        },
        "Vehicles, Aircraft, Vessels, and Associated Transport Equipment": {
          "Beijing": "32.30",
          "Tokyo": "15.03",
          "Seoul": "8.95",
          "Washington, D.C.": "8.33"
        },
        "Optical, Photographic, Cinematographic, Measuring, Checking, Precision, Medical or Surgical Instruments and Apparatus; Clocks and Watches; Musical Instruments; Parts and Accessories thereof": {
          "Thailand": "9.83",
          "Beijing": "41.27",
          "Seoul": "9.78",
          "Tokyo": "7.35"
        },
        "Miscellaneous Manufactured Articles": {
          "Georgia": "13.07",
          "Beijing": "36.40",
          "Washington, D.C.": "8.93",
          "Rome": "7.88"
        }
      }
    },
    "2012": {
      "Imports": {
        "Animals & Animal Products": {
          "Thailand": "26.53",
          "Beijing": "31.25",
          "Wellington": "4.29",
          "Canberra": "2.67"
        },
        "Vegetable Products": {
          "Beijing": "43.00",
          "Kuala Lumpur": "22.04",
          "Jakarta": "12.62",
          "Canberra": "7.30"
        },
        "Prepared Foodstuffs; Beverages, Spirits, Vinegar, Tobacco and Manufactured Tobacco Substitutes": {
          "Thailand": "32.77",
          "New Delhi": "12.91",
          "Beijing": "8.30",
          "Abu Dhabi": "5.19"
        },
        "Mineral Products": {
          "Thailand": "81.96",
          "Iran, Islamic Rep.": "0.41",
          "Beijing": "12.18",
          "Kuala Lumpur": "0.52"
        },
        "Products of the Chemical or Allied Industries": {
          "Thailand": "17.08",
          "Bangladesh": "11.16",
          "Beijing": "26.22",
          "New Delhi": "16.95"
        },
        "Plastics and Articles thereof; Rubber and Articles thereof": {
          "Thailand": "17.47",
          "Beijing": "33.80",
          "Riyadh": "9.70",
          "Seoul": "9.55"
        },
        "Raw Hides and Skins, Leather, Furskins, and Articles thereof; Saddlery and Harness; Travel Goods, Handbags, and Similar Containers; Articles of Animal Gut (Other than Silk-worm Gut)": {
          "Other Asia, nes": "14.70",
          "Thailand": "4.04",
          "Beijing": "36.43",
          "Seoul": "32.60",
          "Rome": "3.79"
        },
        "Wood and Articles of Wood; Wood Charcoal; Cork and Articles of Cork; Manufactures of Straw, of Esparto or of Other Plaiting Materials; Basketware and Wickerwork": {
          "Georgia": "7.95",
          "Berlin": "21.28",
          "Beijing": "19.43",
          "Jakarta": "16.73"
        },
        "Textiles and Textile Articles": {
          "Thailand": "4.68",
          "Beijing": "64.72",
          "Seoul": "10.30",
          "Tokyo": "5.12"
        },
        "Footwear, Headgear, Umbrellas, Sun Umbrellas, Walking-sticks, Seat-sticks, Whips, Riding-crops, and Parts thereof; Prepared Feathers and Articles Made therewith; Artificial Flowers; Articles of Human Hair": {
          "Thailand": "39.96",
          "Beijing": "51.17",
          "Seoul": "5.45",
          "New Delhi": "0.51"
        },
        "Articles of Stone, Plaster, Cement, Asbestos, Mica or Similar Materials; Ceramic Products; Glass and Glassware": {
          "Thailand": "27.56",
          "Beijing": "50.71",
          "Kuala Lumpur": "8.17",
          "Jakarta": "2.29"
        },
        "Natural or Cultured Pearls, Precious or Semi-precious Stones, Precious Metals, Metals Clad with Precious Metal, and Articles thereof; Imitation Jewellery; Coin": {
          "Iran, Islamic Rep.": "21.00",
          "Thailand": "7.26",
          "Beijing": "32.75",
          "Abu Dhabi": "4.55"
        },
        "Base Metals and Articles of Base Metal": {
          "Thailand": "4.12",
          "Beijing": "69.07",
          "New Delhi": "6.47",
          "Seoul": "3.88"
        },
        "Machinery and Mechanical Appliances; Electrical Equipment; Parts thereof; Sound Recorders and Reproducers, Television Image and Sound Recorders and Reproducers, and Parts and Accessories of such Articles": {
          "Thailand": "6.84",
          "Beijing": "49.46",
          "Seoul": "6.86",
          "Tokyo": "6.52"
        },
        "Vehicles, Aircraft, Vessels, and Associated Transport Equipment": {
          "Thailand": "4.78",
          "Tokyo": "54.31",
          "Beijing": "18.67",
          "New Delhi": "2.22"
        },
        "Optical, Photographic, Cinematographic, Measuring, Checking, Precision, Medical or Surgical Instruments and Apparatus; Clocks and Watches; Musical Instruments; Parts and Accessories thereof": {
          "Thailand": "11.08",
          "Beijing": "38.86",
          "Tokyo": "16.83",
          "New Delhi": "4.68"
        },
        "Miscellaneous Manufactured Articles": {
          "Thailand": "11.35",
          "Beijing": "49.97",
          "Washington, D.C.": "4.06",
          "New Delhi": "3.97"
        }
      }
    },
    "2013": {
      "Imports": {
        "Animals & Animal Products": {
          "Thailand": "8.73",
          "Beijing": "14.00",
          "Seoul": "4.88",
          "Wellington": "4.14"
        },
        "Vegetable Products": {
          "Jakarta": "32.12",
          "Kuala Lumpur": "27.42",
          "Beijing": "12.47",
          "Canberra": "4.78"
        },
        "Prepared Foodstuffs; Beverages, Spirits, Vinegar, Tobacco and Manufactured Tobacco Substitutes": {
          "Thailand": "36.94",
          "New Delhi": "12.93",
          "Beijing": "4.95",
          "Kuala Lumpur": "4.93"
        },
        "Mineral Products": {
          "Thailand": "75.34",
          "Beijing": "10.48",
          "New Delhi": "2.55",
          "Kuala Lumpur": "1.28"
        },
        "Products of the Chemical or Allied Industries": {
          "Thailand": "17.80",
          "Beijing": "36.62",
          "New Delhi": "11.62",
          "Kuala Lumpur": "3.26"
        },
        "Plastics and Articles thereof; Rubber and Articles thereof": {
          "Thailand": "23.83",
          "Beijing": "36.18",
          "Seoul": "8.00",
          "Hanoi": "4.99"
        },
        "Raw Hides and Skins, Leather, Furskins, and Articles thereof; Saddlery and Harness; Travel Goods, Handbags, and Similar Containers; Articles of Animal Gut (Other than Silk-worm Gut)": {
          "Other Asia, nes": "5.26",
          "Beijing": "49.09",
          "Seoul": "19.12",
          "Tokyo": "8.71",
          "Rome": "4.98"
        },
        "Wood and Articles of Wood; Wood Charcoal; Cork and Articles of Cork; Manufactures of Straw, of Esparto or of Other Plaiting Materials; Basketware and Wickerwork": {
          "Thailand": "4.66",
          "Jakarta": "30.01",
          "Beijing": "27.06",
          "Seoul": "6.73"
        },
        "Textiles and Textile Articles": {
          "Thailand": "3.24",
          "Beijing": "41.14",
          "Seoul": "38.07",
          "Rome": "7.56",
          "Tokyo": "2.72"
        },
        "Footwear, Headgear, Umbrellas, Sun Umbrellas, Walking-sticks, Seat-sticks, Whips, Riding-crops, and Parts thereof; Prepared Feathers and Articles Made therewith; Artificial Flowers; Articles of Human Hair": {
          "Thailand": "9.39",
          "Beijing": "71.18",
          "Seoul": "9.86",
          "New Delhi": "3.53"
        },
        "Articles of Stone, Plaster, Cement, Asbestos, Mica or Similar Materials; Ceramic Products; Glass and Glassware": {
          "Thailand": "17.40",
          "Beijing": "57.91",
          "Kuala Lumpur": "6.01",
          "Jakarta": "2.81"
        },
        "Natural or Cultured Pearls, Precious or Semi-precious Stones, Precious Metals, Metals Clad with Precious Metal, and Articles thereof; Imitation Jewellery; Coin": {
          "Thailand": "14.96",
          "Beijing": "26.07",
          "Abu Dhabi": "9.72",
          "Kuala Lumpur": "8.19"
        },
        "Base Metals and Articles of Base Metal": {
          "Thailand": "3.97",
          "Beijing": "58.97",
          "New Delhi": "8.41",
          "Hanoi": "3.57"
        },
        "Machinery and Mechanical Appliances; Electrical Equipment; Parts thereof; Sound Recorders and Reproducers, Television Image and Sound Recorders and Reproducers, and Parts and Accessories of such Articles": {
          "Thailand": "9.62",
          "Beijing": "47.59",
          "Tokyo": "7.74",
          "Seoul": "4.30"
        },
        "Vehicles, Aircraft, Vessels, and Associated Transport Equipment": {
          "Thailand": "2.24",
          "Tokyo": "38.65",
          "Seoul": "32.35",
          "Beijing": "18.89"
        },
        "Optical, Photographic, Cinematographic, Measuring, Checking, Precision, Medical or Surgical Instruments and Apparatus; Clocks and Watches; Musical Instruments; Parts and Accessories thereof": {
          "Thailand": "8.94",
          "Beijing": "37.78",
          "Seoul": "15.49",
          "Tokyo": "14.24"
        },
        "Miscellaneous Manufactured Articles": {
          "Thailand": "8.32",
          "Beijing": "47.33",
          "Tokyo": "6.10",
          "Seoul": "5.27"
        }
      }
    },
    "2014": {
      "Imports": {
        "Animals & Animal Products": {
          "Thailand": "9.81",
          "Wellington": "9.46",
          "Beijing": "4.77",
          "Canberra": "3.48"
        },
        "Vegetable Products": {
          "Jakarta": "43.60",
          "Kuala Lumpur": "25.27",
          "Canberra": "8.45",
          "Beijing": "6.82"
        },
        "Prepared Foodstuffs; Beverages, Spirits, Vinegar, Tobacco and Manufactured Tobacco Substitutes": {
          "Thailand": "31.84",
          "Kuala Lumpur": "23.78",
          "New Delhi": "8.77",
          "Beijing": "3.53"
        },
        "Mineral Products": {
          "Thailand": "62.57",
          "Beijing": "8.81",
          "New Delhi": "3.33",
          "Hanoi": "3.28"
        },
        "Products of the Chemical or Allied Industries": {
          "Thailand": "19.28",
          "Beijing": "36.03",
          "New Delhi": "9.49",
          "Jakarta": "4.08"
        },
        "Plastics and Articles thereof; Rubber and Articles thereof": {
          "Thailand": "15.04",
          "Beijing": "30.75",
          "Riyadh": "12.30",
          "Seoul": "8.19"
        },
        "Raw Hides and Skins, Leather, Furskins, and Articles thereof; Saddlery and Harness; Travel Goods, Handbags, and Similar Containers; Articles of Animal Gut (Other than Silk-worm Gut)": {
          "Thailand": "2.66",
          "Beijing": "58.07",
          "Seoul": "23.49",
          "Kuala Lumpur": "2.32"
        },
        "Wood and Articles of Wood; Wood Charcoal; Cork and Articles of Cork; Manufactures of Straw, of Esparto or of Other Plaiting Materials; Basketware and Wickerwork": {
          "Thailand": "13.14",
          "Beijing": "28.01",
          "Jakarta": "19.24",
          "Seoul": "3.69"
        },
        "Textiles and Textile Articles": {
          "Thailand": "3.74",
          "Beijing": "59.89",
          "Seoul": "13.51",
          "Tokyo": "10.82",
          "New Delhi": "5.08"
        },
        "Footwear, Headgear, Umbrellas, Sun Umbrellas, Walking-sticks, Seat-sticks, Whips, Riding-crops, and Parts thereof; Prepared Feathers and Articles Made therewith; Artificial Flowers; Articles of Human Hair": {
          "Thailand": "11.12",
          "Beijing": "72.42",
          "Seoul": "8.72",
          "New Delhi": "1.79"
        },
        "Articles of Stone, Plaster, Cement, Asbestos, Mica or Similar Materials; Ceramic Products; Glass and Glassware": {
          "Thailand": "23.55",
          "Beijing": "53.95",
          "Kuala Lumpur": "9.43",
          "Hanoi": "3.03"
        },
        "Natural or Cultured Pearls, Precious or Semi-precious Stones, Precious Metals, Metals Clad with Precious Metal, and Articles thereof; Imitation Jewellery; Coin": {
          "Thailand": "20.65",
          "Beijing": "30.06",
          "Abu Dhabi": "9.55",
          "New Delhi": "3.82"
        },
        "Base Metals and Articles of Base Metal": {
          "Thailand": "4.96",
          "Beijing": "65.22",
          "New Delhi": "5.95",
          "Hanoi": "4.63"
        },
        "Machinery and Mechanical Appliances; Electrical Equipment; Parts thereof; Sound Recorders and Reproducers, Television Image and Sound Recorders and Reproducers, and Parts and Accessories of such Articles": {
          "Thailand": "11.99",
          "Beijing": "44.91",
          "New Delhi": "6.31",
          "Seoul": "4.60"
        },
        "Vehicles, Aircraft, Vessels, and Associated Transport Equipment": {
          "Thailand": "6.31",
          "Tokyo": "56.61",
          "Beijing": "27.86",
          "Seoul": "1.81"
        },
        "Optical, Photographic, Cinematographic, Measuring, Checking, Precision, Medical or Surgical Instruments and Apparatus; Clocks and Watches; Musical Instruments; Parts and Accessories thereof": {
          "Thailand": "11.21",
          "Beijing": "42.90",
          "Tokyo": "15.21",
          "New Delhi": "4.72"
        },
        "Miscellaneous Manufactured Articles": {
          "Beijing": "31.75",
          "Washington, D.C.": "25.95",
          "New Delhi": "5.55",
          "Seoul": "3.33"
        }
      }
    },
    "2015": {
      "Imports": {
        "Animals & Animal Products": {
          "Thailand": "6.10",
          "Wellington": "12.71",
          "Kuala Lumpur": "4.88",
          "Beijing": "4.76"
        },
        "Vegetable Products": {
          "Jakarta": "45.24",
          "Kuala Lumpur": "18.05",
          "Beijing": "9.34",
          "Canberra": "4.71"
        },
        "Prepared Foodstuffs; Beverages, Spirits, Vinegar, Tobacco and Manufactured Tobacco Substitutes": {
          "Thailand": "41.25",
          "New Delhi": "13.76",
          "Kuala Lumpur": "4.95",
          "Beijing": "3.82"
        },
        "Mineral Products": {
          "Thailand": "73.71",
          "Beijing": "10.00",
          "Kuala Lumpur": "2.61",
          "New Delhi": "2.24"
        },
        "Products of the Chemical or Allied Industries": {
          "Thailand": "19.62",
          "Beijing": "34.72",
          "New Delhi": "8.70",
          "Jakarta": "4.23"
        },
        "Plastics and Articles thereof; Rubber and Articles thereof": {
          "Thailand": "15.40",
          "Beijing": "31.39",
          "Riyadh": "8.82",
          "Kuala Lumpur": "6.67"
        },
        "Raw Hides and Skins, Leather, Furskins, and Articles thereof; Saddlery and Harness; Travel Goods, Handbags, and Similar Containers; Articles of Animal Gut (Other than Silk-worm Gut)": {
          "Thailand": "2.70",
          "Beijing": "56.73",
          "Seoul": "21.33",
          "Hong Kong": "3.30"
        },
        "Wood and Articles of Wood; Wood Charcoal; Cork and Articles of Cork; Manufactures of Straw, of Esparto or of Other Plaiting Materials; Basketware and Wickerwork": {
          "Thailand": "16.11",
          "Beijing": "23.58",
          "Jakarta": "16.43",
          "Kuala Lumpur": "4.73"
        },
        "Textiles and Textile Articles": {
          "Thailand": "6.76",
          "Beijing": "61.45",
          "Seoul": "11.20",
          "Tokyo": "5.68"
        },
        "Footwear, Headgear, Umbrellas, Sun Umbrellas, Walking-sticks, Seat-sticks, Whips, Riding-crops, and Parts thereof; Prepared Feathers and Articles Made therewith; Artificial Flowers; Articles of Human Hair": {
          "Thailand": "15.36",
          "Beijing": "65.47",
          "Seoul": "7.43",
          "Washington, D.C.": "1.55"
        },
        "Articles of Stone, Plaster, Cement, Asbestos, Mica or Similar Materials; Ceramic Products; Glass and Glassware": {
          "Thailand": "22.58",
          "Beijing": "55.25",
          "Kuala Lumpur": "6.60",
          "Hanoi": "3.46"
        },
        "Natural or Cultured Pearls, Precious or Semi-precious Stones, Precious Metals, Metals Clad with Precious Metal, and Articles thereof; Imitation Jewellery; Coin": {
          "Thailand": "14.66",
          "Beijing": "31.96",
          "Abu Dhabi": "14.22",
          "Hanoi": "4.37"
        },
        "Base Metals and Articles of Base Metal": {
          "Thailand": "4.64",
          "Beijing": "69.25",
          "Hanoi": "3.67",
          "Tokyo": "2.22"
        },
        "Machinery and Mechanical Appliances; Electrical Equipment; Parts thereof; Sound Recorders and Reproducers, Television Image and Sound Recorders and Reproducers, and Parts and Accessories of such Articles": {
          "Thailand": "8.68",
          "Beijing": "47.96",
          "Tokyo": "6.75",
          "Seoul": "3.66"
        },
        "Vehicles, Aircraft, Vessels, and Associated Transport Equipment": {
          "Thailand": "6.43",
          "Beijing": "49.81",
          "Tokyo": "28.99",
          "Seoul": "2.06"
        },
        "Optical, Photographic, Cinematographic, Measuring, Checking, Precision, Medical or Surgical Instruments and Apparatus; Clocks and Watches; Musical Instruments; Parts and Accessories thereof": {
          "Thailand": "10.76",
          "Beijing": "48.74",
          "Tokyo": "11.89",
          "Seoul": "3.11"
        },
        "Miscellaneous Manufactured Articles": {
          "Thailand": "8.27",
          "Beijing": "34.69",
          "Tokyo": "6.43",
          "Berlin": "4.97"
        }
      }
    },
    "2016": {
      "Imports": {
        "Animals & Animal Products": {
          "Thailand": "7.59",
          "Wellington": "13.13",
          "Kuala Lumpur": "10.91",
          "Beijing": "5.16"
        },
        "Vegetable Products": {
          "Jakarta": "40.00",
          "Kuala Lumpur": "15.04",
          "Canberra": "9.08",
          "Beijing": "8.29"
        },
        "Prepared Foodstuffs; Beverages, Spirits, Vinegar, Tobacco and Manufactured Tobacco Substitutes": {
          "Thailand": "24.06",
          "New Delhi": "34.80",
          "Belmopan": "5.68",
          "Brasília": "5.02"
        },
        "Mineral Products": {
          "Thailand": "73.24",
          "Beijing": "15.26",
          "Kuala Lumpur": "4.21",
          "New Delhi": "0.54"
        },
        "Products of the Chemical or Allied Industries": {
          "Thailand": "16.19",
          "Beijing": "35.14",
          "New Delhi": "10.65",
          "Jakarta": "6.00"
        },
        "Plastics and Articles thereof; Rubber and Articles thereof": {
          "Thailand": "14.02",
          "Beijing": "40.27",
          "Riyadh": "12.06",
          "Kuala Lumpur": "6.19"
        },
        "Raw Hides and Skins, Leather, Furskins, and Articles thereof; Saddlery and Harness; Travel Goods, Handbags, and Similar Containers; Articles of Animal Gut (Other than Silk-worm Gut)": {
          "Beijing": "51.85",
          "Seoul": "19.36",
          "Hong Kong": "9.85",
          "Rome": "3.29"
        },
        "Wood and Articles of Wood; Wood Charcoal; Cork and Articles of Cork; Manufactures of Straw, of Esparto or of Other Plaiting Materials; Basketware and Wickerwork": {
          "Thailand": "13.66",
          "Beijing": "37.78",
          "Jakarta": "15.03",
          "Kuala Lumpur": "4.71"
        },
        "Textiles and Textile Articles": {
          "Thailand": "5.62",
          "Beijing": "64.01",
          "Seoul": "13.39",
          "Tokyo": "4.14",
          "New Delhi": "2.54"
        },
        "Footwear, Headgear, Umbrellas, Sun Umbrellas, Walking-sticks, Seat-sticks, Whips, Riding-crops, and Parts thereof; Prepared Feathers and Articles Made therewith; Artificial Flowers; Articles of Human Hair": {
          "Thailand": "8.02",
          "Beijing": "71.82",
          "Hanoi": "6.34",
          "Seoul": "3.42"
        },
        "Articles of Stone, Plaster, Cement, Asbestos, Mica or Similar Materials; Ceramic Products; Glass and Glassware": {
          "Thailand": "18.11",
          "Beijing": "59.08",
          "Kuala Lumpur": "10.93",
          "Hanoi": "2.70"
        },
        "Natural or Cultured Pearls, Precious or Semi-precious Stones, Precious Metals, Metals Clad with Precious Metal, and Articles thereof; Imitation Jewellery; Coin": {
          "Thailand": "12.59",
          "Beijing": "37.63",
          "Abu Dhabi": "11.92",
          "Seoul": "8.03"
        },
        "Base Metals and Articles of Base Metal": {
          "Thailand": "3.04",
          "Beijing": "70.05",
          "Hanoi": "4.88",
          "Kuala Lumpur": "3.19"
        },
        "Machinery and Mechanical Appliances; Electrical Equipment; Parts thereof; Sound Recorders and Reproducers, Television Image and Sound Recorders and Reproducers, and Parts and Accessories of such Articles": {
          "Thailand": "10.37",
          "Beijing": "55.78",
          "Tokyo": "4.95",
          "Seoul": "3.35"
        },
        "Vehicles, Aircraft, Vessels, and Associated Transport Equipment": {
          "Thailand": "13.74",
          "Tokyo": "40.18",
          "Beijing": "31.80",
          "Seoul": "3.54"
        },
        "Optical, Photographic, Cinematographic, Measuring, Checking, Precision, Medical or Surgical Instruments and Apparatus; Clocks and Watches; Musical Instruments; Parts and Accessories thereof": {
          "Thailand": "12.05",
          "Beijing": "48.21",
          "Tokyo": "11.49",
          "Seoul": "4.12"
        },
        "Miscellaneous Manufactured Articles": {
          "Thailand": "8.92",
          "Beijing": "38.49",
          "Hanoi": "7.94",
          "Seoul": "6.56"
        }
      }
    },
    "2017": {
      "Imports": {
        "Animals & Animal Products": {
          "Thailand": "6.94",
          "Wellington": "24.74",
          "Beijing": "12.13",
          "Kuala Lumpur": "10.02",
          "New Delhi": "7.62"
        },
        "Vegetable Products": {
          "Thailand": "3.13",
          "Jakarta": "53.39",
          "Kuala Lumpur": "11.02",
          "Canberra": "10.67",
          "Beijing": "5.90"
        },
        "Prepared Foodstuffs; Beverages, Spirits, Vinegar, Tobacco and Manufactured Tobacco Substitutes": {
          "Thailand": "30.27",
          "New Delhi": "19.07",
          "Brasília": "12.97",
          "Kuala Lumpur": "6.11"
        },
        "Mineral Products": {
          "Thailand": "67.77",
          "Beijing": "21.01",
          "Kuala Lumpur": "7.09",
          "Ottawa": "1.00",
          "Hanoi": "0.90"
        },
        "Products of the Chemical or Allied Industries": {
          "Thailand": "15.30",
          "Beijing": "26.17",
          "New Delhi": "15.31",
          "Jakarta": "6.43"
        },
        "Plastics and Articles thereof; Rubber and Articles thereof": {
          "Thailand": "18.27",
          "Beijing": "35.24",
          "Riyadh": "14.13",
          "Seoul": "4.94",
          "Kuala Lumpur": "4.91"
        },
        "Raw Hides and Skins, Leather, Furskins, and Articles thereof; Saddlery and Harness; Travel Goods, Handbags, and Similar Containers; Articles of Animal Gut (Other than Silk-worm Gut)": {
          "Beijing": "32.86",
          "Rome": "17.30",
          "Tokyo": "14.78",
          "Seoul": "14.09",
          "Hanoi": "11.44"
        },
        "Wood and Articles of Wood; Wood Charcoal; Cork and Articles of Cork; Manufactures of Straw, of Esparto or of Other Plaiting Materials; Basketware and Wickerwork": {
          "Thailand": "12.52",
          "Beijing": "34.34",
          "Jakarta": "20.53",
          "Hanoi": "6.07",
          "Kuala Lumpur": "5.32"
        },
        "Textiles and Textile Articles": {
          "Thailand": "4.68",
          "Beijing": "76.87",
          "Seoul": "5.29",
          "Tokyo": "3.11",
          "Hanoi": "1.98"
        },
        "Footwear, Headgear, Umbrellas, Sun Umbrellas, Walking-sticks, Seat-sticks, Whips, Riding-crops, and Parts thereof; Prepared Feathers and Articles Made therewith; Artificial Flowers; Articles of Human Hair": {
          "Thailand": "8.55",
          "Beijing": "55.46",
          "Hanoi": "26.43",
          "Seoul": "2.07",
          "New Delhi": "1.59"
        },
        "Articles of Stone, Plaster, Cement, Asbestos, Mica or Similar Materials; Ceramic Products; Glass and Glassware": {
          "Thailand": "20.89",
          "Beijing": "63.17",
          "Kuala Lumpur": "5.71",
          "Hanoi": "3.87",
          "New Delhi": "2.29"
        },
        "Natural or Cultured Pearls, Precious or Semi-precious Stones, Precious Metals, Metals Clad with Precious Metal, and Articles thereof; Imitation Jewellery; Coin": {
          "Iran, Islamic Rep.": "14.31",
          "Thailand": "9.62",
          "Beijing": "26.63",
          "Abu Dhabi": "18.34",
          "Seoul": "8.61"
        },
        "Base Metals and Articles of Base Metal": {
          "Thailand": "4.61",
          "Beijing": "67.52",
          "Hanoi": "6.53",
          "New Delhi": "5.00",
          "Tokyo": "3.25"
        },
        "Machinery and Mechanical Appliances; Electrical Equipment; Parts thereof; Sound Recorders and Reproducers, Television Image and Sound Recorders and Reproducers, and Parts and Accessories of such Articles": {
          "Thailand": "10.24",
          "Beijing": "51.93",
          "Tokyo": "6.02",
          "Hanoi": "4.65",
          "Seoul": "4.58"
        },
        "Vehicles, Aircraft, Vessels, and Associated Transport Equipment": {
          "Thailand": "13.94",
          "Beijing": "29.17",
          "Tokyo": "23.35",
          "Washington, D.C.": "13.07",
          "Paris": "4.75"
        },
        "Optical, Photographic, Cinematographic, Measuring, Checking, Precision, Medical or Surgical Instruments and Apparatus; Clocks and Watches; Musical Instruments; Parts and Accessories thereof": {
          "Thailand": "11.35",
          "Beijing": "46.69",
          "Tokyo": "8.32",
          "New Delhi": "4.52",
          "Washington, D.C.": "4.24"
        },
        "Miscellaneous Manufactured Articles": {
          "Thailand": "5.71",
          "Beijing": "39.93",
          "Washington, D.C.": "16.45",
          "Hanoi": "6.07",
          "Tokyo": "5.77"
        }
      }
    },
    "2018": {
      "Imports": {
        "Animals & Animal Products": {
          "Thailand": "10.76",
          "Wellington": "25.67",
          "Beijing": "17.56",
          "New Delhi": "7.15",
          "Canberra": "4.62"
        },
        "Vegetable Products": {
          "Thailand": "3.74",
          "Jakarta": "58.28",
          "Canberra": "10.91",
          "Kuala Lumpur": "8.38",
          "Beijing": "6.41"
        },
        "Prepared Foodstuffs; Beverages, Spirits, Vinegar, Tobacco and Manufactured Tobacco Substitutes": {
          "Thailand": "37.41",
          "New Delhi": "12.93",
          "Kuala Lumpur": "6.59",
          "Washington, D.C.": "6.42"
        },
        "Mineral Products": {
          "Thailand": "55.32",
          "Beijing": "15.55",
          "Kuala Lumpur": "5.47",
          "New Delhi": "1.93"
        },
        "Products of the Chemical or Allied Industries": {
          "Thailand": "16.15",
          "Beijing": "22.55",
          "New Delhi": "15.82",
          "Jakarta": "6.68",
          "Kuala Lumpur": "4.98"
        },
        "Plastics and Articles thereof; Rubber and Articles thereof": {
          "Thailand": "18.01",
          "Beijing": "36.63",
          "Riyadh": "13.18",
          "Kuala Lumpur": "5.34",
          "Washington, D.C.": "4.50"
        },
        "Raw Hides and Skins, Leather, Furskins, and Articles thereof; Saddlery and Harness; Travel Goods, Handbags, and Similar Containers; Articles of Animal Gut (Other than Silk-worm Gut)": {
          "Other Asia, nes": "5.97",
          "Beijing": "38.69",
          "Hanoi": "18.29",
          "Rome": "12.96",
          "Seoul": "7.07"
        },
        "Wood and Articles of Wood; Wood Charcoal; Cork and Articles of Cork; Manufactures of Straw, of Esparto or of Other Plaiting Materials; Basketware and Wickerwork": {
          "Thailand": "12.66",
          "Beijing": "33.75",
          "Jakarta": "22.43",
          "Hanoi": "5.48",
          "Tokyo": "4.68"
        },
        "Textiles and Textile Articles": {
          "Thailand": "4.33",
          "Other Asia, nes": "2.45",
          "Beijing": "80.04",
          "Seoul": "3.72",
          "Tokyo": "2.56"
        },
        "Footwear, Headgear, Umbrellas, Sun Umbrellas, Walking-sticks, Seat-sticks, Whips, Riding-crops, and Parts thereof; Prepared Feathers and Articles Made therewith; Artificial Flowers; Articles of Human Hair": {
          "Thailand": "8.79",
          "Beijing": "55.50",
          "Hanoi": "23.26",
          "New Delhi": "2.47",
          "Seoul": "2.12"
        },
        "Articles of Stone, Plaster, Cement, Asbestos, Mica or Similar Materials; Ceramic Products; Glass and Glassware": {
          "Thailand": "24.89",
          "Beijing": "59.95",
          "Kuala Lumpur": "4.47",
          "Hanoi": "3.28",
          "Jakarta": "2.19"
        },
        "Natural or Cultured Pearls, Precious or Semi-precious Stones, Precious Metals, Metals Clad with Precious Metal, and Articles thereof; Imitation Jewellery; Coin": {
          "Thailand": "15.13",
          "Beijing": "29.94",
          "Seoul": "10.18",
          "Abu Dhabi": "7.46"
        },
        "Base Metals and Articles of Base Metal": {
          "Thailand": "5.57",
          "Beijing": "66.49",
          "Hanoi": "7.31",
          "New Delhi": "4.09",
          "Tokyo": "3.45"
        },
        "Machinery and Mechanical Appliances; Electrical Equipment; Parts thereof; Sound Recorders and Reproducers, Television Image and Sound Recorders and Reproducers, and Parts and Accessories of such Articles": {
          "Thailand": "12.23",
          "Beijing": "52.36",
          "Tokyo": "5.14",
          "Hanoi": "3.69",
          "New Delhi": "3.56"
        },
        "Vehicles, Aircraft, Vessels, and Associated Transport Equipment": {
          "Thailand": "26.26",
          "Beijing": "23.71",
          "Tokyo": "15.89",
          "Kuala Lumpur": "8.98",
          "Paris": "5.98"
        },
        "Optical, Photographic, Cinematographic, Measuring, Checking, Precision, Medical or Surgical Instruments and Apparatus; Clocks and Watches; Musical Instruments; Parts and Accessories thereof": {
          "Thailand": "13.85",
          "Beijing": "47.70",
          "Tokyo": "5.47",
          "New Delhi": "4.72",
          "Hanoi": "4.24"
        },
        "Miscellaneous Manufactured Articles": {
          "Thailand": "10.06",
          "Beijing": "44.25",
          "Hanoi": "8.46",
          "Tokyo": "7.31",
          "Seoul": "4.37"
        }
      }
    },
    "2019": {
      "Imports": {
        "Animals & Animal Products": {
          "Thailand": "16.53",
          "Wellington": "23.63",
          "Beijing": "13.12",
          "New Delhi": "10.26",
          "Canberra": "5.85"
        },
        "Vegetable Products": {
          "Jakarta": "51.83",
          "Canberra": "8.64",
          "Beijing": "8.19",
          "Kuala Lumpur": "7.73",
          "New Delhi": "4.20"
        },
        "Prepared Foodstuffs; Beverages, Spirits, Vinegar, Tobacco and Manufactured Tobacco Substitutes": {
          "Thailand": "28.57",
          "Washington, D.C.": "9.86",
          "Kuala Lumpur": "8.60",
          "Beijing": "8.31"
        },
        "Mineral Products": {
          "Thailand": "59.48",
          "Russian Federation": "1.31",
          "Beijing": "28.08",
          "Kuala Lumpur": "4.70",
          "Jakarta": "3.37"
        },
        "Products of the Chemical or Allied Industries": {
          "Thailand": "13.51",
          "Beijing": "23.89",
          "New Delhi": "15.02",
          "Jakarta": "5.88"
        },
        "Plastics and Articles thereof; Rubber and Articles thereof": {
          "Thailand": "17.13",
          "Beijing": "35.07",
          "Riyadh": "12.51",
          "Washington, D.C.": "6.61",
          "Kuala Lumpur": "4.58"
        },
        "Raw Hides and Skins, Leather, Furskins, and Articles thereof; Saddlery and Harness; Travel Goods, Handbags, and Similar Containers; Articles of Animal Gut (Other than Silk-worm Gut)": {
          "Other Asia, nes": "7.14",
          "Beijing": "40.19",
          "Hanoi": "15.84",
          "Rome": "13.82",
          "Seoul": "8.32"
        },
        "Wood and Articles of Wood; Wood Charcoal; Cork and Articles of Cork; Manufactures of Straw, of Esparto or of Other Plaiting Materials; Basketware and Wickerwork": {
          "Thailand": "12.79",
          "Beijing": "36.16",
          "Jakarta": "23.27",
          "Hanoi": "5.40",
          "Kuala Lumpur": "3.32"
        },
        "Textiles and Textile Articles": {
          "Thailand": "3.90",
          "Other Asia, nes": "2.05",
          "Beijing": "82.05",
          "Seoul": "3.26",
          "Tokyo": "2.48"
        },
        "Footwear, Headgear, Umbrellas, Sun Umbrellas, Walking-sticks, Seat-sticks, Whips, Riding-crops, and Parts thereof; Prepared Feathers and Articles Made therewith; Artificial Flowers; Articles of Human Hair": {
          "Thailand": "7.32",
          "Beijing": "60.23",
          "Hanoi": "20.80",
          "Seoul": "2.73",
          "New Delhi": "2.66"
        },
        "Articles of Stone, Plaster, Cement, Asbestos, Mica or Similar Materials; Ceramic Products; Glass and Glassware": {
          "Thailand": "27.42",
          "Beijing": "59.20",
          "Kuala Lumpur": "4.15",
          "Hanoi": "2.75",
          "Jakarta": "2.07"
        },
        "Natural or Cultured Pearls, Precious or Semi-precious Stones, Precious Metals, Metals Clad with Precious Metal, and Articles thereof; Imitation Jewellery; Coin": {
          "Thailand": "7.67",
          "Beijing": "40.59",
          "Abu Dhabi": "18.71",
          "Seoul": "10.90",
          "Hanoi": "6.97"
        },
        "Base Metals and Articles of Base Metal": {
          "Thailand": "4.69",
          "Beijing": "65.60",
          "Hanoi": "5.80",
          "Kuala Lumpur": "4.65",
          "Seoul": "3.66"
        },
        "Machinery and Mechanical Appliances; Electrical Equipment; Parts thereof; Sound Recorders and Reproducers, Television Image and Sound Recorders and Reproducers, and Parts and Accessories of such Articles": {
          "Thailand": "15.90",
          "Beijing": "51.83",
          "Tokyo": "5.72",
          "Hanoi": "4.99",
          "New Delhi": "3.83"
        },
        "Vehicles, Aircraft, Vessels, and Associated Transport Equipment": {
          "Thailand": "16.93",
          "Beijing": "25.43",
          "Paris": "13.08",
          "Tokyo": "7.98"
        },
        "Optical, Photographic, Cinematographic, Measuring, Checking, Precision, Medical or Surgical Instruments and Apparatus; Clocks and Watches; Musical Instruments; Parts and Accessories thereof": {
          "Thailand": "12.45",
          "Beijing": "49.13",
          "New Delhi": "4.49",
          "Hanoi": "4.36",
          "Tokyo": "3.95"
        },
        "Miscellaneous Manufactured Articles": {
          "Thailand": "7.49",
          "Beijing": "48.39",
          "Hanoi": "9.43",
          "Tokyo": "7.66",
          "Berlin": "5.27"
        }
      }
    },
    "2020": {
      "Imports": {
        "Animals & Animal Products": {
          "Thailand": "12.46",
          "Wellington": "29.02",
          "New Delhi": "12.48",
          "Beijing": "7.76",
          "Canberra": "5.57"
        },
        "Vegetable Products": {
          "Jakarta": "60.44",
          "Canberra": "7.70",
          "Beijing": "6.33",
          "Kuala Lumpur": "4.36",
          "Washington, D.C.": "4.11"
        },
        "Prepared Foodstuffs; Beverages, Spirits, Vinegar, Tobacco and Manufactured Tobacco Substitutes": {
          "Thailand": "28.95",
          "Washington, D.C.": "11.54",
          "Beijing": "9.29",
          "Jakarta": "6.33"
        },
        "Mineral Products": {
          "Thailand": "70.22",
          "Russian Federation": "1.72",
          "Beijing": "12.69",
          "Jakarta": "8.32",
          "Kuala Lumpur": "3.08"
        },
        "Products of the Chemical or Allied Industries": {
          "Thailand": "11.73",
          "Beijing": "25.47",
          "New Delhi": "15.83",
          "Jakarta": "5.49"
        },
        "Plastics and Articles thereof; Rubber and Articles thereof": {
          "Thailand": "19.56",
          "Beijing": "34.80",
          "Riyadh": "10.59",
          "Washington, D.C.": "7.10",
          "Hanoi": "4.82"
        },
        "Raw Hides and Skins, Leather, Furskins, and Articles thereof; Saddlery and Harness; Travel Goods, Handbags, and Similar Containers; Articles of Animal Gut (Other than Silk-worm Gut)": {
          "Other Asia, nes": "10.97",
          "Beijing": "42.30",
          "Seoul": "10.89",
          "Hanoi": "9.26",
          "Tokyo": "7.46"
        },
        "Wood and Articles of Wood; Wood Charcoal; Cork and Articles of Cork; Manufactures of Straw, of Esparto or of Other Plaiting Materials; Basketware and Wickerwork": {
          "Thailand": "11.69",
          "Beijing": "39.95",
          "Jakarta": "21.08",
          "Hanoi": "5.25",
          "Kuala Lumpur": "3.13"
        },
        "Textiles and Textile Articles": {
          "Thailand": "3.12",
          "Other Asia, nes": "2.42",
          "Beijing": "82.52",
          "Seoul": "2.92",
          "Hanoi": "2.46"
        },
        "Footwear, Headgear, Umbrellas, Sun Umbrellas, Walking-sticks, Seat-sticks, Whips, Riding-crops, and Parts thereof; Prepared Feathers and Articles Made therewith; Artificial Flowers; Articles of Human Hair": {
          "Thailand": "7.12",
          "Beijing": "62.52",
          "Hanoi": "16.77",
          "Seoul": "3.39",
          "New Delhi": "2.91"
        },
        "Articles of Stone, Plaster, Cement, Asbestos, Mica or Similar Materials; Ceramic Products; Glass and Glassware": {
          "Thailand": "24.03",
          "Beijing": "60.10",
          "Kuala Lumpur": "4.95",
          "Hanoi": "3.47",
          "Jakarta": "2.59"
        },
        "Natural or Cultured Pearls, Precious or Semi-precious Stones, Precious Metals, Metals Clad with Precious Metal, and Articles thereof; Imitation Jewellery; Coin": {
          "Thailand": "4.95",
          "Beijing": "43.21",
          "Abu Dhabi": "15.36",
          "Seoul": "11.80",
          "Hanoi": "8.07"
        },
        "Base Metals and Articles of Base Metal": {
          "Thailand": "4.87",
          "Beijing": "57.82",
          "Hanoi": "5.36",
          "Tokyo": "5.08",
          "Kuala Lumpur": "4.94"
        },
        "Machinery and Mechanical Appliances; Electrical Equipment; Parts thereof; Sound Recorders and Reproducers, Television Image and Sound Recorders and Reproducers, and Parts and Accessories of such Articles": {
          "Thailand": "10.06",
          "Beijing": "49.52",
          "Rome": "4.98",
          "Tokyo": "4.35"
        },
        "Vehicles, Aircraft, Vessels, and Associated Transport Equipment": {
          "Thailand": "19.53",
          "Beijing": "34.36",
          "Tokyo": "11.75",
          "Seoul": "7.42",
          "New Delhi": "5.33"
        },
        "Optical, Photographic, Cinematographic, Measuring, Checking, Precision, Medical or Surgical Instruments and Apparatus; Clocks and Watches; Musical Instruments; Parts and Accessories thereof": {
          "Thailand": "10.80",
          "Beijing": "49.24",
          "New Delhi": "4.52",
          "Tokyo": "4.30",
          "Seoul": "4.11"
        },
        "Miscellaneous Manufactured Articles": {
          "Thailand": "6.53",
          "Beijing": "45.78",
          "Tokyo": "8.43",
          "Hanoi": "7.74",
          "Washington, D.C.": "6.14"
        }
      }
    },
    "2021": {
      "Imports": {
        "Animals & Animal Products": {
          "Thailand": "12.73",
          "Wellington": "38.42",
          "New Delhi": "10.83",
          "Beijing": "4.66",
          "Canberra": "4.45"
        },
        "Vegetable Products": {
          "Thailand": "3.65",
          "Jakarta": "71.58",
          "Canberra": "9.66",
          "Beijing": "3.43",
          "New Delhi": "2.53"
        },
        "Prepared Foodstuffs; Beverages, Spirits, Vinegar, Tobacco and Manufactured Tobacco Substitutes": {
          "Thailand": "34.15",
          "Beijing": "10.78",
          "Washington, D.C.": "7.18",
          "Jakarta": "5.78"
        },
        "Mineral Products": {
          "Thailand": "67.85",
          "Nigeria": "4.33",
          "Beijing": "17.03",
          "Jakarta": "2.83",
          "Kuala Lumpur": "2.15"
        },
        "Products of the Chemical or Allied Industries": {
          "Thailand": "16.19",
          "Beijing": "21.59",
          "New Delhi": "15.83",
          "Jakarta": "6.94"
        },
        "Plastics and Articles thereof; Rubber and Articles thereof": {
          "Thailand": "27.33",
          "Beijing": "32.78",
          "Hanoi": "6.85",
          "Riyadh": "6.46",
          "Kuala Lumpur": "4.62"
        },
        "Raw Hides and Skins, Leather, Furskins, and Articles thereof; Saddlery and Harness; Travel Goods, Handbags, and Similar Containers; Articles of Animal Gut (Other than Silk-worm Gut)": {
          "Thailand": "18.84",
          "Other Asia, nes": "11.12",
          "Beijing": "41.76",
          "Hanoi": "7.75",
          "Seoul": "6.08"
        },
        "Wood and Articles of Wood; Wood Charcoal; Cork and Articles of Cork; Manufactures of Straw, of Esparto or of Other Plaiting Materials; Basketware and Wickerwork": {
          "Thailand": "15.44",
          "Beijing": "42.90",
          "Jakarta": "16.24",
          "Hanoi": "6.97",
          "Kuala Lumpur": "3.11"
        },
        "Textiles and Textile Articles": {
          "Thailand": "16.44",
          "Other Asia, nes": "1.91",
          "Beijing": "71.69",
          "Hanoi": "2.86",
          "Tokyo": "2.04"
        },
        "Footwear, Headgear, Umbrellas, Sun Umbrellas, Walking-sticks, Seat-sticks, Whips, Riding-crops, and Parts thereof; Prepared Feathers and Articles Made therewith; Artificial Flowers; Articles of Human Hair": {
          "Thailand": "11.83",
          "Beijing": "68.53",
          "Hanoi": "11.54",
          "New Delhi": "2.17",
          "Seoul": "1.46"
        },
        "Articles of Stone, Plaster, Cement, Asbestos, Mica or Similar Materials; Ceramic Products; Glass and Glassware": {
          "Thailand": "32.61",
          "Beijing": "51.67",
          "Kuala Lumpur": "6.91",
          "Hanoi": "2.36",
          "New Delhi": "2.29"
        },
        "Natural or Cultured Pearls, Precious or Semi-precious Stones, Precious Metals, Metals Clad with Precious Metal, and Articles thereof; Imitation Jewellery; Coin": {
          "Thailand": "6.71",
          "Beijing": "50.23",
          "Abu Dhabi": "12.22",
          "Seoul": "7.61",
          "Kuala Lumpur": "5.98"
        },
        "Base Metals and Articles of Base Metal": {
          "Thailand": "5.77",
          "Beijing": "61.80",
          "Muscat": "8.50",
          "New Delhi": "4.67",
          "Tokyo": "3.84"
        },
        "Machinery and Mechanical Appliances; Electrical Equipment; Parts thereof; Sound Recorders and Reproducers, Television Image and Sound Recorders and Reproducers, and Parts and Accessories of such Articles": {
          "Thailand": "14.85",
          "Beijing": "47.32",
          "Tokyo": "5.04",
          "Seoul": "4.32"
        },
        "Vehicles, Aircraft, Vessels, and Associated Transport Equipment": {
          "Thailand": "14.52",
          "Beijing": "20.57",
          "Paris": "7.64",
          "Tokyo": "7.27"
        },
        "Optical, Photographic, Cinematographic, Measuring, Checking, Precision, Medical or Surgical Instruments and Apparatus; Clocks and Watches; Musical Instruments; Parts and Accessories thereof": {
          "Thailand": "16.14",
          "Beijing": "45.00",
          "New Delhi": "5.19",
          "Hanoi": "3.35"
        },
        "Miscellaneous Manufactured Articles": {
          "Thailand": "11.28",
          "Beijing": "64.56",
          "Hanoi": "4.09",
          "Tokyo": "3.84",
          "Berlin": "2.97"
        }
      }
    },
    "2022": {
      "Imports": {
        "Animals & Animal Products": {
          "Thailand": "8.04",
          "Wellington": "25.44",
          "Beijing": "15.03",
          "New Delhi": "9.28",
          "Oslo": "7.98"
        },
        "Vegetable Products": {
          "Thailand": "4.85",
          "Jakarta": "64.44",
          "Canberra": "7.71",
          "Kuala Lumpur": "7.29",
          "New Delhi": "4.60"
        },
        "Prepared Foodstuffs; Beverages, Spirits, Vinegar, Tobacco and Manufactured Tobacco Substitutes": {
          "Thailand": "29.05",
          "Beijing": "12.34",
          "Jakarta": "6.67",
          "Brasília": "6.35"
        },
        "Mineral Products": {
          "Thailand": "48.94",
          "Nigeria": "29.05",
          "Brasília": "5.33",
          "Kuala Lumpur": "4.09",
          "Beijing": "3.51"
        },
        "Products of the Chemical or Allied Industries": {
          "Thailand": "14.27",
          "Beijing": "25.88",
          "New Delhi": "14.81",
          "Jakarta": "4.55"
        },
        "Plastics and Articles thereof; Rubber and Articles thereof": {
          "Thailand": "25.81",
          "Beijing": "37.40",
          "Hanoi": "6.80",
          "Kuala Lumpur": "5.56",
          "Riyadh": "3.90"
        },
        "Raw Hides and Skins, Leather, Furskins, and Articles thereof; Saddlery and Harness; Travel Goods, Handbags, and Similar Containers; Articles of Animal Gut (Other than Silk-worm Gut)": {
          "Thailand": "19.94",
          "Other Asia, nes": "7.68",
          "Beijing": "40.45",
          "Hanoi": "11.06",
          "Rome": "7.05"
        },
        "Wood and Articles of Wood; Wood Charcoal; Cork and Articles of Cork; Manufactures of Straw, of Esparto or of Other Plaiting Materials; Basketware and Wickerwork": {
          "Thailand": "18.41",
          "Beijing": "38.76",
          "Jakarta": "24.85",
          "Hanoi": "6.99",
          "Kuala Lumpur": "2.54"
        },
        "Textiles and Textile Articles": {
          "Thailand": "19.48",
          "Other Asia, nes": "1.48",
          "Beijing": "70.31",
          "Hanoi": "2.27",
          "Tokyo": "2.12"
        },
        "Footwear, Headgear, Umbrellas, Sun Umbrellas, Walking-sticks, Seat-sticks, Whips, Riding-crops, and Parts thereof; Prepared Feathers and Articles Made therewith; Artificial Flowers; Articles of Human Hair": {
          "Thailand": "15.66",
          "Beijing": "60.31",
          "Hanoi": "13.70",
          "Seoul": "2.28",
          "Ankara": "2.14"
        },
        "Articles of Stone, Plaster, Cement, Asbestos, Mica or Similar Materials; Ceramic Products; Glass and Glassware": {
          "Thailand": "31.35",
          "Beijing": "53.98",
          "Kuala Lumpur": "5.85",
          "Hanoi": "3.08",
          "Jakarta": "2.45"
        },
        "Natural or Cultured Pearls, Precious or Semi-precious Stones, Precious Metals, Metals Clad with Precious Metal, and Articles thereof; Imitation Jewellery; Coin": {
          "Nigeria": "12.31",
          "Thailand": "8.46",
          "Beijing": "40.66",
          "Abu Dhabi": "12.65",
          "Kuala Lumpur": "8.16"
        },
        "Base Metals and Articles of Base Metal": {
          "Thailand": "7.19",
          "Beijing": "66.08",
          "Kuala Lumpur": "8.92",
          "Muscat": "3.50",
          "Jakarta": "3.43"
        },
        "Machinery and Mechanical Appliances; Electrical Equipment; Parts thereof; Sound Recorders and Reproducers, Television Image and Sound Recorders and Reproducers, and Parts and Accessories of such Articles": {
          "Thailand": "14.62",
          "Beijing": "53.40",
          "Tokyo": "4.99",
          "Seoul": "4.14",
          "Hanoi": "3.48"
        },
        "Vehicles, Aircraft, Vessels, and Associated Transport Equipment": {
          "Thailand": "5.26",
          "Beijing": "76.66",
          "Tokyo": "7.62",
          "Washington, D.C.": "4.72",
          "New Delhi": "2.04"
        },
        "Optical, Photographic, Cinematographic, Measuring, Checking, Precision, Medical or Surgical Instruments and Apparatus; Clocks and Watches; Musical Instruments; Parts and Accessories thereof": {
          "Thailand": "15.55",
          "Beijing": "53.50",
          "New Delhi": "4.16",
          "Hanoi": "3.59",
          "Jakarta": "2.96"
        },
        "Miscellaneous Manufactured Articles": {
          "Thailand": "10.01",
          "Beijing": "56.14",
          "Tokyo": "8.85",
          "Berlin": "4.06",
          "Washington, D.C.": "3.89"
        }
      }
    }
  }
}