{
  "Main Partners": {
    "1998": {
      "Imports": {
        "Vegetable Products": {
          "Canberra": "85.92",
          "Washington, D.C.": "3.40",
          "Tokyo": "1.79",
          "Kuala Lumpur": "1.30"
        },
        "Prepared Foodstuffs; Beverages, Spirits, Vinegar, Tobacco and Manufactured Tobacco Substitutes": {
          "Canberra": "56.79",
          "Washington, D.C.": "6.60",
          "Wellington": "5.90",
          "Paris": "3.33"
        },
        "Mineral Products": {
          "Thailand": "4.96",
          "Canberra": "37.56",
          "Seoul": "27.19",
          "Washington, D.C.": "6.62",
          "Wellington": "5.14"
        },
        "Products of the Chemical or Allied Industries": {
          "Canberra": "32.43",
          "Jakarta": "25.50",
          "Kuala Lumpur": "18.71",
          "Washington, D.C.": "3.95"
        },
        "Plastics and Articles thereof; Rubber and Articles thereof": {
          "Canberra": "44.76",
          "Tokyo": "18.34",
          "Jakarta": "6.42",
          "Seoul": "5.05"
        },
        "Raw Hides and Skins, Leather, Furskins, and Articles thereof; Saddlery and Harness; Travel Goods, Handbags, and Similar Containers; Articles of Animal Gut (Other than Silk-worm Gut)": {
          "Canberra": "21.53",
          "Beijing": "20.56",
          "Hong Kong": "17.29",
          "Jakarta": "8.62",
          "Seoul": "6.74"
        },
        "Wood and Articles of Wood; Wood Charcoal; Cork and Articles of Cork; Manufactures of Straw, of Esparto or of Other Plaiting Materials; Basketware and Wickerwork": {
          "Canberra": "66.77",
          "Kuala Lumpur": "9.49",
          "Jakarta": "4.80",
          "Wellington": "3.46"
        },
        "Textiles and Textile Articles": {
          "Thailand": "10.56",
          "Canberra": "32.41",
          "Beijing": "13.45",
          "Hong Kong": "8.50"
        },
        "Footwear, Headgear, Umbrellas, Sun Umbrellas, Walking-sticks, Seat-sticks, Whips, Riding-crops, and Parts thereof; Prepared Feathers and Articles Made therewith; Artificial Flowers; Articles of Human Hair": {
          "Canberra": "42.50",
          "Beijing": "16.25",
          "Hong Kong": "10.56",
          "Kuala Lumpur": "5.18"
        },
        "Articles of Stone, Plaster, Cement, Asbestos, Mica or Similar Materials; Ceramic Products; Glass and Glassware": {
          "Washington, D.C.": "39.96",
          "Canberra": "26.29",
          "Jakarta": "9.26",
          "Bern": "5.96"
        },
        "Natural or Cultured Pearls, Precious or Semi-precious Stones, Precious Metals, Metals Clad with Precious Metal, and Articles thereof; Imitation Jewellery; Coin": {
          "Washington, D.C.": "56.37",
          "Canberra": "23.64",
          "Kuala Lumpur": "2.48",
          "Wellington": "1.96"
        },
        "Base Metals and Articles of Base Metal": {
          "Canberra": "41.52",
          "Seoul": "28.80",
          "Wellington": "9.47",
          "Jakarta": "3.57"
        },
        "Machinery and Mechanical Appliances; Electrical Equipment; Parts thereof; Sound Recorders and Reproducers, Television Image and Sound Recorders and Reproducers, and Parts and Accessories of such Articles": {
          "Gambia, The": "3.62",
          "Canberra": "48.33",
          "Washington, D.C.": "18.36",
          "Tokyo": "7.73"
        },
        "Vehicles, Aircraft, Vessels, and Associated Transport Equipment": {
          "Tokyo": "54.84",
          "Canberra": "15.40",
          "Washington, D.C.": "14.94",
          "Kuala Lumpur": "3.07"
        },
        "Optical, Photographic, Cinematographic, Measuring, Checking, Precision, Medical or Surgical Instruments and Apparatus; Clocks and Watches; Musical Instruments; Parts and Accessories thereof": {
          "Canberra": "38.57",
          "Tokyo": "15.24",
          "Washington, D.C.": "10.46",
          "Seoul": "6.20",
          "Jakarta": "5.60"
        },
        "Miscellaneous Manufactured Articles": {
          "Canberra": "52.33",
          "Tokyo": "11.64",
          "Washington, D.C.": "9.87",
          "Kuala Lumpur": "4.36"
        }
      }
    },
    "2000": {
      "Imports": {
        "Animals & Animal Products": {
          "Vanuatu": "0.66",
          "Canberra": "56.42",
          "Wellington": "27.73",
          "Washington, D.C.": "14.43",
          "Pretoria": "0.24"
        },
        "Vegetable Products": {
          "Canberra": "74.40",
          "Washington, D.C.": "15.28",
          "Kuala Lumpur": "1.67",
          "Jakarta": "1.52"
        },
        "Prepared Foodstuffs; Beverages, Spirits, Vinegar, Tobacco and Manufactured Tobacco Substitutes": {
          "Fiji": "3.37",
          "Canberra": "56.96",
          "Paris": "9.52",
          "Washington, D.C.": "8.69",
          "Wellington": "5.48"
        },
        "Mineral Products": {
          "Washington, D.C.": "23.44",
          "Kuala Lumpur": "13.08",
          "Canberra": "12.38",
          "Jakarta": "8.30"
        },
        "Products of the Chemical or Allied Industries": {
          "Canberra": "36.52",
          "New Delhi": "8.46",
          "Kuala Lumpur": "7.28",
          "Washington, D.C.": "6.99"
        },
        "Plastics and Articles thereof; Rubber and Articles thereof": {
          "Canberra": "31.22",
          "Tokyo": "21.30",
          "Washington, D.C.": "9.93",
          "Jakarta": "8.04"
        },
        "Raw Hides and Skins, Leather, Furskins, and Articles thereof; Saddlery and Harness; Travel Goods, Handbags, and Similar Containers; Articles of Animal Gut (Other than Silk-worm Gut)": {
          "Thailand": "9.46",
          "Beijing": "47.24",
          "Canberra": "12.10",
          "Hong Kong": "7.10",
          "Jakarta": "6.86"
        },
        "Wood and Articles of Wood; Wood Charcoal; Cork and Articles of Cork; Manufactures of Straw, of Esparto or of Other Plaiting Materials; Basketware and Wickerwork": {
          "Canberra": "69.25",
          "Jakarta": "4.67",
          "Wellington": "3.86",
          "Washington, D.C.": "2.91"
        },
        "Textiles and Textile Articles": {
          "Thailand": "14.09",
          "Canberra": "26.81",
          "Beijing": "14.42",
          "Washington, D.C.": "8.73",
          "Hong Kong": "7.66"
        },
        "Footwear, Headgear, Umbrellas, Sun Umbrellas, Walking-sticks, Seat-sticks, Whips, Riding-crops, and Parts thereof; Prepared Feathers and Articles Made therewith; Artificial Flowers; Articles of Human Hair": {
          "Beijing": "32.78",
          "Canberra": "31.73",
          "Hong Kong": "7.53",
          "Washington, D.C.": "6.00"
        },
        "Articles of Stone, Plaster, Cement, Asbestos, Mica or Similar Materials; Ceramic Products; Glass and Glassware": {
          "Canberra": "36.00",
          "Jakarta": "12.52",
          "Washington, D.C.": "10.10",
          "Kuala Lumpur": "9.53"
        },
        "Natural or Cultured Pearls, Precious or Semi-precious Stones, Precious Metals, Metals Clad with Precious Metal, and Articles thereof; Imitation Jewellery; Coin": {
          "Thailand": "4.24",
          "Canberra": "28.54",
          "Washington, D.C.": "20.14",
          "Kuala Lumpur": "11.41"
        },
        "Base Metals and Articles of Base Metal": {
          "Canberra": "53.83",
          "Jakarta": "9.30",
          "Washington, D.C.": "8.17",
          "Wellington": "7.86"
        },
        "Machinery and Mechanical Appliances; Electrical Equipment; Parts thereof; Sound Recorders and Reproducers, Television Image and Sound Recorders and Reproducers, and Parts and Accessories of such Articles": {
          "Canberra": "51.60",
          "Tokyo": "9.00",
          "Washington, D.C.": "6.56",
          "Kuala Lumpur": "5.45"
        },
        "Vehicles, Aircraft, Vessels, and Associated Transport Equipment": {
          "Thailand": "3.23",
          "Tokyo": "60.45",
          "Canberra": "18.98",
          "Washington, D.C.": "4.39"
        },
        "Miscellaneous Manufactured Articles": {
          "Canberra": "44.86",
          "Washington, D.C.": "8.66",
          "Beijing": "8.52",
          "Tokyo": "6.38"
        }
      }
    },
    "2001": {
      "Imports": {
        "Animals & Animal Products": {
          "Canberra": "62.95",
          "Wellington": "26.47",
          "Washington, D.C.": "7.14",
          "Seoul": "1.51",
          "Pretoria": "0.62"
        },
        "Vegetable Products": {
          "Canberra": "78.09",
          "Washington, D.C.": "13.05",
          "Kuala Lumpur": "1.57",
          "Jakarta": "1.42"
        },
        "Mineral Products": {
          "Thailand": "7.65",
          "Canberra": "39.62",
          "Wellington": "20.98",
          "Tokyo": "17.55",
          "Washington, D.C.": "5.23"
        },
        "Products of the Chemical or Allied Industries": {
          "Canberra": "45.63",
          "Washington, D.C.": "7.49",
          "New Delhi": "7.39",
          "Kuala Lumpur": "6.31"
        },
        "Plastics and Articles thereof; Rubber and Articles thereof": {
          "Canberra": "41.85",
          "Tokyo": "21.18",
          "Washington, D.C.": "6.97",
          "Jakarta": "5.73"
        },
        "Raw Hides and Skins, Leather, Furskins, and Articles thereof; Saddlery and Harness; Travel Goods, Handbags, and Similar Containers; Articles of Animal Gut (Other than Silk-worm Gut)": {
          "Thailand": "7.26",
          "Beijing": "41.30",
          "Canberra": "27.26",
          "Jakarta": "6.48",
          "Washington, D.C.": "4.83"
        },
        "Wood and Articles of Wood; Wood Charcoal; Cork and Articles of Cork; Manufactures of Straw, of Esparto or of Other Plaiting Materials; Basketware and Wickerwork": {
          "Canberra": "76.11",
          "Jakarta": "4.82",
          "Wellington": "3.90",
          "Washington, D.C.": "1.62"
        },
        "Textiles and Textile Articles": {
          "Thailand": "13.27",
          "Canberra": "36.29",
          "Beijing": "10.92",
          "Washington, D.C.": "7.77",
          "Hong Kong": "6.70"
        },
        "Footwear, Headgear, Umbrellas, Sun Umbrellas, Walking-sticks, Seat-sticks, Whips, Riding-crops, and Parts thereof; Prepared Feathers and Articles Made therewith; Artificial Flowers; Articles of Human Hair": {
          "Canberra": "38.09",
          "Beijing": "25.01",
          "Hong Kong": "5.62",
          "Kuala Lumpur": "4.94"
        },
        "Articles of Stone, Plaster, Cement, Asbestos, Mica or Similar Materials; Ceramic Products; Glass and Glassware": {
          "Thailand": "8.82",
          "Canberra": "47.66",
          "Kuala Lumpur": "13.43",
          "Jakarta": "6.63"
        },
        "Natural or Cultured Pearls, Precious or Semi-precious Stones, Precious Metals, Metals Clad with Precious Metal, and Articles thereof; Imitation Jewellery; Coin": {
          "Thailand": "6.32",
          "Canberra": "40.58",
          "Washington, D.C.": "13.05",
          "Wellington": "4.30"
        },
        "Base Metals and Articles of Base Metal": {
          "Canberra": "59.95",
          "Wellington": "9.05",
          "Jakarta": "6.32",
          "Washington, D.C.": "5.74"
        },
        "Machinery and Mechanical Appliances; Electrical Equipment; Parts thereof; Sound Recorders and Reproducers, Television Image and Sound Recorders and Reproducers, and Parts and Accessories of such Articles": {
          "Canberra": "58.66",
          "Washington, D.C.": "12.49",
          "Tokyo": "5.90",
          "Kuala Lumpur": "2.71"
        },
        "Vehicles, Aircraft, Vessels, and Associated Transport Equipment": {
          "Thailand": "2.64",
          "Tokyo": "50.63",
          "Canberra": "23.78",
          "Washington, D.C.": "9.48"
        },
        "Optical, Photographic, Cinematographic, Measuring, Checking, Precision, Medical or Surgical Instruments and Apparatus; Clocks and Watches; Musical Instruments; Parts and Accessories thereof": {
          "Canberra": "49.05",
          "Tokyo": "13.95",
          "Washington, D.C.": "8.82",
          "Jakarta": "2.84"
        },
        "Miscellaneous Manufactured Articles": {
          "Canberra": "54.20",
          "Washington, D.C.": "11.78",
          "Beijing": "5.35",
          "Kuala Lumpur": "3.94"
        }
      }
    },
    "2002": {
      "Imports": {
        "Animals & Animal Products": {
          "Other Asia, nes": "0.58",
          "Canberra": "62.90",
          "Wellington": "22.39",
          "Washington, D.C.": "12.52",
          "Pretoria": "0.56"
        },
        "Vegetable Products": {
          "Canberra": "71.76",
          "Washington, D.C.": "17.25",
          "Kuala Lumpur": "2.03",
          "Wellington": "1.61"
        },
        "Prepared Foodstuffs; Beverages, Spirits, Vinegar, Tobacco and Manufactured Tobacco Substitutes": {
          "Canberra": "68.98",
          "Wellington": "8.00",
          "Washington, D.C.": "4.52",
          "Copenhagen": "1.78"
        },
        "Mineral Products": {
          "Thailand": "3.42",
          "Canberra": "49.70",
          "Tokyo": "19.83",
          "Wellington": "10.38"
        },
        "Products of the Chemical or Allied Industries": {
          "Canberra": "51.99",
          "Washington, D.C.": "5.27",
          "Kuala Lumpur": "5.18",
          "New Delhi": "4.85"
        },
        "Plastics and Articles thereof; Rubber and Articles thereof": {
          "Canberra": "42.96",
          "Tokyo": "24.12",
          "Jakarta": "6.53",
          "Washington, D.C.": "6.43"
        },
        "Raw Hides and Skins, Leather, Furskins, and Articles thereof; Saddlery and Harness; Travel Goods, Handbags, and Similar Containers; Articles of Animal Gut (Other than Silk-worm Gut)": {
          "Thailand": "4.14",
          "Beijing": "47.50",
          "Canberra": "28.09",
          "Hong Kong": "5.11",
          "Jakarta": "3.81"
        },
        "Wood and Articles of Wood; Wood Charcoal; Cork and Articles of Cork; Manufactures of Straw, of Esparto or of Other Plaiting Materials; Basketware and Wickerwork": {
          "Canberra": "76.14",
          "Jakarta": "3.63",
          "Wellington": "3.21",
          "Washington, D.C.": "3.05"
        },
        "Textiles and Textile Articles": {
          "Thailand": "13.03",
          "Canberra": "32.22",
          "Beijing": "15.58",
          "Washington, D.C.": "8.05",
          "Jakarta": "6.04"
        },
        "Footwear, Headgear, Umbrellas, Sun Umbrellas, Walking-sticks, Seat-sticks, Whips, Riding-crops, and Parts thereof; Prepared Feathers and Articles Made therewith; Artificial Flowers; Articles of Human Hair": {
          "Canberra": "34.65",
          "Beijing": "33.05",
          "New Delhi": "5.66",
          "Washington, D.C.": "5.55"
        },
        "Articles of Stone, Plaster, Cement, Asbestos, Mica or Similar Materials; Ceramic Products; Glass and Glassware": {
          "Thailand": "15.27",
          "Canberra": "34.08",
          "Washington, D.C.": "16.83",
          "Kuala Lumpur": "9.14"
        },
        "Natural or Cultured Pearls, Precious or Semi-precious Stones, Precious Metals, Metals Clad with Precious Metal, and Articles thereof; Imitation Jewellery; Coin": {
          "Thailand": "5.05",
          "Canberra": "40.96",
          "Washington, D.C.": "7.80",
          "Jakarta": "5.91"
        },
        "Base Metals and Articles of Base Metal": {
          "Canberra": "41.66",
          "London": "18.58",
          "Wellington": "12.68",
          "Washington, D.C.": "7.64",
          "Jakarta": "5.34"
        },
        "Machinery and Mechanical Appliances; Electrical Equipment; Parts thereof; Sound Recorders and Reproducers, Television Image and Sound Recorders and Reproducers, and Parts and Accessories of such Articles": {
          "Canberra": "61.66",
          "Washington, D.C.": "11.51",
          "Tokyo": "3.82",
          "Kuala Lumpur": "3.17"
        },
        "Vehicles, Aircraft, Vessels, and Associated Transport Equipment": {
          "Russian Federation": "3.49",
          "Canberra": "37.55",
          "Tokyo": "28.82",
          "Washington, D.C.": "10.59"
        },
        "Optical, Photographic, Cinematographic, Measuring, Checking, Precision, Medical or Surgical Instruments and Apparatus; Clocks and Watches; Musical Instruments; Parts and Accessories thereof": {
          "Canberra": "51.80",
          "Washington, D.C.": "9.00",
          "Tokyo": "7.63",
          "London": "4.78"
        },
        "Miscellaneous Manufactured Articles": {
          "Unspecified": "27.65",
          "Canberra": "46.33",
          "Washington, D.C.": "5.35",
          "Beijing": "4.77"
        }
      }
    },
    "2003": {
      "Imports": {
        "Animals & Animal Products": {
          "Canberra": "57.32",
          "Wellington": "28.60",
          "Washington, D.C.": "7.54",
          "Honiara": "1.78",
          "Manila": "1.46"
        },
        "Vegetable Products": {
          "Canberra": "48.00",
          "Beijing": "27.45",
          "Washington, D.C.": "13.59",
          "Wellington": "1.55"
        },
        "Prepared Foodstuffs; Beverages, Spirits, Vinegar, Tobacco and Manufactured Tobacco Substitutes": {
          "Canberra": "71.62",
          "Wellington": "6.69",
          "Washington, D.C.": "4.24",
          "Beijing": "2.15"
        },
        "Mineral Products": {
          "Canberra": "32.98",
          "Wellington": "29.90",
          "Tokyo": "19.99",
          "Washington, D.C.": "4.65"
        },
        "Products of the Chemical or Allied Industries": {
          "Canberra": "52.06",
          "Tokyo": "8.64",
          "Washington, D.C.": "5.77",
          "Jakarta": "4.31"
        },
        "Plastics and Articles thereof; Rubber and Articles thereof": {
          "Canberra": "46.40",
          "Tokyo": "16.85",
          "Washington, D.C.": "7.95",
          "Jakarta": "5.61"
        },
        "Raw Hides and Skins, Leather, Furskins, and Articles thereof; Saddlery and Harness; Travel Goods, Handbags, and Similar Containers; Articles of Animal Gut (Other than Silk-worm Gut)": {
          "Thailand": "5.08",
          "Beijing": "39.72",
          "Canberra": "33.35",
          "Jakarta": "6.39",
          "Bern": "3.64"
        },
        "Wood and Articles of Wood; Wood Charcoal; Cork and Articles of Cork; Manufactures of Straw, of Esparto or of Other Plaiting Materials; Basketware and Wickerwork": {
          "Canberra": "77.78",
          "Kuala Lumpur": "2.81",
          "Wellington": "2.74",
          "Jakarta": "2.26"
        },
        "Textiles and Textile Articles": {
          "Thailand": "11.16",
          "Canberra": "32.35",
          "Beijing": "16.10",
          "Washington, D.C.": "7.55",
          "Wellington": "6.28"
        },
        "Footwear, Headgear, Umbrellas, Sun Umbrellas, Walking-sticks, Seat-sticks, Whips, Riding-crops, and Parts thereof; Prepared Feathers and Articles Made therewith; Artificial Flowers; Articles of Human Hair": {
          "Beijing": "33.76",
          "Canberra": "31.14",
          "Washington, D.C.": "7.29",
          "Jakarta": "4.48"
        },
        "Articles of Stone, Plaster, Cement, Asbestos, Mica or Similar Materials; Ceramic Products; Glass and Glassware": {
          "Thailand": "46.27",
          "Canberra": "25.88",
          "Jakarta": "3.14",
          "Kuala Lumpur": "2.25"
        },
        "Natural or Cultured Pearls, Precious or Semi-precious Stones, Precious Metals, Metals Clad with Precious Metal, and Articles thereof; Imitation Jewellery; Coin": {
          "Canberra": "43.89",
          "Washington, D.C.": "10.35",
          "Kuala Lumpur": "6.65",
          "Wellington": "5.30"
        },
        "Base Metals and Articles of Base Metal": {
          "Canberra": "50.33",
          "Wellington": "13.34",
          "Washington, D.C.": "9.43",
          "Jakarta": "5.68"
        },
        "Machinery and Mechanical Appliances; Electrical Equipment; Parts thereof; Sound Recorders and Reproducers, Television Image and Sound Recorders and Reproducers, and Parts and Accessories of such Articles": {
          "Canberra": "60.61",
          "Washington, D.C.": "15.36",
          "Kuala Lumpur": "3.33",
          "Tokyo": "2.54"
        },
        "Vehicles, Aircraft, Vessels, and Associated Transport Equipment": {
          "Gambia, The": "7.79",
          "Canberra": "33.15",
          "Tokyo": "27.89",
          "Washington, D.C.": "7.37",
          "Wellington": "7.27"
        },
        "Optical, Photographic, Cinematographic, Measuring, Checking, Precision, Medical or Surgical Instruments and Apparatus; Clocks and Watches; Musical Instruments; Parts and Accessories thereof": {
          "Canberra": "51.98",
          "Washington, D.C.": "10.06",
          "Tokyo": "7.16",
          "Wellington": "4.56"
        },
        "Miscellaneous Manufactured Articles": {
          "Unspecified": "9.76",
          "Canberra": "57.85",
          "Washington, D.C.": "5.80",
          "Beijing": "5.79"
        }
      }
    },
    "2004": {
      "Imports": {
        "Animals & Animal Products": {
          "Other Asia, nes": "1.04",
          "Canberra": "56.93",
          "Wellington": "28.43",
          "Washington, D.C.": "11.13",
          "Tokyo": "1.00"
        },
        "Vegetable Products": {
          "Thailand": "6.61",
          "Canberra": "46.65",
          "Beijing": "12.35",
          "Washington, D.C.": "11.70",
          "Hanoi": "11.11"
        },
        "Prepared Foodstuffs; Beverages, Spirits, Vinegar, Tobacco and Manufactured Tobacco Substitutes": {
          "Canberra": "60.98",
          "Washington, D.C.": "12.12",
          "Wellington": "5.63",
          "Kuala Lumpur": "3.23",
          "Beijing": "2.37"
        },
        "Mineral Products": {
          "Canberra": "52.74",
          "Tokyo": "23.81",
          "Wellington": "11.41",
          "Hong Kong": "2.18",
          "Kuala Lumpur": "2.03"
        },
        "Products of the Chemical or Allied Industries": {
          "Belgium": "21.08",
          "Canberra": "42.10",
          "Beijing": "4.58",
          "Washington, D.C.": "4.42"
        },
        "Plastics and Articles thereof; Rubber and Articles thereof": {
          "Canberra": "43.40",
          "Tokyo": "15.61",
          "Washington, D.C.": "8.56",
          "Jakarta": "5.27"
        },
        "Raw Hides and Skins, Leather, Furskins, and Articles thereof; Saddlery and Harness; Travel Goods, Handbags, and Similar Containers; Articles of Animal Gut (Other than Silk-worm Gut)": {
          "Beijing": "41.54",
          "Canberra": "30.22",
          "Washington, D.C.": "7.01",
          "Bern": "4.18"
        },
        "Wood and Articles of Wood; Wood Charcoal; Cork and Articles of Cork; Manufactures of Straw, of Esparto or of Other Plaiting Materials; Basketware and Wickerwork": {
          "Canberra": "73.64",
          "Kuala Lumpur": "3.85",
          "Jakarta": "3.75",
          "Wellington": "2.78"
        },
        "Textiles and Textile Articles": {
          "Thailand": "10.02",
          "Canberra": "32.33",
          "Beijing": "16.64",
          "Washington, D.C.": "8.54",
          "Wellington": "7.53"
        },
        "Footwear, Headgear, Umbrellas, Sun Umbrellas, Walking-sticks, Seat-sticks, Whips, Riding-crops, and Parts thereof; Prepared Feathers and Articles Made therewith; Artificial Flowers; Articles of Human Hair": {
          "Beijing": "33.93",
          "Canberra": "30.60",
          "Washington, D.C.": "7.93",
          "Jakarta": "6.81"
        },
        "Articles of Stone, Plaster, Cement, Asbestos, Mica or Similar Materials; Ceramic Products; Glass and Glassware": {
          "Thailand": "9.12",
          "Canberra": "25.18",
          "New Delhi": "4.00",
          "Jakarta": "3.27"
        },
        "Natural or Cultured Pearls, Precious or Semi-precious Stones, Precious Metals, Metals Clad with Precious Metal, and Articles thereof; Imitation Jewellery; Coin": {
          "Canberra": "41.66",
          "Washington, D.C.": "9.35",
          "Jakarta": "6.96",
          "Hong Kong": "4.00"
        },
        "Base Metals and Articles of Base Metal": {
          "Canberra": "55.41",
          "Washington, D.C.": "11.54",
          "Wellington": "8.90",
          "Kuala Lumpur": "4.66"
        },
        "Machinery and Mechanical Appliances; Electrical Equipment; Parts thereof; Sound Recorders and Reproducers, Television Image and Sound Recorders and Reproducers, and Parts and Accessories of such Articles": {
          "Canberra": "67.49",
          "Washington, D.C.": "9.18",
          "Tokyo": "3.46",
          "Kuala Lumpur": "2.25"
        },
        "Vehicles, Aircraft, Vessels, and Associated Transport Equipment": {
          "Canberra": "41.12",
          "Tokyo": "32.07",
          "Washington, D.C.": "10.11",
          "London": "3.08"
        },
        "Optical, Photographic, Cinematographic, Measuring, Checking, Precision, Medical or Surgical Instruments and Apparatus; Clocks and Watches; Musical Instruments; Parts and Accessories thereof": {
          "Canberra": "54.04",
          "Washington, D.C.": "8.28",
          "Tokyo": "8.00",
          "Beijing": "3.09"
        },
        "Miscellaneous Manufactured Articles": {
          "Canberra": "59.17",
          "Beijing": "6.93",
          "Washington, D.C.": "6.75",
          "Tokyo": "3.30"
        }
      }
    },
    "2011": {
      "Imports": {
        "Animals & Animal Products": {
          "Vanuatu": "0.70",
          "Canberra": "68.56",
          "Wellington": "23.50",
          "Beijing": "5.48",
          "Manila": "0.36"
        },
        "Vegetable Products": {
          "Thailand": "14.28",
          "Canberra": "59.57",
          "Hanoi": "11.49",
          "Wellington": "3.12",
          "Kuala Lumpur": "3.08"
        },
        "Prepared Foodstuffs; Beverages, Spirits, Vinegar, Tobacco and Manufactured Tobacco Substitutes": {
          "Thailand": "9.73",
          "Canberra": "38.15",
          "Jakarta": "11.44",
          "Kuala Lumpur": "6.29"
        },
        "Mineral Products": {
          "Thailand": "4.25",
          "Canberra": "25.72",
          "Tokyo": "21.90",
          "Wellington": "21.78",
          "Kuala Lumpur": "8.82"
        },
        "Products of the Chemical or Allied Industries": {
          "Canberra": "48.24",
          "Beijing": "9.19",
          "Kuala Lumpur": "7.39",
          "Hong Kong": "6.69"
        },
        "Plastics and Articles thereof; Rubber and Articles thereof": {
          "Canberra": "34.45",
          "Tokyo": "12.69",
          "Beijing": "11.48",
          "Kuala Lumpur": "5.84"
        },
        "Raw Hides and Skins, Leather, Furskins, and Articles thereof; Saddlery and Harness; Travel Goods, Handbags, and Similar Containers; Articles of Animal Gut (Other than Silk-worm Gut)": {
          "Beijing": "45.57",
          "Canberra": "24.71",
          "Hong Kong": "8.65",
          "Seoul": "3.13"
        },
        "Wood and Articles of Wood; Wood Charcoal; Cork and Articles of Cork; Manufactures of Straw, of Esparto or of Other Plaiting Materials; Basketware and Wickerwork": {
          "Canberra": "56.41",
          "Hong Kong": "8.51",
          "Beijing": "7.28",
          "Kuala Lumpur": "5.18"
        },
        "Textiles and Textile Articles": {
          "Thailand": "5.98",
          "Beijing": "28.93",
          "Canberra": "26.92",
          "Wellington": "8.58",
          "Hong Kong": "5.44"
        },
        "Footwear, Headgear, Umbrellas, Sun Umbrellas, Walking-sticks, Seat-sticks, Whips, Riding-crops, and Parts thereof; Prepared Feathers and Articles Made therewith; Artificial Flowers; Articles of Human Hair": {
          "Beijing": "46.74",
          "Canberra": "17.15",
          "Hong Kong": "8.94",
          "New Delhi": "8.86",
          "Jakarta": "4.80"
        },
        "Articles of Stone, Plaster, Cement, Asbestos, Mica or Similar Materials; Ceramic Products; Glass and Glassware": {
          "Canberra": "33.28",
          "Beijing": "17.95",
          "Jakarta": "17.69",
          "Kuala Lumpur": "8.37"
        },
        "Natural or Cultured Pearls, Precious or Semi-precious Stones, Precious Metals, Metals Clad with Precious Metal, and Articles thereof; Imitation Jewellery; Coin": {
          "Canberra": "32.92",
          "Beijing": "13.32",
          "Kuala Lumpur": "8.22",
          "Wellington": "7.35"
        },
        "Base Metals and Articles of Base Metal": {
          "Thailand": "6.48",
          "Canberra": "39.48",
          "Jakarta": "9.76",
          "Beijing": "9.38"
        },
        "Machinery and Mechanical Appliances; Electrical Equipment; Parts thereof; Sound Recorders and Reproducers, Television Image and Sound Recorders and Reproducers, and Parts and Accessories of such Articles": {
          "Canberra": "47.13",
          "Washington, D.C.": "12.96",
          "Beijing": "6.50",
          "Kuala Lumpur": "4.02"
        },
        "Vehicles, Aircraft, Vessels, and Associated Transport Equipment": {
          "Tokyo": "32.67",
          "Canberra": "26.81",
          "Washington, D.C.": "5.84",
          "Ottawa": "5.30"
        },
        "Optical, Photographic, Cinematographic, Measuring, Checking, Precision, Medical or Surgical Instruments and Apparatus; Clocks and Watches; Musical Instruments; Parts and Accessories thereof": {
          "Canberra": "40.65",
          "Beijing": "8.77",
          "Tokyo": "8.42",
          "Washington, D.C.": "7.28"
        },
        "Miscellaneous Manufactured Articles": {
          "Canberra": "27.17",
          "Jakarta": "16.77",
          "Beijing": "11.41",
          "Pretoria": "7.53",
          "Tokyo": "6.67"
        }
      }
    },
    "2012": {
      "Imports": {
        "Animals & Animal Products": {
          "Canberra": "69.11",
          "Wellington": "22.71",
          "Beijing": "4.89",
          "Seoul": "0.61",
          "Hong Kong": "0.54"
        },
        "Vegetable Products": {
          "Thailand": "9.47",
          "Canberra": "67.68",
          "Hanoi": "7.19",
          "Kuala Lumpur": "4.68",
          "Jakarta": "2.92"
        },
        "Prepared Foodstuffs; Beverages, Spirits, Vinegar, Tobacco and Manufactured Tobacco Substitutes": {
          "Thailand": "9.47",
          "Canberra": "33.26",
          "Jakarta": "11.72",
          "Kuala Lumpur": "7.90"
        },
        "Mineral Products": {
          "Thailand": "7.52",
          "Canberra": "22.75",
          "Tokyo": "18.70",
          "Wellington": "15.92",
          "Kuala Lumpur": "9.85"
        },
        "Products of the Chemical or Allied Industries": {
          "Canberra": "37.53",
          "Beijing": "10.14",
          "Kuala Lumpur": "6.32",
          "Washington, D.C.": "6.17"
        },
        "Plastics and Articles thereof; Rubber and Articles thereof": {
          "Canberra": "34.23",
          "Tokyo": "12.64",
          "Beijing": "12.49",
          "Kuala Lumpur": "5.04"
        },
        "Raw Hides and Skins, Leather, Furskins, and Articles thereof; Saddlery and Harness; Travel Goods, Handbags, and Similar Containers; Articles of Animal Gut (Other than Silk-worm Gut)": {
          "Beijing": "41.89",
          "Canberra": "29.08",
          "Hong Kong": "11.26",
          "Seoul": "2.55"
        },
        "Wood and Articles of Wood; Wood Charcoal; Cork and Articles of Cork; Manufactures of Straw, of Esparto or of Other Plaiting Materials; Basketware and Wickerwork": {
          "Canberra": "37.27",
          "Beijing": "6.64",
          "Wellington": "5.10",
          "Kuala Lumpur": "3.90"
        },
        "Textiles and Textile Articles": {
          "Thailand": "6.74",
          "Beijing": "26.81",
          "Canberra": "25.41",
          "Wellington": "8.94",
          "Hong Kong": "6.63"
        },
        "Footwear, Headgear, Umbrellas, Sun Umbrellas, Walking-sticks, Seat-sticks, Whips, Riding-crops, and Parts thereof; Prepared Feathers and Articles Made therewith; Artificial Flowers; Articles of Human Hair": {
          "Beijing": "49.31",
          "Canberra": "17.13",
          "New Delhi": "7.26",
          "Jakarta": "6.91",
          "Hong Kong": "6.56"
        },
        "Articles of Stone, Plaster, Cement, Asbestos, Mica or Similar Materials; Ceramic Products; Glass and Glassware": {
          "Canberra": "30.07",
          "Beijing": "22.46",
          "Jakarta": "7.88",
          "Kuala Lumpur": "5.99"
        },
        "Natural or Cultured Pearls, Precious or Semi-precious Stones, Precious Metals, Metals Clad with Precious Metal, and Articles thereof; Imitation Jewellery; Coin": {
          "Thailand": "5.52",
          "Canberra": "28.10",
          "Beijing": "10.09",
          "Kuala Lumpur": "5.77"
        },
        "Base Metals and Articles of Base Metal": {
          "Thailand": "11.57",
          "Canberra": "28.99",
          "Beijing": "12.38",
          "Wellington": "5.83"
        },
        "Machinery and Mechanical Appliances; Electrical Equipment; Parts thereof; Sound Recorders and Reproducers, Television Image and Sound Recorders and Reproducers, and Parts and Accessories of such Articles": {
          "Canberra": "36.49",
          "Washington, D.C.": "13.38",
          "Rome": "11.24",
          "Beijing": "6.96"
        },
        "Vehicles, Aircraft, Vessels, and Associated Transport Equipment": {
          "Tokyo": "37.34",
          "Canberra": "23.85",
          "Beijing": "5.06",
          "Washington, D.C.": "4.87"
        },
        "Optical, Photographic, Cinematographic, Measuring, Checking, Precision, Medical or Surgical Instruments and Apparatus; Clocks and Watches; Musical Instruments; Parts and Accessories thereof": {
          "Canberra": "32.99",
          "Beijing": "9.14",
          "Tokyo": "9.10",
          "Washington, D.C.": "8.16"
        },
        "Miscellaneous Manufactured Articles": {
          "Canberra": "40.58",
          "Beijing": "10.51",
          "Hong Kong": "5.78",
          "Kuala Lumpur": "5.18"
        }
      }
    },
    "2019": {
      "Imports": {
        "Animals & Animal Products": {
          "Micronesia, Fed. Sts.": "6.99",
          "Canberra": "68.91",
          "Wellington": "17.07",
          "Beijing": "2.91",
          "Pyongyang": "1.18"
        },
        "Vegetable Products": {
          "Thailand": "14.18",
          "Canberra": "34.12",
          "Beijing": "17.48",
          "Hanoi": "16.97",
          "Kuala Lumpur": "6.47"
        },
        "Prepared Foodstuffs; Beverages, Spirits, Vinegar, Tobacco and Manufactured Tobacco Substitutes": {
          "Thailand": "8.73",
          "Canberra": "24.02",
          "Jakarta": "10.02",
          "Beijing": "5.95"
        },
        "Mineral Products": {
          "Thailand": "22.88",
          "Abu Dhabi": "13.65",
          "Riyadh": "11.01",
          "Jakarta": "8.05",
          "Canberra": "7.51"
        },
        "Products of the Chemical or Allied Industries": {
          "Canberra": "28.94",
          "Beijing": "15.81",
          "New Delhi": "9.76",
          "Kuala Lumpur": "9.63"
        },
        "Plastics and Articles thereof; Rubber and Articles thereof": {
          "Canberra": "37.93",
          "Beijing": "25.16",
          "Kuala Lumpur": "8.60",
          "Tokyo": "7.62"
        },
        "Raw Hides and Skins, Leather, Furskins, and Articles thereof; Saddlery and Harness; Travel Goods, Handbags, and Similar Containers; Articles of Animal Gut (Other than Silk-worm Gut)": {
          "Thailand": "2.99",
          "Beijing": "50.70",
          "Canberra": "30.15",
          "New Delhi": "3.11"
        },
        "Wood and Articles of Wood; Wood Charcoal; Cork and Articles of Cork; Manufactures of Straw, of Esparto or of Other Plaiting Materials; Basketware and Wickerwork": {
          "Canberra": "28.16",
          "Beijing": "16.93",
          "Kuala Lumpur": "11.46",
          "Tokyo": "3.49"
        },
        "Textiles and Textile Articles": {
          "Thailand": "6.92",
          "Beijing": "30.85",
          "Canberra": "29.11",
          "Wellington": "4.20"
        },
        "Footwear, Headgear, Umbrellas, Sun Umbrellas, Walking-sticks, Seat-sticks, Whips, Riding-crops, and Parts thereof; Prepared Feathers and Articles Made therewith; Artificial Flowers; Articles of Human Hair": {
          "Beijing": "41.75",
          "Canberra": "27.31",
          "New Delhi": "11.56",
          "Jakarta": "5.41"
        },
        "Articles of Stone, Plaster, Cement, Asbestos, Mica or Similar Materials; Ceramic Products; Glass and Glassware": {
          "Beijing": "34.34",
          "Canberra": "26.47",
          "Kuala Lumpur": "12.45",
          "Jakarta": "9.29"
        },
        "Natural or Cultured Pearls, Precious or Semi-precious Stones, Precious Metals, Metals Clad with Precious Metal, and Articles thereof; Imitation Jewellery; Coin": {
          "Abu Dhabi": "21.44",
          "Riyadh": "17.21",
          "Canberra": "9.23",
          "Ottawa": "8.46"
        },
        "Base Metals and Articles of Base Metal": {
          "Canberra": "33.53",
          "Beijing": "32.09",
          "Wellington": "6.72",
          "Jakarta": "4.99",
          "Kuala Lumpur": "4.12"
        },
        "Machinery and Mechanical Appliances; Electrical Equipment; Parts thereof; Sound Recorders and Reproducers, Television Image and Sound Recorders and Reproducers, and Parts and Accessories of such Articles": {
          "Canberra": "52.71",
          "Beijing": "16.15",
          "Washington, D.C.": "4.68",
          "Kuala Lumpur": "3.33"
        },
        "Vehicles, Aircraft, Vessels, and Associated Transport Equipment": {
          "Canberra": "34.89",
          "Tokyo": "20.36",
          "Beijing": "10.20",
          "Washington, D.C.": "6.88"
        },
        "Optical, Photographic, Cinematographic, Measuring, Checking, Precision, Medical or Surgical Instruments and Apparatus; Clocks and Watches; Musical Instruments; Parts and Accessories thereof": {
          "Canberra": "40.71",
          "Beijing": "19.75",
          "Kuala Lumpur": "5.02",
          "Tokyo": "4.06"
        },
        "Miscellaneous Manufactured Articles": {
          "Canberra": "43.67",
          "Beijing": "22.24",
          "Kuala Lumpur": "4.99",
          "Washington, D.C.": "4.85"
        }
      }
    },
    "2020": {
      "Imports": {
        "Animals & Animal Products": {
          "Canberra": "63.85",
          "Wellington": "16.84",
          "Pyongyang": "4.48",
          "Honiara": "3.90",
          "Beijing": "3.24"
        },
        "Vegetable Products": {
          "Thailand": "10.13",
          "Canberra": "28.05",
          "Beijing": "21.64",
          "Hanoi": "14.40",
          "Jakarta": "6.43"
        },
        "Prepared Foodstuffs; Beverages, Spirits, Vinegar, Tobacco and Manufactured Tobacco Substitutes": {
          "Thailand": "7.99",
          "Canberra": "23.02",
          "Jakarta": "9.94",
          "Beijing": "6.40"
        },
        "Mineral Products": {
          "Thailand": "21.82",
          "Kuala Lumpur": "16.95",
          "Jakarta": "12.84",
          "Tokyo": "8.25"
        },
        "Products of the Chemical or Allied Industries": {
          "Canberra": "32.82",
          "Beijing": "13.18",
          "Kuala Lumpur": "9.46",
          "Jakarta": "7.67"
        },
        "Plastics and Articles thereof; Rubber and Articles thereof": {
          "Canberra": "33.91",
          "Beijing": "26.82",
          "Kuala Lumpur": "9.20",
          "Tokyo": "7.71"
        },
        "Raw Hides and Skins, Leather, Furskins, and Articles thereof; Saddlery and Harness; Travel Goods, Handbags, and Similar Containers; Articles of Animal Gut (Other than Silk-worm Gut)": {
          "Beijing": "53.05",
          "Canberra": "31.50",
          "Hong Kong": "4.12",
          "Wellington": "1.95"
        },
        "Wood and Articles of Wood; Wood Charcoal; Cork and Articles of Cork; Manufactures of Straw, of Esparto or of Other Plaiting Materials; Basketware and Wickerwork": {
          "Canberra": "31.51",
          "Beijing": "24.71",
          "Kuala Lumpur": "12.05",
          "Jakarta": "4.88"
        },
        "Textiles and Textile Articles": {
          "Thailand": "5.81",
          "Beijing": "34.19",
          "Canberra": "28.55",
          "Wellington": "3.94"
        },
        "Footwear, Headgear, Umbrellas, Sun Umbrellas, Walking-sticks, Seat-sticks, Whips, Riding-crops, and Parts thereof; Prepared Feathers and Articles Made therewith; Artificial Flowers; Articles of Human Hair": {
          "Beijing": "44.19",
          "Canberra": "24.48",
          "New Delhi": "15.52",
          "Jakarta": "5.03"
        },
        "Articles of Stone, Plaster, Cement, Asbestos, Mica or Similar Materials; Ceramic Products; Glass and Glassware": {
          "Thailand": "2.85",
          "Beijing": "39.22",
          "Canberra": "22.72",
          "Kuala Lumpur": "15.98",
          "Jakarta": "5.72"
        },
        "Natural or Cultured Pearls, Precious or Semi-precious Stones, Precious Metals, Metals Clad with Precious Metal, and Articles thereof; Imitation Jewellery; Coin": {
          "Thailand": "12.87",
          "Beijing": "16.51",
          "Canberra": "13.67",
          "Kuala Lumpur": "5.27"
        },
        "Base Metals and Articles of Base Metal": {
          "Canberra": "30.91",
          "Beijing": "30.82",
          "Wellington": "5.58",
          "Kuala Lumpur": "4.89",
          "Jakarta": "4.32"
        },
        "Machinery and Mechanical Appliances; Electrical Equipment; Parts thereof; Sound Recorders and Reproducers, Television Image and Sound Recorders and Reproducers, and Parts and Accessories of such Articles": {
          "Canberra": "49.47",
          "Beijing": "21.83",
          "Kuala Lumpur": "4.08",
          "Washington, D.C.": "2.77"
        },
        "Vehicles, Aircraft, Vessels, and Associated Transport Equipment": {
          "Canberra": "38.40",
          "Tokyo": "13.28",
          "Beijing": "10.86",
          "Ottawa": "6.37"
        },
        "Optical, Photographic, Cinematographic, Measuring, Checking, Precision, Medical or Surgical Instruments and Apparatus; Clocks and Watches; Musical Instruments; Parts and Accessories thereof": {
          "Canberra": "39.43",
          "Beijing": "22.55",
          "Kuala Lumpur": "6.09",
          "Tokyo": "3.21"
        },
        "Miscellaneous Manufactured Articles": {
          "Canberra": "41.74",
          "Beijing": "23.92",
          "Washington, D.C.": "5.28",
          "Kuala Lumpur": "4.84"
        }
      }
    },
    "2021": {
      "Imports": {
        "Animals & Animal Products": {
          "Other Asia, nes": "1.79",
          "Marshall Islands": "1.77",
          "Canberra": "67.16",
          "Wellington": "21.68",
          "Beijing": "3.22"
        },
        "Vegetable Products": {
          "Thailand": "16.67",
          "Canberra": "28.98",
          "Beijing": "14.52",
          "Kuala Lumpur": "10.30",
          "Jakarta": "8.91"
        },
        "Prepared Foodstuffs; Beverages, Spirits, Vinegar, Tobacco and Manufactured Tobacco Substitutes": {
          "Thailand": "8.06",
          "Canberra": "27.77",
          "Jakarta": "9.54",
          "Kuala Lumpur": "7.50"
        },
        "Mineral Products": {
          "Kuala Lumpur": "14.86",
          "Tokyo": "10.63",
          "Jakarta": "10.32",
          "Canberra": "9.62"
        },
        "Products of the Chemical or Allied Industries": {
          "Canberra": "33.14",
          "Beijing": "14.27",
          "Kuala Lumpur": "11.70",
          "Jakarta": "7.89"
        },
        "Plastics and Articles thereof; Rubber and Articles thereof": {
          "Canberra": "31.55",
          "Beijing": "31.47",
          "Kuala Lumpur": "9.29",
          "Tokyo": "4.84"
        },
        "Raw Hides and Skins, Leather, Furskins, and Articles thereof; Saddlery and Harness; Travel Goods, Handbags, and Similar Containers; Articles of Animal Gut (Other than Silk-worm Gut)": {
          "Fiji": "1.53",
          "Beijing": "54.60",
          "Canberra": "26.48",
          "Hong Kong": "6.73",
          "Wellington": "2.48"
        },
        "Wood and Articles of Wood; Wood Charcoal; Cork and Articles of Cork; Manufactures of Straw, of Esparto or of Other Plaiting Materials; Basketware and Wickerwork": {
          "Canberra": "36.16",
          "Beijing": "33.41",
          "Kuala Lumpur": "8.43",
          "Jakarta": "3.72"
        },
        "Textiles and Textile Articles": {
          "Thailand": "5.53",
          "Beijing": "38.85",
          "Canberra": "23.50",
          "Wellington": "4.20"
        },
        "Footwear, Headgear, Umbrellas, Sun Umbrellas, Walking-sticks, Seat-sticks, Whips, Riding-crops, and Parts thereof; Prepared Feathers and Articles Made therewith; Artificial Flowers; Articles of Human Hair": {
          "Beijing": "44.14",
          "Canberra": "26.17",
          "New Delhi": "16.04",
          "Jakarta": "4.43"
        },
        "Articles of Stone, Plaster, Cement, Asbestos, Mica or Similar Materials; Ceramic Products; Glass and Glassware": {
          "Thailand": "5.39",
          "Beijing": "49.43",
          "Canberra": "21.32",
          "Kuala Lumpur": "6.10",
          "Jakarta": "5.39"
        },
        "Natural or Cultured Pearls, Precious or Semi-precious Stones, Precious Metals, Metals Clad with Precious Metal, and Articles thereof; Imitation Jewellery; Coin": {
          "Thailand": "8.75",
          "Beijing": "17.61",
          "Canberra": "8.21",
          "Kuala Lumpur": "4.74"
        },
        "Base Metals and Articles of Base Metal": {
          "Beijing": "35.52",
          "Canberra": "25.91",
          "Jakarta": "10.28",
          "Kuala Lumpur": "4.90",
          "Pyongyang": "4.70"
        },
        "Machinery and Mechanical Appliances; Electrical Equipment; Parts thereof; Sound Recorders and Reproducers, Television Image and Sound Recorders and Reproducers, and Parts and Accessories of such Articles": {
          "Canberra": "52.25",
          "Beijing": "17.95",
          "Kuala Lumpur": "5.18",
          "Hong Kong": "3.12"
        },
        "Vehicles, Aircraft, Vessels, and Associated Transport Equipment": {
          "Canberra": "32.43",
          "Tokyo": "26.80",
          "Beijing": "10.45",
          "Washington, D.C.": "4.64"
        },
        "Optical, Photographic, Cinematographic, Measuring, Checking, Precision, Medical or Surgical Instruments and Apparatus; Clocks and Watches; Musical Instruments; Parts and Accessories thereof": {
          "Canberra": "38.89",
          "Beijing": "22.84",
          "Kuala Lumpur": "6.34",
          "Tokyo": "4.62"
        },
        "Miscellaneous Manufactured Articles": {
          "Canberra": "44.75",
          "Beijing": "27.98",
          "Kuala Lumpur": "3.75",
          "Washington, D.C.": "2.63"
        }
      }
    }
  }
}