{
  "Main Partners": {
    "2004": {
      "Imports": {
        "Animals & Animal Products": {
          "Somalia": "15.67",
          "Brasília": "21.77",
          "Paris": "17.79",
          "Amsterdam": "8.89",
          "Copenhagen": "7.79"
        },
        "Vegetable Products": {
          "Thailand": "7.03",
          "New Delhi": "16.88",
          "Washington, D.C.": "14.82",
          "Canberra": "9.01",
          "Kuala Lumpur": "6.35"
        },
        "Prepared Foodstuffs; Beverages, Spirits, Vinegar, Tobacco and Manufactured Tobacco Substitutes": {
          "Brasília": "22.63",
          "Riyadh": "12.69",
          "London": "10.41",
          "New Delhi": "6.09",
          "Abu Dhabi": "5.33"
        },
        "Mineral Products": {
          "Cairo": "36.90",
          "Riyadh": "26.85",
          "Muscat": "16.53",
          "New Delhi": "13.75",
          "Abu Dhabi": "1.88"
        },
        "Products of the Chemical or Allied Industries": {
          "Riyadh": "10.72",
          "Cairo": "10.37",
          "New Delhi": "7.15",
          "Beijing": "6.80",
          "Berlin": "6.47"
        },
        "Plastics and Articles thereof; Rubber and Articles thereof": {
          "Riyadh": "41.92",
          "Beijing": "14.77",
          "Abu Dhabi": "8.95",
          "Seoul": "4.59",
          "New Delhi": "3.71"
        },
        "Raw Hides and Skins, Leather, Furskins, and Articles thereof; Saddlery and Harness; Travel Goods, Handbags, and Similar Containers; Articles of Animal Gut (Other than Silk-worm Gut)": {
          "Thailand": "3.91",
          "Belgium": "2.71",
          "Beijing": "68.16",
          "Paris": "5.27",
          "Abu Dhabi": "3.40"
        },
        "Wood and Articles of Wood; Wood Charcoal; Cork and Articles of Cork; Manufactures of Straw, of Esparto or of Other Plaiting Materials; Basketware and Wickerwork": {
          "London": "16.77",
          "Kuala Lumpur": "15.07",
          "Berlin": "14.18",
          "Stockholm": "6.86",
          "Riyadh": "6.00"
        },
        "Textiles and Textile Articles": {
          "Beijing": "48.28",
          "New Delhi": "12.21",
          "London": "7.00",
          "Seoul": "5.91",
          "Riyadh": "5.49"
        },
        "Footwear, Headgear, Umbrellas, Sun Umbrellas, Walking-sticks, Seat-sticks, Whips, Riding-crops, and Parts thereof; Prepared Feathers and Articles Made therewith; Artificial Flowers; Articles of Human Hair": {
          "Syrian Arab Republic": "4.32",
          "Jordan": "3.23",
          "Beijing": "70.25",
          "Islamabad": "8.42",
          "Abu Dhabi": "2.71"
        },
        "Articles of Stone, Plaster, Cement, Asbestos, Mica or Similar Materials; Ceramic Products; Glass and Glassware": {
          "Beijing": "21.32",
          "New Delhi": "18.45",
          "Abu Dhabi": "15.32",
          "Riyadh": "10.28",
          "Rome": "8.89"
        },
        "Natural or Cultured Pearls, Precious or Semi-precious Stones, Precious Metals, Metals Clad with Precious Metal, and Articles thereof; Imitation Jewellery; Coin": {
          "Unspecified": "7.41",
          "Riyadh": "29.36",
          "Abu Dhabi": "11.57",
          "London": "8.02",
          "Cairo": "5.71"
        },
        "Base Metals and Articles of Base Metal": {
          "Unspecified": "12.85",
          "Ankara": "23.85",
          "Riyadh": "11.12",
          "Washington, D.C.": "7.43",
          "Beijing": "7.33"
        },
        "Machinery and Mechanical Appliances; Electrical Equipment; Parts thereof; Sound Recorders and Reproducers, Television Image and Sound Recorders and Reproducers, and Parts and Accessories of such Articles": {
          "Unspecified": "7.12",
          "Washington, D.C.": "16.11",
          "Beijing": "12.96",
          "Tokyo": "10.63",
          "Berlin": "8.22"
        },
        "Vehicles, Aircraft, Vessels, and Associated Transport Equipment": {
          "Ukraine": "5.62",
          "Tokyo": "42.78",
          "Washington, D.C.": "15.30",
          "Berlin": "7.83",
          "Paris": "6.01"
        },
        "Optical, Photographic, Cinematographic, Measuring, Checking, Precision, Medical or Surgical Instruments and Apparatus; Clocks and Watches; Musical Instruments; Parts and Accessories thereof": {
          "Beijing": "11.28",
          "Tokyo": "10.66",
          "Washington, D.C.": "10.21",
          "Riyadh": "7.44",
          "Berlin": "6.88"
        },
        "Miscellaneous Manufactured Articles": {
          "Unspecified": "8.20",
          "Beijing": "16.24",
          "Washington, D.C.": "11.40",
          "Berlin": "8.63",
          "Abu Dhabi": "6.72"
        }
      }
    },
    "2005": {
      "Imports": {
        "Animals & Animal Products": {
          "Somalia": "18.58",
          "Brasília": "19.31",
          "Paris": "13.87",
          "Canberra": "7.61",
          "Wellington": "6.70"
        },
        "Vegetable Products": {
          "Russian Federation": "17.06",
          "Aruba": "10.72",
          "Washington, D.C.": "16.49",
          "Kuala Lumpur": "14.48",
          "Canberra": "5.85"
        },
        "Prepared Foodstuffs; Beverages, Spirits, Vinegar, Tobacco and Manufactured Tobacco Substitutes": {
          "Brasília": "26.96",
          "Pretoria": "19.82",
          "Riyadh": "11.07",
          "Abu Dhabi": "4.62",
          "Beijing": "4.02"
        },
        "Mineral Products": {
          "Cairo": "43.67",
          "Muscat": "23.51",
          "Riyadh": "16.84",
          "New Delhi": "5.60",
          "Beijing": "2.93"
        },
        "Products of the Chemical or Allied Industries": {
          "London": "11.37",
          "Beijing": "8.69",
          "Cairo": "8.63",
          "New Delhi": "8.55",
          "Riyadh": "8.37"
        },
        "Plastics and Articles thereof; Rubber and Articles thereof": {
          "Riyadh": "43.17",
          "Beijing": "11.60",
          "Abu Dhabi": "7.75",
          "New Delhi": "6.23",
          "Seoul": "6.14"
        },
        "Raw Hides and Skins, Leather, Furskins, and Articles thereof; Saddlery and Harness; Travel Goods, Handbags, and Similar Containers; Articles of Animal Gut (Other than Silk-worm Gut)": {
          "Fm Sudan": "4.89",
          "Thailand": "2.40",
          "Syrian Arab Republic": "2.07",
          "Unspecified": "1.93",
          "Beijing": "78.43"
        },
        "Wood and Articles of Wood; Wood Charcoal; Cork and Articles of Cork; Manufactures of Straw, of Esparto or of Other Plaiting Materials; Basketware and Wickerwork": {
          "Bern": "21.43",
          "Washington, D.C.": "12.49",
          "Berlin": "12.17",
          "Kuala Lumpur": "11.90",
          "Riyadh": "7.73"
        },
        "Textiles and Textile Articles": {
          "Beijing": "51.75",
          "New Delhi": "9.57",
          "Riyadh": "6.49",
          "London": "5.87",
          "Seoul": "4.85"
        },
        "Footwear, Headgear, Umbrellas, Sun Umbrellas, Walking-sticks, Seat-sticks, Whips, Riding-crops, and Parts thereof; Prepared Feathers and Articles Made therewith; Artificial Flowers; Articles of Human Hair": {
          "Syrian Arab Republic": "3.86",
          "Occ.Pal.Terr": "3.75",
          "Thailand": "2.70",
          "Beijing": "72.47",
          "Islamabad": "11.83"
        },
        "Articles of Stone, Plaster, Cement, Asbestos, Mica or Similar Materials; Ceramic Products; Glass and Glassware": {
          "Beijing": "32.59",
          "Abu Dhabi": "13.01",
          "New Delhi": "11.30",
          "Riyadh": "8.18",
          "Madrid": "7.77"
        },
        "Natural or Cultured Pearls, Precious or Semi-precious Stones, Precious Metals, Metals Clad with Precious Metal, and Articles thereof; Imitation Jewellery; Coin": {
          "Unspecified": "26.48",
          "Riyadh": "38.02",
          "Abu Dhabi": "6.98",
          "London": "4.64",
          "New Delhi": "4.57"
        },
        "Base Metals and Articles of Base Metal": {
          "Unspecified": "14.07",
          "Ankara": "24.74",
          "Riyadh": "10.28",
          "Beijing": "8.82",
          "Washington, D.C.": "7.43"
        },
        "Machinery and Mechanical Appliances; Electrical Equipment; Parts thereof; Sound Recorders and Reproducers, Television Image and Sound Recorders and Reproducers, and Parts and Accessories of such Articles": {
          "Unspecified": "17.32",
          "Washington, D.C.": "12.81",
          "Beijing": "10.81",
          "Helsinki": "7.52",
          "Berlin": "7.29"
        },
        "Vehicles, Aircraft, Vessels, and Associated Transport Equipment": {
          "Tokyo": "60.42",
          "Washington, D.C.": "8.43",
          "Berlin": "7.89",
          "Seoul": "3.52",
          "Beijing": "3.21"
        },
        "Optical, Photographic, Cinematographic, Measuring, Checking, Precision, Medical or Surgical Instruments and Apparatus; Clocks and Watches; Musical Instruments; Parts and Accessories thereof": {
          "Unspecified": "8.46",
          "Beijing": "11.11",
          "Tokyo": "10.50",
          "Riyadh": "8.34",
          "Washington, D.C.": "8.30"
        },
        "Miscellaneous Manufactured Articles": {
          "Unspecified": "11.67",
          "Beijing": "25.44",
          "Washington, D.C.": "8.50",
          "Berlin": "7.64",
          "Riyadh": "6.45"
        }
      }
    },
    "2006": {
      "Imports": {
        "Animals & Animal Products": {
          "Somalia": "19.13",
          "Brasília": "18.60",
          "Paris": "10.19",
          "Amsterdam": "6.33",
          "Canberra": "6.12"
        },
        "Vegetable Products": {
          "Russian Federation": "7.45",
          "Ukraine": "7.22",
          "Washington, D.C.": "17.15",
          "Canberra": "12.74",
          "Kuala Lumpur": "11.42"
        },
        "Prepared Foodstuffs; Beverages, Spirits, Vinegar, Tobacco and Manufactured Tobacco Substitutes": {
          "Brasília": "27.95",
          "Riyadh": "12.11",
          "Pretoria": "8.42",
          "New Delhi": "6.01",
          "Beijing": "5.96"
        },
        "Mineral Products": {
          "Muscat": "32.48",
          "New Delhi": "23.19",
          "Riyadh": "18.02",
          "Cairo": "12.38",
          "Beijing": "7.89"
        },
        "Products of the Chemical or Allied Industries": {
          "London": "10.62",
          "New Delhi": "9.12",
          "Cairo": "8.58",
          "Riyadh": "8.27",
          "Beijing": "7.89"
        },
        "Plastics and Articles thereof; Rubber and Articles thereof": {
          "Riyadh": "38.45",
          "Beijing": "17.57",
          "Abu Dhabi": "6.46",
          "New Delhi": "6.27",
          "Seoul": "4.96"
        },
        "Raw Hides and Skins, Leather, Furskins, and Articles thereof; Saddlery and Harness; Travel Goods, Handbags, and Similar Containers; Articles of Animal Gut (Other than Silk-worm Gut)": {
          "Unspecified": "5.97",
          "Syrian Arab Republic": "1.94",
          "Thailand": "1.75",
          "Beijing": "83.86",
          "New Delhi": "1.01"
        },
        "Wood and Articles of Wood; Wood Charcoal; Cork and Articles of Cork; Manufactures of Straw, of Esparto or of Other Plaiting Materials; Basketware and Wickerwork": {
          "Armenia": "10.93",
          "Riyadh": "15.60",
          "Berlin": "12.53",
          "Kuala Lumpur": "12.19",
          "Washington, D.C.": "11.90"
        },
        "Textiles and Textile Articles": {
          "Beijing": "55.40",
          "New Delhi": "7.86",
          "Riyadh": "6.40",
          "Seoul": "4.35",
          "London": "4.15"
        },
        "Footwear, Headgear, Umbrellas, Sun Umbrellas, Walking-sticks, Seat-sticks, Whips, Riding-crops, and Parts thereof; Prepared Feathers and Articles Made therewith; Artificial Flowers; Articles of Human Hair": {
          "Syrian Arab Republic": "3.41",
          "Thailand": "3.18",
          "Bunkers": "2.50",
          "Beijing": "77.88",
          "Islamabad": "7.42"
        },
        "Articles of Stone, Plaster, Cement, Asbestos, Mica or Similar Materials; Ceramic Products; Glass and Glassware": {
          "Beijing": "32.96",
          "Abu Dhabi": "18.71",
          "New Delhi": "8.04",
          "Cairo": "7.77",
          "Madrid": "6.57"
        },
        "Natural or Cultured Pearls, Precious or Semi-precious Stones, Precious Metals, Metals Clad with Precious Metal, and Articles thereof; Imitation Jewellery; Coin": {
          "Unspecified": "6.22",
          "Beijing": "25.74",
          "Riyadh": "19.65",
          "Abu Dhabi": "9.54",
          "New Delhi": "8.71"
        },
        "Base Metals and Articles of Base Metal": {
          "Unspecified": "7.16",
          "Tokyo": "24.57",
          "Ankara": "16.99",
          "Beijing": "11.52",
          "Riyadh": "4.53"
        },
        "Machinery and Mechanical Appliances; Electrical Equipment; Parts thereof; Sound Recorders and Reproducers, Television Image and Sound Recorders and Reproducers, and Parts and Accessories of such Articles": {
          "Unspecified": "20.60",
          "Beijing": "13.38",
          "Washington, D.C.": "10.67",
          "Tokyo": "7.14",
          "Rome": "6.89"
        },
        "Vehicles, Aircraft, Vessels, and Associated Transport Equipment": {
          "Thailand": "5.12",
          "Tokyo": "60.69",
          "Washington, D.C.": "5.69",
          "Berlin": "5.13",
          "Seoul": "4.82"
        },
        "Optical, Photographic, Cinematographic, Measuring, Checking, Precision, Medical or Surgical Instruments and Apparatus; Clocks and Watches; Musical Instruments; Parts and Accessories thereof": {
          "Unspecified": "8.56",
          "Tokyo": "18.04",
          "Beijing": "12.31",
          "Riyadh": "7.26",
          "Washington, D.C.": "6.47"
        },
        "Miscellaneous Manufactured Articles": {
          "Unspecified": "19.55",
          "Beijing": "24.58",
          "Washington, D.C.": "11.59",
          "Berlin": "10.23",
          "Paris": "7.71"
        }
      }
    },
    "2007": {
      "Imports": {
        "Animals & Animal Products": {
          "Somalia": "16.20",
          "Brasília": "19.74",
          "Paris": "12.38",
          "Wellington": "6.24",
          "Canberra": "5.74"
        },
        "Vegetable Products": {
          "Russian Federation": "15.71",
          "Aruba": "5.03",
          "Washington, D.C.": "29.51",
          "Kuala Lumpur": "6.04",
          "Islamabad": "5.31"
        },
        "Prepared Foodstuffs; Beverages, Spirits, Vinegar, Tobacco and Manufactured Tobacco Substitutes": {
          "New Delhi": "22.76",
          "Brasília": "17.34",
          "Riyadh": "11.89",
          "Pretoria": "6.23",
          "Beijing": "5.90"
        },
        "Mineral Products": {
          "Muscat": "30.68",
          "New Delhi": "25.37",
          "Riyadh": "22.15",
          "Islamabad": "8.49",
          "Cairo": "4.34"
        },
        "Products of the Chemical or Allied Industries": {
          "New Delhi": "10.41",
          "Riyadh": "9.48",
          "Beijing": "9.37",
          "Cairo": "9.14",
          "London": "6.60"
        },
        "Plastics and Articles thereof; Rubber and Articles thereof": {
          "Riyadh": "38.36",
          "Beijing": "17.37",
          "Abu Dhabi": "5.97",
          "New Delhi": "4.35",
          "Seoul": "3.65"
        },
        "Raw Hides and Skins, Leather, Furskins, and Articles thereof; Saddlery and Harness; Travel Goods, Handbags, and Similar Containers; Articles of Animal Gut (Other than Silk-worm Gut)": {
          "Unspecified": "9.77",
          "Thailand": "3.72",
          "Beijing": "72.70",
          "Washington, D.C.": "2.85",
          "New Delhi": "2.00"
        },
        "Wood and Articles of Wood; Wood Charcoal; Cork and Articles of Cork; Manufactures of Straw, of Esparto or of Other Plaiting Materials; Basketware and Wickerwork": {
          "Washington, D.C.": "17.99",
          "Kuala Lumpur": "15.82",
          "Riyadh": "15.39",
          "Bern": "8.63",
          "Beijing": "6.27"
        },
        "Textiles and Textile Articles": {
          "Beijing": "57.04",
          "New Delhi": "9.50",
          "Riyadh": "3.80",
          "Seoul": "3.70",
          "London": "3.21"
        },
        "Footwear, Headgear, Umbrellas, Sun Umbrellas, Walking-sticks, Seat-sticks, Whips, Riding-crops, and Parts thereof; Prepared Feathers and Articles Made therewith; Artificial Flowers; Articles of Human Hair": {
          "Jordan": "2.75",
          "Syrian Arab Republic": "2.33",
          "Beijing": "79.28",
          "Rabat": "5.17",
          "Islamabad": "2.97"
        },
        "Articles of Stone, Plaster, Cement, Asbestos, Mica or Similar Materials; Ceramic Products; Glass and Glassware": {
          "Beijing": "32.89",
          "Abu Dhabi": "23.03",
          "New Delhi": "8.19",
          "Cairo": "7.74",
          "Riyadh": "6.99"
        },
        "Natural or Cultured Pearls, Precious or Semi-precious Stones, Precious Metals, Metals Clad with Precious Metal, and Articles thereof; Imitation Jewellery; Coin": {
          "Beijing": "26.04",
          "Abu Dhabi": "11.79",
          "Manama": "11.76",
          "Riyadh": "11.16",
          "New Delhi": "8.90"
        },
        "Base Metals and Articles of Base Metal": {
          "Unspecified": "6.87",
          "Beijing": "25.14",
          "Ankara": "15.82",
          "Jakarta": "7.09",
          "Riyadh": "5.72"
        },
        "Machinery and Mechanical Appliances; Electrical Equipment; Parts thereof; Sound Recorders and Reproducers, Television Image and Sound Recorders and Reproducers, and Parts and Accessories of such Articles": {
          "Unspecified": "11.56",
          "Armenia": "9.65",
          "Beijing": "15.12",
          "Berlin": "10.53",
          "Paris": "9.18"
        },
        "Vehicles, Aircraft, Vessels, and Associated Transport Equipment": {
          "Thailand": "6.01",
          "Tokyo": "52.83",
          "Seoul": "8.89",
          "Washington, D.C.": "5.82",
          "Berlin": "4.39"
        },
        "Optical, Photographic, Cinematographic, Measuring, Checking, Precision, Medical or Surgical Instruments and Apparatus; Clocks and Watches; Musical Instruments; Parts and Accessories thereof": {
          "Unspecified": "6.48",
          "Beijing": "15.90",
          "Tokyo": "10.42",
          "Riyadh": "6.97",
          "Washington, D.C.": "6.38"
        },
        "Miscellaneous Manufactured Articles": {
          "Unspecified": "10.50",
          "Beijing": "17.96",
          "Washington, D.C.": "11.84",
          "Sofia": "8.19",
          "Berlin": "5.96"
        }
      }
    },
    "2008": {
      "Imports": {
        "Animals & Animal Products": {
          "Somalia": "11.07",
          "Brasília": "20.04",
          "Paris": "11.69",
          "Washington, D.C.": "7.96",
          "Canberra": "6.81"
        },
        "Vegetable Products": {
          "Kazakhstan": "8.68",
          "Russian Federation": "6.74",
          "Washington, D.C.": "16.70",
          "Canberra": "16.42",
          "New Delhi": "9.25"
        },
        "Prepared Foodstuffs; Beverages, Spirits, Vinegar, Tobacco and Manufactured Tobacco Substitutes": {
          "New Delhi": "20.14",
          "Brasília": "16.43",
          "Riyadh": "15.39",
          "Pretoria": "6.44",
          "Beijing": "6.25"
        },
        "Mineral Products": {
          "Muscat": "32.52",
          "Riyadh": "23.27",
          "New Delhi": "21.23",
          "Islamabad": "9.39",
          "Cairo": "5.49"
        },
        "Products of the Chemical or Allied Industries": {
          "Unspecified": "14.23",
          "Riyadh": "10.37",
          "Beijing": "10.07",
          "New Delhi": "9.64",
          "Cairo": "8.38"
        },
        "Plastics and Articles thereof; Rubber and Articles thereof": {
          "Unspecified": "6.24",
          "Riyadh": "36.13",
          "Beijing": "17.36",
          "Abu Dhabi": "6.60",
          "New Delhi": "5.17"
        },
        "Raw Hides and Skins, Leather, Furskins, and Articles thereof; Saddlery and Harness; Travel Goods, Handbags, and Similar Containers; Articles of Animal Gut (Other than Silk-worm Gut)": {
          "Unspecified": "4.68",
          "Syrian Arab Republic": "1.02",
          "Beijing": "79.15",
          "Washington, D.C.": "3.83",
          "New Delhi": "3.12"
        },
        "Wood and Articles of Wood; Wood Charcoal; Cork and Articles of Cork; Manufactures of Straw, of Esparto or of Other Plaiting Materials; Basketware and Wickerwork": {
          "Kuala Lumpur": "28.67",
          "Riyadh": "11.36",
          "Jakarta": "9.01",
          "Stockholm": "8.20",
          "Beijing": "5.10"
        },
        "Textiles and Textile Articles": {
          "Beijing": "55.49",
          "New Delhi": "9.67",
          "Riyadh": "4.89",
          "Islamabad": "3.99",
          "London": "3.95"
        },
        "Footwear, Headgear, Umbrellas, Sun Umbrellas, Walking-sticks, Seat-sticks, Whips, Riding-crops, and Parts thereof; Prepared Feathers and Articles Made therewith; Artificial Flowers; Articles of Human Hair": {
          "Syrian Arab Republic": "4.40",
          "Thailand": "2.69",
          "Beijing": "62.23",
          "Rabat": "17.48",
          "Paris": "4.32"
        },
        "Articles of Stone, Plaster, Cement, Asbestos, Mica or Similar Materials; Ceramic Products; Glass and Glassware": {
          "Abu Dhabi": "33.49",
          "Beijing": "33.08",
          "Cairo": "7.48",
          "Riyadh": "6.61",
          "New Delhi": "3.39"
        },
        "Natural or Cultured Pearls, Precious or Semi-precious Stones, Precious Metals, Metals Clad with Precious Metal, and Articles thereof; Imitation Jewellery; Coin": {
          "Beijing": "31.10",
          "Riyadh": "12.61",
          "New Delhi": "11.73",
          "Manama": "8.55",
          "Abu Dhabi": "8.27"
        },
        "Base Metals and Articles of Base Metal": {
          "Unspecified": "9.36",
          "Ankara": "23.17",
          "Beijing": "17.44",
          "Kuala Lumpur": "6.34",
          "Rome": "5.78"
        },
        "Machinery and Mechanical Appliances; Electrical Equipment; Parts thereof; Sound Recorders and Reproducers, Television Image and Sound Recorders and Reproducers, and Parts and Accessories of such Articles": {
          "Unspecified": "18.46",
          "Washington, D.C.": "21.69",
          "Beijing": "15.02",
          "Rome": "8.37",
          "Helsinki": "4.44"
        },
        "Vehicles, Aircraft, Vessels, and Associated Transport Equipment": {
          "Thailand": "6.96",
          "Tokyo": "51.16",
          "Seoul": "12.96",
          "Washington, D.C.": "6.89",
          "Berlin": "6.72"
        },
        "Optical, Photographic, Cinematographic, Measuring, Checking, Precision, Medical or Surgical Instruments and Apparatus; Clocks and Watches; Musical Instruments; Parts and Accessories thereof": {
          "Unspecified": "10.52",
          "Beijing": "15.02",
          "Tokyo": "10.69",
          "Washington, D.C.": "9.86",
          "Riyadh": "6.02"
        },
        "Miscellaneous Manufactured Articles": {
          "Unspecified": "20.48",
          "Russian Federation": "3.84",
          "Beijing": "30.40",
          "Berlin": "7.19",
          "Washington, D.C.": "5.78"
        }
      }
    },
    "2009": {
      "Imports": {
        "Animals & Animal Products": {
          "Somalia": "9.57",
          "Brasília": "24.63",
          "Paris": "14.48",
          "Wellington": "6.61",
          "Riyadh": "6.25"
        },
        "Vegetable Products": {
          "Thailand": "9.52",
          "Canberra": "20.69",
          "Paris": "9.41",
          "Washington, D.C.": "8.54",
          "New Delhi": "8.36"
        },
        "Prepared Foodstuffs; Beverages, Spirits, Vinegar, Tobacco and Manufactured Tobacco Substitutes": {
          "Brasília": "28.21",
          "Riyadh": "18.40",
          "Pretoria": "6.75",
          "Buenos Aires": "6.67",
          "Beijing": "4.89"
        },
        "Mineral Products": {
          "Muscat": "40.90",
          "New Delhi": "30.20",
          "Islamabad": "11.64",
          "Cairo": "6.50",
          "Riyadh": "2.76"
        },
        "Products of the Chemical or Allied Industries": {
          "Unspecified": "14.99",
          "Riyadh": "11.52",
          "Beijing": "10.28",
          "New Delhi": "9.81",
          "Cairo": "9.18"
        },
        "Plastics and Articles thereof; Rubber and Articles thereof": {
          "Unspecified": "4.27",
          "Riyadh": "37.10",
          "Beijing": "16.73",
          "Abu Dhabi": "6.92",
          "New Delhi": "4.81"
        },
        "Raw Hides and Skins, Leather, Furskins, and Articles thereof; Saddlery and Harness; Travel Goods, Handbags, and Similar Containers; Articles of Animal Gut (Other than Silk-worm Gut)": {
          "Unspecified": "1.76",
          "Other Asia, nes": "0.96",
          "Beijing": "87.64",
          "Washington, D.C.": "2.76",
          "New Delhi": "1.28"
        },
        "Wood and Articles of Wood; Wood Charcoal; Cork and Articles of Cork; Manufactures of Straw, of Esparto or of Other Plaiting Materials; Basketware and Wickerwork": {
          "Washington, D.C.": "38.52",
          "Kuala Lumpur": "16.96",
          "Berlin": "12.72",
          "Jakarta": "5.16",
          "Stockholm": "5.00"
        },
        "Textiles and Textile Articles": {
          "Unspecified": "4.05",
          "Beijing": "55.89",
          "New Delhi": "9.69",
          "Riyadh": "6.49",
          "Jakarta": "3.46"
        },
        "Footwear, Headgear, Umbrellas, Sun Umbrellas, Walking-sticks, Seat-sticks, Whips, Riding-crops, and Parts thereof; Prepared Feathers and Articles Made therewith; Artificial Flowers; Articles of Human Hair": {
          "Syrian Arab Republic": "5.00",
          "Thailand": "3.90",
          "Beijing": "83.33",
          "Jakarta": "2.15",
          "Islamabad": "1.45"
        },
        "Articles of Stone, Plaster, Cement, Asbestos, Mica or Similar Materials; Ceramic Products; Glass and Glassware": {
          "Beijing": "41.92",
          "Abu Dhabi": "11.77",
          "Cairo": "9.08",
          "Riyadh": "9.03",
          "New Delhi": "7.65"
        },
        "Natural or Cultured Pearls, Precious or Semi-precious Stones, Precious Metals, Metals Clad with Precious Metal, and Articles thereof; Imitation Jewellery; Coin": {
          "Beijing": "25.81",
          "Riyadh": "19.50",
          "Cairo": "12.51",
          "Abu Dhabi": "11.73",
          "New Delhi": "7.63"
        },
        "Base Metals and Articles of Base Metal": {
          "Unspecified": "6.44",
          "Ankara": "40.51",
          "Beijing": "16.32",
          "Riyadh": "4.51",
          "Washington, D.C.": "4.33"
        },
        "Vehicles, Aircraft, Vessels, and Associated Transport Equipment": {
          "Thailand": "7.32",
          "Tokyo": "41.35",
          "Seoul": "12.85",
          "Stockholm": "7.51",
          "Ottawa": "7.35"
        },
        "Optical, Photographic, Cinematographic, Measuring, Checking, Precision, Medical or Surgical Instruments and Apparatus; Clocks and Watches; Musical Instruments; Parts and Accessories thereof": {
          "Unspecified": "7.82",
          "Beijing": "16.86",
          "Tokyo": "11.30",
          "Washington, D.C.": "10.05",
          "Ankara": "7.29"
        },
        "Miscellaneous Manufactured Articles": {
          "Unspecified": "15.64",
          "Beijing": "38.92",
          "Washington, D.C.": "8.73",
          "Berlin": "7.20",
          "Riyadh": "4.26"
        }
      }
    },
    "2010": {
      "Imports": {
        "Animals & Animal Products": {
          "Somalia": "8.20",
          "Brasília": "22.90",
          "Paris": "15.47",
          "Wellington": "8.21",
          "Abu Dhabi": "5.87"
        },
        "Vegetable Products": {
          "Russian Federation": "6.69",
          "Kuala Lumpur": "16.75",
          "Canberra": "13.07",
          "Paris": "12.28",
          "Washington, D.C.": "8.97"
        },
        "Prepared Foodstuffs; Beverages, Spirits, Vinegar, Tobacco and Manufactured Tobacco Substitutes": {
          "Brasília": "32.89",
          "Riyadh": "15.82",
          "Beijing": "5.51",
          "Pretoria": "5.43",
          "Buenos Aires": "5.31"
        },
        "Mineral Products": {
          "Muscat": "43.42",
          "New Delhi": "21.05",
          "Islamabad": "11.54",
          "Cairo": "6.58",
          "Abu Dhabi": "5.09"
        },
        "Products of the Chemical or Allied Industries": {
          "Unspecified": "13.85",
          "Beijing": "10.78",
          "New Delhi": "10.42",
          "Cairo": "10.29",
          "Riyadh": "10.02"
        },
        "Plastics and Articles thereof; Rubber and Articles thereof": {
          "Unspecified": "3.87",
          "Riyadh": "34.44",
          "Beijing": "16.52",
          "Abu Dhabi": "6.96",
          "Seoul": "3.82"
        },
        "Raw Hides and Skins, Leather, Furskins, and Articles thereof; Saddlery and Harness; Travel Goods, Handbags, and Similar Containers; Articles of Animal Gut (Other than Silk-worm Gut)": {
          "Unspecified": "3.10",
          "Other Asia, nes": "1.96",
          "Beijing": "84.77",
          "Washington, D.C.": "5.34",
          "New Delhi": "0.68"
        },
        "Wood and Articles of Wood; Wood Charcoal; Cork and Articles of Cork; Manufactures of Straw, of Esparto or of Other Plaiting Materials; Basketware and Wickerwork": {
          "Kuala Lumpur": "23.40",
          "Riyadh": "23.32",
          "Jakarta": "6.17",
          "Stockholm": "6.11",
          "Cairo": "4.97"
        },
        "Textiles and Textile Articles": {
          "Beijing": "50.20",
          "New Delhi": "11.41",
          "Cairo": "7.50",
          "Riyadh": "4.93",
          "Tokyo": "4.56"
        },
        "Footwear, Headgear, Umbrellas, Sun Umbrellas, Walking-sticks, Seat-sticks, Whips, Riding-crops, and Parts thereof; Prepared Feathers and Articles Made therewith; Artificial Flowers; Articles of Human Hair": {
          "Syrian Arab Republic": "7.89",
          "Thailand": "4.81",
          "Unspecified": "1.69",
          "Beijing": "80.86",
          "Jakarta": "1.76"
        },
        "Articles of Stone, Plaster, Cement, Asbestos, Mica or Similar Materials; Ceramic Products; Glass and Glassware": {
          "Beijing": "34.03",
          "Abu Dhabi": "22.48",
          "Cairo": "10.16",
          "Riyadh": "6.34",
          "New Delhi": "5.08"
        },
        "Natural or Cultured Pearls, Precious or Semi-precious Stones, Precious Metals, Metals Clad with Precious Metal, and Articles thereof; Imitation Jewellery; Coin": {
          "Beijing": "25.29",
          "Cairo": "15.93",
          "Riyadh": "15.76",
          "New Delhi": "12.16",
          "Abu Dhabi": "7.45"
        },
        "Base Metals and Articles of Base Metal": {
          "Unspecified": "7.93",
          "Ankara": "27.68",
          "Beijing": "12.17",
          "Washington, D.C.": "10.19",
          "Rome": "8.71"
        },
        "Machinery and Mechanical Appliances; Electrical Equipment; Parts thereof; Sound Recorders and Reproducers, Television Image and Sound Recorders and Reproducers, and Parts and Accessories of such Articles": {
          "Unspecified": "21.45",
          "Beijing": "22.93",
          "Washington, D.C.": "10.73",
          "London": "5.21",
          "Berlin": "4.12"
        },
        "Vehicles, Aircraft, Vessels, and Associated Transport Equipment": {
          "Thailand": "10.46",
          "Tokyo": "41.13",
          "Seoul": "14.66",
          "Washington, D.C.": "7.59",
          "Stockholm": "6.12"
        },
        "Optical, Photographic, Cinematographic, Measuring, Checking, Precision, Medical or Surgical Instruments and Apparatus; Clocks and Watches; Musical Instruments; Parts and Accessories thereof": {
          "Unspecified": "9.54",
          "Beijing": "14.91",
          "Tokyo": "11.24",
          "Riyadh": "7.41",
          "Washington, D.C.": "7.01"
        },
        "Miscellaneous Manufactured Articles": {
          "Unspecified": "20.63",
          "Beijing": "37.88",
          "Washington, D.C.": "8.37",
          "Berlin": "6.41",
          "New Delhi": "3.16"
        }
      }
    },
    "2011": {
      "Imports": {
        "Animals & Animal Products": {
          "Somalia": "7.85",
          "Brasília": "19.89",
          "Paris": "19.49",
          "Copenhagen": "7.11",
          "Abu Dhabi": "6.70"
        },
        "Vegetable Products": {
          "Aruba": "8.61",
          "Canberra": "15.22",
          "Washington, D.C.": "14.54",
          "Islamabad": "9.50",
          "Kuala Lumpur": "9.35"
        },
        "Prepared Foodstuffs; Beverages, Spirits, Vinegar, Tobacco and Manufactured Tobacco Substitutes": {
          "Aruba": "6.19",
          "Brasília": "27.59",
          "New Delhi": "18.48",
          "Riyadh": "14.75",
          "Pretoria": "4.04"
        },
        "Mineral Products": {
          "Muscat": "48.48",
          "Abu Dhabi": "15.39",
          "Islamabad": "9.01",
          "Cairo": "6.91",
          "New Delhi": "6.14"
        },
        "Products of the Chemical or Allied Industries": {
          "Unspecified": "7.11",
          "New Delhi": "11.08",
          "Riyadh": "10.02",
          "Beijing": "9.57",
          "Cairo": "7.35"
        },
        "Plastics and Articles thereof; Rubber and Articles thereof": {
          "Thailand": "3.04",
          "Riyadh": "40.60",
          "Beijing": "16.71",
          "Abu Dhabi": "6.90",
          "New Delhi": "3.68"
        },
        "Raw Hides and Skins, Leather, Furskins, and Articles thereof; Saddlery and Harness; Travel Goods, Handbags, and Similar Containers; Articles of Animal Gut (Other than Silk-worm Gut)": {
          "Unspecified": "2.10",
          "Beijing": "84.47",
          "Washington, D.C.": "4.14",
          "Rome": "2.90",
          "New Delhi": "1.48"
        },
        "Wood and Articles of Wood; Wood Charcoal; Cork and Articles of Cork; Manufactures of Straw, of Esparto or of Other Plaiting Materials; Basketware and Wickerwork": {
          "Berlin": "29.90",
          "Washington, D.C.": "25.36",
          "Riyadh": "14.73",
          "Kuala Lumpur": "8.16",
          "Stockholm": "3.45"
        },
        "Textiles and Textile Articles": {
          "Unspecified": "4.02",
          "Beijing": "57.34",
          "New Delhi": "11.73",
          "Riyadh": "5.03",
          "Tokyo": "3.95"
        },
        "Footwear, Headgear, Umbrellas, Sun Umbrellas, Walking-sticks, Seat-sticks, Whips, Riding-crops, and Parts thereof; Prepared Feathers and Articles Made therewith; Artificial Flowers; Articles of Human Hair": {
          "Syrian Arab Republic": "9.60",
          "Thailand": "5.06",
          "Unspecified": "0.98",
          "Beijing": "79.04",
          "Islamabad": "1.34"
        },
        "Articles of Stone, Plaster, Cement, Asbestos, Mica or Similar Materials; Ceramic Products; Glass and Glassware": {
          "Beijing": "40.49",
          "Cairo": "14.84",
          "Abu Dhabi": "8.81",
          "Riyadh": "7.06",
          "New Delhi": "6.01"
        },
        "Natural or Cultured Pearls, Precious or Semi-precious Stones, Precious Metals, Metals Clad with Precious Metal, and Articles thereof; Imitation Jewellery; Coin": {
          "Beijing": "31.67",
          "Riyadh": "18.33",
          "Cairo": "14.13",
          "Abu Dhabi": "8.97",
          "New Delhi": "8.36"
        },
        "Base Metals and Articles of Base Metal": {
          "Unspecified": "6.67",
          "Ankara": "33.23",
          "Beijing": "19.41",
          "Washington, D.C.": "7.43",
          "Riyadh": "5.74"
        },
        "Machinery and Mechanical Appliances; Electrical Equipment; Parts thereof; Sound Recorders and Reproducers, Television Image and Sound Recorders and Reproducers, and Parts and Accessories of such Articles": {
          "Unspecified": "18.64",
          "Beijing": "24.64",
          "Rome": "6.15",
          "Washington, D.C.": "5.95",
          "New Delhi": "5.75"
        },
        "Vehicles, Aircraft, Vessels, and Associated Transport Equipment": {
          "Thailand": "11.32",
          "Unspecified": "6.58",
          "Tokyo": "37.80",
          "Seoul": "15.61",
          "Washington, D.C.": "8.63"
        },
        "Optical, Photographic, Cinematographic, Measuring, Checking, Precision, Medical or Surgical Instruments and Apparatus; Clocks and Watches; Musical Instruments; Parts and Accessories thereof": {
          "Unspecified": "7.79",
          "Beijing": "15.51",
          "Washington, D.C.": "9.48",
          "Tokyo": "8.54",
          "Riyadh": "8.41"
        },
        "Miscellaneous Manufactured Articles": {
          "Unspecified": "13.45",
          "Armenia": "7.94",
          "Beijing": "36.72",
          "Washington, D.C.": "7.26",
          "New Delhi": "4.40"
        }
      }
    },
    "2012": {
      "Imports": {
        "Animals & Animal Products": {
          "Somalia": "7.75",
          "Brasília": "22.37",
          "Paris": "15.31",
          "Copenhagen": "7.39",
          "Abu Dhabi": "6.68"
        },
        "Vegetable Products": {
          "Russian Federation": "11.98",
          "Aruba": "9.22",
          "Canberra": "17.25",
          "New Delhi": "16.12",
          "Kuala Lumpur": "8.75"
        },
        "Prepared Foodstuffs; Beverages, Spirits, Vinegar, Tobacco and Manufactured Tobacco Substitutes": {
          "Aruba": "5.43",
          "Brasília": "25.04",
          "Riyadh": "16.00",
          "New Delhi": "12.43",
          "Beijing": "6.00"
        },
        "Mineral Products": {
          "Abu Dhabi": "46.37",
          "Muscat": "34.95",
          "Cairo": "7.17",
          "Hanoi": "3.22",
          "New Delhi": "2.38"
        },
        "Products of the Chemical or Allied Industries": {
          "Armenia": "6.33",
          "Riyadh": "12.78",
          "Beijing": "11.15",
          "New Delhi": "9.75",
          "Cairo": "9.50"
        },
        "Plastics and Articles thereof; Rubber and Articles thereof": {
          "Riyadh": "37.94",
          "Beijing": "21.14",
          "Abu Dhabi": "4.69",
          "New Delhi": "3.76",
          "Jakarta": "3.41"
        },
        "Raw Hides and Skins, Leather, Furskins, and Articles thereof; Saddlery and Harness; Travel Goods, Handbags, and Similar Containers; Articles of Animal Gut (Other than Silk-worm Gut)": {
          "Unspecified": "2.34",
          "Other Asia, nes": "0.66",
          "Beijing": "92.64",
          "Washington, D.C.": "1.16",
          "Cairo": "0.57"
        },
        "Wood and Articles of Wood; Wood Charcoal; Cork and Articles of Cork; Manufactures of Straw, of Esparto or of Other Plaiting Materials; Basketware and Wickerwork": {
          "Kuala Lumpur": "27.58",
          "Riyadh": "17.03",
          "Stockholm": "7.73",
          "Jakarta": "6.05",
          "Beijing": "5.07"
        },
        "Textiles and Textile Articles": {
          "Unspecified": "4.44",
          "Beijing": "58.18",
          "New Delhi": "12.43",
          "Riyadh": "5.89",
          "Seoul": "3.28"
        },
        "Footwear, Headgear, Umbrellas, Sun Umbrellas, Walking-sticks, Seat-sticks, Whips, Riding-crops, and Parts thereof; Prepared Feathers and Articles Made therewith; Artificial Flowers; Articles of Human Hair": {
          "Syrian Arab Republic": "8.79",
          "Tunisia": "6.04",
          "Thailand": "5.60",
          "Beijing": "74.59",
          "Islamabad": "0.91"
        },
        "Articles of Stone, Plaster, Cement, Asbestos, Mica or Similar Materials; Ceramic Products; Glass and Glassware": {
          "Abu Dhabi": "34.67",
          "Beijing": "25.81",
          "Riyadh": "13.43",
          "Cairo": "9.20",
          "Madrid": "4.45"
        },
        "Natural or Cultured Pearls, Precious or Semi-precious Stones, Precious Metals, Metals Clad with Precious Metal, and Articles thereof; Imitation Jewellery; Coin": {
          "Beijing": "25.93",
          "Abu Dhabi": "21.44",
          "Riyadh": "14.44",
          "Cairo": "10.15",
          "New Delhi": "8.00"
        },
        "Base Metals and Articles of Base Metal": {
          "Unspecified": "5.90",
          "Ankara": "44.52",
          "Beijing": "15.54",
          "Riyadh": "6.80",
          "Abu Dhabi": "3.99"
        },
        "Machinery and Mechanical Appliances; Electrical Equipment; Parts thereof; Sound Recorders and Reproducers, Television Image and Sound Recorders and Reproducers, and Parts and Accessories of such Articles": {
          "Unspecified": "14.71",
          "Armenia": "10.87",
          "Beijing": "29.06",
          "Washington, D.C.": "9.19",
          "Berlin": "4.64"
        },
        "Vehicles, Aircraft, Vessels, and Associated Transport Equipment": {
          "Thailand": "13.87",
          "Tokyo": "38.27",
          "Seoul": "15.17",
          "Washington, D.C.": "7.45",
          "Stockholm": "5.93"
        },
        "Optical, Photographic, Cinematographic, Measuring, Checking, Precision, Medical or Surgical Instruments and Apparatus; Clocks and Watches; Musical Instruments; Parts and Accessories thereof": {
          "Unspecified": "6.04",
          "Beijing": "17.94",
          "Tokyo": "10.03",
          "Riyadh": "8.80",
          "Ankara": "7.91"
        },
        "Miscellaneous Manufactured Articles": {
          "Canberra": "43.56",
          "Washington, D.C.": "24.56",
          "Paris": "5.81",
          "Berlin": "5.29",
          "Beijing": "4.63"
        }
      }
    },
    "2013": {
      "Imports": {
        "Animals & Animal Products": {
          "Brasília": "26.60",
          "Paris": "16.10",
          "Copenhagen": "7.99",
          "New Delhi": "5.88",
          "Abu Dhabi": "5.58"
        },
        "Vegetable Products": {
          "Russian Federation": "10.22",
          "New Delhi": "17.14",
          "Canberra": "14.28",
          "Paris": "9.99",
          "Washington, D.C.": "9.85"
        },
        "Prepared Foodstuffs; Beverages, Spirits, Vinegar, Tobacco and Manufactured Tobacco Substitutes": {
          "Brasília": "24.01",
          "Riyadh": "18.76",
          "Buenos Aires": "7.01",
          "Beijing": "5.76",
          "Pretoria": "4.56"
        },
        "Mineral Products": {
          "Iran, Islamic Rep.": "1.42",
          "Muscat": "43.58",
          "Abu Dhabi": "42.70",
          "Cairo": "5.12",
          "Riyadh": "3.01"
        },
        "Products of the Chemical or Allied Industries": {
          "Unspecified": "15.27",
          "Riyadh": "14.01",
          "Beijing": "9.87",
          "Cairo": "9.65",
          "New Delhi": "8.79"
        },
        "Plastics and Articles thereof; Rubber and Articles thereof": {
          "Unspecified": "2.97",
          "Riyadh": "40.99",
          "Beijing": "22.48",
          "Abu Dhabi": "4.22",
          "New Delhi": "3.69"
        },
        "Raw Hides and Skins, Leather, Furskins, and Articles thereof; Saddlery and Harness; Travel Goods, Handbags, and Similar Containers; Articles of Animal Gut (Other than Silk-worm Gut)": {
          "Unspecified": "4.49",
          "Mauritania": "1.65",
          "Ethiopia(excludes Eritrea)": "1.07",
          "Beijing": "88.06",
          "Washington, D.C.": "1.63"
        },
        "Wood and Articles of Wood; Wood Charcoal; Cork and Articles of Cork; Manufactures of Straw, of Esparto or of Other Plaiting Materials; Basketware and Wickerwork": {
          "Kuala Lumpur": "23.33",
          "Riyadh": "22.55",
          "Stockholm": "9.59",
          "Jakarta": "6.50",
          "Vienna": "6.15"
        },
        "Textiles and Textile Articles": {
          "Unspecified": "5.10",
          "Beijing": "57.29",
          "New Delhi": "13.42",
          "Ankara": "5.26",
          "Riyadh": "5.17"
        },
        "Footwear, Headgear, Umbrellas, Sun Umbrellas, Walking-sticks, Seat-sticks, Whips, Riding-crops, and Parts thereof; Prepared Feathers and Articles Made therewith; Artificial Flowers; Articles of Human Hair": {
          "Syrian Arab Republic": "5.48",
          "Thailand": "3.74",
          "Unspecified": "1.99",
          "Beijing": "79.26",
          "Ankara": "4.41"
        },
        "Articles of Stone, Plaster, Cement, Asbestos, Mica or Similar Materials; Ceramic Products; Glass and Glassware": {
          "Abu Dhabi": "30.20",
          "Beijing": "28.32",
          "Riyadh": "10.90",
          "Cairo": "8.47",
          "Madrid": "5.86"
        },
        "Natural or Cultured Pearls, Precious or Semi-precious Stones, Precious Metals, Metals Clad with Precious Metal, and Articles thereof; Imitation Jewellery; Coin": {
          "Abu Dhabi": "29.25",
          "Beijing": "18.59",
          "Riyadh": "15.71",
          "Cairo": "5.55",
          "New Delhi": "4.78"
        },
        "Base Metals and Articles of Base Metal": {
          "Unspecified": "5.30",
          "Ankara": "43.04",
          "Beijing": "16.77",
          "Riyadh": "7.17",
          "New Delhi": "3.89"
        },
        "Machinery and Mechanical Appliances; Electrical Equipment; Parts thereof; Sound Recorders and Reproducers, Television Image and Sound Recorders and Reproducers, and Parts and Accessories of such Articles": {
          "Unspecified": "25.50",
          "Beijing": "27.58",
          "Washington, D.C.": "9.23",
          "London": "4.12",
          "Rome": "3.52"
        },
        "Vehicles, Aircraft, Vessels, and Associated Transport Equipment": {
          "Thailand": "11.55",
          "Unspecified": "7.67",
          "Tokyo": "36.46",
          "Seoul": "16.17",
          "Washington, D.C.": "7.63"
        },
        "Optical, Photographic, Cinematographic, Measuring, Checking, Precision, Medical or Surgical Instruments and Apparatus; Clocks and Watches; Musical Instruments; Parts and Accessories thereof": {
          "Unspecified": "11.22",
          "Beijing": "18.77",
          "Tokyo": "9.82",
          "Riyadh": "9.67",
          "Ankara": "7.89"
        },
        "Miscellaneous Manufactured Articles": {
          "Abu Dhabi": "42.79",
          "Amsterdam": "22.31",
          "Bern": "14.90",
          "Kuwait City": "14.47",
          "Riyadh": "1.37"
        }
      }
    },
    "2014": {
      "Imports": {
        "Animals & Animal Products": {
          "Brasília": "24.69",
          "Paris": "12.56",
          "Wellington": "11.17",
          "Copenhagen": "9.41",
          "Riyadh": "5.98"
        },
        "Vegetable Products": {
          "Russian Federation": "11.57",
          "New Delhi": "15.07",
          "Canberra": "13.92",
          "Buenos Aires": "9.74",
          "Jakarta": "6.84"
        },
        "Prepared Foodstuffs; Beverages, Spirits, Vinegar, Tobacco and Manufactured Tobacco Substitutes": {
          "Thailand": "5.73",
          "Brasília": "30.53",
          "Riyadh": "13.40",
          "Buenos Aires": "9.91",
          "Cairo": "4.96"
        },
        "Mineral Products": {
          "Iran, Islamic Rep.": "8.62",
          "Abu Dhabi": "39.16",
          "Muscat": "38.85",
          "Cairo": "5.38",
          "Riyadh": "2.82"
        },
        "Products of the Chemical or Allied Industries": {
          "Unspecified": "14.55",
          "New Delhi": "12.59",
          "Beijing": "11.84",
          "Riyadh": "11.58",
          "Cairo": "7.39"
        },
        "Plastics and Articles thereof; Rubber and Articles thereof": {
          "Unspecified": "3.52",
          "Riyadh": "36.86",
          "Beijing": "23.57",
          "Abu Dhabi": "5.21",
          "New Delhi": "3.62"
        },
        "Raw Hides and Skins, Leather, Furskins, and Articles thereof; Saddlery and Harness; Travel Goods, Handbags, and Similar Containers; Articles of Animal Gut (Other than Silk-worm Gut)": {
          "Unspecified": "3.62",
          "Ethiopia(excludes Eritrea)": "0.74",
          "Beijing": "84.92",
          "Rome": "6.30",
          "New Delhi": "0.83"
        },
        "Wood and Articles of Wood; Wood Charcoal; Cork and Articles of Cork; Manufactures of Straw, of Esparto or of Other Plaiting Materials; Basketware and Wickerwork": {
          "Washington, D.C.": "24.90",
          "Kuala Lumpur": "24.45",
          "Riyadh": "12.56",
          "Stockholm": "6.20",
          "Jakarta": "4.02"
        },
        "Textiles and Textile Articles": {
          "Unspecified": "3.56",
          "Beijing": "66.78",
          "New Delhi": "11.31",
          "Riyadh": "3.40",
          "Ankara": "3.20"
        },
        "Footwear, Headgear, Umbrellas, Sun Umbrellas, Walking-sticks, Seat-sticks, Whips, Riding-crops, and Parts thereof; Prepared Feathers and Articles Made therewith; Artificial Flowers; Articles of Human Hair": {
          "Unspecified": "2.78",
          "Thailand": "2.56",
          "Beijing": "82.22",
          "Ankara": "4.23",
          "Islamabad": "3.20"
        },
        "Articles of Stone, Plaster, Cement, Asbestos, Mica or Similar Materials; Ceramic Products; Glass and Glassware": {
          "Abu Dhabi": "59.41",
          "Beijing": "16.66",
          "Riyadh": "5.96",
          "New Delhi": "4.48",
          "Cairo": "3.98"
        },
        "Natural or Cultured Pearls, Precious or Semi-precious Stones, Precious Metals, Metals Clad with Precious Metal, and Articles thereof; Imitation Jewellery; Coin": {
          "Abu Dhabi": "31.45",
          "Beijing": "24.29",
          "Riyadh": "14.37",
          "Madrid": "6.70",
          "New Delhi": "5.03"
        },
        "Base Metals and Articles of Base Metal": {
          "Unspecified": "4.33",
          "Ankara": "53.38",
          "Beijing": "17.06",
          "Riyadh": "4.17",
          "Washington, D.C.": "3.39"
        },
        "Machinery and Mechanical Appliances; Electrical Equipment; Parts thereof; Sound Recorders and Reproducers, Television Image and Sound Recorders and Reproducers, and Parts and Accessories of such Articles": {
          "Unspecified": "24.35",
          "Beijing": "22.22",
          "Washington, D.C.": "12.43",
          "Berlin": "8.69",
          "New Delhi": "7.92"
        },
        "Vehicles, Aircraft, Vessels, and Associated Transport Equipment": {
          "Thailand": "11.71",
          "Tokyo": "33.98",
          "Seoul": "16.41",
          "Washington, D.C.": "8.99",
          "Beijing": "6.31"
        },
        "Optical, Photographic, Cinematographic, Measuring, Checking, Precision, Medical or Surgical Instruments and Apparatus; Clocks and Watches; Musical Instruments; Parts and Accessories thereof": {
          "Unspecified": "10.27",
          "Beijing": "18.87",
          "Ankara": "11.40",
          "Washington, D.C.": "8.38",
          "Riyadh": "7.64"
        },
        "Miscellaneous Manufactured Articles": {
          "Unspecified": "25.80",
          "Czech Republic": "3.54",
          "Beijing": "30.93",
          "Seoul": "12.46",
          "Washington, D.C.": "4.21"
        }
      }
    },
    "2015": {
      "Imports": {
        "Animals & Animal Products": {
          "Brasília": "21.83",
          "Wellington": "10.88",
          "Riyadh": "9.17",
          "Paris": "8.54",
          "Copenhagen": "8.46"
        },
        "Vegetable Products": {
          "Russian Federation": "8.94",
          "Canberra": "17.50",
          "New Delhi": "12.32",
          "Washington, D.C.": "7.54",
          "Buenos Aires": "7.00"
        },
        "Prepared Foodstuffs; Beverages, Spirits, Vinegar, Tobacco and Manufactured Tobacco Substitutes": {
          "Brasília": "21.59",
          "Riyadh": "18.74",
          "Buenos Aires": "8.56",
          "Beijing": "8.06",
          "Ankara": "6.24"
        },
        "Mineral Products": {
          "Muscat": "32.16",
          "Abu Dhabi": "31.36",
          "Cairo": "8.70",
          "Ankara": "8.46",
          "Islamabad": "7.58"
        },
        "Products of the Chemical or Allied Industries": {
          "Unspecified": "18.68",
          "Beijing": "14.47",
          "Riyadh": "12.42",
          "New Delhi": "11.19",
          "Cairo": "7.05"
        },
        "Plastics and Articles thereof; Rubber and Articles thereof": {
          "Unspecified": "3.86",
          "Riyadh": "38.65",
          "Beijing": "21.97",
          "Abu Dhabi": "6.21",
          "New Delhi": "4.84"
        },
        "Raw Hides and Skins, Leather, Furskins, and Articles thereof; Saddlery and Harness; Travel Goods, Handbags, and Similar Containers; Articles of Animal Gut (Other than Silk-worm Gut)": {
          "Unspecified": "17.47",
          "Beijing": "79.22",
          "New Delhi": "0.95",
          "Seoul": "0.50",
          "Tokyo": "0.40"
        },
        "Wood and Articles of Wood; Wood Charcoal; Cork and Articles of Cork; Manufactures of Straw, of Esparto or of Other Plaiting Materials; Basketware and Wickerwork": {
          "Riyadh": "30.23",
          "Kuala Lumpur": "27.75",
          "Stockholm": "6.25",
          "Jakarta": "6.16",
          "Washington, D.C.": "4.60"
        },
        "Textiles and Textile Articles": {
          "Unspecified": "5.24",
          "Beijing": "61.35",
          "New Delhi": "11.14",
          "Riyadh": "6.49",
          "Mexico City": "2.42"
        },
        "Footwear, Headgear, Umbrellas, Sun Umbrellas, Walking-sticks, Seat-sticks, Whips, Riding-crops, and Parts thereof; Prepared Feathers and Articles Made therewith; Artificial Flowers; Articles of Human Hair": {
          "Unspecified": "1.40",
          "Thailand": "1.20",
          "Beijing": "85.36",
          "Ankara": "6.11",
          "Islamabad": "2.99"
        },
        "Articles of Stone, Plaster, Cement, Asbestos, Mica or Similar Materials; Ceramic Products; Glass and Glassware": {
          "Abu Dhabi": "74.79",
          "Beijing": "9.83",
          "Riyadh": "4.54",
          "Cairo": "2.98",
          "New Delhi": "1.86"
        },
        "Natural or Cultured Pearls, Precious or Semi-precious Stones, Precious Metals, Metals Clad with Precious Metal, and Articles thereof; Imitation Jewellery; Coin": {
          "Unspecified": "3.94",
          "Abu Dhabi": "30.62",
          "Beijing": "29.44",
          "Riyadh": "16.36",
          "New Delhi": "4.91"
        },
        "Base Metals and Articles of Base Metal": {
          "Unspecified": "3.82",
          "Ankara": "52.38",
          "Beijing": "20.89",
          "Riyadh": "6.40",
          "New Delhi": "3.30"
        },
        "Machinery and Mechanical Appliances; Electrical Equipment; Parts thereof; Sound Recorders and Reproducers, Television Image and Sound Recorders and Reproducers, and Parts and Accessories of such Articles": {
          "Unspecified": "14.57",
          "Beijing": "47.69",
          "Washington, D.C.": "5.27",
          "New Delhi": "4.98",
          "London": "3.17"
        },
        "Vehicles, Aircraft, Vessels, and Associated Transport Equipment": {
          "Thailand": "13.09",
          "Tokyo": "28.29",
          "Ankara": "15.96",
          "Seoul": "14.46",
          "Stockholm": "7.71"
        },
        "Optical, Photographic, Cinematographic, Measuring, Checking, Precision, Medical or Surgical Instruments and Apparatus; Clocks and Watches; Musical Instruments; Parts and Accessories thereof": {
          "Unspecified": "7.81",
          "Beijing": "22.90",
          "Ankara": "13.32",
          "Riyadh": "10.19",
          "Tokyo": "7.69"
        },
        "Miscellaneous Manufactured Articles": {
          "Unspecified": "22.86",
          "Russian Federation": "15.91",
          "Somalia": "11.08",
          "Ethiopia(excludes Eritrea)": "7.63",
          "Beijing": "26.02"
        }
      }
    },
    "2018": {
      "Imports": {
        "Animals & Animal Products": {
          "Unspecified": "17.74",
          "Riyadh": "20.08",
          "Brasília": "18.33",
          "Wellington": "7.36",
          "Paris": "5.51"
        },
        "Vegetable Products": {
          "Russian Federation": "20.64",
          "Ukraine": "10.14",
          "Buenos Aires": "19.12",
          "Canberra": "14.07",
          "Washington, D.C.": "7.38"
        },
        "Prepared Foodstuffs; Beverages, Spirits, Vinegar, Tobacco and Manufactured Tobacco Substitutes": {
          "Unspecified": "6.75",
          "Brasília": "40.39",
          "Buenos Aires": "17.86",
          "Cairo": "10.93",
          "Riyadh": "8.79"
        },
        "Mineral Products": {
          "Unspecified": "22.73",
          "Riyadh": "18.19",
          "Ankara": "10.28",
          "Islamabad": "10.20",
          "Abu Dhabi": "9.58"
        },
        "Products of the Chemical or Allied Industries": {
          "Djibouti": "21.92",
          "Unspecified": "16.61",
          "New Delhi": "10.51",
          "Beijing": "8.60",
          "Riyadh": "7.73"
        },
        "Plastics and Articles thereof; Rubber and Articles thereof": {
          "Unspecified": "13.21",
          "Riyadh": "55.72",
          "Beijing": "12.92",
          "Muscat": "5.12",
          "Abu Dhabi": "3.61"
        },
        "Raw Hides and Skins, Leather, Furskins, and Articles thereof; Saddlery and Harness; Travel Goods, Handbags, and Similar Containers; Articles of Animal Gut (Other than Silk-worm Gut)": {
          "Unspecified": "16.40",
          "Beijing": "76.13",
          "Muscat": "2.81",
          "Riyadh": "1.66",
          "Washington, D.C.": "1.28"
        },
        "Wood and Articles of Wood; Wood Charcoal; Cork and Articles of Cork; Manufactures of Straw, of Esparto or of Other Plaiting Materials; Basketware and Wickerwork": {
          "Unspecified": "12.90",
          "Riyadh": "52.83",
          "Kuala Lumpur": "7.05",
          "Ankara": "4.73",
          "Beijing": "4.03"
        },
        "Textiles and Textile Articles": {
          "Unspecified": "21.53",
          "Beijing": "49.35",
          "Riyadh": "15.07",
          "New Delhi": "3.75",
          "Muscat": "3.43"
        },
        "Footwear, Headgear, Umbrellas, Sun Umbrellas, Walking-sticks, Seat-sticks, Whips, Riding-crops, and Parts thereof; Prepared Feathers and Articles Made therewith; Artificial Flowers; Articles of Human Hair": {
          "Unspecified": "18.78",
          "Syrian Arab Republic": "1.90",
          "Beijing": "60.76",
          "Ankara": "11.70",
          "Muscat": "3.37"
        },
        "Articles of Stone, Plaster, Cement, Asbestos, Mica or Similar Materials; Ceramic Products; Glass and Glassware": {
          "Unspecified": "29.33",
          "Beijing": "23.85",
          "New Delhi": "19.82",
          "Riyadh": "14.83",
          "Cairo": "5.27"
        },
        "Natural or Cultured Pearls, Precious or Semi-precious Stones, Precious Metals, Metals Clad with Precious Metal, and Articles thereof; Imitation Jewellery; Coin": {
          "Unspecified": "15.10",
          "Riyadh": "40.19",
          "Abu Dhabi": "19.03",
          "Beijing": "12.82",
          "Muscat": "7.29"
        },
        "Base Metals and Articles of Base Metal": {
          "Unspecified": "18.92",
          "Ankara": "45.65",
          "Beijing": "14.76",
          "Riyadh": "9.01",
          "Muscat": "3.76"
        },
        "Machinery and Mechanical Appliances; Electrical Equipment; Parts thereof; Sound Recorders and Reproducers, Television Image and Sound Recorders and Reproducers, and Parts and Accessories of such Articles": {
          "Unspecified": "18.81",
          "Beijing": "26.92",
          "Muscat": "25.64",
          "Abu Dhabi": "12.87",
          "Riyadh": "8.59"
        },
        "Vehicles, Aircraft, Vessels, and Associated Transport Equipment": {
          "Unspecified": "31.16",
          "Riyadh": "16.19",
          "Tokyo": "15.26",
          "Beijing": "13.16",
          "Muscat": "7.95"
        },
        "Optical, Photographic, Cinematographic, Measuring, Checking, Precision, Medical or Surgical Instruments and Apparatus; Clocks and Watches; Musical Instruments; Parts and Accessories thereof": {
          "Unspecified": "18.64",
          "Riyadh": "20.88",
          "Beijing": "20.24",
          "Ankara": "8.28",
          "Muscat": "7.17"
        },
        "Miscellaneous Manufactured Articles": {
          "Unspecified": "22.65",
          "Beijing": "47.58",
          "Riyadh": "9.28",
          "Muscat": "6.41",
          "New Delhi": "3.20"
        }
      }
    },
    "2019": {
      "Imports": {
        "Animals & Animal Products": {
          "Somalia": "11.14",
          "Brasília": "23.24",
          "Riyadh": "15.33",
          "Wellington": "8.37",
          "Copenhagen": "7.74"
        },
        "Vegetable Products": {
          "Russian Federation": "13.16",
          "Ukraine": "7.24",
          "Buenos Aires": "14.72",
          "Canberra": "12.64",
          "Washington, D.C.": "12.26"
        },
        "Prepared Foodstuffs; Beverages, Spirits, Vinegar, Tobacco and Manufactured Tobacco Substitutes": {
          "Brasília": "31.43",
          "Buenos Aires": "15.18",
          "Riyadh": "10.42",
          "New Delhi": "6.06",
          "Abu Dhabi": "5.90"
        },
        "Mineral Products": {
          "Unspecified": "11.67",
          "Riyadh": "25.53",
          "Abu Dhabi": "15.10",
          "Beijing": "14.56",
          "Cairo": "12.03"
        },
        "Plastics and Articles thereof; Rubber and Articles thereof": {
          "Unspecified": "12.91",
          "Riyadh": "48.08",
          "Beijing": "21.14",
          "Abu Dhabi": "2.86",
          "Muscat": "2.61"
        },
        "Raw Hides and Skins, Leather, Furskins, and Articles thereof; Saddlery and Harness; Travel Goods, Handbags, and Similar Containers; Articles of Animal Gut (Other than Silk-worm Gut)": {
          "Unspecified": "4.55",
          "Beijing": "94.01",
          "New Delhi": "0.46",
          "Muscat": "0.33",
          "Washington, D.C.": "0.25"
        },
        "Wood and Articles of Wood; Wood Charcoal; Cork and Articles of Cork; Manufactures of Straw, of Esparto or of Other Plaiting Materials; Basketware and Wickerwork": {
          "Unspecified": "7.72",
          "Riyadh": "26.25",
          "Kuala Lumpur": "25.34",
          "Stockholm": "10.12",
          "Beijing": "6.33"
        },
        "Textiles and Textile Articles": {
          "Unspecified": "10.95",
          "Beijing": "66.99",
          "Riyadh": "7.30",
          "New Delhi": "5.98",
          "Ankara": "2.85"
        },
        "Footwear, Headgear, Umbrellas, Sun Umbrellas, Walking-sticks, Seat-sticks, Whips, Riding-crops, and Parts thereof; Prepared Feathers and Articles Made therewith; Artificial Flowers; Articles of Human Hair": {
          "Unspecified": "5.44",
          "Syrian Arab Republic": "4.53",
          "Beijing": "75.88",
          "Ankara": "11.75",
          "Islamabad": "1.22"
        },
        "Articles of Stone, Plaster, Cement, Asbestos, Mica or Similar Materials; Ceramic Products; Glass and Glassware": {
          "Unspecified": "14.87",
          "Beijing": "28.24",
          "New Delhi": "22.99",
          "Riyadh": "14.36",
          "Cairo": "7.78"
        },
        "Natural or Cultured Pearls, Precious or Semi-precious Stones, Precious Metals, Metals Clad with Precious Metal, and Articles thereof; Imitation Jewellery; Coin": {
          "Unspecified": "4.77",
          "Riyadh": "31.95",
          "Abu Dhabi": "30.94",
          "Beijing": "24.39",
          "New Delhi": "1.99"
        },
        "Base Metals and Articles of Base Metal": {
          "Unspecified": "10.67",
          "Ankara": "57.53",
          "Beijing": "17.46",
          "Riyadh": "5.97",
          "Abu Dhabi": "2.99"
        },
        "Machinery and Mechanical Appliances; Electrical Equipment; Parts thereof; Sound Recorders and Reproducers, Television Image and Sound Recorders and Reproducers, and Parts and Accessories of such Articles": {
          "Unspecified": "22.02",
          "Beijing": "55.59",
          "Riyadh": "3.68",
          "New Delhi": "2.71",
          "Seoul": "2.57"
        },
        "Vehicles, Aircraft, Vessels, and Associated Transport Equipment": {
          "Unspecified": "8.92",
          "Thailand": "7.70",
          "Tokyo": "42.58",
          "Beijing": "16.27",
          "Seoul": "6.63"
        },
        "Optical, Photographic, Cinematographic, Measuring, Checking, Precision, Medical or Surgical Instruments and Apparatus; Clocks and Watches; Musical Instruments; Parts and Accessories thereof": {
          "Unspecified": "13.99",
          "Beijing": "30.81",
          "Ankara": "12.31",
          "Riyadh": "12.07",
          "Tokyo": "6.34"
        },
        "Miscellaneous Manufactured Articles": {
          "Unspecified": "24.82",
          "Beijing": "56.85",
          "New Delhi": "5.97",
          "Ankara": "4.46",
          "Riyadh": "1.43"
        }
      }
    }
  }
}