{
  "Main Partners": {
    "1997": {
      "Imports": {
        "Animals & Animal Products": {
          "Amsterdam": "31.55",
          "Paris": "27.16",
          "Wellington": "11.56",
          "Berlin": "9.90",
          "Buenos Aires": "7.88"
        },
        "Vegetable Products": {
          "Thailand": "5.08",
          "Buenos Aires": "29.90",
          "Ottawa": "23.05",
          "Canberra": "20.39",
          "Brasília": "4.85"
        },
        "Prepared Foodstuffs; Beverages, Spirits, Vinegar, Tobacco and Manufactured Tobacco Substitutes": {
          "Cuba": "7.91",
          "Thailand": "7.05",
          "Buenos Aires": "23.05",
          "Paris": "11.72",
          "Brasília": "10.84"
        },
        "Mineral Products": {
          "Senegal": "15.17",
          "Russian Federation": "9.00",
          "Manama": "22.61",
          "New Delhi": "18.77",
          "Rabat": "9.03"
        },
        "Products of the Chemical or Allied Industries": {
          "Berlin": "13.61",
          "Brussels": "7.92",
          "Madrid": "6.19",
          "Bern": "6.19",
          "Rome": "6.04"
        },
        "Plastics and Articles thereof; Rubber and Articles thereof": {
          "Tokyo": "15.24",
          "Seoul": "13.53",
          "Berlin": "9.80",
          "Kuala Lumpur": "9.75",
          "Abu Dhabi": "9.21"
        },
        "Raw Hides and Skins, Leather, Furskins, and Articles thereof; Saddlery and Harness; Travel Goods, Handbags, and Similar Containers; Articles of Animal Gut (Other than Silk-worm Gut)": {
          "Islamabad": "38.15",
          "Sri Jayawardenepura Kotte": "25.21",
          "Amsterdam": "13.10",
          "Berlin": "10.94",
          "Bern": "2.38"
        },
        "Wood and Articles of Wood; Wood Charcoal; Cork and Articles of Cork; Manufactures of Straw, of Esparto or of Other Plaiting Materials; Basketware and Wickerwork": {
          "Russian Federation": "20.49",
          "Brasília": "12.85",
          "Jakarta": "12.01",
          "Berlin": "10.57",
          "Vienna": "6.58"
        },
        "Textiles and Textile Articles": {
          "Bangladesh": "9.04",
          "Ankara": "18.93",
          "Abu Dhabi": "11.36",
          "Seoul": "9.14",
          "Berlin": "7.51"
        },
        "Footwear, Headgear, Umbrellas, Sun Umbrellas, Walking-sticks, Seat-sticks, Whips, Riding-crops, and Parts thereof; Prepared Feathers and Articles Made therewith; Artificial Flowers; Articles of Human Hair": {
          "Free Zones": "10.57",
          "Abu Dhabi": "75.39",
          "Rome": "10.68",
          "London": "1.54",
          "Paris": "0.91"
        },
        "Articles of Stone, Plaster, Cement, Asbestos, Mica or Similar Materials; Ceramic Products; Glass and Glassware": {
          "Russian Federation": "2.72",
          "Bern": "65.73",
          "Berlin": "9.88",
          "Rome": "3.18",
          "Vienna": "2.60"
        },
        "Natural or Cultured Pearls, Precious or Semi-precious Stones, Precious Metals, Metals Clad with Precious Metal, and Articles thereof; Imitation Jewellery; Coin": {
          "Senegal": "7.07",
          "Russian Federation": "6.15",
          "New Delhi": "14.92",
          "Manama": "12.54",
          "Brasília": "7.84"
        },
        "Machinery and Mechanical Appliances; Electrical Equipment; Parts thereof; Sound Recorders and Reproducers, Television Image and Sound Recorders and Reproducers, and Parts and Accessories of such Articles": {
          "Berlin": "22.80",
          "Rome": "12.19",
          "Tokyo": "9.79",
          "London": "8.81",
          "Abu Dhabi": "5.54"
        },
        "Vehicles, Aircraft, Vessels, and Associated Transport Equipment": {
          "Berlin": "17.50",
          "Paris": "15.00",
          "Seoul": "14.22",
          "Tokyo": "12.35",
          "Stockholm": "5.46"
        },
        "Optical, Photographic, Cinematographic, Measuring, Checking, Precision, Medical or Surgical Instruments and Apparatus; Clocks and Watches; Musical Instruments; Parts and Accessories thereof": {
          "Russian Federation": "6.36",
          "Berlin": "17.42",
          "Tokyo": "8.49",
          "Rome": "7.62",
          "London": "6.65"
        },
        "Miscellaneous Manufactured Articles": {
          "Berlin": "18.73",
          "London": "14.97",
          "Tokyo": "9.15",
          "Amsterdam": "8.52",
          "Abu Dhabi": "7.92"
        }
      }
    },
    "1998": {
      "Imports": {
        "Animals & Animal Products": {
          "Amsterdam": "30.92",
          "Wellington": "28.70",
          "Paris": "18.10",
          "Canberra": "7.13",
          "Brasília": "5.45"
        },
        "Vegetable Products": {
          "Thailand": "8.74",
          "Buenos Aires": "32.91",
          "Brasília": "16.44",
          "Canberra": "14.30",
          "Ottawa": "13.26"
        },
        "Prepared Foodstuffs; Beverages, Spirits, Vinegar, Tobacco and Manufactured Tobacco Substitutes": {
          "Brasília": "19.77",
          "Buenos Aires": "18.25",
          "Pretoria": "13.39",
          "Canberra": "7.99",
          "Santiago": "6.28"
        },
        "Mineral Products": {
          "Russian Federation": "7.71",
          "Brasília": "21.42",
          "New Delhi": "21.19",
          "Rabat": "18.16",
          "Manama": "5.51"
        },
        "Products of the Chemical or Allied Industries": {
          "Brussels": "13.50",
          "Berlin": "8.75",
          "Rome": "8.21",
          "Bern": "7.87",
          "Madrid": "7.04"
        },
        "Plastics and Articles thereof; Rubber and Articles thereof": {
          "Seoul": "14.78",
          "Abu Dhabi": "14.51",
          "Kuala Lumpur": "8.80",
          "Rome": "7.41",
          "Brussels": "6.95"
        },
        "Raw Hides and Skins, Leather, Furskins, and Articles thereof; Saddlery and Harness; Travel Goods, Handbags, and Similar Containers; Articles of Animal Gut (Other than Silk-worm Gut)": {
          "Iraq": "37.99",
          "Azerbaijan": "6.99",
          "Bern": "35.28",
          "London": "15.88",
          "Berlin": "1.57"
        },
        "Wood and Articles of Wood; Wood Charcoal; Cork and Articles of Cork; Manufactures of Straw, of Esparto or of Other Plaiting Materials; Basketware and Wickerwork": {
          "Russian Federation": "21.50",
          "Bern": "11.46",
          "Helsinki": "11.29",
          "Berlin": "6.10",
          "Abu Dhabi": "6.01"
        },
        "Textiles and Textile Articles": {
          "Bangladesh": "6.52",
          "Abu Dhabi": "15.81",
          "Ankara": "14.37",
          "Tokyo": "9.78",
          "Seoul": "7.39"
        },
        "Footwear, Headgear, Umbrellas, Sun Umbrellas, Walking-sticks, Seat-sticks, Whips, Riding-crops, and Parts thereof; Prepared Feathers and Articles Made therewith; Artificial Flowers; Articles of Human Hair": {
          "Armenia": "0.24",
          "Berlin": "72.26",
          "Brasília": "20.78",
          "Abu Dhabi": "5.57",
          "Paris": "0.95"
        },
        "Natural or Cultured Pearls, Precious or Semi-precious Stones, Precious Metals, Metals Clad with Precious Metal, and Articles thereof; Imitation Jewellery; Coin": {
          "New Delhi": "10.04",
          "Brasília": "7.88",
          "Rabat": "6.68",
          "Brussels": "6.22",
          "Canberra": "5.52"
        },
        "Base Metals and Articles of Base Metal": {
          "Russian Federation": "16.73",
          "Brussels": "12.63",
          "Berlin": "9.26",
          "Tokyo": "8.93",
          "Vienna": "5.85"
        },
        "Machinery and Mechanical Appliances; Electrical Equipment; Parts thereof; Sound Recorders and Reproducers, Television Image and Sound Recorders and Reproducers, and Parts and Accessories of such Articles": {
          "Berlin": "18.18",
          "Rome": "15.84",
          "Tokyo": "9.85",
          "Beijing": "7.57",
          "London": "6.42"
        },
        "Vehicles, Aircraft, Vessels, and Associated Transport Equipment": {
          "Berlin": "19.31",
          "Seoul": "15.58",
          "Tokyo": "12.91",
          "Paris": "8.52",
          "Brussels": "6.00"
        },
        "Optical, Photographic, Cinematographic, Measuring, Checking, Precision, Medical or Surgical Instruments and Apparatus; Clocks and Watches; Musical Instruments; Parts and Accessories thereof": {
          "Berlin": "14.36",
          "Rome": "10.43",
          "Tokyo": "8.56",
          "Brussels": "7.67",
          "Abu Dhabi": "6.04"
        },
        "Miscellaneous Manufactured Articles": {
          "Ukraine": "7.81",
          "Rome": "16.76",
          "Berlin": "13.12",
          "Bern": "8.40",
          "London": "8.30"
        }
      }
    },
    "1999": {
      "Imports": {
        "Animals & Animal Products": {
          "Brasília": "22.88",
          "Wellington": "13.96",
          "Copenhagen": "12.40",
          "Canberra": "12.08",
          "Amsterdam": "9.02"
        },
        "Vegetable Products": {
          "Thailand": "8.02",
          "Ottawa": "22.65",
          "Brasília": "20.91",
          "Paris": "9.94",
          "Canberra": "7.97"
        },
        "Prepared Foodstuffs; Beverages, Spirits, Vinegar, Tobacco and Manufactured Tobacco Substitutes": {
          "Peru": "16.50",
          "Brasília": "35.66",
          "Pretoria": "9.99",
          "Abu Dhabi": "8.30",
          "New Delhi": "6.24"
        },
        "Mineral Products": {
          "Russian Federation": "10.41",
          "Jordan": "3.55",
          "New Delhi": "32.32",
          "Rabat": "16.08",
          "Brasília": "14.87"
        },
        "Products of the Chemical or Allied Industries": {
          "Belgium": "9.27",
          "Berlin": "9.91",
          "Bern": "7.90",
          "Madrid": "6.93",
          "Rome": "6.60"
        },
        "Plastics and Articles thereof; Rubber and Articles thereof": {
          "Belgium": "7.53",
          "Abu Dhabi": "16.63",
          "Pretoria": "15.38",
          "Rome": "7.52",
          "Kuala Lumpur": "6.47"
        },
        "Raw Hides and Skins, Leather, Furskins, and Articles thereof; Saddlery and Harness; Travel Goods, Handbags, and Similar Containers; Articles of Animal Gut (Other than Silk-worm Gut)": {
          "Azerbaijan": "47.99",
          "Iraq": "22.40",
          "Uganda": "3.46",
          "Rome": "8.38",
          "Madrid": "7.09"
        },
        "Wood and Articles of Wood; Wood Charcoal; Cork and Articles of Cork; Manufactures of Straw, of Esparto or of Other Plaiting Materials; Basketware and Wickerwork": {
          "Russian Federation": "25.68",
          "Jakarta": "15.54",
          "Helsinki": "7.23",
          "Abu Dhabi": "6.53",
          "Vienna": "6.46"
        },
        "Textiles and Textile Articles": {
          "Bangladesh": "8.07",
          "Abu Dhabi": "13.81",
          "Ankara": "13.70",
          "Pretoria": "10.00",
          "Tokyo": "7.06"
        },
        "Footwear, Headgear, Umbrellas, Sun Umbrellas, Walking-sticks, Seat-sticks, Whips, Riding-crops, and Parts thereof; Prepared Feathers and Articles Made therewith; Artificial Flowers; Articles of Human Hair": {
          "Brasília": "45.36",
          "Abu Dhabi": "26.79",
          "Rome": "24.10",
          "Kuala Lumpur": "2.29",
          "Berlin": "0.74"
        },
        "Articles of Stone, Plaster, Cement, Asbestos, Mica or Similar Materials; Ceramic Products; Glass and Glassware": {
          "Russian Federation": "7.36",
          "Belgium": "5.99",
          "Berlin": "15.93",
          "Rome": "15.46",
          "Ankara": "7.94"
        },
        "Natural or Cultured Pearls, Precious or Semi-precious Stones, Precious Metals, Metals Clad with Precious Metal, and Articles thereof; Imitation Jewellery; Coin": {
          "Russian Federation": "5.42",
          "New Delhi": "16.68",
          "Brasília": "12.35",
          "Rabat": "7.49",
          "Rome": "5.12"
        },
        "Base Metals and Articles of Base Metal": {
          "Russian Federation": "21.33",
          "Kazakhstan": "7.82",
          "Belgium": "7.74",
          "Berlin": "8.43",
          "Tokyo": "7.71"
        },
        "Machinery and Mechanical Appliances; Electrical Equipment; Parts thereof; Sound Recorders and Reproducers, Television Image and Sound Recorders and Reproducers, and Parts and Accessories of such Articles": {
          "Berlin": "18.07",
          "Rome": "15.98",
          "Paris": "7.23",
          "Pretoria": "6.42",
          "Abu Dhabi": "6.02"
        },
        "Vehicles, Aircraft, Vessels, and Associated Transport Equipment": {
          "Belgium": "8.89",
          "Berlin": "17.92",
          "Pretoria": "17.78",
          "Tokyo": "10.95",
          "Beijing": "9.63"
        },
        "Optical, Photographic, Cinematographic, Measuring, Checking, Precision, Medical or Surgical Instruments and Apparatus; Clocks and Watches; Musical Instruments; Parts and Accessories thereof": {
          "Belgium": "6.26",
          "Berlin": "13.55",
          "Rome": "9.56",
          "Pretoria": "7.01",
          "Abu Dhabi": "6.81"
        },
        "Miscellaneous Manufactured Articles": {
          "Berlin": "15.52",
          "London": "11.22",
          "Abu Dhabi": "11.12",
          "Beijing": "10.12",
          "Tokyo": "8.48"
        }
      }
    },
    "2000": {
      "Imports": {
        "Animals & Animal Products": {
          "Wellington": "25.38",
          "Brasília": "23.02",
          "Paris": "11.11",
          "Copenhagen": "10.88",
          "Abu Dhabi": "7.92"
        },
        "Vegetable Products": {
          "Thailand": "9.27",
          "Ottawa": "27.58",
          "Canberra": "13.72",
          "Brasília": "12.17",
          "Buenos Aires": "8.36"
        },
        "Prepared Foodstuffs; Beverages, Spirits, Vinegar, Tobacco and Manufactured Tobacco Substitutes": {
          "Peru": "7.73",
          "Brasília": "31.80",
          "Pretoria": "16.28",
          "Abu Dhabi": "11.24",
          "Buenos Aires": "5.68"
        },
        "Mineral Products": {
          "Togo": "11.30",
          "Russian Federation": "6.46",
          "New Delhi": "23.89",
          "Brasília": "22.62",
          "Manama": "8.97"
        },
        "Products of the Chemical or Allied Industries": {
          "Belgium": "8.34",
          "Berlin": "11.29",
          "Bern": "7.66",
          "Rome": "7.44",
          "Beijing": "7.16"
        },
        "Plastics and Articles thereof; Rubber and Articles thereof": {
          "Belgium": "7.50",
          "Tokyo": "16.20",
          "Seoul": "13.88",
          "Abu Dhabi": "12.88",
          "Kuala Lumpur": "7.02"
        },
        "Raw Hides and Skins, Leather, Furskins, and Articles thereof; Saddlery and Harness; Travel Goods, Handbags, and Similar Containers; Articles of Animal Gut (Other than Silk-worm Gut)": {
          "Azerbaijan": "27.28",
          "Abu Dhabi": "52.05",
          "Rome": "5.17",
          "Bern": "4.23",
          "Amsterdam": "3.02"
        },
        "Wood and Articles of Wood; Wood Charcoal; Cork and Articles of Cork; Manufactures of Straw, of Esparto or of Other Plaiting Materials; Basketware and Wickerwork": {
          "Russian Federation": "25.68",
          "Jakarta": "23.75",
          "Abu Dhabi": "6.67",
          "Vienna": "4.85",
          "Helsinki": "4.81"
        },
        "Textiles and Textile Articles": {
          "Bangladesh": "6.53",
          "Abu Dhabi": "14.95",
          "Ankara": "13.40",
          "Seoul": "11.13",
          "Berlin": "6.84"
        },
        "Footwear, Headgear, Umbrellas, Sun Umbrellas, Walking-sticks, Seat-sticks, Whips, Riding-crops, and Parts thereof; Prepared Feathers and Articles Made therewith; Artificial Flowers; Articles of Human Hair": {
          "Berlin": "38.43",
          "Brasília": "28.40",
          "Abu Dhabi": "14.17",
          "Beijing": "13.19",
          "Rome": "4.63"
        },
        "Articles of Stone, Plaster, Cement, Asbestos, Mica or Similar Materials; Ceramic Products; Glass and Glassware": {
          "Belgium": "6.94",
          "Rome": "21.00",
          "Berlin": "14.36",
          "Ankara": "8.05",
          "Paris": "5.51"
        },
        "Natural or Cultured Pearls, Precious or Semi-precious Stones, Precious Metals, Metals Clad with Precious Metal, and Articles thereof; Imitation Jewellery; Coin": {
          "Togo": "5.32",
          "New Delhi": "14.06",
          "Brasília": "10.65",
          "Abu Dhabi": "7.75",
          "Berlin": "5.93"
        },
        "Base Metals and Articles of Base Metal": {
          "Russian Federation": "26.06",
          "Kazakhstan": "13.09",
          "Berlin": "10.27",
          "Tokyo": "6.69",
          "Abu Dhabi": "4.76"
        },
        "Machinery and Mechanical Appliances; Electrical Equipment; Parts thereof; Sound Recorders and Reproducers, Television Image and Sound Recorders and Reproducers, and Parts and Accessories of such Articles": {
          "Berlin": "16.56",
          "Rome": "12.90",
          "Abu Dhabi": "8.97",
          "Seoul": "6.83",
          "Beijing": "5.92"
        },
        "Vehicles, Aircraft, Vessels, and Associated Transport Equipment": {
          "Seoul": "16.65",
          "Berlin": "12.57",
          "Tokyo": "11.32",
          "Paris": "9.28",
          "Abu Dhabi": "7.41"
        },
        "Optical, Photographic, Cinematographic, Measuring, Checking, Precision, Medical or Surgical Instruments and Apparatus; Clocks and Watches; Musical Instruments; Parts and Accessories thereof": {
          "Russian Federation": "7.06",
          "Berlin": "12.45",
          "Abu Dhabi": "8.11",
          "Rome": "7.89",
          "Seoul": "6.90"
        },
        "Miscellaneous Manufactured Articles": {
          "Berlin": "16.41",
          "London": "9.81",
          "Abu Dhabi": "9.26",
          "Seoul": "7.26",
          "Amsterdam": "7.00"
        }
      }
    },
    "2001": {
      "Imports": {
        "Animals & Animal Products": {
          "Paris": "23.14",
          "Brasília": "21.47",
          "Wellington": "11.72",
          "Berlin": "11.15",
          "New Delhi": "8.83"
        },
        "Vegetable Products": {
          "Brasília": "24.11",
          "Canberra": "18.31",
          "Buenos Aires": "16.07",
          "Ottawa": "12.80",
          "Abu Dhabi": "6.67"
        },
        "Prepared Foodstuffs; Beverages, Spirits, Vinegar, Tobacco and Manufactured Tobacco Substitutes": {
          "Peru": "4.86",
          "Brasília": "57.71",
          "Pretoria": "11.58",
          "Abu Dhabi": "9.48",
          "Amsterdam": "3.47"
        },
        "Mineral Products": {
          "Russian Federation": "9.21",
          "Luxembourg": "5.14",
          "New Delhi": "18.56",
          "Manama": "13.87",
          "Beijing": "9.50"
        },
        "Products of the Chemical or Allied Industries": {
          "Belgium": "8.66",
          "Berlin": "10.39",
          "Bern": "7.99",
          "Beijing": "7.39",
          "Rome": "7.30"
        },
        "Plastics and Articles thereof; Rubber and Articles thereof": {
          "Seoul": "14.27",
          "Abu Dhabi": "13.67",
          "Berlin": "8.23",
          "Kuala Lumpur": "7.98",
          "Riyadh": "7.48"
        },
        "Raw Hides and Skins, Leather, Furskins, and Articles thereof; Saddlery and Harness; Travel Goods, Handbags, and Similar Containers; Articles of Animal Gut (Other than Silk-worm Gut)": {
          "Lebanon": "4.50",
          "Abu Dhabi": "82.55",
          "Beijing": "4.24",
          "Berlin": "3.72",
          "Vienna": "2.41"
        },
        "Wood and Articles of Wood; Wood Charcoal; Cork and Articles of Cork; Manufactures of Straw, of Esparto or of Other Plaiting Materials; Basketware and Wickerwork": {
          "Russian Federation": "28.21",
          "Stockholm": "8.40",
          "Jakarta": "7.94",
          "Vienna": "6.90",
          "Seoul": "6.78"
        },
        "Textiles and Textile Articles": {
          "Bangladesh": "8.20",
          "Abu Dhabi": "13.49",
          "Ankara": "13.45",
          "Seoul": "8.31",
          "Berlin": "8.02"
        },
        "Footwear, Headgear, Umbrellas, Sun Umbrellas, Walking-sticks, Seat-sticks, Whips, Riding-crops, and Parts thereof; Prepared Feathers and Articles Made therewith; Artificial Flowers; Articles of Human Hair": {
          "Beijing": "31.38",
          "Brasília": "25.65",
          "Rome": "11.38",
          "Berlin": "9.00",
          "Abu Dhabi": "8.92"
        },
        "Articles of Stone, Plaster, Cement, Asbestos, Mica or Similar Materials; Ceramic Products; Glass and Glassware": {
          "Berlin": "17.50",
          "Rome": "12.20",
          "Paris": "8.13",
          "Beijing": "7.18",
          "Vienna": "6.94"
        },
        "Natural or Cultured Pearls, Precious or Semi-precious Stones, Precious Metals, Metals Clad with Precious Metal, and Articles thereof; Imitation Jewellery; Coin": {
          "Manama": "11.44",
          "Abu Dhabi": "9.25",
          "New Delhi": "8.88",
          "Berlin": "6.79",
          "Rome": "6.60"
        },
        "Base Metals and Articles of Base Metal": {
          "Russian Federation": "22.24",
          "Kazakhstan": "9.74",
          "Berlin": "7.98",
          "Abu Dhabi": "6.95",
          "Tokyo": "6.58"
        },
        "Machinery and Mechanical Appliances; Electrical Equipment; Parts thereof; Sound Recorders and Reproducers, Television Image and Sound Recorders and Reproducers, and Parts and Accessories of such Articles": {
          "Berlin": "16.93",
          "Rome": "11.73",
          "Abu Dhabi": "11.51",
          "Beijing": "6.65",
          "London": "6.20"
        },
        "Vehicles, Aircraft, Vessels, and Associated Transport Equipment": {
          "Paris": "25.94",
          "Berlin": "15.41",
          "Abu Dhabi": "12.97",
          "Seoul": "11.22",
          "Tokyo": "11.19"
        },
        "Optical, Photographic, Cinematographic, Measuring, Checking, Precision, Medical or Surgical Instruments and Apparatus; Clocks and Watches; Musical Instruments; Parts and Accessories thereof": {
          "Berlin": "13.02",
          "Abu Dhabi": "9.97",
          "Rome": "7.76",
          "Paris": "6.47",
          "Seoul": "6.05"
        },
        "Miscellaneous Manufactured Articles": {
          "Berlin": "18.83",
          "Abu Dhabi": "12.82",
          "London": "12.22",
          "Tokyo": "9.31",
          "Rome": "5.42"
        }
      }
    },
    "2002": {
      "Imports": {
        "Animals & Animal Products": {
          "Amsterdam": "21.54",
          "Wellington": "17.58",
          "Paris": "16.60",
          "Berlin": "8.93",
          "Copenhagen": "7.88"
        },
        "Vegetable Products": {
          "Brasília": "27.98",
          "Canberra": "16.72",
          "Buenos Aires": "13.92",
          "Abu Dhabi": "9.41",
          "Ottawa": "6.48"
        },
        "Prepared Foodstuffs; Beverages, Spirits, Vinegar, Tobacco and Manufactured Tobacco Substitutes": {
          "Cuba": "4.10",
          "Brasília": "46.97",
          "Abu Dhabi": "24.22",
          "Bern": "4.22",
          "Berlin": "2.69"
        },
        "Mineral Products": {
          "Jordan": "6.47",
          "Brasília": "21.32",
          "Manama": "20.75",
          "New Delhi": "9.01",
          "Beijing": "5.34"
        },
        "Products of the Chemical or Allied Industries": {
          "Berlin": "9.43",
          "Bern": "9.19",
          "Beijing": "8.28",
          "Riyadh": "7.68",
          "Abu Dhabi": "6.68"
        },
        "Plastics and Articles thereof; Rubber and Articles thereof": {
          "Abu Dhabi": "14.47",
          "Seoul": "13.87",
          "Riyadh": "12.62",
          "Berlin": "8.77",
          "Kuala Lumpur": "7.78"
        },
        "Raw Hides and Skins, Leather, Furskins, and Articles thereof; Saddlery and Harness; Travel Goods, Handbags, and Similar Containers; Articles of Animal Gut (Other than Silk-worm Gut)": {
          "New Delhi": "93.04",
          "Abu Dhabi": "3.23",
          "Rome": "1.69",
          "Ankara": "0.74",
          "London": "0.48"
        },
        "Wood and Articles of Wood; Wood Charcoal; Cork and Articles of Cork; Manufactures of Straw, of Esparto or of Other Plaiting Materials; Basketware and Wickerwork": {
          "Russian Federation": "20.25",
          "Jakarta": "11.69",
          "Abu Dhabi": "9.18",
          "Berlin": "8.85",
          "Ankara": "8.83"
        },
        "Textiles and Textile Articles": {
          "Bangladesh": "9.62",
          "Ankara": "15.51",
          "Berlin": "9.93",
          "Jakarta": "6.96",
          "Seoul": "5.87"
        },
        "Footwear, Headgear, Umbrellas, Sun Umbrellas, Walking-sticks, Seat-sticks, Whips, Riding-crops, and Parts thereof; Prepared Feathers and Articles Made therewith; Artificial Flowers; Articles of Human Hair": {
          "Other Asia, nes": "11.00",
          "Beijing": "28.40",
          "Abu Dhabi": "20.53",
          "Brasília": "15.19",
          "Ankara": "6.61"
        },
        "Articles of Stone, Plaster, Cement, Asbestos, Mica or Similar Materials; Ceramic Products; Glass and Glassware": {
          "Bern": "90.61",
          "Berlin": "1.78",
          "Rome": "1.17",
          "Beijing": "0.97",
          "Abu Dhabi": "0.90"
        },
        "Natural or Cultured Pearls, Precious or Semi-precious Stones, Precious Metals, Metals Clad with Precious Metal, and Articles thereof; Imitation Jewellery; Coin": {
          "Abu Dhabi": "11.79",
          "Manama": "11.19",
          "Brasília": "8.13",
          "Berlin": "7.77",
          "Rome": "6.26"
        },
        "Machinery and Mechanical Appliances; Electrical Equipment; Parts thereof; Sound Recorders and Reproducers, Television Image and Sound Recorders and Reproducers, and Parts and Accessories of such Articles": {
          "Berlin": "16.44",
          "Rome": "13.33",
          "Abu Dhabi": "13.08",
          "Seoul": "8.10",
          "Paris": "7.20"
        },
        "Vehicles, Aircraft, Vessels, and Associated Transport Equipment": {
          "Berlin": "49.74",
          "Paris": "14.33",
          "Tokyo": "8.52",
          "Seoul": "4.17",
          "Abu Dhabi": "4.16"
        },
        "Optical, Photographic, Cinematographic, Measuring, Checking, Precision, Medical or Surgical Instruments and Apparatus; Clocks and Watches; Musical Instruments; Parts and Accessories thereof": {
          "Berlin": "21.74",
          "Abu Dhabi": "9.32",
          "Paris": "7.57",
          "Rome": "7.40",
          "Seoul": "6.04"
        },
        "Miscellaneous Manufactured Articles": {
          "Berlin": "17.44",
          "Beijing": "11.10",
          "Abu Dhabi": "10.21",
          "London": "9.63",
          "Tokyo": "7.13"
        }
      }
    },
    "2003": {
      "Imports": {
        "Animals & Animal Products": {
          "Ireland": "19.39",
          "Brasília": "10.94",
          "Wellington": "10.48",
          "Berlin": "9.74",
          "Manama": "7.57"
        },
        "Vegetable Products": {
          "Thailand": "5.35",
          "Brasília": "39.59",
          "Beijing": "9.57",
          "Abu Dhabi": "8.54",
          "Ottawa": "5.42"
        },
        "Prepared Foodstuffs; Beverages, Spirits, Vinegar, Tobacco and Manufactured Tobacco Substitutes": {
          "Peru": "4.48",
          "Lebanon": "4.21",
          "Abu Dhabi": "27.77",
          "Brasília": "27.02",
          "Berlin": "14.77"
        },
        "Mineral Products": {
          "Jordan": "7.26",
          "Santiago": "27.92",
          "Manama": "13.58",
          "Beijing": "6.34",
          "Brasília": "6.15"
        },
        "Products of the Chemical or Allied Industries": {
          "Berlin": "9.30",
          "Bern": "8.21",
          "Riyadh": "7.88",
          "Beijing": "7.08",
          "Abu Dhabi": "7.06"
        },
        "Plastics and Articles thereof; Rubber and Articles thereof": {
          "Seoul": "15.62",
          "Abu Dhabi": "14.83",
          "Riyadh": "13.08",
          "Berlin": "8.08",
          "Kuala Lumpur": "6.50"
        },
        "Raw Hides and Skins, Leather, Furskins, and Articles thereof; Saddlery and Harness; Travel Goods, Handbags, and Similar Containers; Articles of Animal Gut (Other than Silk-worm Gut)": {
          "Abu Dhabi": "97.13",
          "Beijing": "1.13",
          "Paris": "0.47",
          "London": "0.27",
          "Berlin": "0.16"
        },
        "Wood and Articles of Wood; Wood Charcoal; Cork and Articles of Cork; Manufactures of Straw, of Esparto or of Other Plaiting Materials; Basketware and Wickerwork": {
          "Russian Federation": "17.46",
          "Berlin": "15.23",
          "Abu Dhabi": "9.98",
          "Ankara": "8.85",
          "Jakarta": "5.63"
        },
        "Textiles and Textile Articles": {
          "Bangladesh": "6.08",
          "Ankara": "13.64",
          "Abu Dhabi": "10.95",
          "Berlin": "9.95",
          "Seoul": "8.59"
        },
        "Footwear, Headgear, Umbrellas, Sun Umbrellas, Walking-sticks, Seat-sticks, Whips, Riding-crops, and Parts thereof; Prepared Feathers and Articles Made therewith; Artificial Flowers; Articles of Human Hair": {
          "Other Asia, nes": "5.05",
          "Abu Dhabi": "44.51",
          "Beijing": "38.06",
          "Rome": "2.92",
          "Ankara": "2.09"
        },
        "Articles of Stone, Plaster, Cement, Asbestos, Mica or Similar Materials; Ceramic Products; Glass and Glassware": {
          "Abu Dhabi": "16.15",
          "Bern": "13.60",
          "Beijing": "12.93",
          "Berlin": "12.73",
          "Rome": "7.77"
        },
        "Natural or Cultured Pearls, Precious or Semi-precious Stones, Precious Metals, Metals Clad with Precious Metal, and Articles thereof; Imitation Jewellery; Coin": {
          "Iraq": "9.97",
          "Uzbekistan": "8.70",
          "Abu Dhabi": "8.97",
          "Santiago": "8.40",
          "Beijing": "8.22"
        },
        "Base Metals and Articles of Base Metal": {
          "Russian Federation": "21.86",
          "Kazakhstan": "7.41",
          "Ukraine": "6.85",
          "Berlin": "7.37",
          "Abu Dhabi": "7.14"
        },
        "Machinery and Mechanical Appliances; Electrical Equipment; Parts thereof; Sound Recorders and Reproducers, Television Image and Sound Recorders and Reproducers, and Parts and Accessories of such Articles": {
          "Berlin": "16.35",
          "Abu Dhabi": "15.95",
          "Rome": "13.37",
          "Paris": "10.10",
          "Beijing": "6.04"
        },
        "Vehicles, Aircraft, Vessels, and Associated Transport Equipment": {
          "Unspecified": "22.60",
          "Paris": "21.60",
          "Berlin": "11.34",
          "Stockholm": "10.95",
          "Tokyo": "7.68"
        },
        "Optical, Photographic, Cinematographic, Measuring, Checking, Precision, Medical or Surgical Instruments and Apparatus; Clocks and Watches; Musical Instruments; Parts and Accessories thereof": {
          "Berlin": "12.70",
          "Abu Dhabi": "11.39",
          "Paris": "9.38",
          "Rome": "7.73",
          "Seoul": "5.57"
        },
        "Miscellaneous Manufactured Articles": {
          "Berlin": "21.23",
          "Abu Dhabi": "17.87",
          "London": "10.82",
          "Beijing": "6.49",
          "Tokyo": "6.23"
        }
      }
    },
    "2004": {
      "Imports": {
        "Animals & Animal Products": {
          "Ireland": "20.28",
          "Belgium": "13.05",
          "Brasília": "13.57",
          "Wellington": "9.03",
          "Paris": "8.81"
        },
        "Vegetable Products": {
          "Thailand": "8.61",
          "Ukraine": "5.55",
          "Brasília": "22.83",
          "Bern": "16.91",
          "Abu Dhabi": "13.54"
        },
        "Prepared Foodstuffs; Beverages, Spirits, Vinegar, Tobacco and Manufactured Tobacco Substitutes": {
          "Lebanon": "5.76",
          "Abu Dhabi": "34.07",
          "Bern": "15.14",
          "Brasília": "7.99",
          "Ankara": "4.95"
        },
        "Mineral Products": {
          "Santiago": "45.29",
          "Beijing": "7.33",
          "New Delhi": "5.17",
          "Abu Dhabi": "4.35",
          "Canberra": "4.05"
        },
        "Products of the Chemical or Allied Industries": {
          "Belgium": "6.28",
          "Bern": "11.02",
          "Abu Dhabi": "9.50",
          "Berlin": "9.01",
          "Beijing": "7.34"
        },
        "Plastics and Articles thereof; Rubber and Articles thereof": {
          "Abu Dhabi": "18.80",
          "Seoul": "16.90",
          "Riyadh": "8.83",
          "Berlin": "7.72",
          "Kuala Lumpur": "5.52"
        },
        "Raw Hides and Skins, Leather, Furskins, and Articles thereof; Saddlery and Harness; Travel Goods, Handbags, and Similar Containers; Articles of Animal Gut (Other than Silk-worm Gut)": {
          "Abu Dhabi": "68.12",
          "Beijing": "15.55",
          "Ankara": "7.85",
          "Brasília": "0.88",
          "Hong Kong": "0.87"
        },
        "Wood and Articles of Wood; Wood Charcoal; Cork and Articles of Cork; Manufactures of Straw, of Esparto or of Other Plaiting Materials; Basketware and Wickerwork": {
          "Russian Federation": "15.21",
          "Bern": "14.46",
          "Abu Dhabi": "11.53",
          "Berlin": "9.29",
          "Ankara": "8.10"
        },
        "Textiles and Textile Articles": {
          "Abu Dhabi": "15.63",
          "Ankara": "12.33",
          "Berlin": "9.21",
          "Seoul": "6.68",
          "Tokyo": "5.57"
        },
        "Footwear, Headgear, Umbrellas, Sun Umbrellas, Walking-sticks, Seat-sticks, Whips, Riding-crops, and Parts thereof; Prepared Feathers and Articles Made therewith; Artificial Flowers; Articles of Human Hair": {
          "Abu Dhabi": "64.02",
          "Beijing": "17.22",
          "Paris": "7.58",
          "Rome": "2.46",
          "Ankara": "1.79"
        },
        "Articles of Stone, Plaster, Cement, Asbestos, Mica or Similar Materials; Ceramic Products; Glass and Glassware": {
          "Abu Dhabi": "29.39",
          "Beijing": "12.10",
          "Berlin": "10.69",
          "Ankara": "5.93",
          "Rome": "5.86"
        },
        "Natural or Cultured Pearls, Precious or Semi-precious Stones, Precious Metals, Metals Clad with Precious Metal, and Articles thereof; Imitation Jewellery; Coin": {
          "Uzbekistan": "6.21",
          "Santiago": "13.36",
          "Abu Dhabi": "12.09",
          "Bern": "9.14",
          "Berlin": "9.14"
        },
        "Base Metals and Articles of Base Metal": {
          "Russian Federation": "7.94",
          "Abu Dhabi": "17.24",
          "Berlin": "13.85",
          "Seoul": "7.89",
          "Bern": "5.01"
        },
        "Machinery and Mechanical Appliances; Electrical Equipment; Parts thereof; Sound Recorders and Reproducers, Television Image and Sound Recorders and Reproducers, and Parts and Accessories of such Articles": {
          "Berlin": "17.70",
          "Rome": "17.09",
          "Abu Dhabi": "16.76",
          "Beijing": "7.06",
          "Seoul": "5.31"
        },
        "Vehicles, Aircraft, Vessels, and Associated Transport Equipment": {
          "Paris": "35.31",
          "Berlin": "17.41",
          "Seoul": "6.87",
          "Tokyo": "6.74",
          "Beijing": "6.40"
        },
        "Optical, Photographic, Cinematographic, Measuring, Checking, Precision, Medical or Surgical Instruments and Apparatus; Clocks and Watches; Musical Instruments; Parts and Accessories thereof": {
          "Abu Dhabi": "15.40",
          "Berlin": "14.75",
          "Rome": "9.31",
          "Paris": "7.46",
          "Seoul": "6.42"
        },
        "Miscellaneous Manufactured Articles": {
          "Paris": "30.11",
          "Berlin": "16.44",
          "Stockholm": "9.79",
          "Abu Dhabi": "9.16",
          "Tokyo": "6.15"
        }
      }
    },
    "2005": {
      "Imports": {
        "Animals & Animal Products": {
          "Abu Dhabi": "22.31",
          "Brasília": "12.80",
          "Wellington": "12.26",
          "Amsterdam": "11.51",
          "Berlin": "11.28"
        },
        "Vegetable Products": {
          "Ukraine": "4.45",
          "Brasília": "26.80",
          "Abu Dhabi": "12.41",
          "Bern": "11.04",
          "Amsterdam": "4.32"
        },
        "Prepared Foodstuffs; Beverages, Spirits, Vinegar, Tobacco and Manufactured Tobacco Substitutes": {
          "Abu Dhabi": "23.62",
          "Berlin": "16.93",
          "Brasília": "14.31",
          "Ankara": "10.76",
          "Bern": "6.23"
        },
        "Mineral Products": {
          "Russian Federation": "6.07",
          "Abu Dhabi": "15.09",
          "Berlin": "12.75",
          "Beijing": "11.32",
          "Rome": "7.16"
        },
        "Products of the Chemical or Allied Industries": {
          "Belgium": "7.08",
          "Abu Dhabi": "11.85",
          "Berlin": "9.83",
          "Bern": "9.15",
          "Beijing": "8.96"
        },
        "Plastics and Articles thereof; Rubber and Articles thereof": {
          "Abu Dhabi": "20.27",
          "Seoul": "18.07",
          "Berlin": "8.15",
          "Riyadh": "7.30",
          "Kuala Lumpur": "4.38"
        },
        "Raw Hides and Skins, Leather, Furskins, and Articles thereof; Saddlery and Harness; Travel Goods, Handbags, and Similar Containers; Articles of Animal Gut (Other than Silk-worm Gut)": {
          "Free Zones": "1.55",
          "Abu Dhabi": "52.52",
          "Beijing": "33.46",
          "Jakarta": "4.08",
          "Ankara": "1.72"
        },
        "Wood and Articles of Wood; Wood Charcoal; Cork and Articles of Cork; Manufactures of Straw, of Esparto or of Other Plaiting Materials; Basketware and Wickerwork": {
          "Russian Federation": "15.01",
          "Abu Dhabi": "13.48",
          "Vienna": "10.64",
          "Berlin": "10.42",
          "Jakarta": "8.52"
        },
        "Textiles and Textile Articles": {
          "Bangladesh": "6.02",
          "Abu Dhabi": "19.41",
          "Berlin": "11.21",
          "Ankara": "9.48",
          "Seoul": "5.85"
        },
        "Footwear, Headgear, Umbrellas, Sun Umbrellas, Walking-sticks, Seat-sticks, Whips, Riding-crops, and Parts thereof; Prepared Feathers and Articles Made therewith; Artificial Flowers; Articles of Human Hair": {
          "Croatia": "2.32",
          "Free Zones": "1.77",
          "Abu Dhabi": "67.04",
          "Beijing": "20.15",
          "Rome": "2.09"
        },
        "Articles of Stone, Plaster, Cement, Asbestos, Mica or Similar Materials; Ceramic Products; Glass and Glassware": {
          "Abu Dhabi": "28.29",
          "Beijing": "14.16",
          "Berlin": "9.54",
          "Rome": "6.36",
          "Ankara": "4.76"
        },
        "Natural or Cultured Pearls, Precious or Semi-precious Stones, Precious Metals, Metals Clad with Precious Metal, and Articles thereof; Imitation Jewellery; Coin": {
          "Uzbekistan": "8.01",
          "Abu Dhabi": "21.06",
          "Berlin": "8.99",
          "Beijing": "7.58",
          "London": "6.04"
        },
        "Base Metals and Articles of Base Metal": {
          "Russian Federation": "7.49",
          "Abu Dhabi": "15.86",
          "Berlin": "12.64",
          "Seoul": "8.89",
          "New Delhi": "4.91"
        },
        "Machinery and Mechanical Appliances; Electrical Equipment; Parts thereof; Sound Recorders and Reproducers, Television Image and Sound Recorders and Reproducers, and Parts and Accessories of such Articles": {
          "Berlin": "19.61",
          "Abu Dhabi": "17.03",
          "Rome": "12.92",
          "Beijing": "9.71",
          "Stockholm": "4.57"
        },
        "Optical, Photographic, Cinematographic, Measuring, Checking, Precision, Medical or Surgical Instruments and Apparatus; Clocks and Watches; Musical Instruments; Parts and Accessories thereof": {
          "Abu Dhabi": "16.24",
          "Berlin": "15.74",
          "Rome": "7.92",
          "Beijing": "7.90",
          "Seoul": "7.04"
        },
        "Miscellaneous Manufactured Articles": {
          "Paris": "35.30",
          "Berlin": "15.02",
          "Stockholm": "11.26",
          "Tokyo": "6.82",
          "Abu Dhabi": "6.13"
        }
      }
    },
    "2006": {
      "Imports": {
        "Animals & Animal Products": {
          "Free Zones": "2.84",
          "Wellington": "60.66",
          "Amsterdam": "23.40",
          "Ottawa": "3.17",
          "New Delhi": "2.81"
        },
        "Vegetable Products": {
          "Islamabad": "20.29",
          "Amsterdam": "16.57",
          "Ottawa": "16.25",
          "Manila": "14.62",
          "Kuala Lumpur": "12.86"
        },
        "Prepared Foodstuffs; Beverages, Spirits, Vinegar, Tobacco and Manufactured Tobacco Substitutes": {
          "Kazakhstan": "18.77",
          "Free Zones": "9.96",
          "Amsterdam": "27.45",
          "Paris": "17.17",
          "Beijing": "6.58"
        },
        "Mineral Products": {
          "Free Zones": "3.53",
          "Beijing": "56.20",
          "Rabat": "20.50",
          "Paris": "5.62",
          "Manila": "4.10"
        },
        "Products of the Chemical or Allied Industries": {
          "Beijing": "27.19",
          "Amsterdam": "18.05",
          "Paris": "16.50",
          "New Delhi": "13.90",
          "Tokyo": "4.26"
        },
        "Plastics and Articles thereof; Rubber and Articles thereof": {
          "Kuala Lumpur": "25.67",
          "Beijing": "20.84",
          "Amsterdam": "14.29",
          "Paris": "11.03",
          "Tokyo": "6.87"
        },
        "Raw Hides and Skins, Leather, Furskins, and Articles thereof; Saddlery and Harness; Travel Goods, Handbags, and Similar Containers; Articles of Animal Gut (Other than Silk-worm Gut)": {
          "Free Zones": "2.34",
          "Beijing": "84.92",
          "New Delhi": "3.34",
          "Amsterdam": "2.06",
          "Nairobi": "2.01"
        },
        "Wood and Articles of Wood; Wood Charcoal; Cork and Articles of Cork; Manufactures of Straw, of Esparto or of Other Plaiting Materials; Basketware and Wickerwork": {
          "Free Zones": "10.88",
          "Beijing": "33.90",
          "Helsinki": "7.42",
          "Kuala Lumpur": "6.57",
          "New Delhi": "5.74"
        },
        "Textiles and Textile Articles": {
          "Tokyo": "29.62",
          "Beijing": "26.08",
          "New Delhi": "14.78",
          "Kuala Lumpur": "9.05",
          "Islamabad": "7.62"
        },
        "Footwear, Headgear, Umbrellas, Sun Umbrellas, Walking-sticks, Seat-sticks, Whips, Riding-crops, and Parts thereof; Prepared Feathers and Articles Made therewith; Artificial Flowers; Articles of Human Hair": {
          "Free Zones": "13.38",
          "Beijing": "84.62",
          "Hong Kong": "0.51",
          "Wellington": "0.49",
          "Paris": "0.30"
        },
        "Articles of Stone, Plaster, Cement, Asbestos, Mica or Similar Materials; Ceramic Products; Glass and Glassware": {
          "Free Zones": "8.17",
          "Beijing": "64.20",
          "Paris": "9.52",
          "New Delhi": "4.97",
          "Tokyo": "4.13"
        },
        "Natural or Cultured Pearls, Precious or Semi-precious Stones, Precious Metals, Metals Clad with Precious Metal, and Articles thereof; Imitation Jewellery; Coin": {
          "Kazakhstan": "10.32",
          "Kyrgyz Republic": "5.62",
          "Beijing": "37.75",
          "New Delhi": "20.87",
          "Rabat": "7.61"
        },
        "Base Metals and Articles of Base Metal": {
          "Kazakhstan": "15.17",
          "Beijing": "19.57",
          "New Delhi": "19.39",
          "Tokyo": "18.15",
          "Paris": "12.95"
        },
        "Machinery and Mechanical Appliances; Electrical Equipment; Parts thereof; Sound Recorders and Reproducers, Television Image and Sound Recorders and Reproducers, and Parts and Accessories of such Articles": {
          "Beijing": "38.18",
          "Paris": "17.67",
          "Tokyo": "14.67",
          "Helsinki": "8.17",
          "New Delhi": "4.76"
        },
        "Vehicles, Aircraft, Vessels, and Associated Transport Equipment": {
          "Free Zones": "1.36",
          "Beijing": "56.14",
          "Paris": "18.30",
          "Tokyo": "9.11",
          "Kuwait City": "6.85"
        },
        "Optical, Photographic, Cinematographic, Measuring, Checking, Precision, Medical or Surgical Instruments and Apparatus; Clocks and Watches; Musical Instruments; Parts and Accessories thereof": {
          "Beijing": "34.56",
          "Paris": "15.92",
          "Tokyo": "12.43",
          "New Delhi": "8.94",
          "Amsterdam": "5.52"
        },
        "Miscellaneous Manufactured Articles": {
          "Unspecified": "95.22",
          "Free Zones": "0.31",
          "Paris": "2.89",
          "Tokyo": "0.60",
          "Beijing": "0.48"
        }
      }
    },
    "2010": {
      "Imports": {
        "Animals & Animal Products": {
          "Brasília": "35.38",
          "Abu Dhabi": "25.79",
          "Amsterdam": "8.77",
          "Berlin": "6.91",
          "Wellington": "4.57"
        },
        "Vegetable Products": {
          "Abu Dhabi": "33.49",
          "Bern": "13.31",
          "Islamabad": "7.41",
          "Amsterdam": "6.95",
          "New Delhi": "5.30"
        },
        "Prepared Foodstuffs; Beverages, Spirits, Vinegar, Tobacco and Manufactured Tobacco Substitutes": {
          "Abu Dhabi": "43.33",
          "Bern": "18.87",
          "Amsterdam": "7.64",
          "Berlin": "3.99",
          "Brasília": "3.63"
        },
        "Products of the Chemical or Allied Industries": {
          "Abu Dhabi": "16.74",
          "Berlin": "11.23",
          "Beijing": "10.63",
          "Bern": "10.34",
          "Paris": "6.61"
        },
        "Plastics and Articles thereof; Rubber and Articles thereof": {
          "Abu Dhabi": "29.74",
          "Seoul": "16.24",
          "Beijing": "11.73",
          "Berlin": "6.77",
          "Ankara": "5.02"
        },
        "Raw Hides and Skins, Leather, Furskins, and Articles thereof; Saddlery and Harness; Travel Goods, Handbags, and Similar Containers; Articles of Animal Gut (Other than Silk-worm Gut)": {
          "Beijing": "43.80",
          "Abu Dhabi": "40.26",
          "Ankara": "4.89",
          "Rome": "1.35",
          "Hanoi": "1.09"
        },
        "Wood and Articles of Wood; Wood Charcoal; Cork and Articles of Cork; Manufactures of Straw, of Esparto or of Other Plaiting Materials; Basketware and Wickerwork": {
          "Abu Dhabi": "26.19",
          "Seoul": "13.94",
          "Vienna": "8.53",
          "Beijing": "6.13",
          "Ankara": "5.88"
        },
        "Textiles and Textile Articles": {
          "Abu Dhabi": "13.63",
          "Berlin": "12.00",
          "Ankara": "11.08",
          "Beijing": "9.61",
          "Seoul": "6.88"
        },
        "Footwear, Headgear, Umbrellas, Sun Umbrellas, Walking-sticks, Seat-sticks, Whips, Riding-crops, and Parts thereof; Prepared Feathers and Articles Made therewith; Artificial Flowers; Articles of Human Hair": {
          "Free Zones": "4.68",
          "Beijing": "47.13",
          "Abu Dhabi": "32.49",
          "Rome": "3.92",
          "Ankara": "2.55"
        },
        "Articles of Stone, Plaster, Cement, Asbestos, Mica or Similar Materials; Ceramic Products; Glass and Glassware": {
          "Russian Federation": "3.53",
          "Abu Dhabi": "42.38",
          "Beijing": "19.80",
          "Ankara": "15.57",
          "Berlin": "3.61"
        },
        "Natural or Cultured Pearls, Precious or Semi-precious Stones, Precious Metals, Metals Clad with Precious Metal, and Articles thereof; Imitation Jewellery; Coin": {
          "Abu Dhabi": "32.07",
          "Beijing": "13.58",
          "Berlin": "10.86",
          "Ankara": "4.45",
          "London": "4.15"
        },
        "Base Metals and Articles of Base Metal": {
          "Abu Dhabi": "39.18",
          "Seoul": "11.52",
          "Beijing": "9.50",
          "Berlin": "7.39",
          "Ankara": "5.31"
        },
        "Machinery and Mechanical Appliances; Electrical Equipment; Parts thereof; Sound Recorders and Reproducers, Television Image and Sound Recorders and Reproducers, and Parts and Accessories of such Articles": {
          "Abu Dhabi": "30.44",
          "Beijing": "15.89",
          "Berlin": "12.11",
          "Rome": "8.66",
          "Seoul": "4.98"
        },
        "Vehicles, Aircraft, Vessels, and Associated Transport Equipment": {
          "Seoul": "23.19",
          "Abu Dhabi": "17.82",
          "Beijing": "13.43",
          "Stockholm": "9.97",
          "Berlin": "8.91"
        },
        "Optical, Photographic, Cinematographic, Measuring, Checking, Precision, Medical or Surgical Instruments and Apparatus; Clocks and Watches; Musical Instruments; Parts and Accessories thereof": {
          "Abu Dhabi": "29.61",
          "Beijing": "13.23",
          "Berlin": "9.76",
          "Seoul": "8.70",
          "Rome": "4.46"
        },
        "Miscellaneous Manufactured Articles": {
          "Unspecified": "68.08",
          "Abu Dhabi": "6.70",
          "Beijing": "5.43",
          "Berlin": "3.82",
          "Bern": "2.11"
        }
      }
    },
    "2011": {
      "Imports": {
        "Animals & Animal Products": {
          "Brasília": "29.62",
          "Abu Dhabi": "28.57",
          "Ankara": "6.47",
          "Berlin": "5.54",
          "Amsterdam": "5.28"
        },
        "Vegetable Products": {
          "Abu Dhabi": "42.45",
          "Bern": "15.41",
          "New Delhi": "7.80",
          "Islamabad": "4.37"
        },
        "Prepared Foodstuffs; Beverages, Spirits, Vinegar, Tobacco and Manufactured Tobacco Substitutes": {
          "Abu Dhabi": "41.62",
          "Bern": "22.76",
          "Amsterdam": "6.11",
          "Berlin": "4.61",
          "Ankara": "3.95"
        },
        "Mineral Products": {
          "Abu Dhabi": "26.73",
          "Rome": "21.78",
          "Beijing": "13.28",
          "Berlin": "7.59",
          "Pretoria": "4.51"
        },
        "Products of the Chemical or Allied Industries": {
          "Abu Dhabi": "19.66",
          "Beijing": "11.63",
          "Berlin": "11.21",
          "Bern": "9.97",
          "Paris": "5.43"
        },
        "Plastics and Articles thereof; Rubber and Articles thereof": {
          "Abu Dhabi": "33.13",
          "Seoul": "16.42",
          "Beijing": "13.88",
          "Ankara": "6.49",
          "Berlin": "4.47"
        },
        "Raw Hides and Skins, Leather, Furskins, and Articles thereof; Saddlery and Harness; Travel Goods, Handbags, and Similar Containers; Articles of Animal Gut (Other than Silk-worm Gut)": {
          "Beijing": "56.65",
          "Abu Dhabi": "30.45",
          "Ankara": "4.06",
          "Rome": "0.97",
          "Hanoi": "0.92"
        },
        "Wood and Articles of Wood; Wood Charcoal; Cork and Articles of Cork; Manufactures of Straw, of Esparto or of Other Plaiting Materials; Basketware and Wickerwork": {
          "Russian Federation": "7.59",
          "Abu Dhabi": "31.68",
          "Seoul": "10.45",
          "Ankara": "10.39",
          "Beijing": "8.05"
        },
        "Textiles and Textile Articles": {
          "Ankara": "14.61",
          "Abu Dhabi": "14.16",
          "Seoul": "12.06",
          "Berlin": "10.67",
          "Beijing": "10.16"
        },
        "Footwear, Headgear, Umbrellas, Sun Umbrellas, Walking-sticks, Seat-sticks, Whips, Riding-crops, and Parts thereof; Prepared Feathers and Articles Made therewith; Artificial Flowers; Articles of Human Hair": {
          "Free Zones": "6.67",
          "Beijing": "58.15",
          "Abu Dhabi": "21.80",
          "Ankara": "4.06",
          "Rome": "2.77"
        },
        "Articles of Stone, Plaster, Cement, Asbestos, Mica or Similar Materials; Ceramic Products; Glass and Glassware": {
          "Free Zones": "6.91",
          "Beijing": "37.69",
          "Abu Dhabi": "14.95",
          "Berlin": "7.36",
          "Ankara": "6.27"
        },
        "Natural or Cultured Pearls, Precious or Semi-precious Stones, Precious Metals, Metals Clad with Precious Metal, and Articles thereof; Imitation Jewellery; Coin": {
          "Abu Dhabi": "35.30",
          "Beijing": "14.36",
          "Berlin": "7.99",
          "Rome": "6.78",
          "Ankara": "5.83"
        },
        "Base Metals and Articles of Base Metal": {
          "Abu Dhabi": "42.46",
          "Seoul": "16.26",
          "Beijing": "9.55",
          "Ankara": "6.97",
          "Berlin": "3.95"
        },
        "Machinery and Mechanical Appliances; Electrical Equipment; Parts thereof; Sound Recorders and Reproducers, Television Image and Sound Recorders and Reproducers, and Parts and Accessories of such Articles": {
          "Abu Dhabi": "32.52",
          "Beijing": "17.15",
          "Berlin": "10.01",
          "Rome": "7.21",
          "Ankara": "5.15"
        },
        "Vehicles, Aircraft, Vessels, and Associated Transport Equipment": {
          "Beijing": "25.17",
          "Abu Dhabi": "23.79",
          "Seoul": "17.84",
          "Stockholm": "8.39",
          "Berlin": "7.22"
        },
        "Optical, Photographic, Cinematographic, Measuring, Checking, Precision, Medical or Surgical Instruments and Apparatus; Clocks and Watches; Musical Instruments; Parts and Accessories thereof": {
          "Abu Dhabi": "31.67",
          "Beijing": "15.28",
          "Seoul": "9.63",
          "Berlin": "7.61",
          "Ankara": "5.86"
        },
        "Miscellaneous Manufactured Articles": {
          "Unspecified": "67.96",
          "Paris": "7.14",
          "Beijing": "4.90",
          "Tokyo": "3.62",
          "Abu Dhabi": "2.54"
        }
      }
    },
    "2013": {
      "Imports": {
        "Animals & Animal Products": {
          "Abu Dhabi": "43.94",
          "Brasília": "10.03",
          "New Delhi": "9.29",
          "Islamabad": "4.76",
          "Ankara": "4.69"
        },
        "Vegetable Products": {
          "Abu Dhabi": "22.18",
          "New Delhi": "21.96",
          "Bern": "8.50",
          "Ankara": "7.99"
        },
        "Prepared Foodstuffs; Beverages, Spirits, Vinegar, Tobacco and Manufactured Tobacco Substitutes": {
          "New Delhi": "25.32",
          "Abu Dhabi": "18.04",
          "Bern": "14.29",
          "Amsterdam": "11.36",
          "London": "9.10"
        },
        "Mineral Products": {
          "Georgia": "5.96",
          "Abu Dhabi": "39.02",
          "Beijing": "24.40",
          "New Delhi": "5.96",
          "Ankara": "5.28"
        },
        "Products of the Chemical or Allied Industries": {
          "Beijing": "20.42",
          "Abu Dhabi": "17.57",
          "Berlin": "9.12",
          "Ankara": "8.34",
          "New Delhi": "7.72"
        },
        "Plastics and Articles thereof; Rubber and Articles thereof": {
          "Other Asia, nes": "3.80",
          "Beijing": "28.71",
          "Seoul": "21.23",
          "Abu Dhabi": "19.61",
          "Ankara": "9.43"
        },
        "Raw Hides and Skins, Leather, Furskins, and Articles thereof; Saddlery and Harness; Travel Goods, Handbags, and Similar Containers; Articles of Animal Gut (Other than Silk-worm Gut)": {
          "Iraq": "6.72",
          "Azerbaijan": "2.46",
          "Ankara": "45.40",
          "Beijing": "29.82",
          "Abu Dhabi": "5.70"
        },
        "Wood and Articles of Wood; Wood Charcoal; Cork and Articles of Cork; Manufactures of Straw, of Esparto or of Other Plaiting Materials; Basketware and Wickerwork": {
          "Russian Federation": "6.59",
          "Abu Dhabi": "24.67",
          "Seoul": "19.28",
          "Beijing": "17.31",
          "Ankara": "13.12"
        },
        "Textiles and Textile Articles": {
          "Beijing": "17.93",
          "Abu Dhabi": "14.32",
          "Ankara": "12.53",
          "New Delhi": "11.76",
          "Seoul": "7.76"
        },
        "Footwear, Headgear, Umbrellas, Sun Umbrellas, Walking-sticks, Seat-sticks, Whips, Riding-crops, and Parts thereof; Prepared Feathers and Articles Made therewith; Artificial Flowers; Articles of Human Hair": {
          "Lebanon": "2.75",
          "Beijing": "72.62",
          "Abu Dhabi": "8.34",
          "Ankara": "8.28",
          "Berlin": "3.29"
        },
        "Articles of Stone, Plaster, Cement, Asbestos, Mica or Similar Materials; Ceramic Products; Glass and Glassware": {
          "Beijing": "45.97",
          "Ankara": "10.27",
          "New Delhi": "7.89",
          "Berlin": "7.66",
          "Vienna": "7.58"
        },
        "Natural or Cultured Pearls, Precious or Semi-precious Stones, Precious Metals, Metals Clad with Precious Metal, and Articles thereof; Imitation Jewellery; Coin": {
          "Abu Dhabi": "26.49",
          "Beijing": "23.72",
          "Ankara": "11.17",
          "Seoul": "7.25",
          "New Delhi": "6.42"
        },
        "Base Metals and Articles of Base Metal": {
          "Beijing": "31.94",
          "Abu Dhabi": "17.69",
          "Seoul": "15.48",
          "Ankara": "10.39",
          "New Delhi": "4.87"
        },
        "Machinery and Mechanical Appliances; Electrical Equipment; Parts thereof; Sound Recorders and Reproducers, Television Image and Sound Recorders and Reproducers, and Parts and Accessories of such Articles": {
          "Beijing": "31.52",
          "Abu Dhabi": "20.66",
          "Seoul": "12.51",
          "Berlin": "6.95",
          "Ankara": "5.12"
        },
        "Vehicles, Aircraft, Vessels, and Associated Transport Equipment": {
          "Abu Dhabi": "63.85",
          "Beijing": "18.69",
          "Seoul": "6.85",
          "Ankara": "2.64",
          "Kuwait City": "2.03"
        },
        "Optical, Photographic, Cinematographic, Measuring, Checking, Precision, Medical or Surgical Instruments and Apparatus; Clocks and Watches; Musical Instruments; Parts and Accessories thereof": {
          "Beijing": "27.30",
          "Abu Dhabi": "23.47",
          "Seoul": "11.88",
          "Ankara": "7.25",
          "Berlin": "5.37"
        },
        "Miscellaneous Manufactured Articles": {
          "Beijing": "34.65",
          "Abu Dhabi": "15.54",
          "Bern": "7.05",
          "Paris": "6.54",
          "Berlin": "5.53"
        }
      }
    },
    "2014": {
      "Imports": {
        "Animals & Animal Products": {
          "Abu Dhabi": "43.08",
          "Brasília": "12.90",
          "Beijing": "6.86",
          "New Delhi": "6.42",
          "Ankara": "6.29"
        },
        "Vegetable Products": {
          "Bern": "17.08",
          "New Delhi": "15.61",
          "Abu Dhabi": "12.49",
          "Ankara": "9.29",
          "Amsterdam": "6.98"
        },
        "Prepared Foodstuffs; Beverages, Spirits, Vinegar, Tobacco and Manufactured Tobacco Substitutes": {
          "Abu Dhabi": "20.14",
          "Ankara": "17.00",
          "Bern": "16.42",
          "New Delhi": "14.57",
          "Amsterdam": "9.40"
        },
        "Mineral Products": {
          "Manama": "46.29",
          "Abu Dhabi": "29.27",
          "New Delhi": "9.46",
          "Beijing": "6.18",
          "Ankara": "4.58"
        },
        "Products of the Chemical or Allied Industries": {
          "Beijing": "19.41",
          "Abu Dhabi": "17.20",
          "New Delhi": "9.07",
          "Berlin": "8.41",
          "Ankara": "8.25"
        },
        "Plastics and Articles thereof; Rubber and Articles thereof": {
          "Other Asia, nes": "4.32",
          "Beijing": "27.14",
          "Seoul": "26.25",
          "Abu Dhabi": "17.54",
          "Ankara": "8.73"
        },
        "Raw Hides and Skins, Leather, Furskins, and Articles thereof; Saddlery and Harness; Travel Goods, Handbags, and Similar Containers; Articles of Animal Gut (Other than Silk-worm Gut)": {
          "Beijing": "55.35",
          "Abu Dhabi": "13.70",
          "Ankara": "13.32",
          "New Delhi": "7.47",
          "Berlin": "1.88"
        },
        "Wood and Articles of Wood; Wood Charcoal; Cork and Articles of Cork; Manufactures of Straw, of Esparto or of Other Plaiting Materials; Basketware and Wickerwork": {
          "Russian Federation": "6.11",
          "Beijing": "22.03",
          "Abu Dhabi": "19.09",
          "Ankara": "17.12",
          "Seoul": "11.87"
        },
        "Textiles and Textile Articles": {
          "Other Asia, nes": "8.15",
          "Beijing": "22.49",
          "Abu Dhabi": "15.16",
          "Ankara": "13.39",
          "New Delhi": "11.58"
        },
        "Footwear, Headgear, Umbrellas, Sun Umbrellas, Walking-sticks, Seat-sticks, Whips, Riding-crops, and Parts thereof; Prepared Feathers and Articles Made therewith; Artificial Flowers; Articles of Human Hair": {
          "Beijing": "69.72",
          "Abu Dhabi": "14.44",
          "Ankara": "6.65",
          "Berlin": "1.95",
          "Hong Kong": "1.56"
        },
        "Articles of Stone, Plaster, Cement, Asbestos, Mica or Similar Materials; Ceramic Products; Glass and Glassware": {
          "Beijing": "44.74",
          "Abu Dhabi": "14.78",
          "New Delhi": "11.53",
          "Ankara": "9.43",
          "Berlin": "6.04"
        },
        "Natural or Cultured Pearls, Precious or Semi-precious Stones, Precious Metals, Metals Clad with Precious Metal, and Articles thereof; Imitation Jewellery; Coin": {
          "Manama": "24.98",
          "Abu Dhabi": "21.88",
          "Beijing": "15.81",
          "New Delhi": "11.20",
          "Ankara": "8.15"
        },
        "Base Metals and Articles of Base Metal": {
          "Beijing": "35.10",
          "Abu Dhabi": "21.11",
          "Seoul": "13.13",
          "New Delhi": "10.54",
          "Ankara": "6.35"
        },
        "Machinery and Mechanical Appliances; Electrical Equipment; Parts thereof; Sound Recorders and Reproducers, Television Image and Sound Recorders and Reproducers, and Parts and Accessories of such Articles": {
          "Beijing": "38.33",
          "Abu Dhabi": "18.18",
          "Seoul": "13.29",
          "Berlin": "6.22",
          "Ankara": "5.10"
        },
        "Vehicles, Aircraft, Vessels, and Associated Transport Equipment": {
          "Abu Dhabi": "63.58",
          "Beijing": "18.50",
          "Seoul": "5.66",
          "Berlin": "3.88",
          "Ankara": "2.91"
        },
        "Optical, Photographic, Cinematographic, Measuring, Checking, Precision, Medical or Surgical Instruments and Apparatus; Clocks and Watches; Musical Instruments; Parts and Accessories thereof": {
          "Beijing": "30.68",
          "Abu Dhabi": "24.05",
          "Seoul": "11.62",
          "Ankara": "6.54",
          "Berlin": "5.00"
        },
        "Miscellaneous Manufactured Articles": {
          "Beijing": "48.20",
          "Abu Dhabi": "14.55",
          "Seoul": "5.86",
          "Paris": "4.89",
          "Bern": "4.57"
        }
      }
    },
    "2015": {
      "Imports": {
        "Vegetable Products": {
          "Bern": "21.35",
          "Abu Dhabi": "10.89",
          "New Delhi": "10.20",
          "Ankara": "7.10",
          "Amsterdam": "6.64"
        },
        "Prepared Foodstuffs; Beverages, Spirits, Vinegar, Tobacco and Manufactured Tobacco Substitutes": {
          "Abu Dhabi": "23.88",
          "Bern": "18.73",
          "Ankara": "14.84",
          "Brasília": "7.07",
          "New Delhi": "6.69"
        },
        "Mineral Products": {
          "New Delhi": "28.22",
          "Abu Dhabi": "24.50",
          "Ankara": "16.70",
          "Manama": "13.57",
          "Beijing": "10.94"
        },
        "Products of the Chemical or Allied Industries": {
          "Beijing": "17.53",
          "Abu Dhabi": "14.09",
          "Ankara": "9.49",
          "New Delhi": "8.95",
          "Berlin": "8.81"
        },
        "Plastics and Articles thereof; Rubber and Articles thereof": {
          "Other Asia, nes": "3.51",
          "Beijing": "27.55",
          "Seoul": "26.10",
          "Abu Dhabi": "15.10",
          "Ankara": "9.83"
        },
        "Raw Hides and Skins, Leather, Furskins, and Articles thereof; Saddlery and Harness; Travel Goods, Handbags, and Similar Containers; Articles of Animal Gut (Other than Silk-worm Gut)": {
          "Lebanon": "5.53",
          "Beijing": "53.89",
          "Abu Dhabi": "24.08",
          "Ankara": "8.45",
          "New Delhi": "2.47"
        },
        "Wood and Articles of Wood; Wood Charcoal; Cork and Articles of Cork; Manufactures of Straw, of Esparto or of Other Plaiting Materials; Basketware and Wickerwork": {
          "Thailand": "7.28",
          "Beijing": "22.57",
          "Ankara": "18.24",
          "Abu Dhabi": "14.96",
          "Seoul": "12.11"
        },
        "Textiles and Textile Articles": {
          "Beijing": "21.38",
          "Ankara": "18.18",
          "Abu Dhabi": "13.35",
          "New Delhi": "11.90",
          "Seoul": "8.42"
        },
        "Footwear, Headgear, Umbrellas, Sun Umbrellas, Walking-sticks, Seat-sticks, Whips, Riding-crops, and Parts thereof; Prepared Feathers and Articles Made therewith; Artificial Flowers; Articles of Human Hair": {
          "Beijing": "65.16",
          "Abu Dhabi": "21.04",
          "Ankara": "5.04",
          "Berlin": "3.51",
          "Rome": "1.04"
        },
        "Articles of Stone, Plaster, Cement, Asbestos, Mica or Similar Materials; Ceramic Products; Glass and Glassware": {
          "Beijing": "42.16",
          "Abu Dhabi": "14.48",
          "Berlin": "9.51",
          "New Delhi": "8.80",
          "Ankara": "7.32"
        },
        "Natural or Cultured Pearls, Precious or Semi-precious Stones, Precious Metals, Metals Clad with Precious Metal, and Articles thereof; Imitation Jewellery; Coin": {
          "Beijing": "25.66",
          "Abu Dhabi": "19.53",
          "New Delhi": "17.92",
          "Ankara": "12.53",
          "Manama": "4.85"
        },
        "Base Metals and Articles of Base Metal": {
          "Beijing": "37.44",
          "Abu Dhabi": "19.10",
          "Seoul": "14.65",
          "New Delhi": "9.92",
          "Ankara": "5.00"
        },
        "Machinery and Mechanical Appliances; Electrical Equipment; Parts thereof; Sound Recorders and Reproducers, Television Image and Sound Recorders and Reproducers, and Parts and Accessories of such Articles": {
          "Beijing": "42.31",
          "Abu Dhabi": "15.72",
          "Seoul": "11.98",
          "Berlin": "6.80",
          "Ankara": "5.37"
        },
        "Vehicles, Aircraft, Vessels, and Associated Transport Equipment": {
          "Abu Dhabi": "40.42",
          "Beijing": "27.07",
          "Seoul": "13.70",
          "Ankara": "4.53",
          "Berlin": "4.15"
        },
        "Optical, Photographic, Cinematographic, Measuring, Checking, Precision, Medical or Surgical Instruments and Apparatus; Clocks and Watches; Musical Instruments; Parts and Accessories thereof": {
          "Beijing": "33.03",
          "Abu Dhabi": "18.36",
          "Seoul": "12.14",
          "Ankara": "7.15",
          "Berlin": "5.53"
        },
        "Miscellaneous Manufactured Articles": {
          "Beijing": "38.52",
          "Paris": "10.71",
          "Abu Dhabi": "10.49",
          "Seoul": "8.32",
          "Tokyo": "4.97"
        }
      }
    },
    "2016": {
      "Imports": {
        "Animals & Animal Products": {
          "Brasília": "35.40",
          "Abu Dhabi": "14.29",
          "Wellington": "11.75",
          "Beijing": "10.07",
          "Islamabad": "4.86"
        },
        "Vegetable Products": {
          "Ukraine": "9.24",
          "New Delhi": "10.50",
          "Brasília": "8.65",
          "Bern": "8.16",
          "Abu Dhabi": "6.23"
        },
        "Prepared Foodstuffs; Beverages, Spirits, Vinegar, Tobacco and Manufactured Tobacco Substitutes": {
          "Brasília": "17.70",
          "Buenos Aires": "12.70",
          "Ankara": "11.78",
          "Abu Dhabi": "10.82",
          "Bern": "7.77"
        },
        "Mineral Products": {
          "Jordan": "5.14",
          "Ankara": "24.32",
          "Beijing": "24.32",
          "New Delhi": "13.68",
          "Abu Dhabi": "11.14"
        },
        "Products of the Chemical or Allied Industries": {
          "Beijing": "18.58",
          "Berlin": "10.55",
          "Abu Dhabi": "10.48",
          "New Delhi": "8.87",
          "Bern": "6.69"
        },
        "Plastics and Articles thereof; Rubber and Articles thereof": {
          "Other Asia, nes": "5.34",
          "Seoul": "26.78",
          "Beijing": "25.19",
          "Abu Dhabi": "9.71",
          "Ankara": "9.43"
        },
        "Raw Hides and Skins, Leather, Furskins, and Articles thereof; Saddlery and Harness; Travel Goods, Handbags, and Similar Containers; Articles of Animal Gut (Other than Silk-worm Gut)": {
          "Beijing": "68.19",
          "Abu Dhabi": "17.48",
          "Ankara": "4.17",
          "New Delhi": "2.58",
          "Berlin": "1.56"
        },
        "Wood and Articles of Wood; Wood Charcoal; Cork and Articles of Cork; Manufactures of Straw, of Esparto or of Other Plaiting Materials; Basketware and Wickerwork": {
          "Thailand": "10.52",
          "Beijing": "21.83",
          "Ankara": "16.74",
          "Seoul": "11.71",
          "Abu Dhabi": "7.61"
        },
        "Textiles and Textile Articles": {
          "Beijing": "24.93",
          "Ankara": "20.48",
          "Abu Dhabi": "14.78",
          "New Delhi": "7.53",
          "Berlin": "6.10"
        },
        "Footwear, Headgear, Umbrellas, Sun Umbrellas, Walking-sticks, Seat-sticks, Whips, Riding-crops, and Parts thereof; Prepared Feathers and Articles Made therewith; Artificial Flowers; Articles of Human Hair": {
          "Beijing": "56.33",
          "Abu Dhabi": "19.23",
          "Ankara": "12.79",
          "Rome": "3.38",
          "Berlin": "2.09"
        },
        "Articles of Stone, Plaster, Cement, Asbestos, Mica or Similar Materials; Ceramic Products; Glass and Glassware": {
          "Beijing": "52.59",
          "Abu Dhabi": "9.54",
          "Ankara": "7.56",
          "Berlin": "7.49",
          "Helsinki": "4.54"
        },
        "Natural or Cultured Pearls, Precious or Semi-precious Stones, Precious Metals, Metals Clad with Precious Metal, and Articles thereof; Imitation Jewellery; Coin": {
          "Iraq": "7.20",
          "Beijing": "29.00",
          "New Delhi": "18.62",
          "Abu Dhabi": "13.86",
          "Ankara": "12.08"
        },
        "Base Metals and Articles of Base Metal": {
          "Beijing": "37.78",
          "Abu Dhabi": "14.94",
          "Seoul": "10.90",
          "New Delhi": "7.64",
          "Ankara": "6.26"
        },
        "Machinery and Mechanical Appliances; Electrical Equipment; Parts thereof; Sound Recorders and Reproducers, Television Image and Sound Recorders and Reproducers, and Parts and Accessories of such Articles": {
          "Russian Federation": "7.71",
          "Beijing": "36.40",
          "Abu Dhabi": "13.23",
          "Seoul": "9.78",
          "Berlin": "7.50"
        },
        "Vehicles, Aircraft, Vessels, and Associated Transport Equipment": {
          "Abu Dhabi": "41.37",
          "Beijing": "20.41",
          "Seoul": "12.75",
          "Berlin": "7.34",
          "Ankara": "4.26"
        },
        "Optical, Photographic, Cinematographic, Measuring, Checking, Precision, Medical or Surgical Instruments and Apparatus; Clocks and Watches; Musical Instruments; Parts and Accessories thereof": {
          "Beijing": "30.36",
          "Abu Dhabi": "15.88",
          "Seoul": "10.51",
          "Berlin": "7.06",
          "Ankara": "6.43"
        },
        "Miscellaneous Manufactured Articles": {
          "Beijing": "39.15",
          "Paris": "8.87",
          "Seoul": "8.11",
          "Abu Dhabi": "7.19",
          "Tokyo": "5.28"
        }
      }
    },
    "2017": {
      "Imports": {
        "Animals & Animal Products": {
          "Brasília": "37.80",
          "Abu Dhabi": "22.59",
          "Beijing": "4.75",
          "Canberra": "4.24",
          "Islamabad": "4.10"
        },
        "Vegetable Products": {
          "Bern": "16.37",
          "New Delhi": "13.68",
          "Amsterdam": "9.84",
          "London": "8.04"
        },
        "Prepared Foodstuffs; Beverages, Spirits, Vinegar, Tobacco and Manufactured Tobacco Substitutes": {
          "Uruguay": "8.50",
          "London": "18.31",
          "Abu Dhabi": "17.15",
          "Berlin": "7.79",
          "Bern": "7.66"
        },
        "Mineral Products": {
          "Ankara": "37.19",
          "Beijing": "22.83",
          "Abu Dhabi": "12.41",
          "New Delhi": "5.42",
          "Rome": "3.86"
        },
        "Products of the Chemical or Allied Industries": {
          "Beijing": "18.01",
          "Abu Dhabi": "14.62",
          "Berlin": "9.48",
          "New Delhi": "7.99",
          "Bern": "6.42"
        },
        "Plastics and Articles thereof; Rubber and Articles thereof": {
          "Other Asia, nes": "5.35",
          "Beijing": "25.01",
          "Seoul": "22.05",
          "Abu Dhabi": "12.56",
          "Ankara": "8.87"
        },
        "Raw Hides and Skins, Leather, Furskins, and Articles thereof; Saddlery and Harness; Travel Goods, Handbags, and Similar Containers; Articles of Animal Gut (Other than Silk-worm Gut)": {
          "Beijing": "57.84",
          "Ankara": "18.88",
          "Abu Dhabi": "9.17",
          "Lisbon": "2.86",
          "New Delhi": "2.74"
        },
        "Wood and Articles of Wood; Wood Charcoal; Cork and Articles of Cork; Manufactures of Straw, of Esparto or of Other Plaiting Materials; Basketware and Wickerwork": {
          "Thailand": "7.00",
          "Beijing": "21.42",
          "Ankara": "18.62",
          "Seoul": "10.52",
          "Abu Dhabi": "10.04"
        },
        "Textiles and Textile Articles": {
          "Ankara": "24.62",
          "Beijing": "21.79",
          "Abu Dhabi": "17.60",
          "Berlin": "6.45",
          "New Delhi": "6.24"
        },
        "Footwear, Headgear, Umbrellas, Sun Umbrellas, Walking-sticks, Seat-sticks, Whips, Riding-crops, and Parts thereof; Prepared Feathers and Articles Made therewith; Artificial Flowers; Articles of Human Hair": {
          "Beijing": "49.67",
          "Ankara": "22.00",
          "Abu Dhabi": "17.23",
          "Rome": "4.89",
          "Berlin": "2.06"
        },
        "Articles of Stone, Plaster, Cement, Asbestos, Mica or Similar Materials; Ceramic Products; Glass and Glassware": {
          "Beijing": "50.99",
          "Abu Dhabi": "9.41",
          "Ankara": "6.61",
          "Berlin": "6.59",
          "Rome": "5.07"
        },
        "Natural or Cultured Pearls, Precious or Semi-precious Stones, Precious Metals, Metals Clad with Precious Metal, and Articles thereof; Imitation Jewellery; Coin": {
          "Russian Federation": "8.04",
          "Beijing": "21.78",
          "New Delhi": "15.36",
          "Abu Dhabi": "14.26",
          "Ankara": "11.09"
        },
        "Base Metals and Articles of Base Metal": {
          "Beijing": "34.08",
          "Abu Dhabi": "17.30",
          "Seoul": "12.11",
          "Ankara": "6.92",
          "New Delhi": "5.66"
        },
        "Machinery and Mechanical Appliances; Electrical Equipment; Parts thereof; Sound Recorders and Reproducers, Television Image and Sound Recorders and Reproducers, and Parts and Accessories of such Articles": {
          "Beijing": "37.41",
          "Abu Dhabi": "17.91",
          "Berlin": "9.44",
          "Seoul": "7.50",
          "Rome": "6.02"
        },
        "Vehicles, Aircraft, Vessels, and Associated Transport Equipment": {
          "Abu Dhabi": "44.95",
          "Beijing": "23.48",
          "Seoul": "10.12",
          "Berlin": "5.68",
          "Ankara": "3.64"
        },
        "Optical, Photographic, Cinematographic, Measuring, Checking, Precision, Medical or Surgical Instruments and Apparatus; Clocks and Watches; Musical Instruments; Parts and Accessories thereof": {
          "Beijing": "30.52",
          "Abu Dhabi": "19.52",
          "Seoul": "9.26",
          "Berlin": "7.63",
          "Ankara": "6.62"
        },
        "Miscellaneous Manufactured Articles": {
          "Beijing": "39.59",
          "Paris": "14.14",
          "Seoul": "9.87",
          "Stockholm": "6.62",
          "Abu Dhabi": "6.41"
        }
      }
    },
    "2018": {
      "Imports": {
        "Animals & Animal Products": {
          "Russian Federation": "5.87",
          "Abu Dhabi": "26.81",
          "Brasília": "25.12",
          "Canberra": "8.74",
          "Ankara": "5.97"
        },
        "Vegetable Products": {
          "New Delhi": "19.12",
          "Bern": "16.04",
          "Amsterdam": "9.16",
          "London": "7.64"
        },
        "Prepared Foodstuffs; Beverages, Spirits, Vinegar, Tobacco and Manufactured Tobacco Substitutes": {
          "London": "16.06",
          "Abu Dhabi": "14.14",
          "Ankara": "11.88",
          "Vienna": "10.97",
          "Berlin": "7.59"
        },
        "Mineral Products": {
          "Beijing": "34.33",
          "Ankara": "23.47",
          "Abu Dhabi": "14.49",
          "New Delhi": "4.19",
          "Rome": "3.79"
        },
        "Products of the Chemical or Allied Industries": {
          "Beijing": "19.56",
          "Abu Dhabi": "14.67",
          "Berlin": "9.89",
          "Bern": "7.95",
          "New Delhi": "7.60"
        },
        "Plastics and Articles thereof; Rubber and Articles thereof": {
          "Beijing": "27.15",
          "Seoul": "19.30",
          "Abu Dhabi": "12.31",
          "Ankara": "10.61",
          "Berlin": "4.73"
        },
        "Raw Hides and Skins, Leather, Furskins, and Articles thereof; Saddlery and Harness; Travel Goods, Handbags, and Similar Containers; Articles of Animal Gut (Other than Silk-worm Gut)": {
          "Beijing": "56.04",
          "Abu Dhabi": "15.74",
          "Ankara": "10.86",
          "Rome": "9.24",
          "New Delhi": "1.69"
        },
        "Wood and Articles of Wood; Wood Charcoal; Cork and Articles of Cork; Manufactures of Straw, of Esparto or of Other Plaiting Materials; Basketware and Wickerwork": {
          "Russian Federation": "8.07",
          "Beijing": "19.81",
          "Ankara": "15.80",
          "Abu Dhabi": "12.73",
          "Seoul": "7.50"
        },
        "Textiles and Textile Articles": {
          "Ankara": "27.78",
          "Beijing": "19.20",
          "Abu Dhabi": "11.56",
          "Berlin": "8.48",
          "New Delhi": "6.75"
        },
        "Footwear, Headgear, Umbrellas, Sun Umbrellas, Walking-sticks, Seat-sticks, Whips, Riding-crops, and Parts thereof; Prepared Feathers and Articles Made therewith; Artificial Flowers; Articles of Human Hair": {
          "Beijing": "42.95",
          "Ankara": "20.88",
          "Abu Dhabi": "14.09",
          "Rome": "9.25",
          "Berlin": "5.29"
        },
        "Articles of Stone, Plaster, Cement, Asbestos, Mica or Similar Materials; Ceramic Products; Glass and Glassware": {
          "Beijing": "47.38",
          "Berlin": "10.88",
          "Rome": "7.98",
          "Abu Dhabi": "6.89",
          "Ankara": "4.55"
        },
        "Natural or Cultured Pearls, Precious or Semi-precious Stones, Precious Metals, Metals Clad with Precious Metal, and Articles thereof; Imitation Jewellery; Coin": {
          "Beijing": "33.15",
          "Abu Dhabi": "15.78",
          "Ankara": "10.07",
          "New Delhi": "9.55",
          "Bern": "4.94"
        },
        "Base Metals and Articles of Base Metal": {
          "Beijing": "37.29",
          "Abu Dhabi": "17.03",
          "Seoul": "11.01",
          "Ankara": "7.62",
          "New Delhi": "5.82"
        },
        "Machinery and Mechanical Appliances; Electrical Equipment; Parts thereof; Sound Recorders and Reproducers, Television Image and Sound Recorders and Reproducers, and Parts and Accessories of such Articles": {
          "Beijing": "35.72",
          "Abu Dhabi": "19.31",
          "Berlin": "9.41",
          "Rome": "6.01",
          "Ankara": "4.46"
        },
        "Vehicles, Aircraft, Vessels, and Associated Transport Equipment": {
          "Beijing": "43.23",
          "Abu Dhabi": "13.32",
          "Seoul": "12.75",
          "Berlin": "6.42",
          "Paris": "5.62"
        },
        "Optical, Photographic, Cinematographic, Measuring, Checking, Precision, Medical or Surgical Instruments and Apparatus; Clocks and Watches; Musical Instruments; Parts and Accessories thereof": {
          "Beijing": "31.18",
          "Abu Dhabi": "16.86",
          "Berlin": "8.10",
          "Seoul": "6.71",
          "Ankara": "6.30"
        },
        "Miscellaneous Manufactured Articles": {
          "Beijing": "45.91",
          "Seoul": "9.77",
          "Paris": "8.39",
          "Abu Dhabi": "8.25",
          "Tokyo": "3.73"
        }
      }
    },
    "2019": {
      "Imports": {
        "Animals & Animal Products": {
          "Russian Federation": "4.18",
          "Ankara": "26.76",
          "Abu Dhabi": "24.30",
          "Brasília": "22.41",
          "Islamabad": "3.87"
        },
        "Vegetable Products": {
          "Russian Federation": "8.75",
          "Ankara": "17.78",
          "New Delhi": "17.21",
          "Abu Dhabi": "8.92",
          "London": "6.46"
        },
        "Prepared Foodstuffs; Beverages, Spirits, Vinegar, Tobacco and Manufactured Tobacco Substitutes": {
          "New Delhi": "24.08",
          "Ankara": "15.05",
          "London": "13.46",
          "Amsterdam": "9.39",
          "Abu Dhabi": "8.59"
        },
        "Mineral Products": {
          "Tanzania": "5.73",
          "Jordan": "4.53",
          "Beijing": "27.94",
          "Abu Dhabi": "22.65",
          "Ankara": "15.55"
        },
        "Products of the Chemical or Allied Industries": {
          "Beijing": "26.85",
          "Abu Dhabi": "17.05",
          "New Delhi": "13.17",
          "Ankara": "8.25",
          "Berlin": "5.96"
        },
        "Plastics and Articles thereof; Rubber and Articles thereof": {
          "Beijing": "35.95",
          "Abu Dhabi": "20.58",
          "Ankara": "13.67",
          "Seoul": "5.74",
          "New Delhi": "4.57"
        },
        "Raw Hides and Skins, Leather, Furskins, and Articles thereof; Saddlery and Harness; Travel Goods, Handbags, and Similar Containers; Articles of Animal Gut (Other than Silk-worm Gut)": {
          "Iraq": "26.02",
          "Kazakhstan": "2.85",
          "Ankara": "33.75",
          "Rome": "23.59",
          "New Delhi": "7.57"
        },
        "Wood and Articles of Wood; Wood Charcoal; Cork and Articles of Cork; Manufactures of Straw, of Esparto or of Other Plaiting Materials; Basketware and Wickerwork": {
          "Russian Federation": "6.59",
          "Beijing": "29.54",
          "Abu Dhabi": "18.69",
          "Ankara": "16.35",
          "New Delhi": "6.04"
        },
        "Textiles and Textile Articles": {
          "Uzbekistan": "8.50",
          "Beijing": "24.27",
          "Ankara": "20.86",
          "Abu Dhabi": "14.09",
          "New Delhi": "11.59"
        },
        "Footwear, Headgear, Umbrellas, Sun Umbrellas, Walking-sticks, Seat-sticks, Whips, Riding-crops, and Parts thereof; Prepared Feathers and Articles Made therewith; Artificial Flowers; Articles of Human Hair": {
          "Beijing": "69.61",
          "Ankara": "11.19",
          "Rome": "9.18",
          "Madrid": "3.17",
          "Berlin": "2.79"
        },
        "Articles of Stone, Plaster, Cement, Asbestos, Mica or Similar Materials; Ceramic Products; Glass and Glassware": {
          "Beijing": "50.48",
          "Berlin": "12.55",
          "Abu Dhabi": "10.49",
          "Ankara": "7.43",
          "Rome": "4.62"
        },
        "Natural or Cultured Pearls, Precious or Semi-precious Stones, Precious Metals, Metals Clad with Precious Metal, and Articles thereof; Imitation Jewellery; Coin": {
          "Iraq": "6.24",
          "Beijing": "28.86",
          "Abu Dhabi": "21.96",
          "New Delhi": "17.03",
          "Ankara": "8.45"
        },
        "Base Metals and Articles of Base Metal": {
          "Beijing": "36.88",
          "Abu Dhabi": "25.25",
          "Ankara": "10.43",
          "New Delhi": "5.03",
          "Seoul": "3.89"
        },
        "Machinery and Mechanical Appliances; Electrical Equipment; Parts thereof; Sound Recorders and Reproducers, Television Image and Sound Recorders and Reproducers, and Parts and Accessories of such Articles": {
          "Beijing": "39.33",
          "Abu Dhabi": "32.28",
          "Berlin": "7.19",
          "Ankara": "6.31",
          "Rome": "3.88"
        },
        "Vehicles, Aircraft, Vessels, and Associated Transport Equipment": {
          "Beijing": "46.09",
          "Abu Dhabi": "20.25",
          "Seoul": "8.18",
          "Ankara": "5.36",
          "Berlin": "4.75"
        },
        "Optical, Photographic, Cinematographic, Measuring, Checking, Precision, Medical or Surgical Instruments and Apparatus; Clocks and Watches; Musical Instruments; Parts and Accessories thereof": {
          "Beijing": "35.54",
          "Abu Dhabi": "25.12",
          "Ankara": "8.42",
          "Berlin": "5.93",
          "New Delhi": "4.58"
        },
        "Miscellaneous Manufactured Articles": {
          "Beijing": "39.56",
          "Abu Dhabi": "18.17",
          "Seoul": "5.62",
          "Berlin": "4.84",
          "Ankara": "3.66"
        }
      }
    },
    "2020": {
      "Imports": {
        "Animals & Animal Products": {
          "Abu Dhabi": "22.34",
          "Ankara": "21.35",
          "Brasília": "18.65",
          "Berlin": "6.50",
          "New Delhi": "3.78"
        },
        "Vegetable Products": {
          "Russian Federation": "8.38",
          "Abu Dhabi": "17.11",
          "Ankara": "14.73",
          "New Delhi": "10.98",
          "London": "9.73"
        },
        "Prepared Foodstuffs; Beverages, Spirits, Vinegar, Tobacco and Manufactured Tobacco Substitutes": {
          "Ankara": "29.37",
          "New Delhi": "15.53",
          "Abu Dhabi": "10.99",
          "Amsterdam": "8.52",
          "Bern": "6.86"
        },
        "Mineral Products": {
          "Syrian Arab Republic": "9.30",
          "Tanzania": "5.48",
          "Abu Dhabi": "31.12",
          "Beijing": "29.51",
          "Ankara": "6.76"
        },
        "Products of the Chemical or Allied Industries": {
          "Beijing": "22.03",
          "Abu Dhabi": "19.42",
          "New Delhi": "11.17",
          "Ankara": "10.29",
          "Berlin": "7.31"
        },
        "Plastics and Articles thereof; Rubber and Articles thereof": {
          "Beijing": "30.17",
          "Abu Dhabi": "26.65",
          "Ankara": "14.03",
          "Seoul": "6.17",
          "Kuala Lumpur": "3.78"
        },
        "Raw Hides and Skins, Leather, Furskins, and Articles thereof; Saddlery and Harness; Travel Goods, Handbags, and Similar Containers; Articles of Animal Gut (Other than Silk-worm Gut)": {
          "Iraq": "23.33",
          "Kyrgyz Republic": "1.05",
          "Rome": "62.20",
          "New Delhi": "7.64",
          "Ankara": "5.54"
        },
        "Wood and Articles of Wood; Wood Charcoal; Cork and Articles of Cork; Manufactures of Straw, of Esparto or of Other Plaiting Materials; Basketware and Wickerwork": {
          "Russian Federation": "9.97",
          "Thailand": "5.74",
          "Abu Dhabi": "25.58",
          "Beijing": "21.51",
          "Ankara": "16.81"
        },
        "Textiles and Textile Articles": {
          "Uzbekistan": "6.79",
          "Beijing": "28.67",
          "Ankara": "19.37",
          "Abu Dhabi": "18.80",
          "Berlin": "5.94"
        },
        "Footwear, Headgear, Umbrellas, Sun Umbrellas, Walking-sticks, Seat-sticks, Whips, Riding-crops, and Parts thereof; Prepared Feathers and Articles Made therewith; Artificial Flowers; Articles of Human Hair": {
          "Beijing": "56.68",
          "Ankara": "13.45",
          "Abu Dhabi": "8.49",
          "Berlin": "7.19",
          "Kuala Lumpur": "5.58"
        },
        "Articles of Stone, Plaster, Cement, Asbestos, Mica or Similar Materials; Ceramic Products; Glass and Glassware": {
          "Beijing": "55.09",
          "Abu Dhabi": "13.43",
          "Ankara": "8.97",
          "Berlin": "6.46",
          "Rome": "4.93"
        },
        "Natural or Cultured Pearls, Precious or Semi-precious Stones, Precious Metals, Metals Clad with Precious Metal, and Articles thereof; Imitation Jewellery; Coin": {
          "Unspecified": "10.76",
          "Abu Dhabi": "25.56",
          "Beijing": "21.65",
          "New Delhi": "15.64",
          "Ankara": "7.35"
        },
        "Base Metals and Articles of Base Metal": {
          "Beijing": "47.16",
          "Abu Dhabi": "19.04",
          "Ankara": "10.31",
          "New Delhi": "3.86",
          "Berlin": "3.07"
        },
        "Machinery and Mechanical Appliances; Electrical Equipment; Parts thereof; Sound Recorders and Reproducers, Television Image and Sound Recorders and Reproducers, and Parts and Accessories of such Articles": {
          "Abu Dhabi": "39.85",
          "Beijing": "35.91",
          "Ankara": "6.59",
          "Berlin": "5.16",
          "Rome": "2.55"
        },
        "Vehicles, Aircraft, Vessels, and Associated Transport Equipment": {
          "Belgium": "2.88",
          "Beijing": "43.63",
          "Abu Dhabi": "22.48",
          "Ankara": "10.62",
          "Berlin": "8.09"
        },
        "Optical, Photographic, Cinematographic, Measuring, Checking, Precision, Medical or Surgical Instruments and Apparatus; Clocks and Watches; Musical Instruments; Parts and Accessories thereof": {
          "Beijing": "33.84",
          "Abu Dhabi": "30.00",
          "Ankara": "9.01",
          "Berlin": "5.41",
          "New Delhi": "3.09"
        },
        "Miscellaneous Manufactured Articles": {
          "Beijing": "49.70",
          "Abu Dhabi": "17.62",
          "Berlin": "4.41",
          "Ankara": "4.26",
          "Seoul": "3.30"
        }
      }
    },
    "2021": {
      "Imports": {
        "Animals & Animal Products": {
          "Belgium": "3.17",
          "Ankara": "43.67",
          "Brasília": "21.35",
          "Abu Dhabi": "13.95",
          "New Delhi": "3.17"
        },
        "Vegetable Products": {
          "Russian Federation": "9.62",
          "Iraq": "6.08",
          "Abu Dhabi": "31.10",
          "Ankara": "10.18",
          "London": "6.29"
        },
        "Prepared Foodstuffs; Beverages, Spirits, Vinegar, Tobacco and Manufactured Tobacco Substitutes": {
          "Abu Dhabi": "28.93",
          "Ankara": "14.42",
          "Bern": "11.33",
          "Brasília": "8.27",
          "Amsterdam": "7.53"
        },
        "Mineral Products": {
          "Syrian Arab Republic": "11.99",
          "Tanzania": "6.06",
          "Abu Dhabi": "41.24",
          "Beijing": "22.87",
          "Ankara": "4.79"
        },
        "Products of the Chemical or Allied Industries": {
          "Beijing": "31.95",
          "Abu Dhabi": "19.59",
          "Ankara": "9.11",
          "New Delhi": "7.37",
          "Berlin": "5.28"
        },
        "Plastics and Articles thereof; Rubber and Articles thereof": {
          "Beijing": "33.62",
          "Abu Dhabi": "29.09",
          "Ankara": "11.87",
          "Seoul": "5.01",
          "Kuala Lumpur": "4.03"
        },
        "Raw Hides and Skins, Leather, Furskins, and Articles thereof; Saddlery and Harness; Travel Goods, Handbags, and Similar Containers; Articles of Animal Gut (Other than Silk-worm Gut)": {
          "Iraq": "1.28",
          "Rome": "75.15",
          "Ankara": "22.91",
          "Berlin": "0.62",
          "New Delhi": "0.03"
        },
        "Wood and Articles of Wood; Wood Charcoal; Cork and Articles of Cork; Manufactures of Straw, of Esparto or of Other Plaiting Materials; Basketware and Wickerwork": {
          "Russian Federation": "8.43",
          "Thailand": "8.31",
          "Abu Dhabi": "28.27",
          "Beijing": "21.32",
          "Ankara": "16.37"
        },
        "Textiles and Textile Articles": {
          "Uzbekistan": "6.26",
          "Abu Dhabi": "30.16",
          "Beijing": "27.70",
          "Ankara": "16.44",
          "Berlin": "3.58"
        },
        "Footwear, Headgear, Umbrellas, Sun Umbrellas, Walking-sticks, Seat-sticks, Whips, Riding-crops, and Parts thereof; Prepared Feathers and Articles Made therewith; Artificial Flowers; Articles of Human Hair": {
          "Beijing": "36.46",
          "Ankara": "20.04",
          "Abu Dhabi": "12.37",
          "Berlin": "10.70",
          "Madrid": "10.03"
        },
        "Articles of Stone, Plaster, Cement, Asbestos, Mica or Similar Materials; Ceramic Products; Glass and Glassware": {
          "Beijing": "54.96",
          "Abu Dhabi": "11.18",
          "Ankara": "10.27",
          "Rome": "4.81",
          "Berlin": "4.38"
        },
        "Natural or Cultured Pearls, Precious or Semi-precious Stones, Precious Metals, Metals Clad with Precious Metal, and Articles thereof; Imitation Jewellery; Coin": {
          "Unspecified": "15.30",
          "Abu Dhabi": "29.96",
          "Beijing": "20.01",
          "New Delhi": "15.74",
          "Ankara": "5.35"
        },
        "Base Metals and Articles of Base Metal": {
          "Beijing": "43.04",
          "Abu Dhabi": "26.03",
          "Ankara": "9.75",
          "Berlin": "3.51",
          "New Delhi": "2.68"
        },
        "Machinery and Mechanical Appliances; Electrical Equipment; Parts thereof; Sound Recorders and Reproducers, Television Image and Sound Recorders and Reproducers, and Parts and Accessories of such Articles": {
          "Abu Dhabi": "46.07",
          "Beijing": "31.75",
          "Ankara": "6.18",
          "Berlin": "4.55",
          "Rome": "1.95"
        },
        "Vehicles, Aircraft, Vessels, and Associated Transport Equipment": {
          "Slovak Republic": "8.17",
          "Beijing": "31.57",
          "Ankara": "25.02",
          "Abu Dhabi": "15.13",
          "Berlin": "8.65"
        },
        "Optical, Photographic, Cinematographic, Measuring, Checking, Precision, Medical or Surgical Instruments and Apparatus; Clocks and Watches; Musical Instruments; Parts and Accessories thereof": {
          "Abu Dhabi": "33.64",
          "Beijing": "33.19",
          "Ankara": "9.21",
          "Berlin": "4.78",
          "New Delhi": "1.82"
        },
        "Miscellaneous Manufactured Articles": {
          "Beijing": "55.28",
          "Abu Dhabi": "14.97",
          "Ankara": "4.38",
          "Berlin": "3.65",
          "Bern": "2.49"
        }
      }
    }
  }
}