{
  "Main Partners": {
    "2007": {
      "Imports": {
        "Animals & Animal Products": {
          "Unspecified": "10.83",
          "Cairo": "17.63",
          "Brasília": "15.88",
          "Amsterdam": "9.34",
          "New Delhi": "7.19"
        },
        "Vegetable Products": {
          "Tunisia": "9.37",
          "Ankara": "12.96",
          "Cairo": "12.92",
          "Beijing": "8.05",
          "Berlin": "6.87"
        },
        "Prepared Foodstuffs; Beverages, Spirits, Vinegar, Tobacco and Manufactured Tobacco Substitutes": {
          "Thailand": "6.46",
          "Brasília": "24.17",
          "Rome": "15.61",
          "Cairo": "7.62",
          "Bern": "6.95"
        },
        "Mineral Products": {
          "Tunisia": "13.46",
          "Cairo": "33.97",
          "Madrid": "19.45",
          "Rome": "12.20",
          "Ankara": "3.37"
        },
        "Products of the Chemical or Allied Industries": {
          "Unspecified": "17.70",
          "Ireland": "5.73",
          "Cairo": "19.36",
          "Rome": "7.42",
          "Ankara": "5.59"
        },
        "Plastics and Articles thereof; Rubber and Articles thereof": {
          "Unspecified": "13.36",
          "Abu Dhabi": "15.31",
          "Beijing": "11.06",
          "Rome": "8.17",
          "Cairo": "6.30"
        },
        "Raw Hides and Skins, Leather, Furskins, and Articles thereof; Saddlery and Harness; Travel Goods, Handbags, and Similar Containers; Articles of Animal Gut (Other than Silk-worm Gut)": {
          "Syrian Arab Republic": "4.27",
          "Unspecified": "3.88",
          "Croatia": "3.08",
          "Beijing": "76.81",
          "London": "1.97"
        },
        "Wood and Articles of Wood; Wood Charcoal; Cork and Articles of Cork; Manufactures of Straw, of Esparto or of Other Plaiting Materials; Basketware and Wickerwork": {
          "Unspecified": "10.36",
          "Cairo": "23.34",
          "Rome": "22.71",
          "Beijing": "4.94",
          "Ankara": "4.81"
        },
        "Textiles and Textile Articles": {
          "Syrian Arab Republic": "3.25",
          "Beijing": "72.04",
          "Cairo": "3.16",
          "Ankara": "2.93",
          "Rome": "2.03"
        },
        "Footwear, Headgear, Umbrellas, Sun Umbrellas, Walking-sticks, Seat-sticks, Whips, Riding-crops, and Parts thereof; Prepared Feathers and Articles Made therewith; Artificial Flowers; Articles of Human Hair": {
          "Syrian Arab Republic": "3.40",
          "Tunisia": "3.01",
          "Beijing": "85.28",
          "Ankara": "1.55",
          "Rome": "1.28"
        },
        "Articles of Stone, Plaster, Cement, Asbestos, Mica or Similar Materials; Ceramic Products; Glass and Glassware": {
          "Unspecified": "8.60",
          "Cairo": "28.81",
          "Rome": "13.88",
          "Beijing": "13.51",
          "Madrid": "10.12"
        },
        "Natural or Cultured Pearls, Precious or Semi-precious Stones, Precious Metals, Metals Clad with Precious Metal, and Articles thereof; Imitation Jewellery; Coin": {
          "Unspecified": "4.86",
          "Cairo": "33.41",
          "Paris": "29.79",
          "Rome": "6.56",
          "New Delhi": "4.67"
        },
        "Base Metals and Articles of Base Metal": {
          "Unspecified": "9.51",
          "Rome": "12.33",
          "Beijing": "8.77",
          "Tokyo": "7.88",
          "Kuala Lumpur": "7.79"
        },
        "Machinery and Mechanical Appliances; Electrical Equipment; Parts thereof; Sound Recorders and Reproducers, Television Image and Sound Recorders and Reproducers, and Parts and Accessories of such Articles": {
          "Unspecified": "25.20",
          "Beijing": "12.43",
          "Washington, D.C.": "10.22",
          "London": "10.05",
          "Rome": "8.29"
        },
        "Vehicles, Aircraft, Vessels, and Associated Transport Equipment": {
          "Thailand": "5.09",
          "Tokyo": "31.48",
          "Seoul": "19.06",
          "Berlin": "13.32",
          "Ottawa": "7.17"
        },
        "Optical, Photographic, Cinematographic, Measuring, Checking, Precision, Medical or Surgical Instruments and Apparatus; Clocks and Watches; Musical Instruments; Parts and Accessories thereof": {
          "Unspecified": "15.26",
          "Beijing": "11.10",
          "Tokyo": "8.70",
          "Rome": "8.37",
          "Washington, D.C.": "7.40"
        },
        "Miscellaneous Manufactured Articles": {
          "Unspecified": "24.56",
          "Ankara": "17.12",
          "Washington, D.C.": "13.34",
          "Rome": "10.55",
          "Beijing": "10.23"
        }
      }
    },
    "2008": {
      "Imports": {
        "Animals & Animal Products": {
          "Unspecified": "10.82",
          "Tunisia": "7.67",
          "Brasília": "16.23",
          "Cairo": "12.51",
          "Amsterdam": "10.09"
        },
        "Vegetable Products": {
          "Tunisia": "9.05",
          "Thailand": "7.65",
          "Berlin": "9.94",
          "Paris": "8.39",
          "Buenos Aires": "8.04"
        },
        "Prepared Foodstuffs; Beverages, Spirits, Vinegar, Tobacco and Manufactured Tobacco Substitutes": {
          "Tunisia": "10.90",
          "Thailand": "6.39",
          "Unspecified": "4.67",
          "Rome": "33.72",
          "Brasília": "16.02"
        },
        "Mineral Products": {
          "Unspecified": "14.30",
          "Belgium": "6.33",
          "Rome": "24.46",
          "Ankara": "21.73",
          "Athens": "9.84"
        },
        "Products of the Chemical or Allied Industries": {
          "Unspecified": "26.72",
          "Bosnia and Herzegovina": "5.52",
          "Rome": "8.29",
          "Washington, D.C.": "6.05",
          "London": "6.00"
        },
        "Plastics and Articles thereof; Rubber and Articles thereof": {
          "Unspecified": "18.10",
          "Ankara": "15.45",
          "Beijing": "9.21",
          "Rome": "8.99",
          "Seoul": "8.11"
        },
        "Raw Hides and Skins, Leather, Furskins, and Articles thereof; Saddlery and Harness; Travel Goods, Handbags, and Similar Containers; Articles of Animal Gut (Other than Silk-worm Gut)": {
          "Tunisia": "6.26",
          "Beijing": "83.31",
          "Rome": "2.17",
          "Ankara": "1.04",
          "Washington, D.C.": "1.00"
        },
        "Wood and Articles of Wood; Wood Charcoal; Cork and Articles of Cork; Manufactures of Straw, of Esparto or of Other Plaiting Materials; Basketware and Wickerwork": {
          "Unspecified": "18.12",
          "Ankara": "12.08",
          "Stockholm": "8.32",
          "Vienna": "7.91",
          "Cairo": "6.69"
        },
        "Textiles and Textile Articles": {
          "Unspecified": "8.05",
          "Malta": "2.90",
          "Beijing": "60.31",
          "Ankara": "4.91",
          "Rome": "2.98"
        },
        "Footwear, Headgear, Umbrellas, Sun Umbrellas, Walking-sticks, Seat-sticks, Whips, Riding-crops, and Parts thereof; Prepared Feathers and Articles Made therewith; Artificial Flowers; Articles of Human Hair": {
          "Tunisia": "6.05",
          "Unspecified": "5.90",
          "Beijing": "73.62",
          "Washington, D.C.": "4.77",
          "Rome": "2.16"
        },
        "Articles of Stone, Plaster, Cement, Asbestos, Mica or Similar Materials; Ceramic Products; Glass and Glassware": {
          "Unspecified": "7.24",
          "Rome": "21.62",
          "Beijing": "20.10",
          "Ankara": "18.65",
          "Madrid": "5.77"
        },
        "Natural or Cultured Pearls, Precious or Semi-precious Stones, Precious Metals, Metals Clad with Precious Metal, and Articles thereof; Imitation Jewellery; Coin": {
          "Paris": "32.17",
          "Rome": "11.57",
          "Manama": "10.65",
          "Cairo": "8.01",
          "Athens": "5.99"
        },
        "Base Metals and Articles of Base Metal": {
          "Unspecified": "15.29",
          "Kuala Lumpur": "10.76",
          "Ankara": "10.61",
          "Beijing": "10.06",
          "Berlin": "7.95"
        },
        "Machinery and Mechanical Appliances; Electrical Equipment; Parts thereof; Sound Recorders and Reproducers, Television Image and Sound Recorders and Reproducers, and Parts and Accessories of such Articles": {
          "Unspecified": "37.09",
          "Beijing": "14.64",
          "Rome": "9.47",
          "Washington, D.C.": "9.17",
          "Seoul": "4.85"
        },
        "Vehicles, Aircraft, Vessels, and Associated Transport Equipment": {
          "Unspecified": "11.62",
          "Thailand": "5.77",
          "Tokyo": "30.34",
          "Seoul": "26.10",
          "Rome": "6.56"
        },
        "Optical, Photographic, Cinematographic, Measuring, Checking, Precision, Medical or Surgical Instruments and Apparatus; Clocks and Watches; Musical Instruments; Parts and Accessories thereof": {
          "Unspecified": "25.21",
          "Beijing": "13.30",
          "Rome": "8.63",
          "Seoul": "8.00",
          "Tokyo": "7.24"
        },
        "Miscellaneous Manufactured Articles": {
          "Unspecified": "21.33",
          "Beijing": "23.32",
          "Rome": "10.20",
          "Washington, D.C.": "8.93",
          "Ankara": "8.80"
        }
      }
    },
    "2009": {
      "Imports": {
        "Animals & Animal Products": {
          "Tunisia": "8.74",
          "Unspecified": "7.89",
          "Amsterdam": "17.17",
          "Brasília": "16.17",
          "Berlin": "8.01"
        },
        "Vegetable Products": {
          "Russian Federation": "16.67",
          "Thailand": "16.14",
          "Ukraine": "8.61",
          "Tunisia": "6.06",
          "Berlin": "8.46"
        },
        "Prepared Foodstuffs; Beverages, Spirits, Vinegar, Tobacco and Manufactured Tobacco Substitutes": {
          "Tunisia": "16.35",
          "Unspecified": "7.42",
          "Thailand": "7.14",
          "Ankara": "9.87",
          "Cairo": "6.84"
        },
        "Mineral Products": {
          "Tunisia": "38.83",
          "Athens": "18.54",
          "Ankara": "16.65",
          "Rome": "11.14",
          "Cairo": "3.29"
        },
        "Products of the Chemical or Allied Industries": {
          "Unspecified": "21.40",
          "Tunisia": "10.87",
          "Cairo": "7.27",
          "Rome": "7.11",
          "London": "6.73"
        },
        "Plastics and Articles thereof; Rubber and Articles thereof": {
          "Unspecified": "9.41",
          "Tunisia": "5.92",
          "Ankara": "32.47",
          "Beijing": "10.94",
          "Seoul": "5.68"
        },
        "Raw Hides and Skins, Leather, Furskins, and Articles thereof; Saddlery and Harness; Travel Goods, Handbags, and Similar Containers; Articles of Animal Gut (Other than Silk-worm Gut)": {
          "Unspecified": "1.62",
          "Tunisia": "1.11",
          "Belgium": "0.82",
          "Beijing": "92.48",
          "Rome": "0.50"
        },
        "Wood and Articles of Wood; Wood Charcoal; Cork and Articles of Cork; Manufactures of Straw, of Esparto or of Other Plaiting Materials; Basketware and Wickerwork": {
          "Tunisia": "13.32",
          "Unspecified": "12.54",
          "Ankara": "10.70",
          "Beijing": "10.21",
          "Cairo": "9.55"
        },
        "Textiles and Textile Articles": {
          "Unspecified": "5.86",
          "Syrian Arab Republic": "3.68",
          "Beijing": "52.71",
          "Ankara": "13.46",
          "Cairo": "3.87"
        },
        "Footwear, Headgear, Umbrellas, Sun Umbrellas, Walking-sticks, Seat-sticks, Whips, Riding-crops, and Parts thereof; Prepared Feathers and Articles Made therewith; Artificial Flowers; Articles of Human Hair": {
          "Unspecified": "12.29",
          "Thailand": "4.85",
          "Beijing": "45.84",
          "Ankara": "13.94",
          "London": "10.47"
        },
        "Articles of Stone, Plaster, Cement, Asbestos, Mica or Similar Materials; Ceramic Products; Glass and Glassware": {
          "Tunisia": "10.76",
          "Unspecified": "9.33",
          "Ankara": "42.88",
          "Beijing": "11.86",
          "Madrid": "5.81"
        },
        "Natural or Cultured Pearls, Precious or Semi-precious Stones, Precious Metals, Metals Clad with Precious Metal, and Articles thereof; Imitation Jewellery; Coin": {
          "Tunisia": "16.31",
          "Unspecified": "7.40",
          "Cairo": "14.45",
          "Ankara": "12.99",
          "Rome": "11.88"
        },
        "Base Metals and Articles of Base Metal": {
          "Unspecified": "12.52",
          "Ankara": "18.07",
          "Beijing": "11.12",
          "Kuala Lumpur": "8.12",
          "Seoul": "5.84"
        },
        "Machinery and Mechanical Appliances; Electrical Equipment; Parts thereof; Sound Recorders and Reproducers, Television Image and Sound Recorders and Reproducers, and Parts and Accessories of such Articles": {
          "Unspecified": "26.14",
          "Beijing": "17.73",
          "Washington, D.C.": "8.49",
          "Seoul": "8.32",
          "Rome": "7.40"
        },
        "Vehicles, Aircraft, Vessels, and Associated Transport Equipment": {
          "Unspecified": "8.70",
          "Seoul": "31.41",
          "Tokyo": "18.22",
          "Rome": "11.42",
          "Berlin": "8.50"
        },
        "Optical, Photographic, Cinematographic, Measuring, Checking, Precision, Medical or Surgical Instruments and Apparatus; Clocks and Watches; Musical Instruments; Parts and Accessories thereof": {
          "Unspecified": "18.39",
          "Beijing": "13.97",
          "Seoul": "10.45",
          "Ankara": "9.74",
          "Rome": "7.45"
        },
        "Miscellaneous Manufactured Articles": {
          "Unspecified": "30.46",
          "Beijing": "18.56",
          "Washington, D.C.": "9.36",
          "Ankara": "9.23",
          "Rome": "7.60"
        }
      }
    },
    "2010": {
      "Imports": {
        "Animals & Animal Products": {
          "Unspecified": "7.03",
          "Tunisia": "6.65",
          "Amsterdam": "17.16",
          "Brasília": "14.25",
          "Berlin": "9.61"
        },
        "Vegetable Products": {
          "Ukraine": "12.98",
          "Russian Federation": "10.75",
          "Berlin": "11.13",
          "Buenos Aires": "10.96",
          "Cairo": "8.80"
        },
        "Prepared Foodstuffs; Beverages, Spirits, Vinegar, Tobacco and Manufactured Tobacco Substitutes": {
          "Thailand": "10.05",
          "Tunisia": "8.17",
          "Unspecified": "6.73",
          "Ankara": "10.24",
          "Rome": "8.17"
        },
        "Mineral Products": {
          "Tunisia": "21.32",
          "Ankara": "33.85",
          "Rome": "10.90",
          "Athens": "10.11",
          "Beijing": "6.27"
        },
        "Products of the Chemical or Allied Industries": {
          "Unspecified": "11.01",
          "Tunisia": "7.46",
          "Cairo": "8.28",
          "Rome": "7.81",
          "London": "7.32"
        },
        "Plastics and Articles thereof; Rubber and Articles thereof": {
          "Unspecified": "7.59",
          "Ankara": "23.66",
          "Beijing": "12.10",
          "Seoul": "7.06",
          "Rome": "6.45"
        },
        "Raw Hides and Skins, Leather, Furskins, and Articles thereof; Saddlery and Harness; Travel Goods, Handbags, and Similar Containers; Articles of Animal Gut (Other than Silk-worm Gut)": {
          "Thailand": "7.94",
          "Unspecified": "2.62",
          "Beijing": "64.08",
          "Seoul": "8.08",
          "Rome": "2.52"
        },
        "Wood and Articles of Wood; Wood Charcoal; Cork and Articles of Cork; Manufactures of Straw, of Esparto or of Other Plaiting Materials; Basketware and Wickerwork": {
          "Tunisia": "8.64",
          "Ankara": "18.69",
          "Cairo": "10.44",
          "Vienna": "10.25",
          "Beijing": "9.51"
        },
        "Textiles and Textile Articles": {
          "Unspecified": "5.79",
          "Thailand": "2.50",
          "Beijing": "45.94",
          "Ankara": "18.30",
          "Rome": "2.77"
        },
        "Footwear, Headgear, Umbrellas, Sun Umbrellas, Walking-sticks, Seat-sticks, Whips, Riding-crops, and Parts thereof; Prepared Feathers and Articles Made therewith; Artificial Flowers; Articles of Human Hair": {
          "Thailand": "8.88",
          "Tunisia": "4.76",
          "Beijing": "49.58",
          "London": "10.24",
          "Washington, D.C.": "9.52"
        },
        "Articles of Stone, Plaster, Cement, Asbestos, Mica or Similar Materials; Ceramic Products; Glass and Glassware": {
          "Unspecified": "8.40",
          "Ankara": "33.27",
          "Beijing": "14.31",
          "Rome": "14.06",
          "Berlin": "8.55"
        },
        "Natural or Cultured Pearls, Precious or Semi-precious Stones, Precious Metals, Metals Clad with Precious Metal, and Articles thereof; Imitation Jewellery; Coin": {
          "Cairo": "20.62",
          "Paris": "20.60",
          "Ankara": "14.24",
          "Rome": "11.19",
          "Beijing": "6.91"
        },
        "Base Metals and Articles of Base Metal": {
          "Ankara": "21.75",
          "Seoul": "10.94",
          "Beijing": "10.10",
          "Brasília": "9.43",
          "Rome": "6.59"
        },
        "Machinery and Mechanical Appliances; Electrical Equipment; Parts thereof; Sound Recorders and Reproducers, Television Image and Sound Recorders and Reproducers, and Parts and Accessories of such Articles": {
          "Unspecified": "16.50",
          "Beijing": "13.74",
          "Rome": "10.87",
          "Seoul": "8.94",
          "Washington, D.C.": "7.99"
        },
        "Vehicles, Aircraft, Vessels, and Associated Transport Equipment": {
          "Seoul": "24.33",
          "Tokyo": "16.99",
          "Rome": "13.97",
          "Paris": "8.10",
          "Berlin": "7.81"
        },
        "Optical, Photographic, Cinematographic, Measuring, Checking, Precision, Medical or Surgical Instruments and Apparatus; Clocks and Watches; Musical Instruments; Parts and Accessories thereof": {
          "Unspecified": "10.82",
          "Ankara": "11.79",
          "Beijing": "11.15",
          "Seoul": "10.67",
          "Rome": "9.93"
        },
        "Miscellaneous Manufactured Articles": {
          "Unspecified": "19.54",
          "Ankara": "20.57",
          "Berlin": "9.84",
          "Beijing": "9.36",
          "Washington, D.C.": "8.49"
        }
      }
    },
    "2016": {
      "Imports": {
        "Animals & Animal Products": {
          "Romania": "6.79",
          "Madrid": "28.77",
          "Abu Dhabi": "12.21",
          "Brasília": "7.60",
          "Berlin": "5.44"
        },
        "Vegetable Products": {
          "Ukraine": "17.80",
          "Romania": "12.22",
          "Tunisia": "7.46",
          "Cairo": "8.67",
          "Abu Dhabi": "7.38"
        },
        "Prepared Foodstuffs; Beverages, Spirits, Vinegar, Tobacco and Manufactured Tobacco Substitutes": {
          "Tunisia": "7.65",
          "Thailand": "7.61",
          "Rome": "19.18",
          "Abu Dhabi": "17.75",
          "Cairo": "10.04"
        },
        "Mineral Products": {
          "Tunisia": "16.66",
          "Brasília": "43.81",
          "Ankara": "20.36",
          "Cairo": "7.73",
          "Rome": "4.59"
        },
        "Products of the Chemical or Allied Industries": {
          "Tunisia": "8.02",
          "Ireland": "7.63",
          "Ankara": "8.36",
          "Paris": "7.98",
          "Berlin": "7.50"
        },
        "Plastics and Articles thereof; Rubber and Articles thereof": {
          "Beijing": "21.24",
          "Ankara": "20.88",
          "Riyadh": "14.01",
          "Cairo": "9.51",
          "Seoul": "7.97"
        },
        "Raw Hides and Skins, Leather, Furskins, and Articles thereof; Saddlery and Harness; Travel Goods, Handbags, and Similar Containers; Articles of Animal Gut (Other than Silk-worm Gut)": {
          "Beijing": "88.87",
          "Ankara": "3.53",
          "Madrid": "1.17",
          "Hong Kong": "1.11",
          "Rome": "1.07"
        },
        "Wood and Articles of Wood; Wood Charcoal; Cork and Articles of Cork; Manufactures of Straw, of Esparto or of Other Plaiting Materials; Basketware and Wickerwork": {
          "Tunisia": "20.83",
          "Ankara": "14.67",
          "Abu Dhabi": "14.30",
          "Beijing": "10.25",
          "London": "8.73"
        },
        "Textiles and Textile Articles": {
          "Beijing": "58.33",
          "Ankara": "27.23",
          "Abu Dhabi": "4.57",
          "Rome": "1.60",
          "Cairo": "1.47"
        },
        "Footwear, Headgear, Umbrellas, Sun Umbrellas, Walking-sticks, Seat-sticks, Whips, Riding-crops, and Parts thereof; Prepared Feathers and Articles Made therewith; Artificial Flowers; Articles of Human Hair": {
          "Thailand": "1.73",
          "Beijing": "73.68",
          "Ankara": "10.46",
          "Rome": "8.15",
          "Abu Dhabi": "2.49"
        },
        "Articles of Stone, Plaster, Cement, Asbestos, Mica or Similar Materials; Ceramic Products; Glass and Glassware": {
          "Cairo": "31.16",
          "Ankara": "23.83",
          "Beijing": "20.56",
          "Madrid": "7.56",
          "Rome": "4.49"
        },
        "Natural or Cultured Pearls, Precious or Semi-precious Stones, Precious Metals, Metals Clad with Precious Metal, and Articles thereof; Imitation Jewellery; Coin": {
          "Tunisia": "5.90",
          "Brasília": "54.06",
          "Beijing": "9.73",
          "Ankara": "9.14",
          "Rome": "5.73"
        },
        "Base Metals and Articles of Base Metal": {
          "Ukraine": "7.68",
          "Beijing": "22.24",
          "Ankara": "21.84",
          "Rome": "10.58",
          "Berlin": "5.85"
        },
        "Machinery and Mechanical Appliances; Electrical Equipment; Parts thereof; Sound Recorders and Reproducers, Television Image and Sound Recorders and Reproducers, and Parts and Accessories of such Articles": {
          "Beijing": "17.99",
          "Abu Dhabi": "13.96",
          "Rome": "9.69",
          "Bern": "9.46",
          "Berlin": "5.98"
        },
        "Vehicles, Aircraft, Vessels, and Associated Transport Equipment": {
          "Seoul": "71.04",
          "Abu Dhabi": "7.92",
          "Rome": "3.49",
          "Beijing": "2.66",
          "Paris": "1.59"
        },
        "Optical, Photographic, Cinematographic, Measuring, Checking, Precision, Medical or Surgical Instruments and Apparatus; Clocks and Watches; Musical Instruments; Parts and Accessories thereof": {
          "Beijing": "20.26",
          "Ankara": "12.97",
          "Seoul": "12.32",
          "Abu Dhabi": "7.99",
          "Rome": "6.23"
        },
        "Miscellaneous Manufactured Articles": {
          "Beijing": "23.51",
          "Ankara": "20.80",
          "Berlin": "9.98",
          "Rome": "6.71",
          "Abu Dhabi": "6.63"
        }
      }
    },
    "2017": {
      "Imports": {
        "Animals & Animal Products": {
          "Romania": "10.76",
          "Madrid": "33.34",
          "Brasília": "8.46",
          "Berlin": "6.31",
          "Abu Dhabi": "5.22"
        },
        "Vegetable Products": {
          "Ukraine": "16.97",
          "Russian Federation": "10.94",
          "Romania": "7.80",
          "Tunisia": "7.10",
          "Ankara": "6.34"
        },
        "Prepared Foodstuffs; Beverages, Spirits, Vinegar, Tobacco and Manufactured Tobacco Substitutes": {
          "Thailand": "8.57",
          "Tunisia": "8.52",
          "Abu Dhabi": "25.23",
          "Rome": "9.03",
          "Cairo": "8.05"
        },
        "Mineral Products": {
          "Tunisia": "9.94",
          "Brasília": "66.29",
          "Cairo": "18.09",
          "Rome": "1.55",
          "Ankara": "1.52"
        },
        "Products of the Chemical or Allied Industries": {
          "Paris": "11.64",
          "Ankara": "9.56",
          "Berlin": "8.30",
          "Bern": "6.64",
          "Cairo": "6.49"
        },
        "Plastics and Articles thereof; Rubber and Articles thereof": {
          "Beijing": "27.35",
          "Ankara": "21.46",
          "Riyadh": "14.98",
          "Cairo": "6.30",
          "Seoul": "4.21"
        },
        "Raw Hides and Skins, Leather, Furskins, and Articles thereof; Saddlery and Harness; Travel Goods, Handbags, and Similar Containers; Articles of Animal Gut (Other than Silk-worm Gut)": {
          "Beijing": "87.33",
          "Ankara": "5.87",
          "Abu Dhabi": "1.71",
          "Rome": "1.48",
          "Hong Kong": "0.72"
        },
        "Wood and Articles of Wood; Wood Charcoal; Cork and Articles of Cork; Manufactures of Straw, of Esparto or of Other Plaiting Materials; Basketware and Wickerwork": {
          "Tunisia": "21.20",
          "Ankara": "19.42",
          "Rome": "8.63",
          "Beijing": "7.93",
          "Abu Dhabi": "6.79"
        },
        "Textiles and Textile Articles": {
          "Beijing": "55.37",
          "Ankara": "30.16",
          "Rome": "2.75",
          "Abu Dhabi": "2.37",
          "Cairo": "2.31"
        },
        "Footwear, Headgear, Umbrellas, Sun Umbrellas, Walking-sticks, Seat-sticks, Whips, Riding-crops, and Parts thereof; Prepared Feathers and Articles Made therewith; Artificial Flowers; Articles of Human Hair": {
          "Beijing": "66.74",
          "Ankara": "15.61",
          "Rome": "8.39",
          "Abu Dhabi": "3.23",
          "Brasília": "1.30"
        },
        "Articles of Stone, Plaster, Cement, Asbestos, Mica or Similar Materials; Ceramic Products; Glass and Glassware": {
          "Ankara": "37.52",
          "Cairo": "25.31",
          "Beijing": "17.09",
          "Madrid": "6.06",
          "Rome": "3.16"
        },
        "Natural or Cultured Pearls, Precious or Semi-precious Stones, Precious Metals, Metals Clad with Precious Metal, and Articles thereof; Imitation Jewellery; Coin": {
          "Tunisia": "3.37",
          "Brasília": "71.08",
          "Rome": "8.70",
          "Beijing": "5.74",
          "Ankara": "4.89"
        },
        "Base Metals and Articles of Base Metal": {
          "Malta": "8.95",
          "Rome": "21.89",
          "Beijing": "19.92",
          "Ankara": "19.26",
          "London": "7.57"
        },
        "Machinery and Mechanical Appliances; Electrical Equipment; Parts thereof; Sound Recorders and Reproducers, Television Image and Sound Recorders and Reproducers, and Parts and Accessories of such Articles": {
          "Beijing": "21.24",
          "Rome": "11.93",
          "London": "10.71",
          "Abu Dhabi": "9.90",
          "Berlin": "9.67"
        },
        "Vehicles, Aircraft, Vessels, and Associated Transport Equipment": {
          "Belgium": "5.65",
          "Seoul": "45.32",
          "Abu Dhabi": "14.61",
          "Beijing": "5.94",
          "Berlin": "5.57"
        },
        "Optical, Photographic, Cinematographic, Measuring, Checking, Precision, Medical or Surgical Instruments and Apparatus; Clocks and Watches; Musical Instruments; Parts and Accessories thereof": {
          "Beijing": "21.67",
          "Ankara": "15.42",
          "Rome": "7.73",
          "Abu Dhabi": "6.44",
          "Seoul": "5.93"
        },
        "Miscellaneous Manufactured Articles": {
          "Ankara": "25.64",
          "Beijing": "23.71",
          "Berlin": "9.08",
          "Abu Dhabi": "5.30",
          "Rome": "5.13"
        }
      }
    },
    "2018": {
      "Imports": {
        "Animals & Animal Products": {
          "Romania": "8.80",
          "Madrid": "28.08",
          "Ankara": "10.14",
          "Brasília": "8.96",
          "Berlin": "5.97"
        },
        "Vegetable Products": {
          "Ukraine": "22.55",
          "Romania": "10.15",
          "Russian Federation": "8.46",
          "Tunisia": "7.98",
          "Ankara": "9.84"
        },
        "Prepared Foodstuffs; Beverages, Spirits, Vinegar, Tobacco and Manufactured Tobacco Substitutes": {
          "Tunisia": "8.63",
          "Thailand": "7.39",
          "Abu Dhabi": "17.73",
          "Rome": "8.79",
          "Cairo": "8.26"
        },
        "Mineral Products": {
          "Tunisia": "9.20",
          "Brasília": "68.51",
          "Cairo": "18.89",
          "Rome": "0.98",
          "Ankara": "0.80"
        },
        "Products of the Chemical or Allied Industries": {
          "Tunisia": "6.75",
          "Paris": "9.48",
          "Ankara": "8.08",
          "Abu Dhabi": "7.81",
          "Berlin": "7.78"
        },
        "Plastics and Articles thereof; Rubber and Articles thereof": {
          "Beijing": "27.34",
          "Ankara": "25.54",
          "Cairo": "9.78",
          "Seoul": "6.34",
          "Riyadh": "6.11"
        },
        "Raw Hides and Skins, Leather, Furskins, and Articles thereof; Saddlery and Harness; Travel Goods, Handbags, and Similar Containers; Articles of Animal Gut (Other than Silk-worm Gut)": {
          "Belgium": "1.23",
          "Beijing": "74.27",
          "Ankara": "15.85",
          "Rome": "2.69",
          "Abu Dhabi": "1.03"
        },
        "Wood and Articles of Wood; Wood Charcoal; Cork and Articles of Cork; Manufactures of Straw, of Esparto or of Other Plaiting Materials; Basketware and Wickerwork": {
          "Tunisia": "17.11",
          "Ankara": "21.91",
          "Beijing": "9.55",
          "Cairo": "8.64",
          "Riyadh": "7.30"
        },
        "Textiles and Textile Articles": {
          "Beijing": "47.86",
          "Ankara": "37.09",
          "Rome": "3.15",
          "Abu Dhabi": "2.86",
          "Cairo": "2.30"
        },
        "Footwear, Headgear, Umbrellas, Sun Umbrellas, Walking-sticks, Seat-sticks, Whips, Riding-crops, and Parts thereof; Prepared Feathers and Articles Made therewith; Artificial Flowers; Articles of Human Hair": {
          "Thailand": "1.75",
          "Beijing": "56.78",
          "Ankara": "22.48",
          "Rome": "10.03",
          "Abu Dhabi": "3.55"
        },
        "Articles of Stone, Plaster, Cement, Asbestos, Mica or Similar Materials; Ceramic Products; Glass and Glassware": {
          "Ankara": "38.26",
          "Cairo": "22.44",
          "Beijing": "18.89",
          "Madrid": "5.69",
          "Rome": "4.65"
        },
        "Natural or Cultured Pearls, Precious or Semi-precious Stones, Precious Metals, Metals Clad with Precious Metal, and Articles thereof; Imitation Jewellery; Coin": {
          "Belgium": "3.44",
          "Brasília": "71.24",
          "Rome": "6.22",
          "Ankara": "6.07",
          "Beijing": "4.72"
        },
        "Base Metals and Articles of Base Metal": {
          "Russian Federation": "14.05",
          "Ankara": "22.52",
          "Beijing": "19.95",
          "Rome": "10.83",
          "Cairo": "6.21"
        },
        "Machinery and Mechanical Appliances; Electrical Equipment; Parts thereof; Sound Recorders and Reproducers, Television Image and Sound Recorders and Reproducers, and Parts and Accessories of such Articles": {
          "Abu Dhabi": "34.67",
          "Beijing": "18.65",
          "Rome": "9.16",
          "Ankara": "6.08",
          "Berlin": "4.92"
        },
        "Vehicles, Aircraft, Vessels, and Associated Transport Equipment": {
          "Belgium": "8.01",
          "Seoul": "38.75",
          "Abu Dhabi": "17.57",
          "Washington, D.C.": "8.47",
          "Beijing": "4.06"
        },
        "Optical, Photographic, Cinematographic, Measuring, Checking, Precision, Medical or Surgical Instruments and Apparatus; Clocks and Watches; Musical Instruments; Parts and Accessories thereof": {
          "Beijing": "18.52",
          "Ankara": "15.68",
          "Abu Dhabi": "15.26",
          "Rome": "6.18",
          "Seoul": "5.33"
        },
        "Miscellaneous Manufactured Articles": {
          "Ankara": "23.84",
          "Beijing": "18.61",
          "Berlin": "9.08",
          "Abu Dhabi": "6.11",
          "Rome": "5.77"
        }
      }
    },
    "2019": {
      "Imports": {
        "Animals & Animal Products": {
          "Romania": "7.03",
          "Madrid": "27.33",
          "Brasília": "12.32",
          "Berlin": "7.08",
          "Ankara": "6.92"
        },
        "Vegetable Products": {
          "Ukraine": "23.16",
          "Russian Federation": "9.01",
          "Tunisia": "7.00",
          "Romania": "6.01",
          "Ankara": "12.96"
        },
        "Prepared Foodstuffs; Beverages, Spirits, Vinegar, Tobacco and Manufactured Tobacco Substitutes": {
          "Thailand": "9.95",
          "Abu Dhabi": "21.93",
          "Ankara": "8.43",
          "Rome": "8.19",
          "Cairo": "7.46"
        },
        "Mineral Products": {
          "Tunisia": "13.32",
          "Brasília": "50.20",
          "Cairo": "23.49",
          "Manama": "8.65",
          "Ankara": "1.56"
        },
        "Products of the Chemical or Allied Industries": {
          "Tunisia": "7.74",
          "Ankara": "9.96",
          "Cairo": "8.98",
          "Paris": "7.50",
          "Berlin": "7.44"
        },
        "Plastics and Articles thereof; Rubber and Articles thereof": {
          "Beijing": "33.15",
          "Ankara": "23.91",
          "Cairo": "10.25",
          "Seoul": "6.63",
          "Riyadh": "3.76"
        },
        "Raw Hides and Skins, Leather, Furskins, and Articles thereof; Saddlery and Harness; Travel Goods, Handbags, and Similar Containers; Articles of Animal Gut (Other than Silk-worm Gut)": {
          "Belgium": "0.70",
          "Beijing": "84.62",
          "Ankara": "8.21",
          "Abu Dhabi": "1.38",
          "Rome": "1.00"
        },
        "Wood and Articles of Wood; Wood Charcoal; Cork and Articles of Cork; Manufactures of Straw, of Esparto or of Other Plaiting Materials; Basketware and Wickerwork": {
          "Tunisia": "16.10",
          "Ankara": "21.06",
          "Beijing": "12.68",
          "Rome": "7.96",
          "Cairo": "7.09"
        },
        "Textiles and Textile Articles": {
          "Beijing": "49.93",
          "Ankara": "37.70",
          "Cairo": "2.87",
          "Abu Dhabi": "2.09",
          "Rome": "1.44"
        },
        "Footwear, Headgear, Umbrellas, Sun Umbrellas, Walking-sticks, Seat-sticks, Whips, Riding-crops, and Parts thereof; Prepared Feathers and Articles Made therewith; Artificial Flowers; Articles of Human Hair": {
          "Thailand": "2.41",
          "Malta": "1.34",
          "Beijing": "62.45",
          "Ankara": "20.35",
          "Rome": "6.65"
        },
        "Articles of Stone, Plaster, Cement, Asbestos, Mica or Similar Materials; Ceramic Products; Glass and Glassware": {
          "Ankara": "38.71",
          "Beijing": "22.37",
          "Cairo": "17.73",
          "Madrid": "5.20",
          "New Delhi": "4.58"
        },
        "Natural or Cultured Pearls, Precious or Semi-precious Stones, Precious Metals, Metals Clad with Precious Metal, and Articles thereof; Imitation Jewellery; Coin": {
          "Brasília": "64.72",
          "Manama": "11.16",
          "Ankara": "7.30",
          "Beijing": "5.65",
          "Cairo": "4.23"
        },
        "Base Metals and Articles of Base Metal": {
          "Ukraine": "5.91",
          "Beijing": "32.27",
          "Ankara": "23.67",
          "Cairo": "6.07",
          "Rome": "5.99"
        },
        "Machinery and Mechanical Appliances; Electrical Equipment; Parts thereof; Sound Recorders and Reproducers, Television Image and Sound Recorders and Reproducers, and Parts and Accessories of such Articles": {
          "Beijing": "27.07",
          "Abu Dhabi": "22.77",
          "Rome": "10.43",
          "Ankara": "8.66",
          "Berlin": "6.27"
        },
        "Vehicles, Aircraft, Vessels, and Associated Transport Equipment": {
          "Belgium": "8.10",
          "Seoul": "32.82",
          "Washington, D.C.": "15.46",
          "Abu Dhabi": "13.31",
          "Beijing": "4.90"
        },
        "Optical, Photographic, Cinematographic, Measuring, Checking, Precision, Medical or Surgical Instruments and Apparatus; Clocks and Watches; Musical Instruments; Parts and Accessories thereof": {
          "Beijing": "24.17",
          "Ankara": "17.31",
          "Abu Dhabi": "9.92",
          "Seoul": "6.14",
          "Rome": "5.86"
        },
        "Miscellaneous Manufactured Articles": {
          "Beijing": "27.26",
          "Ankara": "24.57",
          "Berlin": "9.06",
          "Amsterdam": "6.52",
          "Rome": "6.08"
        }
      }
    }
  }
}