{
  "Main Partners": {
    "1996": {
      "Imports": {
        "Animals & Animal Products": {
          "Russian Federation": "33.73",
          "Unspecified": "6.27",
          "Ukraine": "6.06",
          "Seoul": "28.93"
        },
        "Vegetable Products": {
          "Russian Federation": "3.05",
          "Unspecified": "2.39",
          "Beijing": "77.37",
          "Berlin": "5.32",
          "Rome": "3.56"
        },
        "Prepared Foodstuffs; Beverages, Spirits, Vinegar, Tobacco and Manufactured Tobacco Substitutes": {
          "Unspecified": "11.62",
          "Russian Federation": "7.72",
          "Berlin": "17.22",
          "Beijing": "14.56",
          "Warsaw": "8.40"
        },
        "Mineral Products": {
          "Russian Federation": "56.40",
          "Beijing": "36.39",
          "Berlin": "2.99",
          "Warsaw": "1.18",
          "Rome": "0.96"
        },
        "Products of the Chemical or Allied Industries": {
          "Russian Federation": "25.71",
          "Beijing": "23.21",
          "Berlin": "6.67",
          "Rome": "6.07",
          "Seoul": "5.06"
        },
        "Plastics and Articles thereof; Rubber and Articles thereof": {
          "Russian Federation": "56.34",
          "Tokyo": "14.54",
          "Beijing": "12.80",
          "Washington, D.C.": "4.64",
          "Seoul": "3.80"
        },
        "Raw Hides and Skins, Leather, Furskins, and Articles thereof; Saddlery and Harness; Travel Goods, Handbags, and Similar Containers; Articles of Animal Gut (Other than Silk-worm Gut)": {
          "Russian Federation": "4.39",
          "Seoul": "41.09",
          "Berlin": "24.81",
          "Beijing": "23.90",
          "Ankara": "2.43"
        },
        "Wood and Articles of Wood; Wood Charcoal; Cork and Articles of Cork; Manufactures of Straw, of Esparto or of Other Plaiting Materials; Basketware and Wickerwork": {
          "Russian Federation": "27.54",
          "Beijing": "21.27",
          "Copenhagen": "9.91",
          "Seoul": "9.26",
          "Tokyo": "5.97"
        },
        "Textiles and Textile Articles": {
          "Russian Federation": "8.46",
          "Seoul": "35.62",
          "Beijing": "31.42",
          "Washington, D.C.": "6.89",
          "Hong Kong": "5.08"
        },
        "Footwear, Headgear, Umbrellas, Sun Umbrellas, Walking-sticks, Seat-sticks, Whips, Riding-crops, and Parts thereof; Prepared Feathers and Articles Made therewith; Artificial Flowers; Articles of Human Hair": {
          "Russian Federation": "14.25",
          "Rome": "39.45",
          "Berlin": "18.44",
          "Amsterdam": "7.56",
          "New Delhi": "3.99"
        },
        "Articles of Stone, Plaster, Cement, Asbestos, Mica or Similar Materials; Ceramic Products; Glass and Glassware": {
          "Russian Federation": "27.11",
          "Beijing": "28.58",
          "Tokyo": "18.70",
          "Berlin": "12.57",
          "Washington, D.C.": "3.77"
        },
        "Natural or Cultured Pearls, Precious or Semi-precious Stones, Precious Metals, Metals Clad with Precious Metal, and Articles thereof; Imitation Jewellery; Coin": {
          "Russian Federation": "32.19",
          "Unspecified": "1.10",
          "Beijing": "49.82",
          "Seoul": "13.20"
        },
        "Base Metals and Articles of Base Metal": {
          "Russian Federation": "47.23",
          "Rome": "19.22",
          "Beijing": "13.44",
          "Tokyo": "9.39",
          "Berlin": "2.23"
        },
        "Machinery and Mechanical Appliances; Electrical Equipment; Parts thereof; Sound Recorders and Reproducers, Television Image and Sound Recorders and Reproducers, and Parts and Accessories of such Articles": {
          "Russian Federation": "23.39",
          "Tokyo": "20.69",
          "Rome": "12.22",
          "Berlin": "8.67",
          "Beijing": "8.53"
        },
        "Vehicles, Aircraft, Vessels, and Associated Transport Equipment": {
          "Russian Federation": "40.63",
          "Tokyo": "26.85",
          "Berlin": "15.43",
          "Seoul": "5.54",
          "Beijing": "4.62"
        },
        "Optical, Photographic, Cinematographic, Measuring, Checking, Precision, Medical or Surgical Instruments and Apparatus; Clocks and Watches; Musical Instruments; Parts and Accessories thereof": {
          "Russian Federation": "30.82",
          "Tokyo": "17.82",
          "Beijing": "11.33",
          "Berlin": "9.23",
          "Rome": "7.38"
        },
        "Miscellaneous Manufactured Articles": {
          "Seoul": "14.27",
          "Washington, D.C.": "12.30",
          "Tokyo": "11.71",
          "Berlin": "10.05"
        }
      }
    },
    "1997": {
      "Imports": {
        "Animals & Animal Products": {
          "Russian Federation": "29.59",
          "Berlin": "11.69",
          "Seoul": "10.38",
          "Beijing": "6.77"
        },
        "Vegetable Products": {
          "Russian Federation": "5.41",
          "Kazakhstan": "3.43",
          "Beijing": "63.20",
          "Washington, D.C.": "12.39",
          "Berlin": "6.25"
        },
        "Prepared Foodstuffs; Beverages, Spirits, Vinegar, Tobacco and Manufactured Tobacco Substitutes": {
          "Czech Republic": "7.45",
          "Beijing": "16.46",
          "Berlin": "15.72",
          "Sofia": "7.75",
          "Warsaw": "7.46"
        },
        "Mineral Products": {
          "Russian Federation": "43.73",
          "Uzbekistan": "1.24",
          "Beijing": "48.20",
          "Berlin": "3.80",
          "Seoul": "0.97"
        },
        "Products of the Chemical or Allied Industries": {
          "Russian Federation": "21.81",
          "Beijing": "20.29",
          "Rome": "13.18",
          "Berlin": "5.93"
        },
        "Plastics and Articles thereof; Rubber and Articles thereof": {
          "Russian Federation": "41.24",
          "Beijing": "13.81",
          "Paris": "10.06",
          "Washington, D.C.": "9.14",
          "Seoul": "7.51"
        },
        "Raw Hides and Skins, Leather, Furskins, and Articles thereof; Saddlery and Harness; Travel Goods, Handbags, and Similar Containers; Articles of Animal Gut (Other than Silk-worm Gut)": {
          "Seoul": "37.65",
          "Berlin": "23.52",
          "Hong Kong": "16.94",
          "Ankara": "12.45",
          "Beijing": "3.83"
        },
        "Wood and Articles of Wood; Wood Charcoal; Cork and Articles of Cork; Manufactures of Straw, of Esparto or of Other Plaiting Materials; Basketware and Wickerwork": {
          "Russian Federation": "35.94",
          "London": "15.49",
          "Beijing": "15.26",
          "Seoul": "13.57",
          "Berlin": "2.68"
        },
        "Textiles and Textile Articles": {
          "Other Asia, nes": "8.68",
          "Russian Federation": "7.62",
          "Seoul": "39.15",
          "Beijing": "22.06",
          "Hong Kong": "11.52"
        },
        "Footwear, Headgear, Umbrellas, Sun Umbrellas, Walking-sticks, Seat-sticks, Whips, Riding-crops, and Parts thereof; Prepared Feathers and Articles Made therewith; Artificial Flowers; Articles of Human Hair": {
          "Russian Federation": "22.30",
          "Czech Republic": "19.22",
          "Berlin": "21.83",
          "Rome": "9.29",
          "Vienna": "7.75"
        },
        "Articles of Stone, Plaster, Cement, Asbestos, Mica or Similar Materials; Ceramic Products; Glass and Glassware": {
          "Russian Federation": "29.77",
          "Beijing": "37.72",
          "Rome": "13.94",
          "Berlin": "5.84",
          "Paris": "2.62"
        },
        "Natural or Cultured Pearls, Precious or Semi-precious Stones, Precious Metals, Metals Clad with Precious Metal, and Articles thereof; Imitation Jewellery; Coin": {
          "Russian Federation": "44.73",
          "Kazakhstan": "3.44",
          "Beijing": "39.96",
          "Rome": "4.13",
          "Berlin": "1.88"
        },
        "Base Metals and Articles of Base Metal": {
          "Russian Federation": "48.36",
          "Copenhagen": "17.06",
          "Beijing": "12.04",
          "Rome": "7.07",
          "Tokyo": "3.22"
        },
        "Machinery and Mechanical Appliances; Electrical Equipment; Parts thereof; Sound Recorders and Reproducers, Television Image and Sound Recorders and Reproducers, and Parts and Accessories of such Articles": {
          "Russian Federation": "23.18",
          "Rome": "17.82",
          "Tokyo": "16.68",
          "Paris": "6.41"
        },
        "Vehicles, Aircraft, Vessels, and Associated Transport Equipment": {
          "Russian Federation": "19.66",
          "Washington, D.C.": "47.34",
          "Tokyo": "14.27",
          "Seoul": "4.32",
          "Beijing": "4.22"
        },
        "Optical, Photographic, Cinematographic, Measuring, Checking, Precision, Medical or Surgical Instruments and Apparatus; Clocks and Watches; Musical Instruments; Parts and Accessories thereof": {
          "Russian Federation": "23.53",
          "Tokyo": "11.38",
          "Washington, D.C.": "10.08",
          "Rome": "9.99",
          "Beijing": "9.38"
        },
        "Miscellaneous Manufactured Articles": {
          "Tokyo": "16.33",
          "Berlin": "10.79",
          "Seoul": "9.76",
          "Beijing": "8.22"
        }
      }
    },
    "1998": {
      "Imports": {
        "Animals & Animal Products": {
          "Russian Federation": "21.74",
          "Amsterdam": "14.01",
          "Berlin": "11.77",
          "Beijing": "11.75"
        },
        "Vegetable Products": {
          "Russian Federation": "8.28",
          "Kazakhstan": "6.78",
          "Beijing": "46.47",
          "Washington, D.C.": "15.61",
          "Berlin": "10.54"
        },
        "Prepared Foodstuffs; Beverages, Spirits, Vinegar, Tobacco and Manufactured Tobacco Substitutes": {
          "Berlin": "17.23",
          "Beijing": "13.21",
          "Warsaw": "9.12",
          "Sofia": "7.72",
          "Helsinki": "5.96"
        },
        "Mineral Products": {
          "Russian Federation": "26.13",
          "Beijing": "60.26",
          "Washington, D.C.": "7.58",
          "Berlin": "1.72",
          "Jakarta": "1.15"
        },
        "Products of the Chemical or Allied Industries": {
          "Russian Federation": "16.98",
          "Beijing": "21.20",
          "Paris": "16.26",
          "Berlin": "6.31"
        },
        "Plastics and Articles thereof; Rubber and Articles thereof": {
          "Russian Federation": "37.03",
          "Paris": "19.19",
          "Seoul": "8.64",
          "Tokyo": "8.58",
          "Beijing": "8.08"
        },
        "Raw Hides and Skins, Leather, Furskins, and Articles thereof; Saddlery and Harness; Travel Goods, Handbags, and Similar Containers; Articles of Animal Gut (Other than Silk-worm Gut)": {
          "Russian Federation": "6.79",
          "Czech Republic": "5.85",
          "Seoul": "58.20",
          "Beijing": "14.18",
          "Berlin": "7.21"
        },
        "Wood and Articles of Wood; Wood Charcoal; Cork and Articles of Cork; Manufactures of Straw, of Esparto or of Other Plaiting Materials; Basketware and Wickerwork": {
          "Russian Federation": "13.37",
          "Seoul": "24.84",
          "Beijing": "17.23",
          "London": "9.71",
          "Washington, D.C.": "4.17"
        },
        "Textiles and Textile Articles": {
          "Other Asia, nes": "9.99",
          "Russian Federation": "5.30",
          "Seoul": "30.23",
          "Beijing": "26.81",
          "Hong Kong": "14.54"
        },
        "Footwear, Headgear, Umbrellas, Sun Umbrellas, Walking-sticks, Seat-sticks, Whips, Riding-crops, and Parts thereof; Prepared Feathers and Articles Made therewith; Artificial Flowers; Articles of Human Hair": {
          "Russian Federation": "20.23",
          "Ukraine": "15.64",
          "Czech Republic": "8.75",
          "Berlin": "21.70",
          "Rome": "14.05"
        },
        "Articles of Stone, Plaster, Cement, Asbestos, Mica or Similar Materials; Ceramic Products; Glass and Glassware": {
          "Russian Federation": "20.69",
          "Ukraine": "4.75",
          "Czech Republic": "2.34",
          "Beijing": "56.32",
          "Seoul": "3.98"
        },
        "Natural or Cultured Pearls, Precious or Semi-precious Stones, Precious Metals, Metals Clad with Precious Metal, and Articles thereof; Imitation Jewellery; Coin": {
          "Russian Federation": "45.04",
          "Beijing": "45.16",
          "Washington, D.C.": "5.40",
          "Berlin": "1.33",
          "Jakarta": "0.89"
        },
        "Base Metals and Articles of Base Metal": {
          "Russian Federation": "49.74",
          "Romania": "5.26",
          "Beijing": "17.70",
          "Vienna": "7.38",
          "Tokyo": "5.59"
        },
        "Machinery and Mechanical Appliances; Electrical Equipment; Parts thereof; Sound Recorders and Reproducers, Television Image and Sound Recorders and Reproducers, and Parts and Accessories of such Articles": {
          "Russian Federation": "14.56",
          "Tokyo": "24.00",
          "Washington, D.C.": "14.60",
          "Vienna": "10.23"
        },
        "Vehicles, Aircraft, Vessels, and Associated Transport Equipment": {
          "Russian Federation": "22.35",
          "Tokyo": "32.73",
          "Seoul": "20.45",
          "Washington, D.C.": "8.26",
          "Berlin": "5.11"
        },
        "Optical, Photographic, Cinematographic, Measuring, Checking, Precision, Medical or Surgical Instruments and Apparatus; Clocks and Watches; Musical Instruments; Parts and Accessories thereof": {
          "Russian Federation": "18.11",
          "Tokyo": "17.63",
          "Seoul": "10.24",
          "Beijing": "10.11",
          "Washington, D.C.": "8.60"
        },
        "Miscellaneous Manufactured Articles": {
          "Paris": "35.28",
          "Seoul": "10.48",
          "Tokyo": "9.63",
          "Berlin": "5.99"
        }
      }
    },
    "1999": {
      "Imports": {
        "Animals & Animal Products": {
          "Russian Federation": "48.28",
          "Beijing": "14.22",
          "Amsterdam": "6.60",
          "Seoul": "5.59"
        },
        "Vegetable Products": {
          "Russian Federation": "18.24",
          "Other Asia, nes": "4.13",
          "Beijing": "35.33",
          "Berlin": "16.88",
          "Washington, D.C.": "14.66"
        },
        "Prepared Foodstuffs; Beverages, Spirits, Vinegar, Tobacco and Manufactured Tobacco Substitutes": {
          "Russian Federation": "12.37",
          "Berlin": "12.61",
          "Seoul": "9.18",
          "Sofia": "8.69",
          "Beijing": "8.17"
        },
        "Mineral Products": {
          "Russian Federation": "30.52",
          "Ukraine": "1.97",
          "Beijing": "65.38",
          "Seoul": "0.71",
          "Berlin": "0.46"
        },
        "Products of the Chemical or Allied Industries": {
          "Russian Federation": "18.57",
          "Beijing": "23.61",
          "Jakarta": "9.29",
          "Seoul": "5.94",
          "Kuala Lumpur": "5.74"
        },
        "Plastics and Articles thereof; Rubber and Articles thereof": {
          "Russian Federation": "24.49",
          "Tokyo": "16.47",
          "Washington, D.C.": "15.85",
          "Ottawa": "13.54",
          "Beijing": "10.07"
        },
        "Raw Hides and Skins, Leather, Furskins, and Articles thereof; Saddlery and Harness; Travel Goods, Handbags, and Similar Containers; Articles of Animal Gut (Other than Silk-worm Gut)": {
          "Russian Federation": "16.17",
          "Beijing": "51.91",
          "Seoul": "19.22",
          "New Delhi": "3.87",
          "Berlin": "2.61"
        },
        "Wood and Articles of Wood; Wood Charcoal; Cork and Articles of Cork; Manufactures of Straw, of Esparto or of Other Plaiting Materials; Basketware and Wickerwork": {
          "Russian Federation": "9.46",
          "Seoul": "23.58",
          "Beijing": "23.46",
          "London": "6.59",
          "Helsinki": "5.70"
        },
        "Textiles and Textile Articles": {
          "Russian Federation": "4.68",
          "Other Asia, nes": "4.43",
          "Beijing": "54.71",
          "Seoul": "18.72",
          "Hong Kong": "10.18"
        },
        "Footwear, Headgear, Umbrellas, Sun Umbrellas, Walking-sticks, Seat-sticks, Whips, Riding-crops, and Parts thereof; Prepared Feathers and Articles Made therewith; Artificial Flowers; Articles of Human Hair": {
          "Russian Federation": "44.00",
          "Berlin": "21.96",
          "Rome": "10.03",
          "Seoul": "4.19",
          "London": "3.88"
        },
        "Articles of Stone, Plaster, Cement, Asbestos, Mica or Similar Materials; Ceramic Products; Glass and Glassware": {
          "Russian Federation": "22.76",
          "Beijing": "51.51",
          "Seoul": "9.58",
          "Tokyo": "4.54",
          "Rome": "3.11"
        },
        "Natural or Cultured Pearls, Precious or Semi-precious Stones, Precious Metals, Metals Clad with Precious Metal, and Articles thereof; Imitation Jewellery; Coin": {
          "Russian Federation": "54.67",
          "Ukraine": "1.68",
          "Beijing": "31.60",
          "Seoul": "5.70",
          "Rome": "2.51"
        },
        "Base Metals and Articles of Base Metal": {
          "Russian Federation": "59.53",
          "Beijing": "18.56",
          "Seoul": "3.31",
          "Washington, D.C.": "3.04",
          "Berlin": "2.41"
        },
        "Machinery and Mechanical Appliances; Electrical Equipment; Parts thereof; Sound Recorders and Reproducers, Television Image and Sound Recorders and Reproducers, and Parts and Accessories of such Articles": {
          "Russian Federation": "11.95",
          "Tokyo": "48.82",
          "Washington, D.C.": "9.13",
          "Beijing": "6.06",
          "Seoul": "4.07"
        },
        "Vehicles, Aircraft, Vessels, and Associated Transport Equipment": {
          "Russian Federation": "34.58",
          "Tokyo": "25.39",
          "Seoul": "13.57",
          "Washington, D.C.": "10.20",
          "Berlin": "7.92"
        },
        "Optical, Photographic, Cinematographic, Measuring, Checking, Precision, Medical or Surgical Instruments and Apparatus; Clocks and Watches; Musical Instruments; Parts and Accessories thereof": {
          "Russian Federation": "17.04",
          "Tokyo": "31.27",
          "Beijing": "14.47",
          "Seoul": "8.29",
          "Washington, D.C.": "7.10"
        },
        "Miscellaneous Manufactured Articles": {
          "Tokyo": "42.96",
          "Paris": "11.56",
          "Seoul": "10.10",
          "Beijing": "7.64",
          "Copenhagen": "4.17"
        }
      }
    },
    "2000": {
      "Imports": {
        "Animals & Animal Products": {
          "Russian Federation": "67.41",
          "Beijing": "6.14",
          "Bern": "5.46",
          "Seoul": "5.40",
          "Amsterdam": "4.17"
        },
        "Vegetable Products": {
          "Russian Federation": "16.92",
          "Kazakhstan": "11.83",
          "Beijing": "31.82",
          "Washington, D.C.": "21.79",
          "Tokyo": "5.81"
        },
        "Prepared Foodstuffs; Beverages, Spirits, Vinegar, Tobacco and Manufactured Tobacco Substitutes": {
          "Russian Federation": "18.71",
          "Seoul": "11.45",
          "Beijing": "11.08",
          "Berlin": "10.51",
          "Sofia": "6.87"
        },
        "Mineral Products": {
          "Russian Federation": "25.54",
          "Beijing": "73.65",
          "Seoul": "0.27",
          "Berlin": "0.20",
          "Ottawa": "0.16"
        },
        "Products of the Chemical or Allied Industries": {
          "Russian Federation": "16.85",
          "Beijing": "20.60",
          "Copenhagen": "10.59",
          "Jakarta": "8.95",
          "Seoul": "8.25"
        },
        "Plastics and Articles thereof; Rubber and Articles thereof": {
          "Russian Federation": "25.16",
          "Beijing": "28.02",
          "Tokyo": "19.68",
          "Seoul": "9.55",
          "Hong Kong": "3.55"
        },
        "Raw Hides and Skins, Leather, Furskins, and Articles thereof; Saddlery and Harness; Travel Goods, Handbags, and Similar Containers; Articles of Animal Gut (Other than Silk-worm Gut)": {
          "Belgium": "4.46",
          "Beijing": "41.17",
          "Seoul": "19.27",
          "Berlin": "15.79"
        },
        "Wood and Articles of Wood; Wood Charcoal; Cork and Articles of Cork; Manufactures of Straw, of Esparto or of Other Plaiting Materials; Basketware and Wickerwork": {
          "Russian Federation": "13.71",
          "Beijing": "29.81",
          "Seoul": "14.43",
          "Sri Jayawardenepura Kotte": "6.83",
          "Berlin": "5.67"
        },
        "Textiles and Textile Articles": {
          "Other Asia, nes": "2.12",
          "Thailand": "1.17",
          "Beijing": "53.43",
          "Seoul": "23.47",
          "Hong Kong": "14.16"
        },
        "Footwear, Headgear, Umbrellas, Sun Umbrellas, Walking-sticks, Seat-sticks, Whips, Riding-crops, and Parts thereof; Prepared Feathers and Articles Made therewith; Artificial Flowers; Articles of Human Hair": {
          "Russian Federation": "24.19",
          "Czech Republic": "11.52",
          "Berlin": "29.45",
          "Warsaw": "7.96",
          "Rome": "7.53"
        },
        "Articles of Stone, Plaster, Cement, Asbestos, Mica or Similar Materials; Ceramic Products; Glass and Glassware": {
          "Russian Federation": "30.45",
          "Czech Republic": "2.66",
          "Beijing": "54.82",
          "Rome": "2.24",
          "Berlin": "2.23"
        },
        "Natural or Cultured Pearls, Precious or Semi-precious Stones, Precious Metals, Metals Clad with Precious Metal, and Articles thereof; Imitation Jewellery; Coin": {
          "Russian Federation": "44.30",
          "Ukraine": "3.87",
          "Beijing": "48.56",
          "Berlin": "1.09",
          "Seoul": "0.94"
        },
        "Base Metals and Articles of Base Metal": {
          "Russian Federation": "63.25",
          "Beijing": "21.95",
          "Tokyo": "4.12",
          "Berlin": "3.80",
          "Seoul": "1.24"
        },
        "Machinery and Mechanical Appliances; Electrical Equipment; Parts thereof; Sound Recorders and Reproducers, Television Image and Sound Recorders and Reproducers, and Parts and Accessories of such Articles": {
          "Russian Federation": "19.09",
          "Tokyo": "27.65",
          "Berlin": "9.08",
          "Beijing": "7.25",
          "Seoul": "6.43"
        },
        "Vehicles, Aircraft, Vessels, and Associated Transport Equipment": {
          "Russian Federation": "37.95",
          "Tokyo": "20.63",
          "Seoul": "17.53",
          "Washington, D.C.": "6.81",
          "Berlin": "6.03"
        },
        "Optical, Photographic, Cinematographic, Measuring, Checking, Precision, Medical or Surgical Instruments and Apparatus; Clocks and Watches; Musical Instruments; Parts and Accessories thereof": {
          "Russian Federation": "20.13",
          "Beijing": "20.38",
          "Tokyo": "17.61",
          "Seoul": "11.99",
          "Berlin": "5.57"
        },
        "Miscellaneous Manufactured Articles": {
          "Russian Federation": "4.04",
          "Tokyo": "43.98",
          "Seoul": "11.35",
          "Beijing": "9.27",
          "Washington, D.C.": "4.12"
        }
      }
    },
    "2001": {
      "Imports": {
        "Animals & Animal Products": {
          "Russian Federation": "58.63",
          "Beijing": "21.32",
          "Seoul": "7.79",
          "Berlin": "3.60",
          "Amsterdam": "2.78"
        },
        "Vegetable Products": {
          "Kazakhstan": "34.75",
          "Russian Federation": "18.58",
          "Belgium": "2.61",
          "Beijing": "32.69",
          "Berlin": "3.85"
        },
        "Prepared Foodstuffs; Beverages, Spirits, Vinegar, Tobacco and Manufactured Tobacco Substitutes": {
          "Russian Federation": "21.66",
          "Seoul": "18.04",
          "Beijing": "12.71",
          "Berlin": "11.50",
          "Warsaw": "5.92"
        },
        "Mineral Products": {
          "Russian Federation": "20.30",
          "Beijing": "76.74",
          "Tokyo": "1.62",
          "Seoul": "0.60",
          "Berlin": "0.55"
        },
        "Products of the Chemical or Allied Industries": {
          "Russian Federation": "20.26",
          "Beijing": "23.32",
          "Seoul": "8.90",
          "Jakarta": "7.60",
          "Copenhagen": "6.57"
        },
        "Plastics and Articles thereof; Rubber and Articles thereof": {
          "Russian Federation": "27.56",
          "Beijing": "17.71",
          "Tokyo": "15.79",
          "Seoul": "15.34",
          "Berlin": "7.73"
        },
        "Raw Hides and Skins, Leather, Furskins, and Articles thereof; Saddlery and Harness; Travel Goods, Handbags, and Similar Containers; Articles of Animal Gut (Other than Silk-worm Gut)": {
          "Russian Federation": "4.09",
          "Beijing": "49.08",
          "Seoul": "33.07",
          "Berlin": "4.62",
          "Washington, D.C.": "2.79"
        },
        "Wood and Articles of Wood; Wood Charcoal; Cork and Articles of Cork; Manufactures of Straw, of Esparto or of Other Plaiting Materials; Basketware and Wickerwork": {
          "Russian Federation": "10.11",
          "Beijing": "27.77",
          "Berlin": "16.35",
          "Seoul": "12.78",
          "Hong Kong": "7.03"
        },
        "Textiles and Textile Articles": {
          "Other Asia, nes": "2.05",
          "Beijing": "60.48",
          "Hong Kong": "16.91",
          "Seoul": "14.98",
          "Berlin": "1.53"
        },
        "Footwear, Headgear, Umbrellas, Sun Umbrellas, Walking-sticks, Seat-sticks, Whips, Riding-crops, and Parts thereof; Prepared Feathers and Articles Made therewith; Artificial Flowers; Articles of Human Hair": {
          "Ukraine": "26.67",
          "Russian Federation": "12.88",
          "Berlin": "25.45",
          "Seoul": "10.82",
          "Warsaw": "5.88"
        },
        "Articles of Stone, Plaster, Cement, Asbestos, Mica or Similar Materials; Ceramic Products; Glass and Glassware": {
          "Russian Federation": "23.52",
          "Czech Republic": "2.10",
          "Ukraine": "1.71",
          "Beijing": "63.10",
          "Seoul": "2.15"
        },
        "Natural or Cultured Pearls, Precious or Semi-precious Stones, Precious Metals, Metals Clad with Precious Metal, and Articles thereof; Imitation Jewellery; Coin": {
          "Russian Federation": "53.94",
          "Beijing": "39.24",
          "Bern": "2.76",
          "Canberra": "1.07",
          "Tokyo": "0.97"
        },
        "Base Metals and Articles of Base Metal": {
          "Russian Federation": "56.05",
          "Beijing": "18.95",
          "Berlin": "8.96",
          "Tokyo": "4.11",
          "Seoul": "2.65"
        },
        "Machinery and Mechanical Appliances; Electrical Equipment; Parts thereof; Sound Recorders and Reproducers, Television Image and Sound Recorders and Reproducers, and Parts and Accessories of such Articles": {
          "Russian Federation": "16.87",
          "Tokyo": "20.13",
          "Beijing": "10.40",
          "Seoul": "10.20"
        },
        "Vehicles, Aircraft, Vessels, and Associated Transport Equipment": {
          "Russian Federation": "21.57",
          "Belarus": "9.02",
          "Tokyo": "24.56",
          "Seoul": "21.74",
          "Berlin": "7.72"
        },
        "Optical, Photographic, Cinematographic, Measuring, Checking, Precision, Medical or Surgical Instruments and Apparatus; Clocks and Watches; Musical Instruments; Parts and Accessories thereof": {
          "Russian Federation": "17.89",
          "Beijing": "22.67",
          "Tokyo": "14.55",
          "Seoul": "12.14",
          "Berlin": "6.00"
        },
        "Miscellaneous Manufactured Articles": {
          "Russian Federation": "6.32",
          "Tokyo": "38.37",
          "Seoul": "10.68",
          "Beijing": "9.94",
          "Washington, D.C.": "7.16"
        }
      }
    },
    "2003": {
      "Imports": {
        "Animals & Animal Products": {
          "Russian Federation": "69.55",
          "Beijing": "11.78",
          "Seoul": "9.07",
          "Berlin": "4.60",
          "Wellington": "1.93"
        },
        "Vegetable Products": {
          "Russian Federation": "33.82",
          "Belgium": "5.81",
          "Beijing": "39.12",
          "Berlin": "5.41",
          "Paris": "4.20"
        },
        "Prepared Foodstuffs; Beverages, Spirits, Vinegar, Tobacco and Manufactured Tobacco Substitutes": {
          "Russian Federation": "20.74",
          "Ukraine": "9.98",
          "Seoul": "19.24",
          "Beijing": "8.91",
          "Berlin": "7.53"
        },
        "Mineral Products": {
          "Russian Federation": "9.42",
          "Beijing": "86.94",
          "London": "1.82",
          "Ottawa": "0.52",
          "Berlin": "0.39"
        },
        "Products of the Chemical or Allied Industries": {
          "Russian Federation": "20.97",
          "Beijing": "24.10",
          "Berlin": "10.71",
          "Seoul": "8.67",
          "Jakarta": "5.64"
        },
        "Plastics and Articles thereof; Rubber and Articles thereof": {
          "Russian Federation": "25.97",
          "Beijing": "25.20",
          "Tokyo": "15.77",
          "Seoul": "10.69",
          "Washington, D.C.": "4.62"
        },
        "Raw Hides and Skins, Leather, Furskins, and Articles thereof; Saddlery and Harness; Travel Goods, Handbags, and Similar Containers; Articles of Animal Gut (Other than Silk-worm Gut)": {
          "Beijing": "51.03",
          "Seoul": "13.99",
          "Berlin": "10.64",
          "Hong Kong": "8.14",
          "Rome": "3.08"
        },
        "Wood and Articles of Wood; Wood Charcoal; Cork and Articles of Cork; Manufactures of Straw, of Esparto or of Other Plaiting Materials; Basketware and Wickerwork": {
          "Russian Federation": "6.79",
          "Beijing": "58.95",
          "Berlin": "10.13",
          "Seoul": "5.25",
          "Warsaw": "3.71"
        },
        "Textiles and Textile Articles": {
          "Other Asia, nes": "1.44",
          "Beijing": "64.62",
          "Hong Kong": "19.85",
          "Seoul": "7.56",
          "Berlin": "1.36"
        },
        "Footwear, Headgear, Umbrellas, Sun Umbrellas, Walking-sticks, Seat-sticks, Whips, Riding-crops, and Parts thereof; Prepared Feathers and Articles Made therewith; Artificial Flowers; Articles of Human Hair": {
          "Russian Federation": "16.45",
          "Ukraine": "9.16",
          "Berlin": "22.66",
          "Rome": "11.56",
          "Warsaw": "9.60"
        },
        "Articles of Stone, Plaster, Cement, Asbestos, Mica or Similar Materials; Ceramic Products; Glass and Glassware": {
          "Russian Federation": "19.87",
          "Beijing": "68.10",
          "Seoul": "2.02",
          "Rome": "1.72",
          "Berlin": "1.47"
        },
        "Natural or Cultured Pearls, Precious or Semi-precious Stones, Precious Metals, Metals Clad with Precious Metal, and Articles thereof; Imitation Jewellery; Coin": {
          "Russian Federation": "19.13",
          "Ukraine": "1.34",
          "Beijing": "70.04",
          "London": "3.15",
          "Seoul": "1.46"
        },
        "Base Metals and Articles of Base Metal": {
          "Russian Federation": "48.37",
          "Beijing": "22.02",
          "Canberra": "7.69",
          "Berlin": "4.68",
          "Washington, D.C.": "2.71"
        },
        "Optical, Photographic, Cinematographic, Measuring, Checking, Precision, Medical or Surgical Instruments and Apparatus; Clocks and Watches; Musical Instruments; Parts and Accessories thereof": {
          "Russian Federation": "16.29",
          "Beijing": "26.76",
          "Tokyo": "12.01",
          "Seoul": "9.48",
          "Berlin": "5.66"
        },
        "Miscellaneous Manufactured Articles": {
          "Russian Federation": "7.05",
          "Beijing": "20.91",
          "Berlin": "10.63",
          "Seoul": "8.53",
          "Washington, D.C.": "6.69"
        }
      }
    },
    "2004": {
      "Imports": {
        "Animals & Animal Products": {
          "Russian Federation": "55.92",
          "Beijing": "14.11",
          "Wellington": "8.84",
          "Seoul": "7.42",
          "Berlin": "3.94"
        },
        "Vegetable Products": {
          "Kazakhstan": "14.22",
          "Russian Federation": "12.03",
          "Other Asia, nes": "2.84",
          "Washington, D.C.": "30.08",
          "Beijing": "29.81"
        },
        "Prepared Foodstuffs; Beverages, Spirits, Vinegar, Tobacco and Manufactured Tobacco Substitutes": {
          "Russian Federation": "17.25",
          "Ukraine": "12.68",
          "Seoul": "14.87",
          "Beijing": "12.05",
          "Berlin": "6.74"
        },
        "Mineral Products": {
          "Russian Federation": "11.08",
          "Beijing": "84.69",
          "Canberra": "0.83",
          "Seoul": "0.75",
          "Ottawa": "0.73"
        },
        "Products of the Chemical or Allied Industries": {
          "Russian Federation": "25.29",
          "Beijing": "23.34",
          "Berlin": "7.06",
          "Seoul": "6.65",
          "Jakarta": "4.42"
        },
        "Plastics and Articles thereof; Rubber and Articles thereof": {
          "Russian Federation": "27.37",
          "Beijing": "21.97",
          "Tokyo": "17.39",
          "Seoul": "11.84",
          "Washington, D.C.": "3.87"
        },
        "Raw Hides and Skins, Leather, Furskins, and Articles thereof; Saddlery and Harness; Travel Goods, Handbags, and Similar Containers; Articles of Animal Gut (Other than Silk-worm Gut)": {
          "Russian Federation": "28.30",
          "Beijing": "25.30",
          "Berlin": "9.52",
          "Hong Kong": "8.54",
          "Seoul": "7.67"
        },
        "Wood and Articles of Wood; Wood Charcoal; Cork and Articles of Cork; Manufactures of Straw, of Esparto or of Other Plaiting Materials; Basketware and Wickerwork": {
          "Russian Federation": "7.32",
          "Beijing": "51.58",
          "Seoul": "10.84",
          "Helsinki": "5.24",
          "Warsaw": "4.46"
        },
        "Textiles and Textile Articles": {
          "Other Asia, nes": "1.11",
          "Beijing": "67.28",
          "Hong Kong": "21.23",
          "Seoul": "6.02",
          "Berlin": "1.00"
        },
        "Footwear, Headgear, Umbrellas, Sun Umbrellas, Walking-sticks, Seat-sticks, Whips, Riding-crops, and Parts thereof; Prepared Feathers and Articles Made therewith; Artificial Flowers; Articles of Human Hair": {
          "Russian Federation": "15.63",
          "Ukraine": "9.48",
          "Berlin": "21.66",
          "Beijing": "11.57",
          "Rome": "8.16"
        },
        "Articles of Stone, Plaster, Cement, Asbestos, Mica or Similar Materials; Ceramic Products; Glass and Glassware": {
          "Russian Federation": "20.80",
          "Beijing": "66.44",
          "Seoul": "4.74",
          "Canberra": "1.84",
          "Berlin": "1.22"
        },
        "Natural or Cultured Pearls, Precious or Semi-precious Stones, Precious Metals, Metals Clad with Precious Metal, and Articles thereof; Imitation Jewellery; Coin": {
          "Russian Federation": "26.31",
          "Ukraine": "2.64",
          "Beijing": "54.48",
          "Berlin": "8.59",
          "Seoul": "2.51"
        },
        "Base Metals and Articles of Base Metal": {
          "Russian Federation": "45.73",
          "Beijing": "29.32",
          "Canberra": "3.54",
          "Tokyo": "3.42",
          "Berlin": "2.65"
        },
        "Machinery and Mechanical Appliances; Electrical Equipment; Parts thereof; Sound Recorders and Reproducers, Television Image and Sound Recorders and Reproducers, and Parts and Accessories of such Articles": {
          "Russian Federation": "14.75",
          "Beijing": "15.23",
          "Tokyo": "11.47",
          "Berlin": "6.82",
          "Washington, D.C.": "6.14"
        },
        "Vehicles, Aircraft, Vessels, and Associated Transport Equipment": {
          "Russian Federation": "21.49",
          "Belarus": "4.31",
          "Latvia": "4.08",
          "Tokyo": "38.45",
          "Seoul": "16.81"
        },
        "Optical, Photographic, Cinematographic, Measuring, Checking, Precision, Medical or Surgical Instruments and Apparatus; Clocks and Watches; Musical Instruments; Parts and Accessories thereof": {
          "Russian Federation": "17.80",
          "Beijing": "28.70",
          "Tokyo": "11.92",
          "Seoul": "7.16",
          "Hong Kong": "4.94"
        },
        "Miscellaneous Manufactured Articles": {
          "Russian Federation": "6.77",
          "Beijing": "33.08",
          "Tokyo": "11.21",
          "Copenhagen": "9.43",
          "Berlin": "8.06"
        }
      }
    },
    "2005": {
      "Imports": {
        "Animals & Animal Products": {
          "Russian Federation": "49.51",
          "Wellington": "18.43",
          "Beijing": "12.98",
          "Seoul": "5.75",
          "Washington, D.C.": "5.69"
        },
        "Vegetable Products": {
          "Russian Federation": "37.11",
          "Kazakhstan": "14.85",
          "Belgium": "2.12",
          "Beijing": "30.10",
          "Buenos Aires": "4.97"
        },
        "Prepared Foodstuffs; Beverages, Spirits, Vinegar, Tobacco and Manufactured Tobacco Substitutes": {
          "Russian Federation": "18.53",
          "Ukraine": "16.13",
          "Beijing": "15.89",
          "Seoul": "11.84",
          "Warsaw": "6.19"
        },
        "Mineral Products": {
          "Russian Federation": "7.19",
          "Kazakhstan": "0.65",
          "Beijing": "89.16",
          "Warsaw": "0.73",
          "Washington, D.C.": "0.69"
        },
        "Products of the Chemical or Allied Industries": {
          "Russian Federation": "23.94",
          "Beijing": "25.21",
          "Berlin": "9.63",
          "Seoul": "5.79",
          "Jakarta": "3.88"
        },
        "Plastics and Articles thereof; Rubber and Articles thereof": {
          "Russian Federation": "18.15",
          "Beijing": "34.01",
          "Tokyo": "15.86",
          "Seoul": "9.01",
          "Washington, D.C.": "4.12"
        },
        "Raw Hides and Skins, Leather, Furskins, and Articles thereof; Saddlery and Harness; Travel Goods, Handbags, and Similar Containers; Articles of Animal Gut (Other than Silk-worm Gut)": {
          "Kazakhstan": "9.35",
          "Beijing": "65.10",
          "Seoul": "5.66",
          "Berlin": "5.08",
          "Madrid": "3.62"
        },
        "Wood and Articles of Wood; Wood Charcoal; Cork and Articles of Cork; Manufactures of Straw, of Esparto or of Other Plaiting Materials; Basketware and Wickerwork": {
          "Russian Federation": "7.54",
          "Beijing": "45.13",
          "Berlin": "9.86",
          "Washington, D.C.": "9.42",
          "Seoul": "5.07"
        },
        "Textiles and Textile Articles": {
          "Beijing": "79.85",
          "Seoul": "7.51",
          "Hong Kong": "6.16",
          "Tokyo": "1.05",
          "Berlin": "1.03"
        },
        "Footwear, Headgear, Umbrellas, Sun Umbrellas, Walking-sticks, Seat-sticks, Whips, Riding-crops, and Parts thereof; Prepared Feathers and Articles Made therewith; Artificial Flowers; Articles of Human Hair": {
          "Russian Federation": "13.23",
          "Ukraine": "8.88",
          "Tokyo": "18.19",
          "Beijing": "15.58",
          "Berlin": "14.28"
        },
        "Articles of Stone, Plaster, Cement, Asbestos, Mica or Similar Materials; Ceramic Products; Glass and Glassware": {
          "Russian Federation": "16.03",
          "Beijing": "76.90",
          "Seoul": "1.52",
          "Berlin": "0.73",
          "Canberra": "0.70"
        },
        "Natural or Cultured Pearls, Precious or Semi-precious Stones, Precious Metals, Metals Clad with Precious Metal, and Articles thereof; Imitation Jewellery; Coin": {
          "Russian Federation": "21.47",
          "Kazakhstan": "1.35",
          "Beijing": "64.55",
          "Washington, D.C.": "4.79",
          "Warsaw": "1.77"
        },
        "Base Metals and Articles of Base Metal": {
          "Russian Federation": "34.98",
          "Beijing": "38.02",
          "Tokyo": "4.34",
          "Ottawa": "3.96",
          "Canberra": "3.80"
        },
        "Machinery and Mechanical Appliances; Electrical Equipment; Parts thereof; Sound Recorders and Reproducers, Television Image and Sound Recorders and Reproducers, and Parts and Accessories of such Articles": {
          "Russian Federation": "11.23",
          "Beijing": "24.27",
          "Tokyo": "9.70",
          "Paris": "8.92",
          "Washington, D.C.": "7.41"
        },
        "Vehicles, Aircraft, Vessels, and Associated Transport Equipment": {
          "Russian Federation": "19.98",
          "Tokyo": "33.20",
          "Seoul": "15.83",
          "Washington, D.C.": "8.71",
          "Beijing": "8.02"
        },
        "Optical, Photographic, Cinematographic, Measuring, Checking, Precision, Medical or Surgical Instruments and Apparatus; Clocks and Watches; Musical Instruments; Parts and Accessories thereof": {
          "Russian Federation": "15.16",
          "Beijing": "34.00",
          "Tokyo": "10.65",
          "Seoul": "6.69",
          "Washington, D.C.": "5.47"
        },
        "Miscellaneous Manufactured Articles": {
          "Russian Federation": "6.70",
          "Beijing": "42.44",
          "Seoul": "6.34",
          "Ottawa": "5.17",
          "Tokyo": "4.79"
        }
      }
    },
    "2006": {
      "Imports": {
        "Animals & Animal Products": {
          "Russian Federation": "45.86",
          "Beijing": "17.23",
          "Washington, D.C.": "14.55",
          "Wellington": "6.29",
          "Berlin": "4.39"
        },
        "Vegetable Products": {
          "Russian Federation": "28.82",
          "Kazakhstan": "20.43",
          "Beijing": "28.95",
          "Washington, D.C.": "10.02",
          "Buenos Aires": "4.13"
        },
        "Prepared Foodstuffs; Beverages, Spirits, Vinegar, Tobacco and Manufactured Tobacco Substitutes": {
          "Russian Federation": "17.55",
          "Ukraine": "13.98",
          "Beijing": "13.76",
          "Seoul": "13.35"
        },
        "Products of the Chemical or Allied Industries": {
          "Russian Federation": "19.56",
          "Beijing": "27.56",
          "Berlin": "6.98",
          "Warsaw": "4.68",
          "Washington, D.C.": "4.18"
        },
        "Plastics and Articles thereof; Rubber and Articles thereof": {
          "Russian Federation": "17.90",
          "Beijing": "37.63",
          "Tokyo": "10.42",
          "Seoul": "9.74",
          "Washington, D.C.": "5.14"
        },
        "Raw Hides and Skins, Leather, Furskins, and Articles thereof; Saddlery and Harness; Travel Goods, Handbags, and Similar Containers; Articles of Animal Gut (Other than Silk-worm Gut)": {
          "Russian Federation": "10.41",
          "Beijing": "47.00",
          "Berlin": "12.72",
          "Rome": "9.00",
          "Canberra": "2.86"
        },
        "Wood and Articles of Wood; Wood Charcoal; Cork and Articles of Cork; Manufactures of Straw, of Esparto or of Other Plaiting Materials; Basketware and Wickerwork": {
          "Russian Federation": "3.07",
          "Beijing": "78.48",
          "Berlin": "4.46",
          "Seoul": "3.00",
          "Budapest": "2.49"
        },
        "Textiles and Textile Articles": {
          "Beijing": "70.81",
          "Seoul": "10.63",
          "Hong Kong": "7.14",
          "Berlin": "1.98",
          "Tokyo": "1.94"
        },
        "Footwear, Headgear, Umbrellas, Sun Umbrellas, Walking-sticks, Seat-sticks, Whips, Riding-crops, and Parts thereof; Prepared Feathers and Articles Made therewith; Artificial Flowers; Articles of Human Hair": {
          "Russian Federation": "16.98",
          "Beijing": "14.38",
          "Rome": "11.65",
          "Berlin": "11.60",
          "Washington, D.C.": "10.89"
        },
        "Natural or Cultured Pearls, Precious or Semi-precious Stones, Precious Metals, Metals Clad with Precious Metal, and Articles thereof; Imitation Jewellery; Coin": {
          "Russian Federation": "27.30",
          "Beijing": "65.69",
          "Warsaw": "1.23",
          "Ottawa": "1.05",
          "Berlin": "0.96"
        },
        "Base Metals and Articles of Base Metal": {
          "Russian Federation": "22.72",
          "Beijing": "54.04",
          "Canberra": "4.35",
          "Tokyo": "4.28",
          "Seoul": "3.78"
        },
        "Machinery and Mechanical Appliances; Electrical Equipment; Parts thereof; Sound Recorders and Reproducers, Television Image and Sound Recorders and Reproducers, and Parts and Accessories of such Articles": {
          "Russian Federation": "15.11",
          "Beijing": "29.29",
          "Seoul": "8.44",
          "Tokyo": "5.94",
          "Berlin": "5.80"
        },
        "Vehicles, Aircraft, Vessels, and Associated Transport Equipment": {
          "Russian Federation": "12.95",
          "Tokyo": "45.40",
          "Seoul": "13.17",
          "Beijing": "11.91",
          "Washington, D.C.": "6.49"
        },
        "Optical, Photographic, Cinematographic, Measuring, Checking, Precision, Medical or Surgical Instruments and Apparatus; Clocks and Watches; Musical Instruments; Parts and Accessories thereof": {
          "Russian Federation": "13.14",
          "Beijing": "41.16",
          "Tokyo": "11.25",
          "Seoul": "7.25",
          "Berlin": "4.21"
        },
        "Miscellaneous Manufactured Articles": {
          "Russian Federation": "9.53",
          "Beijing": "55.31",
          "Seoul": "4.29",
          "Tokyo": "3.69",
          "Washington, D.C.": "3.60"
        }
      }
    },
    "2007": {
      "Imports": {
        "Animals & Animal Products": {
          "Russian Federation": "48.21",
          "Beijing": "20.11",
          "Washington, D.C.": "12.35",
          "Berlin": "5.47",
          "Wellington": "3.21"
        },
        "Vegetable Products": {
          "Russian Federation": "41.42",
          "Kazakhstan": "9.20",
          "Beijing": "30.08",
          "Washington, D.C.": "9.23",
          "Buenos Aires": "2.52"
        },
        "Prepared Foodstuffs; Beverages, Spirits, Vinegar, Tobacco and Manufactured Tobacco Substitutes": {
          "Russian Federation": "16.83",
          "Ukraine": "14.71",
          "Beijing": "12.59",
          "Seoul": "11.70"
        },
        "Mineral Products": {
          "Russian Federation": "3.32",
          "Beijing": "95.34",
          "Seoul": "0.52",
          "Warsaw": "0.19",
          "Canberra": "0.19"
        },
        "Products of the Chemical or Allied Industries": {
          "Russian Federation": "17.07",
          "Luxembourg": "7.70",
          "Kazakhstan": "5.35",
          "Beijing": "30.26",
          "Berlin": "6.15"
        },
        "Plastics and Articles thereof; Rubber and Articles thereof": {
          "Russian Federation": "12.50",
          "Beijing": "43.52",
          "Seoul": "15.26",
          "Tokyo": "7.75",
          "Berlin": "3.18"
        },
        "Raw Hides and Skins, Leather, Furskins, and Articles thereof; Saddlery and Harness; Travel Goods, Handbags, and Similar Containers; Articles of Animal Gut (Other than Silk-worm Gut)": {
          "Luxembourg": "13.43",
          "Russian Federation": "11.84",
          "Beijing": "20.80",
          "Berlin": "11.62",
          "New Delhi": "7.11"
        },
        "Wood and Articles of Wood; Wood Charcoal; Cork and Articles of Cork; Manufactures of Straw, of Esparto or of Other Plaiting Materials; Basketware and Wickerwork": {
          "Russian Federation": "2.32",
          "Kazakhstan": "2.29",
          "Beijing": "82.57",
          "Berlin": "4.64",
          "Seoul": "1.92"
        },
        "Textiles and Textile Articles": {
          "Russian Federation": "1.93",
          "Beijing": "71.50",
          "Seoul": "10.35",
          "Berlin": "3.90",
          "Hong Kong": "3.64"
        },
        "Articles of Stone, Plaster, Cement, Asbestos, Mica or Similar Materials; Ceramic Products; Glass and Glassware": {
          "Russian Federation": "10.90",
          "Other Asia, nes": "1.72",
          "Beijing": "75.06",
          "Seoul": "2.92",
          "Paris": "1.34"
        },
        "Natural or Cultured Pearls, Precious or Semi-precious Stones, Precious Metals, Metals Clad with Precious Metal, and Articles thereof; Imitation Jewellery; Coin": {
          "Russian Federation": "19.93",
          "Belgium": "4.87",
          "Ukraine": "2.85",
          "Beijing": "65.49",
          "Warsaw": "2.35"
        },
        "Base Metals and Articles of Base Metal": {
          "Russian Federation": "17.51",
          "Beijing": "62.97",
          "Seoul": "6.13",
          "Canberra": "1.95",
          "Berlin": "1.71"
        },
        "Vehicles, Aircraft, Vessels, and Associated Transport Equipment": {
          "Russian Federation": "8.54",
          "Tokyo": "33.90",
          "Beijing": "18.49",
          "Seoul": "13.14",
          "Washington, D.C.": "6.05"
        },
        "Optical, Photographic, Cinematographic, Measuring, Checking, Precision, Medical or Surgical Instruments and Apparatus; Clocks and Watches; Musical Instruments; Parts and Accessories thereof": {
          "Russian Federation": "10.30",
          "Beijing": "45.41",
          "Tokyo": "8.32",
          "Seoul": "6.85",
          "Berlin": "4.87"
        },
        "Miscellaneous Manufactured Articles": {
          "Russian Federation": "7.51",
          "Beijing": "38.66",
          "Berlin": "9.72",
          "Seoul": "6.76",
          "Tokyo": "5.97"
        }
      }
    },
    "2013": {
      "Imports": {
        "Animals & Animal Products": {
          "Russian Federation": "24.64",
          "Wellington": "24.98",
          "Washington, D.C.": "19.34",
          "Warsaw": "11.85",
          "Beijing": "7.61"
        },
        "Vegetable Products": {
          "Russian Federation": "33.61",
          "Kazakhstan": "3.77",
          "Beijing": "34.06",
          "Kuala Lumpur": "6.23",
          "Seoul": "2.67"
        },
        "Prepared Foodstuffs; Beverages, Spirits, Vinegar, Tobacco and Manufactured Tobacco Substitutes": {
          "Russian Federation": "24.38",
          "Ukraine": "7.81",
          "Beijing": "12.12",
          "Seoul": "7.84",
          "Berlin": "5.46"
        },
        "Mineral Products": {
          "Russian Federation": "1.38",
          "Beijing": "97.83",
          "Berlin": "0.22",
          "Seoul": "0.22",
          "Jakarta": "0.07"
        },
        "Products of the Chemical or Allied Industries": {
          "Russian Federation": "21.82",
          "Beijing": "21.41",
          "Seoul": "8.37",
          "Berlin": "7.40",
          "Warsaw": "3.46"
        },
        "Plastics and Articles thereof; Rubber and Articles thereof": {
          "Beijing": "45.14",
          "Tokyo": "11.91",
          "Washington, D.C.": "10.87",
          "Seoul": "7.49",
          "Madrid": "3.88"
        },
        "Raw Hides and Skins, Leather, Furskins, and Articles thereof; Saddlery and Harness; Travel Goods, Handbags, and Similar Containers; Articles of Animal Gut (Other than Silk-worm Gut)": {
          "Russian Federation": "14.65",
          "Beijing": "30.82",
          "Paris": "14.48",
          "Rome": "9.24",
          "Seoul": "7.32"
        },
        "Wood and Articles of Wood; Wood Charcoal; Cork and Articles of Cork; Manufactures of Straw, of Esparto or of Other Plaiting Materials; Basketware and Wickerwork": {
          "Russian Federation": "6.21",
          "Ukraine": "4.65",
          "Beijing": "48.28",
          "Seoul": "9.28",
          "Berlin": "6.92"
        },
        "Textiles and Textile Articles": {
          "Beijing": "41.16",
          "Seoul": "23.35",
          "Berlin": "5.31",
          "Ankara": "2.74",
          "Rome": "2.39"
        },
        "Footwear, Headgear, Umbrellas, Sun Umbrellas, Walking-sticks, Seat-sticks, Whips, Riding-crops, and Parts thereof; Prepared Feathers and Articles Made therewith; Artificial Flowers; Articles of Human Hair": {
          "Belarus": "4.75",
          "Beijing": "29.29",
          "Rome": "13.37",
          "Berlin": "11.49",
          "Seoul": "7.69"
        },
        "Articles of Stone, Plaster, Cement, Asbestos, Mica or Similar Materials; Ceramic Products; Glass and Glassware": {
          "Russian Federation": "10.83",
          "Beijing": "73.42",
          "Seoul": "3.46",
          "Madrid": "2.40",
          "Berlin": "1.68"
        },
        "Natural or Cultured Pearls, Precious or Semi-precious Stones, Precious Metals, Metals Clad with Precious Metal, and Articles thereof; Imitation Jewellery; Coin": {
          "Russian Federation": "11.93",
          "Beijing": "65.89",
          "Seoul": "4.67",
          "Berlin": "3.93",
          "Washington, D.C.": "3.19"
        },
        "Base Metals and Articles of Base Metal": {
          "Russian Federation": "14.67",
          "Beijing": "64.65",
          "Seoul": "4.64",
          "Berlin": "2.47",
          "Canberra": "2.08"
        },
        "Machinery and Mechanical Appliances; Electrical Equipment; Parts thereof; Sound Recorders and Reproducers, Television Image and Sound Recorders and Reproducers, and Parts and Accessories of such Articles": {
          "Russian Federation": "4.20",
          "Beijing": "33.72",
          "Washington, D.C.": "12.03",
          "Berlin": "8.24",
          "Seoul": "7.45"
        },
        "Vehicles, Aircraft, Vessels, and Associated Transport Equipment": {
          "Tokyo": "34.09",
          "Washington, D.C.": "25.27",
          "Beijing": "14.30",
          "Seoul": "11.54",
          "Berlin": "3.26"
        },
        "Optical, Photographic, Cinematographic, Measuring, Checking, Precision, Medical or Surgical Instruments and Apparatus; Clocks and Watches; Musical Instruments; Parts and Accessories thereof": {
          "Russian Federation": "6.58",
          "Beijing": "36.94",
          "Washington, D.C.": "11.63",
          "Tokyo": "10.70",
          "Seoul": "8.21"
        },
        "Miscellaneous Manufactured Articles": {
          "Beijing": "43.02",
          "Seoul": "11.25",
          "Berlin": "8.47",
          "Washington, D.C.": "7.39",
          "Tokyo": "3.61"
        }
      }
    },
    "2014": {
      "Imports": {
        "Vegetable Products": {
          "Russian Federation": "48.57",
          "Kazakhstan": "3.65",
          "Beijing": "25.60",
          "Kuala Lumpur": "8.77",
          "Berlin": "2.47"
        },
        "Prepared Foodstuffs; Beverages, Spirits, Vinegar, Tobacco and Manufactured Tobacco Substitutes": {
          "Russian Federation": "25.20",
          "Ukraine": "7.84",
          "Thailand": "6.44",
          "Beijing": "13.87",
          "Seoul": "7.90"
        },
        "Mineral Products": {
          "Russian Federation": "1.75",
          "Beijing": "97.52",
          "Berlin": "0.26",
          "Seoul": "0.16",
          "Washington, D.C.": "0.07"
        },
        "Products of the Chemical or Allied Industries": {
          "Russian Federation": "20.52",
          "Beijing": "20.10",
          "Seoul": "8.18",
          "Berlin": "7.79",
          "Paris": "3.69"
        },
        "Plastics and Articles thereof; Rubber and Articles thereof": {
          "Beijing": "50.28",
          "Tokyo": "12.33",
          "Seoul": "7.95",
          "Washington, D.C.": "6.16",
          "Madrid": "5.94"
        },
        "Raw Hides and Skins, Leather, Furskins, and Articles thereof; Saddlery and Harness; Travel Goods, Handbags, and Similar Containers; Articles of Animal Gut (Other than Silk-worm Gut)": {
          "Russian Federation": "13.13",
          "Beijing": "29.49",
          "Paris": "11.84",
          "Rome": "8.49",
          "Seoul": "7.71"
        },
        "Wood and Articles of Wood; Wood Charcoal; Cork and Articles of Cork; Manufactures of Straw, of Esparto or of Other Plaiting Materials; Basketware and Wickerwork": {
          "Russian Federation": "8.66",
          "Ukraine": "4.42",
          "Beijing": "57.79",
          "Seoul": "7.82",
          "Berlin": "2.31"
        },
        "Textiles and Textile Articles": {
          "Beijing": "44.64",
          "Seoul": "13.79",
          "Ankara": "5.11",
          "Berlin": "3.71",
          "Tokyo": "3.23"
        },
        "Footwear, Headgear, Umbrellas, Sun Umbrellas, Walking-sticks, Seat-sticks, Whips, Riding-crops, and Parts thereof; Prepared Feathers and Articles Made therewith; Artificial Flowers; Articles of Human Hair": {
          "Beijing": "28.94",
          "Rome": "16.04",
          "Ankara": "10.38",
          "Seoul": "7.11",
          "Berlin": "7.06"
        },
        "Articles of Stone, Plaster, Cement, Asbestos, Mica or Similar Materials; Ceramic Products; Glass and Glassware": {
          "Russian Federation": "9.60",
          "Beijing": "75.50",
          "Seoul": "6.09",
          "Rome": "1.40",
          "Madrid": "1.12"
        },
        "Natural or Cultured Pearls, Precious or Semi-precious Stones, Precious Metals, Metals Clad with Precious Metal, and Articles thereof; Imitation Jewellery; Coin": {
          "Russian Federation": "11.58",
          "Beijing": "73.43",
          "Seoul": "5.06",
          "Berlin": "3.69",
          "Rome": "1.55"
        },
        "Base Metals and Articles of Base Metal": {
          "Russian Federation": "12.53",
          "Beijing": "72.46",
          "Seoul": "5.42",
          "Berlin": "1.50",
          "Ankara": "1.04"
        },
        "Machinery and Mechanical Appliances; Electrical Equipment; Parts thereof; Sound Recorders and Reproducers, Television Image and Sound Recorders and Reproducers, and Parts and Accessories of such Articles": {
          "Russian Federation": "8.00",
          "Beijing": "44.54",
          "Seoul": "7.87",
          "Washington, D.C.": "7.85",
          "Berlin": "5.04"
        },
        "Vehicles, Aircraft, Vessels, and Associated Transport Equipment": {
          "Russian Federation": "8.35",
          "Tokyo": "43.56",
          "Washington, D.C.": "13.39",
          "Beijing": "13.26",
          "Seoul": "10.49"
        },
        "Optical, Photographic, Cinematographic, Measuring, Checking, Precision, Medical or Surgical Instruments and Apparatus; Clocks and Watches; Musical Instruments; Parts and Accessories thereof": {
          "Russian Federation": "8.91",
          "Beijing": "44.93",
          "Tokyo": "10.64",
          "Seoul": "7.87",
          "Washington, D.C.": "6.18"
        },
        "Miscellaneous Manufactured Articles": {
          "Russian Federation": "4.93",
          "Beijing": "44.66",
          "Seoul": "10.41",
          "Berlin": "7.40",
          "Washington, D.C.": "7.00"
        }
      }
    },
    "2015": {
      "Imports": {
        "Animals & Animal Products": {
          "Russian Federation": "21.56",
          "Beijing": "22.67",
          "Wellington": "19.73",
          "Warsaw": "11.49",
          "Washington, D.C.": "6.96"
        },
        "Vegetable Products": {
          "Russian Federation": "33.03",
          "North Macedonia": "2.90",
          "Beijing": "36.07",
          "Kuala Lumpur": "5.21",
          "Hanoi": "3.78"
        },
        "Prepared Foodstuffs; Beverages, Spirits, Vinegar, Tobacco and Manufactured Tobacco Substitutes": {
          "Russian Federation": "24.92",
          "Kazakhstan": "8.12",
          "Ukraine": "6.48",
          "Beijing": "14.31",
          "Seoul": "8.72"
        },
        "Mineral Products": {
          "Russian Federation": "2.72",
          "Beijing": "96.32",
          "Berlin": "0.43",
          "Seoul": "0.27",
          "Washington, D.C.": "0.12"
        },
        "Products of the Chemical or Allied Industries": {
          "Russian Federation": "19.95",
          "Beijing": "21.92",
          "Berlin": "7.17",
          "Seoul": "7.03",
          "Ottawa": "3.50"
        },
        "Plastics and Articles thereof; Rubber and Articles thereof": {
          "Russian Federation": "3.50",
          "Beijing": "49.81",
          "Tokyo": "15.80",
          "Seoul": "8.38",
          "Washington, D.C.": "7.15"
        },
        "Raw Hides and Skins, Leather, Furskins, and Articles thereof; Saddlery and Harness; Travel Goods, Handbags, and Similar Containers; Articles of Animal Gut (Other than Silk-worm Gut)": {
          "Russian Federation": "14.62",
          "Beijing": "26.54",
          "Rome": "13.63",
          "Paris": "10.49",
          "Madrid": "5.76"
        },
        "Textiles and Textile Articles": {
          "Bangladesh": "7.18",
          "Beijing": "42.17",
          "Seoul": "11.68",
          "Tokyo": "5.43",
          "Ankara": "4.19"
        },
        "Footwear, Headgear, Umbrellas, Sun Umbrellas, Walking-sticks, Seat-sticks, Whips, Riding-crops, and Parts thereof; Prepared Feathers and Articles Made therewith; Artificial Flowers; Articles of Human Hair": {
          "Beijing": "28.98",
          "Rome": "17.06",
          "Ankara": "8.41",
          "Hanoi": "8.02",
          "Seoul": "5.72"
        },
        "Articles of Stone, Plaster, Cement, Asbestos, Mica or Similar Materials; Ceramic Products; Glass and Glassware": {
          "Russian Federation": "13.26",
          "Beijing": "72.06",
          "Seoul": "6.20",
          "Madrid": "1.42",
          "Paris": "1.30"
        },
        "Natural or Cultured Pearls, Precious or Semi-precious Stones, Precious Metals, Metals Clad with Precious Metal, and Articles thereof; Imitation Jewellery; Coin": {
          "Russian Federation": "15.90",
          "Beijing": "57.97",
          "Seoul": "16.53",
          "Berlin": "3.08",
          "Rome": "1.07"
        },
        "Base Metals and Articles of Base Metal": {
          "Russian Federation": "8.11",
          "Beijing": "68.73",
          "Seoul": "13.56",
          "Berlin": "1.84",
          "Washington, D.C.": "1.55"
        },
        "Machinery and Mechanical Appliances; Electrical Equipment; Parts thereof; Sound Recorders and Reproducers, Television Image and Sound Recorders and Reproducers, and Parts and Accessories of such Articles": {
          "Russian Federation": "6.03",
          "Beijing": "53.75",
          "Seoul": "5.90",
          "Washington, D.C.": "5.85",
          "Berlin": "5.42"
        },
        "Vehicles, Aircraft, Vessels, and Associated Transport Equipment": {
          "Russian Federation": "7.28",
          "Tokyo": "52.52",
          "Beijing": "13.95",
          "Seoul": "8.88",
          "Washington, D.C.": "4.10"
        },
        "Optical, Photographic, Cinematographic, Measuring, Checking, Precision, Medical or Surgical Instruments and Apparatus; Clocks and Watches; Musical Instruments; Parts and Accessories thereof": {
          "Russian Federation": "7.06",
          "Beijing": "47.04",
          "Tokyo": "11.29",
          "Seoul": "7.86",
          "Berlin": "4.27"
        },
        "Miscellaneous Manufactured Articles": {
          "Beijing": "33.54",
          "Vienna": "10.41",
          "Tokyo": "8.33",
          "Seoul": "8.13",
          "Washington, D.C.": "8.02"
        }
      }
    },
    "2016": {
      "Imports": {
        "Animals & Animal Products": {
          "Russian Federation": "24.89",
          "Beijing": "28.96",
          "Wellington": "15.98",
          "Warsaw": "15.74",
          "Berlin": "4.74"
        },
        "Vegetable Products": {
          "Russian Federation": "51.32",
          "North Macedonia": "2.43",
          "Beijing": "20.43",
          "Hanoi": "5.37",
          "Kuala Lumpur": "4.20"
        },
        "Prepared Foodstuffs; Beverages, Spirits, Vinegar, Tobacco and Manufactured Tobacco Substitutes": {
          "Russian Federation": "25.29",
          "Kazakhstan": "7.90",
          "Ukraine": "6.30",
          "Beijing": "13.96",
          "Seoul": "9.51"
        },
        "Mineral Products": {
          "Russian Federation": "3.98",
          "Beijing": "94.10",
          "Berlin": "0.85",
          "Seoul": "0.23",
          "Washington, D.C.": "0.21"
        },
        "Products of the Chemical or Allied Industries": {
          "Russian Federation": "21.94",
          "Beijing": "18.30",
          "Berlin": "7.29",
          "Seoul": "6.92",
          "Ottawa": "4.14"
        },
        "Plastics and Articles thereof; Rubber and Articles thereof": {
          "Russian Federation": "4.13",
          "Beijing": "50.54",
          "Tokyo": "16.24",
          "Seoul": "6.07",
          "Washington, D.C.": "4.88"
        },
        "Wood and Articles of Wood; Wood Charcoal; Cork and Articles of Cork; Manufactures of Straw, of Esparto or of Other Plaiting Materials; Basketware and Wickerwork": {
          "Russian Federation": "10.87",
          "Ukraine": "4.07",
          "Thailand": "3.56",
          "Beijing": "52.81",
          "Seoul": "7.41"
        },
        "Textiles and Textile Articles": {
          "Bangladesh": "9.26",
          "Beijing": "41.10",
          "Seoul": "12.56",
          "Tokyo": "6.81",
          "Ankara": "3.12"
        },
        "Footwear, Headgear, Umbrellas, Sun Umbrellas, Walking-sticks, Seat-sticks, Whips, Riding-crops, and Parts thereof; Prepared Feathers and Articles Made therewith; Artificial Flowers; Articles of Human Hair": {
          "Beijing": "32.01",
          "Rome": "18.97",
          "Hanoi": "10.93",
          "Seoul": "5.16",
          "Berlin": "3.43"
        },
        "Articles of Stone, Plaster, Cement, Asbestos, Mica or Similar Materials; Ceramic Products; Glass and Glassware": {
          "Russian Federation": "19.13",
          "Beijing": "67.47",
          "Seoul": "2.28",
          "Rome": "1.87",
          "Paris": "1.60"
        },
        "Natural or Cultured Pearls, Precious or Semi-precious Stones, Precious Metals, Metals Clad with Precious Metal, and Articles thereof; Imitation Jewellery; Coin": {
          "Russian Federation": "21.35",
          "Beijing": "59.16",
          "Seoul": "4.57",
          "Berlin": "4.00",
          "Rome": "3.42"
        },
        "Base Metals and Articles of Base Metal": {
          "Russian Federation": "10.74",
          "Thailand": "2.81",
          "Beijing": "68.71",
          "Seoul": "4.86",
          "Washington, D.C.": "2.37"
        },
        "Machinery and Mechanical Appliances; Electrical Equipment; Parts thereof; Sound Recorders and Reproducers, Television Image and Sound Recorders and Reproducers, and Parts and Accessories of such Articles": {
          "Russian Federation": "6.04",
          "Beijing": "45.88",
          "Washington, D.C.": "8.98",
          "Seoul": "5.74",
          "Tokyo": "4.38"
        },
        "Vehicles, Aircraft, Vessels, and Associated Transport Equipment": {
          "Tokyo": "58.07",
          "Beijing": "9.69",
          "Washington, D.C.": "8.24",
          "Seoul": "8.05",
          "Berlin": "5.55"
        },
        "Optical, Photographic, Cinematographic, Measuring, Checking, Precision, Medical or Surgical Instruments and Apparatus; Clocks and Watches; Musical Instruments; Parts and Accessories thereof": {
          "Russian Federation": "7.60",
          "Beijing": "38.98",
          "Tokyo": "15.29",
          "Seoul": "6.36",
          "Washington, D.C.": "6.00"
        },
        "Miscellaneous Manufactured Articles": {
          "Beijing": "43.74",
          "Seoul": "8.18",
          "Berlin": "8.15",
          "Tokyo": "6.24",
          "Washington, D.C.": "6.17"
        }
      }
    },
    "2017": {
      "Imports": {
        "Animals & Animal Products": {
          "Russian Federation": "21.35",
          "Belarus": "7.87",
          "Beijing": "29.82",
          "Warsaw": "15.83",
          "Wellington": "11.12"
        },
        "Vegetable Products": {
          "Russian Federation": "36.74",
          "Beijing": "28.69",
          "Kuala Lumpur": "6.54",
          "Hanoi": "4.49",
          "Warsaw": "2.60"
        },
        "Prepared Foodstuffs; Beverages, Spirits, Vinegar, Tobacco and Manufactured Tobacco Substitutes": {
          "Russian Federation": "24.98",
          "Kazakhstan": "7.96",
          "Beijing": "15.12",
          "Seoul": "9.07",
          "Berlin": "4.95"
        },
        "Mineral Products": {
          "Russian Federation": "5.75",
          "Beijing": "90.05",
          "Berlin": "1.55",
          "New Delhi": "0.75",
          "Washington, D.C.": "0.70"
        },
        "Products of the Chemical or Allied Industries": {
          "Russian Federation": "29.28",
          "Beijing": "15.21",
          "Berlin": "7.05",
          "Seoul": "6.60",
          "Washington, D.C.": "3.73"
        },
        "Plastics and Articles thereof; Rubber and Articles thereof": {
          "Russian Federation": "3.86",
          "Beijing": "51.16",
          "Tokyo": "14.08",
          "Washington, D.C.": "7.38",
          "Seoul": "5.14"
        },
        "Raw Hides and Skins, Leather, Furskins, and Articles thereof; Saddlery and Harness; Travel Goods, Handbags, and Similar Containers; Articles of Animal Gut (Other than Silk-worm Gut)": {
          "Russian Federation": "19.97",
          "Beijing": "27.27",
          "Ankara": "18.19",
          "Rome": "10.20",
          "Paris": "4.50"
        },
        "Wood and Articles of Wood; Wood Charcoal; Cork and Articles of Cork; Manufactures of Straw, of Esparto or of Other Plaiting Materials; Basketware and Wickerwork": {
          "Russian Federation": "12.33",
          "Ukraine": "3.60",
          "Beijing": "56.53",
          "Seoul": "6.89",
          "Berlin": "4.14"
        },
        "Footwear, Headgear, Umbrellas, Sun Umbrellas, Walking-sticks, Seat-sticks, Whips, Riding-crops, and Parts thereof; Prepared Feathers and Articles Made therewith; Artificial Flowers; Articles of Human Hair": {
          "Russian Federation": "2.56",
          "Beijing": "33.36",
          "Rome": "17.70",
          "Hanoi": "10.97",
          "Jakarta": "4.14"
        },
        "Articles of Stone, Plaster, Cement, Asbestos, Mica or Similar Materials; Ceramic Products; Glass and Glassware": {
          "Russian Federation": "23.34",
          "Beijing": "63.49",
          "Paris": "3.05",
          "Rome": "1.67",
          "Madrid": "1.27"
        },
        "Natural or Cultured Pearls, Precious or Semi-precious Stones, Precious Metals, Metals Clad with Precious Metal, and Articles thereof; Imitation Jewellery; Coin": {
          "Russian Federation": "11.95",
          "Beijing": "58.03",
          "Tokyo": "5.87",
          "Berlin": "5.30",
          "Madrid": "3.66"
        },
        "Base Metals and Articles of Base Metal": {
          "Russian Federation": "15.78",
          "Beijing": "68.69",
          "Washington, D.C.": "2.42",
          "Seoul": "1.92",
          "Ottawa": "1.78"
        },
        "Machinery and Mechanical Appliances; Electrical Equipment; Parts thereof; Sound Recorders and Reproducers, Television Image and Sound Recorders and Reproducers, and Parts and Accessories of such Articles": {
          "Russian Federation": "5.24",
          "Beijing": "46.67",
          "Washington, D.C.": "8.09",
          "Tokyo": "6.07",
          "Seoul": "4.74"
        },
        "Vehicles, Aircraft, Vessels, and Associated Transport Equipment": {
          "Russian Federation": "4.10",
          "Tokyo": "40.11",
          "Beijing": "24.48",
          "Washington, D.C.": "11.24",
          "Seoul": "6.02"
        },
        "Optical, Photographic, Cinematographic, Measuring, Checking, Precision, Medical or Surgical Instruments and Apparatus; Clocks and Watches; Musical Instruments; Parts and Accessories thereof": {
          "Russian Federation": "9.30",
          "Beijing": "41.97",
          "Tokyo": "12.71",
          "Washington, D.C.": "6.83",
          "Seoul": "4.88"
        }
      }
    },
    "2018": {
      "Imports": {
        "Animals & Animal Products": {
          "Russian Federation": "22.66",
          "Belarus": "9.41",
          "Beijing": "35.49",
          "Warsaw": "12.21",
          "Wellington": "7.27"
        },
        "Vegetable Products": {
          "Russian Federation": "49.50",
          "North Macedonia": "2.00",
          "Beijing": "24.05",
          "Hanoi": "4.59",
          "Kuala Lumpur": "4.25"
        },
        "Prepared Foodstuffs; Beverages, Spirits, Vinegar, Tobacco and Manufactured Tobacco Substitutes": {
          "Russian Federation": "24.16",
          "Kazakhstan": "6.58",
          "Beijing": "15.18",
          "Seoul": "8.69",
          "Berlin": "5.21"
        },
        "Mineral Products": {
          "Russian Federation": "12.60",
          "Beijing": "82.74",
          "Berlin": "2.46",
          "Seoul": "0.58",
          "Washington, D.C.": "0.29"
        },
        "Products of the Chemical or Allied Industries": {
          "Russian Federation": "27.56",
          "Slovenia": "3.93",
          "Beijing": "16.91",
          "Seoul": "6.94",
          "Berlin": "6.75"
        },
        "Plastics and Articles thereof; Rubber and Articles thereof": {
          "Russian Federation": "4.48",
          "Beijing": "52.91",
          "Tokyo": "14.96",
          "Washington, D.C.": "6.26",
          "Seoul": "5.06"
        },
        "Raw Hides and Skins, Leather, Furskins, and Articles thereof; Saddlery and Harness; Travel Goods, Handbags, and Similar Containers; Articles of Animal Gut (Other than Silk-worm Gut)": {
          "Russian Federation": "18.97",
          "Beijing": "48.14",
          "Rome": "8.91",
          "New Delhi": "3.22",
          "Brasília": "2.86"
        },
        "Wood and Articles of Wood; Wood Charcoal; Cork and Articles of Cork; Manufactures of Straw, of Esparto or of Other Plaiting Materials; Basketware and Wickerwork": {
          "Russian Federation": "14.63",
          "Ukraine": "3.16",
          "Beijing": "51.67",
          "Seoul": "9.52",
          "Berlin": "4.36"
        },
        "Textiles and Textile Articles": {
          "Bangladesh": "7.06",
          "Beijing": "41.27",
          "Seoul": "9.55",
          "Tokyo": "6.05",
          "Rome": "3.46"
        },
        "Footwear, Headgear, Umbrellas, Sun Umbrellas, Walking-sticks, Seat-sticks, Whips, Riding-crops, and Parts thereof; Prepared Feathers and Articles Made therewith; Artificial Flowers; Articles of Human Hair": {
          "Russian Federation": "3.87",
          "Beijing": "32.28",
          "Rome": "15.77",
          "Hanoi": "13.97",
          "New Delhi": "3.07"
        },
        "Articles of Stone, Plaster, Cement, Asbestos, Mica or Similar Materials; Ceramic Products; Glass and Glassware": {
          "Russian Federation": "21.25",
          "Beijing": "67.14",
          "Paris": "1.52",
          "Tokyo": "1.29",
          "Madrid": "1.26"
        },
        "Natural or Cultured Pearls, Precious or Semi-precious Stones, Precious Metals, Metals Clad with Precious Metal, and Articles thereof; Imitation Jewellery; Coin": {
          "Russian Federation": "15.70",
          "Beijing": "57.77",
          "Berlin": "8.51",
          "Seoul": "4.93",
          "Rome": "4.75"
        },
        "Base Metals and Articles of Base Metal": {
          "Russian Federation": "17.61",
          "Beijing": "69.44",
          "Washington, D.C.": "1.94",
          "Seoul": "1.60",
          "Berlin": "1.36"
        },
        "Machinery and Mechanical Appliances; Electrical Equipment; Parts thereof; Sound Recorders and Reproducers, Television Image and Sound Recorders and Reproducers, and Parts and Accessories of such Articles": {
          "Russian Federation": "5.65",
          "Beijing": "46.94",
          "Washington, D.C.": "7.16",
          "Tokyo": "5.79",
          "Seoul": "5.21"
        },
        "Vehicles, Aircraft, Vessels, and Associated Transport Equipment": {
          "Russian Federation": "5.82",
          "Tokyo": "44.89",
          "Beijing": "29.95",
          "Seoul": "4.92",
          "Washington, D.C.": "4.41"
        },
        "Optical, Photographic, Cinematographic, Measuring, Checking, Precision, Medical or Surgical Instruments and Apparatus; Clocks and Watches; Musical Instruments; Parts and Accessories thereof": {
          "Russian Federation": "9.79",
          "Beijing": "44.09",
          "Tokyo": "14.30",
          "Washington, D.C.": "4.89",
          "Seoul": "4.84"
        },
        "Miscellaneous Manufactured Articles": {
          "Beijing": "41.70",
          "Tokyo": "9.45",
          "Washington, D.C.": "8.68",
          "Seoul": "7.07",
          "Berlin": "6.67"
        }
      }
    },
    "2019": {
      "Imports": {
        "Animals & Animal Products": {
          "Russian Federation": "26.79",
          "Belarus": "6.76",
          "Beijing": "31.30",
          "Wellington": "12.35",
          "Warsaw": "9.23"
        },
        "Vegetable Products": {
          "Russian Federation": "27.50",
          "North Macedonia": "5.97",
          "Beijing": "32.81",
          "Hanoi": "9.93",
          "Kuala Lumpur": "3.96"
        },
        "Prepared Foodstuffs; Beverages, Spirits, Vinegar, Tobacco and Manufactured Tobacco Substitutes": {
          "Russian Federation": "23.85",
          "Kazakhstan": "6.02",
          "Beijing": "15.29",
          "Seoul": "11.06",
          "Berlin": "4.97"
        },
        "Mineral Products": {
          "Russian Federation": "10.67",
          "Beijing": "82.56",
          "Berlin": "3.39",
          "Seoul": "0.71",
          "New Delhi": "0.55"
        },
        "Products of the Chemical or Allied Industries": {
          "Russian Federation": "26.34",
          "Slovenia": "3.90",
          "Beijing": "21.03",
          "Seoul": "7.58",
          "Berlin": "6.51"
        },
        "Plastics and Articles thereof; Rubber and Articles thereof": {
          "Russian Federation": "4.61",
          "Beijing": "50.92",
          "Tokyo": "15.54",
          "Washington, D.C.": "6.54",
          "Seoul": "4.53"
        },
        "Wood and Articles of Wood; Wood Charcoal; Cork and Articles of Cork; Manufactures of Straw, of Esparto or of Other Plaiting Materials; Basketware and Wickerwork": {
          "Russian Federation": "14.27",
          "Thailand": "3.67",
          "Beijing": "52.45",
          "Seoul": "7.32",
          "Berlin": "3.47"
        },
        "Footwear, Headgear, Umbrellas, Sun Umbrellas, Walking-sticks, Seat-sticks, Whips, Riding-crops, and Parts thereof; Prepared Feathers and Articles Made therewith; Artificial Flowers; Articles of Human Hair": {
          "Russian Federation": "3.70",
          "Beijing": "28.74",
          "Rome": "15.52",
          "Hanoi": "13.18",
          "Jakarta": "3.61"
        },
        "Articles of Stone, Plaster, Cement, Asbestos, Mica or Similar Materials; Ceramic Products; Glass and Glassware": {
          "Russian Federation": "20.70",
          "Beijing": "67.20",
          "Bern": "3.64",
          "Rome": "1.18",
          "Paris": "1.01"
        },
        "Natural or Cultured Pearls, Precious or Semi-precious Stones, Precious Metals, Metals Clad with Precious Metal, and Articles thereof; Imitation Jewellery; Coin": {
          "Russian Federation": "18.12",
          "Beijing": "57.86",
          "Berlin": "9.54",
          "Seoul": "3.93",
          "Rome": "2.71"
        },
        "Base Metals and Articles of Base Metal": {
          "Russian Federation": "18.78",
          "Beijing": "66.94",
          "Seoul": "2.02",
          "Washington, D.C.": "1.79",
          "Berlin": "1.36"
        },
        "Machinery and Mechanical Appliances; Electrical Equipment; Parts thereof; Sound Recorders and Reproducers, Television Image and Sound Recorders and Reproducers, and Parts and Accessories of such Articles": {
          "Russian Federation": "6.15",
          "Beijing": "41.84",
          "Washington, D.C.": "7.30",
          "Tokyo": "6.86",
          "Berlin": "6.43"
        },
        "Vehicles, Aircraft, Vessels, and Associated Transport Equipment": {
          "Russian Federation": "7.01",
          "Tokyo": "35.56",
          "Beijing": "32.87",
          "Washington, D.C.": "10.03",
          "Seoul": "3.61"
        },
        "Optical, Photographic, Cinematographic, Measuring, Checking, Precision, Medical or Surgical Instruments and Apparatus; Clocks and Watches; Musical Instruments; Parts and Accessories thereof": {
          "Russian Federation": "10.20",
          "Beijing": "42.44",
          "Tokyo": "13.98",
          "Washington, D.C.": "6.51",
          "Seoul": "4.30"
        },
        "Miscellaneous Manufactured Articles": {
          "Beijing": "36.09",
          "Washington, D.C.": "9.83",
          "Seoul": "8.66",
          "Tokyo": "7.03",
          "Berlin": "6.95"
        }
      }
    },
    "2020": {
      "Imports": {
        "Animals & Animal Products": {
          "Russian Federation": "31.31",
          "Belarus": "5.27",
          "Beijing": "25.86",
          "Wellington": "14.70",
          "Warsaw": "8.55"
        },
        "Vegetable Products": {
          "Russian Federation": "45.47",
          "Beijing": "25.39",
          "Hanoi": "8.00",
          "Kuala Lumpur": "3.23",
          "Seoul": "1.66"
        },
        "Prepared Foodstuffs; Beverages, Spirits, Vinegar, Tobacco and Manufactured Tobacco Substitutes": {
          "Russian Federation": "28.41",
          "Beijing": "14.59",
          "Seoul": "12.51",
          "Berlin": "5.15",
          "Warsaw": "3.97"
        },
        "Mineral Products": {
          "Russian Federation": "6.43",
          "Beijing": "88.81",
          "Berlin": "2.91",
          "Seoul": "0.42",
          "Madrid": "0.33"
        },
        "Plastics and Articles thereof; Rubber and Articles thereof": {
          "Russian Federation": "5.36",
          "Beijing": "49.88",
          "Tokyo": "12.88",
          "Washington, D.C.": "6.64",
          "Seoul": "4.45"
        },
        "Raw Hides and Skins, Leather, Furskins, and Articles thereof; Saddlery and Harness; Travel Goods, Handbags, and Similar Containers; Articles of Animal Gut (Other than Silk-worm Gut)": {
          "Russian Federation": "14.91",
          "Beijing": "41.93",
          "Rome": "16.15",
          "Hanoi": "5.25",
          "Brasília": "4.84"
        },
        "Wood and Articles of Wood; Wood Charcoal; Cork and Articles of Cork; Manufactures of Straw, of Esparto or of Other Plaiting Materials; Basketware and Wickerwork": {
          "Russian Federation": "12.41",
          "Ukraine": "3.46",
          "Beijing": "53.54",
          "Seoul": "8.19",
          "Berlin": "3.10"
        },
        "Textiles and Textile Articles": {
          "Bangladesh": "5.70",
          "Beijing": "48.72",
          "Seoul": "11.17",
          "Washington, D.C.": "3.82",
          "Tokyo": "3.73"
        },
        "Footwear, Headgear, Umbrellas, Sun Umbrellas, Walking-sticks, Seat-sticks, Whips, Riding-crops, and Parts thereof; Prepared Feathers and Articles Made therewith; Artificial Flowers; Articles of Human Hair": {
          "Russian Federation": "11.07",
          "Beijing": "27.99",
          "Hanoi": "16.18",
          "Rome": "12.30",
          "Jakarta": "3.56"
        },
        "Articles of Stone, Plaster, Cement, Asbestos, Mica or Similar Materials; Ceramic Products; Glass and Glassware": {
          "Russian Federation": "14.01",
          "Beijing": "71.23",
          "Bern": "9.53",
          "Paris": "0.63",
          "Seoul": "0.50"
        },
        "Natural or Cultured Pearls, Precious or Semi-precious Stones, Precious Metals, Metals Clad with Precious Metal, and Articles thereof; Imitation Jewellery; Coin": {
          "Russian Federation": "11.08",
          "Beijing": "59.87",
          "Berlin": "10.43",
          "Bern": "6.34",
          "Seoul": "3.94"
        },
        "Base Metals and Articles of Base Metal": {
          "Russian Federation": "19.27",
          "Beijing": "67.43",
          "Berlin": "2.57",
          "Seoul": "1.68",
          "Washington, D.C.": "1.38"
        },
        "Machinery and Mechanical Appliances; Electrical Equipment; Parts thereof; Sound Recorders and Reproducers, Television Image and Sound Recorders and Reproducers, and Parts and Accessories of such Articles": {
          "Russian Federation": "7.95",
          "Beijing": "41.35",
          "Washington, D.C.": "9.48",
          "Tokyo": "5.92",
          "Berlin": "5.77"
        },
        "Vehicles, Aircraft, Vessels, and Associated Transport Equipment": {
          "Russian Federation": "8.35",
          "Belarus": "4.62",
          "Beijing": "35.15",
          "Tokyo": "32.87",
          "Washington, D.C.": "6.76"
        },
        "Optical, Photographic, Cinematographic, Measuring, Checking, Precision, Medical or Surgical Instruments and Apparatus; Clocks and Watches; Musical Instruments; Parts and Accessories thereof": {
          "Russian Federation": "11.23",
          "Beijing": "44.23",
          "Tokyo": "10.95",
          "Washington, D.C.": "5.98",
          "Seoul": "4.23"
        },
        "Miscellaneous Manufactured Articles": {
          "Beijing": "31.84",
          "Washington, D.C.": "15.82",
          "Berlin": "10.52",
          "Seoul": "6.39",
          "Tokyo": "4.01"
        }
      }
    },
    "2021": {
      "Imports": {
        "Animals & Animal Products": {
          "Russian Federation": "37.75",
          "Belarus": "10.25",
          "Beijing": "21.57",
          "Warsaw": "8.28",
          "Wellington": "7.62"
        },
        "Vegetable Products": {
          "Russian Federation": "52.55",
          "Beijing": "17.33",
          "Hanoi": "5.73",
          "Warsaw": "4.24",
          "Kuala Lumpur": "3.23"
        },
        "Prepared Foodstuffs; Beverages, Spirits, Vinegar, Tobacco and Manufactured Tobacco Substitutes": {
          "Russian Federation": "28.91",
          "Beijing": "12.72",
          "Seoul": "12.10",
          "Berlin": "5.74",
          "Warsaw": "4.37"
        },
        "Mineral Products": {
          "Russian Federation": "12.10",
          "Beijing": "76.36",
          "Berlin": "6.80",
          "Seoul": "1.28",
          "Madrid": "0.89"
        },
        "Products of the Chemical or Allied Industries": {
          "Russian Federation": "21.28",
          "Beijing": "25.23",
          "Seoul": "8.70",
          "Berlin": "6.20",
          "Washington, D.C.": "3.96"
        },
        "Plastics and Articles thereof; Rubber and Articles thereof": {
          "Russian Federation": "9.29",
          "Beijing": "52.18",
          "Tokyo": "7.82",
          "Washington, D.C.": "5.34",
          "Seoul": "4.86"
        },
        "Raw Hides and Skins, Leather, Furskins, and Articles thereof; Saddlery and Harness; Travel Goods, Handbags, and Similar Containers; Articles of Animal Gut (Other than Silk-worm Gut)": {
          "Russian Federation": "21.88",
          "Beijing": "38.93",
          "Rome": "17.00",
          "Hanoi": "4.23",
          "Seoul": "2.30"
        },
        "Wood and Articles of Wood; Wood Charcoal; Cork and Articles of Cork; Manufactures of Straw, of Esparto or of Other Plaiting Materials; Basketware and Wickerwork": {
          "Russian Federation": "19.01",
          "Ukraine": "3.11",
          "Beijing": "51.54",
          "Seoul": "7.50",
          "Berlin": "3.82"
        },
        "Textiles and Textile Articles": {
          "Bangladesh": "4.92",
          "Russian Federation": "4.13",
          "Beijing": "53.07",
          "Seoul": "9.83",
          "Ankara": "5.44"
        },
        "Footwear, Headgear, Umbrellas, Sun Umbrellas, Walking-sticks, Seat-sticks, Whips, Riding-crops, and Parts thereof; Prepared Feathers and Articles Made therewith; Artificial Flowers; Articles of Human Hair": {
          "Russian Federation": "16.60",
          "Beijing": "22.64",
          "Hanoi": "14.50",
          "Rome": "10.25",
          "Ankara": "4.62"
        },
        "Articles of Stone, Plaster, Cement, Asbestos, Mica or Similar Materials; Ceramic Products; Glass and Glassware": {
          "Russian Federation": "15.80",
          "Beijing": "73.04",
          "Ankara": "2.05",
          "Bern": "1.44",
          "Paris": "1.39"
        },
        "Natural or Cultured Pearls, Precious or Semi-precious Stones, Precious Metals, Metals Clad with Precious Metal, and Articles thereof; Imitation Jewellery; Coin": {
          "Russian Federation": "14.06",
          "Beijing": "60.06",
          "Berlin": "6.47",
          "Bern": "5.10",
          "Rome": "3.14"
        },
        "Base Metals and Articles of Base Metal": {
          "Russian Federation": "26.72",
          "Beijing": "59.80",
          "Ankara": "1.90",
          "Seoul": "1.66",
          "Berlin": "1.55"
        },
        "Machinery and Mechanical Appliances; Electrical Equipment; Parts thereof; Sound Recorders and Reproducers, Television Image and Sound Recorders and Reproducers, and Parts and Accessories of such Articles": {
          "Russian Federation": "7.13",
          "Beijing": "50.20",
          "Washington, D.C.": "7.05",
          "Seoul": "4.54",
          "Berlin": "4.28"
        },
        "Vehicles, Aircraft, Vessels, and Associated Transport Equipment": {
          "Russian Federation": "6.60",
          "Beijing": "45.72",
          "Tokyo": "29.20",
          "Berlin": "3.13",
          "Washington, D.C.": "3.09"
        },
        "Optical, Photographic, Cinematographic, Measuring, Checking, Precision, Medical or Surgical Instruments and Apparatus; Clocks and Watches; Musical Instruments; Parts and Accessories thereof": {
          "Russian Federation": "11.85",
          "Beijing": "47.38",
          "Tokyo": "9.69",
          "Seoul": "4.37",
          "Washington, D.C.": "4.06"
        },
        "Miscellaneous Manufactured Articles": {
          "Beijing": "38.85",
          "Berlin": "9.91",
          "Seoul": "6.58",
          "Washington, D.C.": "6.16",
          "Bern": "4.56"
        }
      }
    },
    "2022": {
      "Imports": {
        "Animals & Animal Products": {
          "Russian Federation": "36.46",
          "Belarus": "10.38",
          "Beijing": "25.47",
          "Wellington": "7.73",
          "Warsaw": "5.40"
        },
        "Vegetable Products": {
          "Russian Federation": "29.25",
          "Beijing": "27.25",
          "Warsaw": "6.65",
          "Hanoi": "6.42",
          "Kuala Lumpur": "5.21"
        },
        "Prepared Foodstuffs; Beverages, Spirits, Vinegar, Tobacco and Manufactured Tobacco Substitutes": {
          "Russian Federation": "21.79",
          "Beijing": "14.79",
          "Seoul": "14.75",
          "Berlin": "4.73",
          "Warsaw": "4.60"
        },
        "Mineral Products": {
          "Russian Federation": "16.00",
          "Beijing": "73.08",
          "Berlin": "5.10",
          "Seoul": "1.31",
          "Islamabad": "0.75"
        },
        "Products of the Chemical or Allied Industries": {
          "Russian Federation": "31.58",
          "Slovenia": "3.49",
          "Beijing": "18.82",
          "Seoul": "9.50",
          "Berlin": "5.02"
        },
        "Plastics and Articles thereof; Rubber and Articles thereof": {
          "Russian Federation": "6.52",
          "Beijing": "56.00",
          "Tokyo": "8.20",
          "Seoul": "5.79",
          "Washington, D.C.": "5.53"
        },
        "Raw Hides and Skins, Leather, Furskins, and Articles thereof; Saddlery and Harness; Travel Goods, Handbags, and Similar Containers; Articles of Animal Gut (Other than Silk-worm Gut)": {
          "Russian Federation": "9.75",
          "Beijing": "42.16",
          "Rome": "15.20",
          "Hanoi": "6.17",
          "Seoul": "3.48"
        },
        "Wood and Articles of Wood; Wood Charcoal; Cork and Articles of Cork; Manufactures of Straw, of Esparto or of Other Plaiting Materials; Basketware and Wickerwork": {
          "Russian Federation": "17.37",
          "Thailand": "2.92",
          "Beijing": "53.25",
          "Seoul": "8.34",
          "Ankara": "3.09"
        },
        "Textiles and Textile Articles": {
          "Bangladesh": "5.52",
          "Beijing": "47.25",
          "Ankara": "11.09",
          "Seoul": "10.94",
          "Hanoi": "3.15"
        },
        "Footwear, Headgear, Umbrellas, Sun Umbrellas, Walking-sticks, Seat-sticks, Whips, Riding-crops, and Parts thereof; Prepared Feathers and Articles Made therewith; Artificial Flowers; Articles of Human Hair": {
          "Russian Federation": "5.88",
          "Beijing": "26.49",
          "Hanoi": "13.78",
          "Rome": "10.36",
          "Ankara": "8.00"
        },
        "Natural or Cultured Pearls, Precious or Semi-precious Stones, Precious Metals, Metals Clad with Precious Metal, and Articles thereof; Imitation Jewellery; Coin": {
          "Russian Federation": "11.47",
          "Beijing": "60.34",
          "Seoul": "5.23",
          "Ankara": "3.57",
          "Berlin": "3.54"
        },
        "Base Metals and Articles of Base Metal": {
          "Russian Federation": "22.20",
          "Beijing": "65.65",
          "Ankara": "1.72",
          "Seoul": "1.66",
          "New Delhi": "1.19"
        },
        "Machinery and Mechanical Appliances; Electrical Equipment; Parts thereof; Sound Recorders and Reproducers, Television Image and Sound Recorders and Reproducers, and Parts and Accessories of such Articles": {
          "Russian Federation": "5.29",
          "Beijing": "51.63",
          "Seoul": "6.11",
          "Washington, D.C.": "4.85",
          "Tokyo": "3.82"
        },
        "Vehicles, Aircraft, Vessels, and Associated Transport Equipment": {
          "Russian Federation": "7.84",
          "Beijing": "38.93",
          "Tokyo": "30.49",
          "Washington, D.C.": "6.59",
          "Paris": "5.37"
        },
        "Optical, Photographic, Cinematographic, Measuring, Checking, Precision, Medical or Surgical Instruments and Apparatus; Clocks and Watches; Musical Instruments; Parts and Accessories thereof": {
          "Russian Federation": "12.31",
          "Beijing": "46.94",
          "Tokyo": "11.14",
          "Seoul": "4.64",
          "Washington, D.C.": "4.11"
        },
        "Miscellaneous Manufactured Articles": {
          "Beijing": "42.23",
          "Seoul": "7.62",
          "Berlin": "6.25",
          "Bern": "5.44",
          "Washington, D.C.": "5.21"
        }
      }
    }
  }
}