{
    "Main Partners": {
        "1995": {
            "Imports": {
                "Animals & Animal Products": {
                    "France": "82.19",
                    "Hong Kong, China": "7.98",
                    "Senegal": "3.90",
                    "Belgium-Luxembourg": "2.19",
                    "Liberia": "1.09"
                },
                "Vegetable Products": {
                    "Switzerland": "33.22",
                    "France": "23.11",
                    "Netherlands": "13.99",
                    "Morocco": "7.25",
                    "Belgium-Luxembourg": "7.03"
                },
                "Prepared Foodstuffs; Beverages, Spirits, Vinegar, Tobacco and Manufactured Tobacco Substitutes": {
                    "Switzerland": "50.66",
                    "Italy": "17.20",
                    "Netherlands": "12.14",
                    "Serbia, FR(Serbia/Montenegro)": "8.99",
                    "France": "2.86"
                },
                "Mineral Products": {
                    "United States": "33.22",
                    "Ireland": "18.47",
                    "Spain": "18.36",
                    "France": "7.88",
                    "Italy": "6.61"
                },
                "Products of the Chemical or Allied Industries": {
                    "Brazil": "44.93",
                    "Russian Federation": "23.63",
                    "Cameroon": "21.65",
                    "Finland": "6.09",
                    "Greece": "3.49"
                },
                "Plastics and Articles thereof; Rubber and Articles thereof": {
                    "Liberia": "21.23",
                    "Congo, Dem. Rep.": "15.51",
                    "Senegal": "15.16",
                    "Gambia, The": "13.40",
                    "France": "7.72"
                },
                "Raw Hides and Skins, Leather, Furskins, and Articles thereof; Saddlery and Harness; Travel Goods, Handbags, and Similar Containers; Articles of Animal Gut (Other than Silk-worm Gut)": {
                    "Portugal": "36.77",
                    "Italy": "15.72",
                    "Guatemala": "12.26",
                    "Mauritania": "10.57",
                    "Spain": "10.12"
                },
                "Wood and Articles of Wood; Wood Charcoal; Cork and Articles of Cork; Manufactures of Straw, of Esparto or of Other Plaiting Materials; Basketware and Wickerwork": {
                    "Switzerland": "57.47",
                    "Italy": "25.68",
                    "France": "6.67",
                    "Belgium-Luxembourg": "5.24",
                    "Netherlands": "1.91"
                },
                "Textiles and Textile Articles": {
                    "Spain": "25.33",
                    "France": "20.67",
                    "Italy": "18.53",
                    "Switzerland": "13.76",
                    "Germany": "12.40"
                },
                "Footwear, Headgear, Umbrellas, Sun Umbrellas, Walking-sticks, Seat-sticks, Whips, Riding-crops, and Parts thereof; Prepared Feathers and Articles Made therewith; Artificial Flowers; Articles of Human Hair": {
                    "Angola": "24.14",
                    "Nigeria": "14.80",
                    "Ghana": "11.54",
                    "Cape Verde": "9.94",
                    "Hong Kong, China": "9.18"
                },
                "Articles of Stone, Plaster, Cement, Asbestos, Mica or Similar Materials; Ceramic Products; Glass and Glassware": {
                    "United Kingdom": "43.90",
                    "Belgium-Luxembourg": "39.39",
                    "Neutral Zone": "15.62",
                    "United States": "0.87",
                    "Netherlands": "0.13"
                },
                "Natural or Cultured Pearls, Precious or Semi-precious Stones, Precious Metals, Metals Clad with Precious Metal, and Articles thereof; Imitation Jewellery; Coin": {
                    "United States": "33.14",
                    "Ireland": "18.42",
                    "Spain": "18.32",
                    "France": "7.86",
                    "Italy": "6.59"
                },
                "Base Metals and Articles of Base Metal": {
                    "Belgium-Luxembourg": "48.20",
                    "United States": "41.69",
                    "France": "3.79",
                    "Italy": "2.51",
                    "Cote dIvoire": "1.36"
                },
                "Machinery and Mechanical Appliances; Electrical Equipment; Parts thereof; Sound Recorders and Reproducers, Television Image and Sound Recorders and Reproducers, and Parts and Accessories of such Articles": {
                    "France": "49.06",
                    "Gabon": "14.44",
                    "Mauritania": "6.56",
                    "Benin": "5.70",
                    "Denmark": "5.38"
                },
                "Vehicles, Aircraft, Vessels, and Associated Transport Equipment": {
                    "Japan": "40.64",
                    "France": "21.34",
                    "United States": "15.54",
                    "Belgium-Luxembourg": "9.47",
                    "Mauritania": "2.45"
                },
                "Optical, Photographic, Cinematographic, Measuring, Checking, Precision, Medical or Surgical Instruments and Apparatus; Clocks and Watches; Musical Instruments; Parts and Accessories thereof": {
                    "Brazil": "32.77",
                    "Russian Federation": "17.24",
                    "Cameroon": "15.79",
                    "Belgium-Luxembourg": "11.21",
                    "United Kingdom": "6.67"
                },
                "Miscellaneous Manufactured Articles": {
                    "Senegal": "25.17",
                    "France": "23.26",
                    "United States": "10.49",
                    "Ghana": "10.26",
                    "Netherlands": "6.84"
                }
            }
        },
        "1996": {
            "Imports": {
                "Animals & Animal Products": {
                    "France": "57.26",
                    "Greece": "10.33",
                    "Cote dIvoire": "7.97",
                    "Spain": "7.75",
                    "Italy": "5.69"
                },
                "Vegetable Products": {
                    "France": "29.03",
                    "Switzerland": "19.08",
                    "Belgium-Luxembourg": "10.43",
                    "Italy": "9.84",
                    "Morocco": "9.76"
                },
                "Prepared Foodstuffs; Beverages, Spirits, Vinegar, Tobacco and Manufactured Tobacco Substitutes": {
                    "Netherlands": "40.66",
                    "Switzerland": "28.55",
                    "Italy": "12.23",
                    "Belgium-Luxembourg": "5.51",
                    "Liberia": "2.93"
                },
                "Mineral Products": {
                    "United States": "39.69",
                    "Spain": "13.66",
                    "Ireland": "13.23",
                    "Canada": "9.79",
                    "France": "9.06"
                },
                "Products of the Chemical or Allied Industries": {
                    "Russian Federation": "49.76",
                    "Cameroon": "20.12",
                    "Norway": "15.82",
                    "Finland": "7.88",
                    "Mexico": "4.07"
                },
                "Plastics and Articles thereof; Rubber and Articles thereof": {
                    "Mali": "65.99",
                    "Belgium-Luxembourg": "15.89",
                    "Rwanda": "10.78",
                    "Cote dIvoire": "3.59",
                    "Unspecified": "2.14"
                },
                "Raw Hides and Skins, Leather, Furskins, and Articles thereof; Saddlery and Harness; Travel Goods, Handbags, and Similar Containers; Articles of Animal Gut (Other than Silk-worm Gut)": {
                    "Portugal": "66.29",
                    "Spain": "24.43",
                    "Hong Kong, China": "2.96",
                    "Guinea-Bissau": "2.76",
                    "Gambia, The": "2.66"
                },
                "Wood and Articles of Wood; Wood Charcoal; Cork and Articles of Cork; Manufactures of Straw, of Esparto or of Other Plaiting Materials; Basketware and Wickerwork": {
                    "Cape Verde": "51.20",
                    "Ukraine": "16.79",
                    "Spain": "12.63",
                    "United States": "4.51",
                    "Morocco": "2.69"
                },
                "Textiles and Textile Articles": {
                    "Hong Kong, China": "33.53",
                    "Tunisia": "16.19",
                    "Switzerland": "9.99",
                    "Spain": "9.92",
                    "Thailand": "9.81"
                },
                "Footwear, Headgear, Umbrellas, Sun Umbrellas, Walking-sticks, Seat-sticks, Whips, Riding-crops, and Parts thereof; Prepared Feathers and Articles Made therewith; Artificial Flowers; Articles of Human Hair": {
                    "Italy": "34.48",
                    "Senegal": "23.64",
                    "Hong Kong, China": "19.84",
                    "Romania": "19.84",
                    "Cote dIvoire": "1.25"
                },
                "Articles of Stone, Plaster, Cement, Asbestos, Mica or Similar Materials; Ceramic Products; Glass and Glassware": {
                    "Belgium-Luxembourg": "37.36",
                    "United Kingdom": "37.00",
                    "United States": "22.11",
                    "Unspecified": "1.58",
                    "France": "1.45"
                },
                "Natural or Cultured Pearls, Precious or Semi-precious Stones, Precious Metals, Metals Clad with Precious Metal, and Articles thereof; Imitation Jewellery; Coin": {
                    "United States": "39.65",
                    "Spain": "13.71",
                    "Ireland": "13.21",
                    "Canada": "9.78",
                    "France": "9.05"
                },
                "Base Metals and Articles of Base Metal": {
                    "Belgium-Luxembourg": "40.37",
                    "United States": "13.15",
                    "Brazil": "12.69",
                    "Spain": "12.47",
                    "Congo, Rep.": "6.64"
                },
                "Machinery and Mechanical Appliances; Electrical Equipment; Parts thereof; Sound Recorders and Reproducers, Television Image and Sound Recorders and Reproducers, and Parts and Accessories of such Articles": {
                    "Senegal": "68.53",
                    "Mali": "11.94",
                    "France": "5.79",
                    "Gambia, The": "2.68",
                    "Gabon": "2.30"
                },
                "Vehicles, Aircraft, Vessels, and Associated Transport Equipment": {
                    "Senegal": "30.10",
                    "Mali": "18.79",
                    "France": "12.60",
                    "United States": "11.08",
                    "Belgium-Luxembourg": "7.65"
                },
                "Optical, Photographic, Cinematographic, Measuring, Checking, Precision, Medical or Surgical Instruments and Apparatus; Clocks and Watches; Musical Instruments; Parts and Accessories thereof": {
                    "Russian Federation": "26.71",
                    "Senegal": "14.90",
                    "Belgium-Luxembourg": "11.97",
                    "Cameroon": "10.80",
                    "Norway": "8.50"
                },
                "Miscellaneous Manufactured Articles": {
                    "France": "36.05",
                    "Belgium-Luxembourg": "32.83",
                    "United States": "13.72",
                    "Canada": "6.84",
                    "Senegal": "2.60"
                }
            }
        },
        "1997": {
            "Imports": {
                "Animals & Animal Products": {
                    "France": "71.52",
                    "Italy": "7.74",
                    "Gabon": "5.55",
                    "Switzerland": "4.18",
                    "Greece": "3.14"
                },
                "Vegetable Products": {
                    "France": "57.44",
                    "Liberia": "13.83",
                    "Morocco": "6.62",
                    "Germany": "5.96",
                    "Algeria": "5.06"
                },
                "Prepared Foodstuffs; Beverages, Spirits, Vinegar, Tobacco and Manufactured Tobacco Substitutes": {
                    "Switzerland": "39.18",
                    "Unspecified": "18.73",
                    "Italy": "12.65",
                    "Belgium-Luxembourg": "11.29",
                    "Spain": "9.57"
                },
                "Mineral Products": {
                    "United States": "32.67",
                    "Spain": "24.67",
                    "Ireland": "15.55",
                    "France": "8.29",
                    "Canada": "4.96"
                },
                "Products of the Chemical or Allied Industries": {
                    "Cameroon": "32.38",
                    "Norway": "22.13",
                    "Finland": "18.88",
                    "Russian Federation": "18.41",
                    "Iraq": "5.91"
                },
                "Plastics and Articles thereof; Rubber and Articles thereof": {
                    "Cote dIvoire": "93.34",
                    "Egypt, Arab Rep.": "2.54",
                    "Rwanda": "1.52",
                    "Italy": "0.93",
                    "France": "0.78"
                },
                "Raw Hides and Skins, Leather, Furskins, and Articles thereof; Saddlery and Harness; Travel Goods, Handbags, and Similar Containers; Articles of Animal Gut (Other than Silk-worm Gut)": {
                    "Portugal": "67.31",
                    "Spain": "16.02",
                    "Italy": "16.01",
                    "Liberia": "0.47",
                    "Unspecified": "0.18"
                },
                "Wood and Articles of Wood; Wood Charcoal; Cork and Articles of Cork; Manufactures of Straw, of Esparto or of Other Plaiting Materials; Basketware and Wickerwork": {
                    "Cape Verde": "56.99",
                    "Spain": "13.21",
                    "Belgium-Luxembourg": "7.51",
                    "Denmark": "7.24",
                    "France": "5.28"
                },
                "Textiles and Textile Articles": {
                    "Other Asia, nes": "43.71",
                    "Tunisia": "31.43",
                    "Morocco": "7.81",
                    "France": "5.47",
                    "Pakistan": "3.39"
                },
                "Footwear, Headgear, Umbrellas, Sun Umbrellas, Walking-sticks, Seat-sticks, Whips, Riding-crops, and Parts thereof; Prepared Feathers and Articles Made therewith; Artificial Flowers; Articles of Human Hair": {
                    "Niger": "23.35",
                    "United Kingdom": "21.70",
                    "Italy": "20.15",
                    "Congo, Rep.": "13.11",
                    "France": "7.06"
                },
                "Articles of Stone, Plaster, Cement, Asbestos, Mica or Similar Materials; Ceramic Products; Glass and Glassware": {
                    "Belgium-Luxembourg": "38.20",
                    "United Kingdom": "31.21",
                    "France": "21.43",
                    "United States": "6.95",
                    "Unspecified": "1.94"
                },
                "Natural or Cultured Pearls, Precious or Semi-precious Stones, Precious Metals, Metals Clad with Precious Metal, and Articles thereof; Imitation Jewellery; Coin": {
                    "United States": "32.66",
                    "Spain": "24.67",
                    "Ireland": "15.55",
                    "France": "8.29",
                    "Canada": "4.96"
                },
                "Base Metals and Articles of Base Metal": {
                    "Japan": "27.09",
                    "Senegal": "18.36",
                    "United Kingdom": "15.88",
                    "Mali": "14.49",
                    "France": "6.85"
                },
                "Machinery and Mechanical Appliances; Electrical Equipment; Parts thereof; Sound Recorders and Reproducers, Television Image and Sound Recorders and Reproducers, and Parts and Accessories of such Articles": {
                    "Belgium-Luxembourg": "34.51",
                    "Senegal": "21.49",
                    "France": "19.86",
                    "Mali": "7.94",
                    "Ukraine": "5.73"
                },
                "Vehicles, Aircraft, Vessels, and Associated Transport Equipment": {
                    "Senegal": "31.55",
                    "United States": "18.35",
                    "Sierra Leone": "10.11",
                    "France": "6.93",
                    "Central African Republic": "6.61"
                },
                "Optical, Photographic, Cinematographic, Measuring, Checking, Precision, Medical or Surgical Instruments and Apparatus; Clocks and Watches; Musical Instruments; Parts and Accessories thereof": {
                    "United Kingdom": "36.15",
                    "Belgium-Luxembourg": "15.66",
                    "Cameroon": "11.56",
                    "Norway": "7.89",
                    "France": "7.82"
                },
                "Miscellaneous Manufactured Articles": {
                    "United Kingdom": "95.74",
                    "United States": "1.93",
                    "Senegal": "0.72",
                    "France": "0.64",
                    "Belgium-Luxembourg": "0.49"
                }
            }
        },
        "1998": {
            "Imports": {
                "Animals & Animal Products": {
                    "France": "79.70",
                    "Netherlands": "11.51",
                    "Other Asia, nes": "3.59",
                    "Cote dIvoire": "2.39",
                    "Gabon": "1.03"
                },
                "Vegetable Products": {
                    "Morocco": "35.87",
                    "Monaco": "16.07",
                    "Germany": "13.59",
                    "France": "12.85",
                    "Belgium-Luxembourg": "11.49"
                },
                "Prepared Foodstuffs; Beverages, Spirits, Vinegar, Tobacco and Manufactured Tobacco Substitutes": {
                    "Switzerland": "59.29",
                    "Morocco": "11.98",
                    "Spain": "7.26",
                    "Belgium-Luxembourg": "6.87",
                    "France": "4.21"
                },
                "Mineral Products": {
                    "United States": "30.67",
                    "Ireland": "24.72",
                    "Spain": "19.75",
                    "France": "9.30",
                    "Germany": "8.14"
                },
                "Products of the Chemical or Allied Industries": {
                    "Russian Federation": "26.41",
                    "Cameroon": "25.46",
                    "France": "16.24",
                    "Finland": "10.50",
                    "Nigeria": "10.18"
                },
                "Plastics and Articles thereof; Rubber and Articles thereof": {
                    "Cote dIvoire": "91.11",
                    "Chad": "6.52",
                    "Gambia, The": "1.45",
                    "United States": "0.88",
                    "Unspecified": "0.04"
                },
                "Raw Hides and Skins, Leather, Furskins, and Articles thereof; Saddlery and Harness; Travel Goods, Handbags, and Similar Containers; Articles of Animal Gut (Other than Silk-worm Gut)": {
                    "Portugal": "94.30",
                    "Turkey": "5.53",
                    "Unspecified": "0.17"
                },
                "Wood and Articles of Wood; Wood Charcoal; Cork and Articles of Cork; Manufactures of Straw, of Esparto or of Other Plaiting Materials; Basketware and Wickerwork": {
                    "Italy": "46.27",
                    "Unspecified": "26.59",
                    "Cape Verde": "14.05",
                    "Spain": "4.95",
                    "Ghana": "2.47"
                },
                "Textiles and Textile Articles": {
                    "Hong Kong, China": "29.96",
                    "Gambia, The": "27.09",
                    "Malaysia": "12.30",
                    "Tunisia": "11.09",
                    "Other Asia, nes": "8.19"
                },
                "Footwear, Headgear, Umbrellas, Sun Umbrellas, Walking-sticks, Seat-sticks, Whips, Riding-crops, and Parts thereof; Prepared Feathers and Articles Made therewith; Artificial Flowers; Articles of Human Hair": {
                    "Liberia": "44.28",
                    "Burkina Faso": "33.14",
                    "Gambia, The": "12.35",
                    "Cote dIvoire": "5.76",
                    "Sierra Leone": "4.05"
                },
                "Articles of Stone, Plaster, Cement, Asbestos, Mica or Similar Materials; Ceramic Products; Glass and Glassware": {
                    "France": "39.46",
                    "Switzerland": "36.55",
                    "Belgium-Luxembourg": "14.60",
                    "United Kingdom": "8.47",
                    "Seychelles": "0.50"
                },
                "Natural or Cultured Pearls, Precious or Semi-precious Stones, Precious Metals, Metals Clad with Precious Metal, and Articles thereof; Imitation Jewellery; Coin": {
                    "United States": "28.63",
                    "Ireland": "23.08",
                    "Spain": "18.44",
                    "France": "8.68",
                    "Germany": "7.60"
                },
                "Base Metals and Articles of Base Metal": {
                    "Congo, Rep.": "98.87",
                    "Sierra Leone": "0.40",
                    "France": "0.23",
                    "Chad": "0.19",
                    "Liberia": "0.13"
                },
                "Machinery and Mechanical Appliances; Electrical Equipment; Parts thereof; Sound Recorders and Reproducers, Television Image and Sound Recorders and Reproducers, and Parts and Accessories of such Articles": {
                    "Belgium-Luxembourg": "59.12",
                    "France": "26.92",
                    "United States": "2.31",
                    "Chad": "2.20",
                    "Spain": "1.71"
                },
                "Vehicles, Aircraft, Vessels, and Associated Transport Equipment": {
                    "Belgium-Luxembourg": "56.43",
                    "United States": "13.30",
                    "Japan": "8.28",
                    "Senegal": "5.85",
                    "Liberia": "3.28"
                },
                "Optical, Photographic, Cinematographic, Measuring, Checking, Precision, Medical or Surgical Instruments and Apparatus; Clocks and Watches; Musical Instruments; Parts and Accessories thereof": {
                    "Russian Federation": "18.40",
                    "Cameroon": "17.75",
                    "France": "13.33",
                    "Switzerland": "11.60",
                    "Congo, Rep.": "10.02"
                },
                "Miscellaneous Manufactured Articles": {
                    "Belgium-Luxembourg": "35.88",
                    "Spain": "32.92",
                    "France": "25.40",
                    "United States": "4.23",
                    "Netherlands": "0.80"
                }
            }
        },
        "1999": {
            "Imports": {
                "Animals & Animal Products": {
                    "Spain": "53.48",
                    "France": "36.77",
                    "Belgium": "6.22",
                    "Sierra Leone": "2.04",
                    "Congo, Dem. Rep.": "0.74"
                },
                "Vegetable Products": {
                    "Morocco": "41.45",
                    "Germany": "17.47",
                    "United States": "14.78",
                    "Belgium": "8.64",
                    "Liberia": "4.71"
                },
                "Prepared Foodstuffs; Beverages, Spirits, Vinegar, Tobacco and Manufactured Tobacco Substitutes": {
                    "Morocco": "26.19",
                    "Liberia": "17.28",
                    "Sierra Leone": "13.41",
                    "Belgium": "12.46",
                    "Italy": "8.67"
                },
                "Mineral Products": {
                    "Ireland": "55.46",
                    "Spain": "29.56",
                    "United States": "8.45",
                    "Germany": "3.10",
                    "Canada": "1.78"
                },
                "Products of the Chemical or Allied Industries": {
                    "France": "47.36",
                    "Russian Federation": "23.85",
                    "Cameroon": "22.15",
                    "Norway": "4.13",
                    "Nigeria": "2.41"
                },
                "Plastics and Articles thereof; Rubber and Articles thereof": {
                    "Mali": "56.66",
                    "Sierra Leone": "43.34"
                },
                "Raw Hides and Skins, Leather, Furskins, and Articles thereof; Saddlery and Harness; Travel Goods, Handbags, and Similar Containers; Articles of Animal Gut (Other than Silk-worm Gut)": {
                    "Portugal": "65.90",
                    "Cote dIvoire": "29.19",
                    "Italy": "4.91"
                },
                "Wood and Articles of Wood; Wood Charcoal; Cork and Articles of Cork; Manufactures of Straw, of Esparto or of Other Plaiting Materials; Basketware and Wickerwork": {
                    "Italy": "70.20",
                    "Portugal": "9.08",
                    "Spain": "7.42",
                    "Tunisia": "4.37",
                    "Hungary": "2.23"
                },
                "Textiles and Textile Articles": {
                    "France": "44.62",
                    "Morocco": "23.63",
                    "Pakistan": "14.07",
                    "Liberia": "5.02",
                    "Japan": "3.85"
                },
                "Footwear, Headgear, Umbrellas, Sun Umbrellas, Walking-sticks, Seat-sticks, Whips, Riding-crops, and Parts thereof; Prepared Feathers and Articles Made therewith; Artificial Flowers; Articles of Human Hair": {
                    "Senegal": "100.00"
                },
                "Articles of Stone, Plaster, Cement, Asbestos, Mica or Similar Materials; Ceramic Products; Glass and Glassware": {
                    "France": "67.04",
                    "United Kingdom": "18.16",
                    "Seychelles": "10.09",
                    "Belgium": "1.71",
                    "Japan": "1.52"
                },
                "Natural or Cultured Pearls, Precious or Semi-precious Stones, Precious Metals, Metals Clad with Precious Metal, and Articles thereof; Imitation Jewellery; Coin": {
                    "Ireland": "55.46",
                    "Spain": "29.56",
                    "United States": "8.45",
                    "Germany": "3.10",
                    "Canada": "1.78"
                },
                "Base Metals and Articles of Base Metal": {
                    "Sierra Leone": "44.67",
                    "Guinea-Bissau": "27.32",
                    "Italy": "9.97",
                    "Mali": "5.85",
                    "France": "3.65"
                },
                "Machinery and Mechanical Appliances; Electrical Equipment; Parts thereof; Sound Recorders and Reproducers, Television Image and Sound Recorders and Reproducers, and Parts and Accessories of such Articles": {
                    "Fm Sudan": "32.78",
                    "Ghana": "29.59",
                    "France": "18.00",
                    "Belgium": "8.95",
                    "Mali": "2.41"
                },
                "Vehicles, Aircraft, Vessels, and Associated Transport Equipment": {
                    "Cote dIvoire": "51.84",
                    "Congo, Rep.": "28.24",
                    "Japan": "10.86",
                    "Fm Sudan": "8.27",
                    "Unspecified": "0.78"
                },
                "Optical, Photographic, Cinematographic, Measuring, Checking, Precision, Medical or Surgical Instruments and Apparatus; Clocks and Watches; Musical Instruments; Parts and Accessories thereof": {
                    "France": "47.13",
                    "Russian Federation": "23.61",
                    "Cameroon": "21.93",
                    "Norway": "4.08",
                    "Nigeria": "2.38"
                },
                "Miscellaneous Manufactured Articles": {
                    "France": "66.75",
                    "Senegal": "14.63",
                    "Belgium": "4.74",
                    "Congo, Rep.": "3.63",
                    "Mali": "2.29"
                }
            }
        },
        "2000": {
            "Imports": {
                "Animals & Animal Products": {
                    "Spain": "51.93",
                    "France": "23.21",
                    "Korea, Rep.": "8.75",
                    "Cote dIvoire": "7.60",
                    "Sierra Leone": "3.38"
                },
                "Vegetable Products": {
                    "Morocco": "74.69",
                    "France": "9.99",
                    "Spain": "4.79",
                    "Belgium": "3.84",
                    "Netherlands": "2.16"
                },
                "Prepared Foodstuffs; Beverages, Spirits, Vinegar, Tobacco and Manufactured Tobacco Substitutes": {
                    "Morocco": "32.18",
                    "Sierra Leone": "22.57",
                    "Spain": "20.14",
                    "Liberia": "7.99",
                    "Turkey": "4.22"
                },
                "Mineral Products": {
                    "United States": "24.43",
                    "France": "18.54",
                    "Spain": "17.79",
                    "Ireland": "17.59",
                    "Germany": "11.89"
                },
                "Products of the Chemical or Allied Industries": {
                    "Russian Federation": "37.98",
                    "Ukraine": "27.28",
                    "Cameroon": "16.95",
                    "France": "13.67",
                    "Cyprus": "4.04"
                },
                "Plastics and Articles thereof; Rubber and Articles thereof": {
                    "Portugal": "95.09",
                    "Mali": "2.23",
                    "Belgium": "1.86",
                    "Sierra Leone": "0.82"
                },
                "Raw Hides and Skins, Leather, Furskins, and Articles thereof; Saddlery and Harness; Travel Goods, Handbags, and Similar Containers; Articles of Animal Gut (Other than Silk-worm Gut)": {
                    "Portugal": "99.94",
                    "United States": "0.06"
                },
                "Wood and Articles of Wood; Wood Charcoal; Cork and Articles of Cork; Manufactures of Straw, of Esparto or of Other Plaiting Materials; Basketware and Wickerwork": {
                    "France": "41.94",
                    "Switzerland": "38.30",
                    "Fm Sudan": "9.51",
                    "Hungary": "8.48",
                    "India": "0.70"
                },
                "Textiles and Textile Articles": {
                    "France": "95.95",
                    "United States": "0.57",
                    "Serbia, FR(Serbia/Montenegro)": "0.48",
                    "Canada": "0.47",
                    "Burkina Faso": "0.31"
                },
                "Footwear, Headgear, Umbrellas, Sun Umbrellas, Walking-sticks, Seat-sticks, Whips, Riding-crops, and Parts thereof; Prepared Feathers and Articles Made therewith; Artificial Flowers; Articles of Human Hair": {
                    "Mali": "100.00"
                },
                "Articles of Stone, Plaster, Cement, Asbestos, Mica or Similar Materials; Ceramic Products; Glass and Glassware": {
                    "France": "75.04",
                    "United Kingdom": "17.64",
                    "Seychelles": "5.96",
                    "South Africa": "1.01",
                    "Switzerland": "0.26"
                },
                "Natural or Cultured Pearls, Precious or Semi-precious Stones, Precious Metals, Metals Clad with Precious Metal, and Articles thereof; Imitation Jewellery; Coin": {
                    "United States": "24.40",
                    "France": "18.52",
                    "Spain": "17.80",
                    "Ireland": "17.57",
                    "Germany": "11.87"
                },
                "Base Metals and Articles of Base Metal": {
                    "France": "85.07",
                    "Mali": "7.19",
                    "Sierra Leone": "4.17",
                    "Guinea-Bissau": "1.89",
                    "Spain": "1.47"
                },
                "Machinery and Mechanical Appliances; Electrical Equipment; Parts thereof; Sound Recorders and Reproducers, Television Image and Sound Recorders and Reproducers, and Parts and Accessories of such Articles": {
                    "France": "45.27",
                    "Belgium": "37.70",
                    "United States": "5.19",
                    "Canada": "3.39",
                    "South Africa": "3.22"
                },
                "Vehicles, Aircraft, Vessels, and Associated Transport Equipment": {
                    "United States": "58.13",
                    "France": "15.46",
                    "Senegal": "7.48",
                    "Canada": "6.13",
                    "Romania": "5.11"
                },
                "Optical, Photographic, Cinematographic, Measuring, Checking, Precision, Medical or Surgical Instruments and Apparatus; Clocks and Watches; Musical Instruments; Parts and Accessories thereof": {
                    "France": "33.44",
                    "Switzerland": "20.32",
                    "Russian Federation": "16.79",
                    "Ukraine": "12.06",
                    "Cameroon": "7.49"
                },
                "Miscellaneous Manufactured Articles": {
                    "Unspecified": "84.77",
                    "France": "6.47",
                    "Belgium": "5.01",
                    "United States": "1.49",
                    "Spain": "0.77"
                }
            }
        },
        "2001": {
            "Imports": {
                "Animals & Animal Products": {
                    "Spain": "54.15",
                    "France": "15.19",
                    "Korea, Rep.": "11.63",
                    "Mali": "7.65",
                    "India": "2.14"
                },
                "Vegetable Products": {
                    "Morocco": "65.51",
                    "Belgium": "10.16",
                    "Sierra Leone": "6.37",
                    "France": "5.75",
                    "Liberia": "4.97"
                },
                "Prepared Foodstuffs; Beverages, Spirits, Vinegar, Tobacco and Manufactured Tobacco Substitutes": {
                    "Morocco": "33.49",
                    "Belgium": "19.84",
                    "Sierra Leone": "17.97",
                    "Italy": "9.27",
                    "Guinea-Bissau": "5.67"
                },
                "Mineral Products": {
                    "United States": "31.01",
                    "Ireland": "21.03",
                    "Spain": "17.30",
                    "Germany": "11.91",
                    "France": "11.21"
                },
                "Products of the Chemical or Allied Industries": {
                    "Russian Federation": "45.18",
                    "France": "24.82",
                    "Cameroon": "15.76",
                    "Netherlands": "7.28",
                    "United Kingdom": "4.61"
                },
                "Plastics and Articles thereof; Rubber and Articles thereof": {
                    "Belgium": "47.55",
                    "Mali": "16.50",
                    "Cote dIvoire": "13.88",
                    "France": "9.74",
                    "Nigeria": "7.91"
                },
                "Raw Hides and Skins, Leather, Furskins, and Articles thereof; Saddlery and Harness; Travel Goods, Handbags, and Similar Containers; Articles of Animal Gut (Other than Silk-worm Gut)": {
                    "Portugal": "96.21",
                    "Gambia, The": "3.14",
                    "Belgium": "0.65"
                },
                "Wood and Articles of Wood; Wood Charcoal; Cork and Articles of Cork; Manufactures of Straw, of Esparto or of Other Plaiting Materials; Basketware and Wickerwork": {
                    "France": "65.87",
                    "Switzerland": "30.19",
                    "India": "1.72",
                    "Italy": "0.46",
                    "Morocco": "0.29"
                },
                "Textiles and Textile Articles": {
                    "Guinea-Bissau": "34.16",
                    "France": "13.35",
                    "Burkina Faso": "12.65",
                    "Morocco": "11.88",
                    "Ghana": "5.05"
                },
                "Footwear, Headgear, Umbrellas, Sun Umbrellas, Walking-sticks, Seat-sticks, Whips, Riding-crops, and Parts thereof; Prepared Feathers and Articles Made therewith; Artificial Flowers; Articles of Human Hair": {
                    "Mali": "61.03",
                    "Gambia, The": "27.32",
                    "Cote dIvoire": "7.69",
                    "Italy": "3.96"
                },
                "Articles of Stone, Plaster, Cement, Asbestos, Mica or Similar Materials; Ceramic Products; Glass and Glassware": {
                    "France": "65.90",
                    "United Kingdom": "23.35",
                    "Belgium": "9.26",
                    "Switzerland": "0.70",
                    "Germany": "0.52"
                },
                "Natural or Cultured Pearls, Precious or Semi-precious Stones, Precious Metals, Metals Clad with Precious Metal, and Articles thereof; Imitation Jewellery; Coin": {
                    "United States": "30.94",
                    "Ireland": "20.98",
                    "Spain": "17.27",
                    "Germany": "11.88",
                    "France": "11.19"
                },
                "Base Metals and Articles of Base Metal": {
                    "Sierra Leone": "53.75",
                    "Mali": "20.62",
                    "Guinea-Bissau": "7.72",
                    "Nigeria": "5.59",
                    "Cote dIvoire": "4.43"
                },
                "Machinery and Mechanical Appliances; Electrical Equipment; Parts thereof; Sound Recorders and Reproducers, Television Image and Sound Recorders and Reproducers, and Parts and Accessories of such Articles": {
                    "Belgium": "29.10",
                    "Nigeria": "27.94",
                    "Mali": "8.46",
                    "United States": "5.48",
                    "Cote dIvoire": "4.29"
                },
                "Vehicles, Aircraft, Vessels, and Associated Transport Equipment": {
                    "Nigeria": "41.06",
                    "Sierra Leone": "10.50",
                    "Mauritania": "8.43",
                    "United States": "6.71",
                    "Belgium": "4.73"
                },
                "Optical, Photographic, Cinematographic, Measuring, Checking, Precision, Medical or Surgical Instruments and Apparatus; Clocks and Watches; Musical Instruments; Parts and Accessories thereof": {
                    "Russian Federation": "34.71",
                    "France": "27.39",
                    "Cameroon": "12.11",
                    "Netherlands": "5.60",
                    "Switzerland": "3.66"
                },
                "Miscellaneous Manufactured Articles": {
                    "Unspecified": "64.27",
                    "Belgium": "22.28",
                    "Spain": "3.19",
                    "Nigeria": "2.54",
                    "United States": "2.53"
                }
            }
        },
        "2002": {
            "Imports": {
                "Animals & Animal Products": {
                    "France": "28.92",
                    "Spain": "26.60",
                    "Korea, Rep.": "11.63",
                    "Mali": "9.35",
                    "United Kingdom": "8.95"
                },
                "Vegetable Products": {
                    "Morocco": "35.00",
                    "France": "25.16",
                    "Unspecified": "7.70",
                    "Italy": "7.21",
                    "Mali": "6.99"
                },
                "Prepared Foodstuffs; Beverages, Spirits, Vinegar, Tobacco and Manufactured Tobacco Substitutes": {
                    "Unspecified": "33.57",
                    "Sierra Leone": "19.86",
                    "Guinea-Bissau": "17.43",
                    "Liberia": "8.22",
                    "Morocco": "8.02"
                },
                "Mineral Products": {
                    "Ireland": "20.77",
                    "Spain": "20.55",
                    "United States": "17.32",
                    "Germany": "16.02",
                    "France": "9.66"
                },
                "Products of the Chemical or Allied Industries": {
                    "Russian Federation": "37.55",
                    "France": "14.93",
                    "China": "10.91",
                    "Australia": "10.25",
                    "Netherlands": "7.17"
                },
                "Plastics and Articles thereof; Rubber and Articles thereof": {
                    "France": "53.08",
                    "United Kingdom": "14.67",
                    "South Africa": "11.28",
                    "Belgium": "7.47",
                    "Guinea-Bissau": "3.37"
                },
                "Raw Hides and Skins, Leather, Furskins, and Articles thereof; Saddlery and Harness; Travel Goods, Handbags, and Similar Containers; Articles of Animal Gut (Other than Silk-worm Gut)": {
                    "Portugal": "79.05",
                    "Unspecified": "20.95"
                },
                "Wood and Articles of Wood; Wood Charcoal; Cork and Articles of Cork; Manufactures of Straw, of Esparto or of Other Plaiting Materials; Basketware and Wickerwork": {
                    "France": "60.54",
                    "Switzerland": "29.45",
                    "Saudi Arabia": "4.76",
                    "Italy": "1.15",
                    "Netherlands": "0.97"
                },
                "Textiles and Textile Articles": {
                    "Senegal": "65.75",
                    "France": "19.35",
                    "United States": "4.32",
                    "Mali": "3.81",
                    "Cote dIvoire": "2.74"
                },
                "Footwear, Headgear, Umbrellas, Sun Umbrellas, Walking-sticks, Seat-sticks, Whips, Riding-crops, and Parts thereof; Prepared Feathers and Articles Made therewith; Artificial Flowers; Articles of Human Hair": {
                    "Benin": "55.39",
                    "Lebanon": "22.31",
                    "Gambia, The": "22.30"
                },
                "Articles of Stone, Plaster, Cement, Asbestos, Mica or Similar Materials; Ceramic Products; Glass and Glassware": {
                    "France": "52.11",
                    "United Kingdom": "18.30",
                    "Switzerland": "15.90",
                    "Belgium": "12.73",
                    "Germany": "0.51"
                },
                "Natural or Cultured Pearls, Precious or Semi-precious Stones, Precious Metals, Metals Clad with Precious Metal, and Articles thereof; Imitation Jewellery; Coin": {
                    "Ireland": "18.87",
                    "Spain": "18.67",
                    "United States": "15.73",
                    "Germany": "14.55",
                    "France": "10.97"
                },
                "Base Metals and Articles of Base Metal": {
                    "Sierra Leone": "30.57",
                    "Unspecified": "25.65",
                    "Mali": "23.11",
                    "Guinea-Bissau": "19.26",
                    "France": "0.80"
                },
                "Machinery and Mechanical Appliances; Electrical Equipment; Parts thereof; Sound Recorders and Reproducers, Television Image and Sound Recorders and Reproducers, and Parts and Accessories of such Articles": {
                    "United Kingdom": "35.12",
                    "Belgium": "33.44",
                    "Sierra Leone": "19.37",
                    "South Africa": "2.89",
                    "United States": "2.04"
                },
                "Vehicles, Aircraft, Vessels, and Associated Transport Equipment": {
                    "Angola": "44.10",
                    "France": "18.03",
                    "Congo, Rep.": "14.74",
                    "Germany": "14.13",
                    "Russian Federation": "7.63"
                },
                "Optical, Photographic, Cinematographic, Measuring, Checking, Precision, Medical or Surgical Instruments and Apparatus; Clocks and Watches; Musical Instruments; Parts and Accessories thereof": {
                    "Russian Federation": "33.83",
                    "France": "18.70",
                    "China": "9.82",
                    "Australia": "9.23",
                    "Netherlands": "6.55"
                },
                "Miscellaneous Manufactured Articles": {
                    "Unspecified": "93.52",
                    "France": "3.28",
                    "Gibraltar": "1.33",
                    "Netherlands": "0.62",
                    "Germany": "0.53"
                }
            }
        },
        "2004": {
            "Imports": {
                "Animals & Animal Products": {
                    "Mali": "29.63",
                    "Senegal": "24.91",
                    "France": "14.09",
                    "Korea, Rep.": "10.55",
                    "Sierra Leone": "9.60"
                },
                "Vegetable Products": {
                    "Spain": "57.90",
                    "Netherlands": "19.31",
                    "Hong Kong, China": "11.96",
                    "Morocco": "4.34",
                    "Belgium": "3.38"
                },
                "Prepared Foodstuffs; Beverages, Spirits, Vinegar, Tobacco and Manufactured Tobacco Substitutes": {
                    "Netherlands": "80.32",
                    "Spain": "12.11",
                    "Sierra Leone": "4.62",
                    "Guinea-Bissau": "2.11",
                    "Liberia": "0.70"
                },
                "Mineral Products": {
                    "Spain": "26.85",
                    "United States": "18.59",
                    "Ireland": "17.57",
                    "Germany": "11.31",
                    "France": "10.12"
                },
                "Products of the Chemical or Allied Industries": {
                    "Unspecified": "96.16",
                    "Cameroon": "2.26",
                    "South Africa": "1.24",
                    "Mali": "0.29",
                    "Belgium": "0.03"
                },
                "Plastics and Articles thereof; Rubber and Articles thereof": {
                    "Italy": "28.75",
                    "France": "28.45",
                    "South Africa": "8.28",
                    "Poland": "7.70",
                    "Spain": "7.36"
                },
                "Raw Hides and Skins, Leather, Furskins, and Articles thereof; Saddlery and Harness; Travel Goods, Handbags, and Similar Containers; Articles of Animal Gut (Other than Silk-worm Gut)": {
                    "Hong Kong, China": "73.11",
                    "China": "26.89"
                },
                "Wood and Articles of Wood; Wood Charcoal; Cork and Articles of Cork; Manufactures of Straw, of Esparto or of Other Plaiting Materials; Basketware and Wickerwork": {
                    "Germany": "23.51",
                    "Senegal": "12.64",
                    "Sierra Leone": "10.79",
                    "Liberia": "10.28",
                    "Other Asia, nes": "9.63"
                },
                "Textiles and Textile Articles": {
                    "Gambia, The": "83.38",
                    "Cote dIvoire": "15.52",
                    "France": "1.11"
                },
                "Footwear, Headgear, Umbrellas, Sun Umbrellas, Walking-sticks, Seat-sticks, Whips, Riding-crops, and Parts thereof; Prepared Feathers and Articles Made therewith; Artificial Flowers; Articles of Human Hair": {
                    "Malaysia": "100.00"
                },
                "Articles of Stone, Plaster, Cement, Asbestos, Mica or Similar Materials; Ceramic Products; Glass and Glassware": {
                    "United Kingdom": "99.96",
                    "Mali": "0.04"
                },
                "Natural or Cultured Pearls, Precious or Semi-precious Stones, Precious Metals, Metals Clad with Precious Metal, and Articles thereof; Imitation Jewellery; Coin": {
                    "Spain": "26.84",
                    "United States": "18.58",
                    "Ireland": "17.56",
                    "Germany": "11.31",
                    "France": "10.11"
                },
                "Base Metals and Articles of Base Metal": {
                    "Sierra Leone": "67.95",
                    "Mali": "7.23",
                    "United Arab Emirates": "7.19",
                    "India": "4.70",
                    "Korea, Rep.": "4.10"
                },
                "Machinery and Mechanical Appliances; Electrical Equipment; Parts thereof; Sound Recorders and Reproducers, Television Image and Sound Recorders and Reproducers, and Parts and Accessories of such Articles": {
                    "United States": "50.75",
                    "Belgium": "21.26",
                    "France": "14.10",
                    "South Africa": "2.95",
                    "Equatorial Guinea": "2.20"
                },
                "Vehicles, Aircraft, Vessels, and Associated Transport Equipment": {
                    "United States": "41.11",
                    "Belgium": "31.70",
                    "France": "22.50",
                    "Ukraine": "2.53",
                    "Mali": "0.82"
                },
                "Optical, Photographic, Cinematographic, Measuring, Checking, Precision, Medical or Surgical Instruments and Apparatus; Clocks and Watches; Musical Instruments; Parts and Accessories thereof": {
                    "Unspecified": "83.47",
                    "United States": "3.02",
                    "Cameroon": "1.97",
                    "Belgium": "1.55",
                    "Sierra Leone": "1.50"
                },
                "Miscellaneous Manufactured Articles": {
                    "Unspecified": "91.43",
                    "Ghana": "3.04",
                    "Sierra Leone": "1.68",
                    "Belgium": "1.49",
                    "United States": "0.80"
                }
            }
        },
        "2005": {
            "Imports": {
                "Animals & Animal Products": {
                    "Senegal": "48.71",
                    "Mali": "40.57",
                    "Korea, Rep.": "5.48",
                    "Sierra Leone": "1.97",
                    "Italy": "1.38"
                },
                "Vegetable Products": {
                    "Unspecified": "27.82",
                    "Belgium": "20.15",
                    "Morocco": "16.88",
                    "France": "8.19",
                    "Spain": "7.57"
                },
                "Prepared Foodstuffs; Beverages, Spirits, Vinegar, Tobacco and Manufactured Tobacco Substitutes": {
                    "Unspecified": "54.53",
                    "Spain": "11.83",
                    "Sierra Leone": "7.63",
                    "France": "6.65",
                    "Hong Kong, China": "3.98"
                },
                "Mineral Products": {
                    "Spain": "18.59",
                    "Ireland": "15.93",
                    "United States": "14.75",
                    "Unspecified": "13.91",
                    "Germany": "12.61"
                },
                "Products of the Chemical or Allied Industries": {
                    "Unspecified": "99.08",
                    "Sierra Leone": "0.73",
                    "Mali": "0.10",
                    "Equatorial Guinea": "0.05",
                    "Belgium": "0.03"
                },
                "Plastics and Articles thereof; Rubber and Articles thereof": {
                    "France": "35.58",
                    "Netherlands": "12.28",
                    "China": "7.29",
                    "South Africa": "6.99",
                    "Germany": "5.95"
                },
                "Raw Hides and Skins, Leather, Furskins, and Articles thereof; Saddlery and Harness; Travel Goods, Handbags, and Similar Containers; Articles of Animal Gut (Other than Silk-worm Gut)": {
                    "Thailand": "63.64",
                    "Portugal": "36.36"
                },
                "Wood and Articles of Wood; Wood Charcoal; Cork and Articles of Cork; Manufactures of Straw, of Esparto or of Other Plaiting Materials; Basketware and Wickerwork": {
                    "Italy": "13.60",
                    "India": "13.10",
                    "Unspecified": "11.62",
                    "Senegal": "11.11",
                    "France": "9.06"
                },
                "Textiles and Textile Articles": {
                    "Thailand": "17.81",
                    "Vietnam": "17.22",
                    "Belgium": "16.43",
                    "France": "9.73",
                    "Canada": "5.56"
                },
                "Articles of Stone, Plaster, Cement, Asbestos, Mica or Similar Materials; Ceramic Products; Glass and Glassware": {
                    "France": "39.37",
                    "Belgium": "34.20",
                    "United Kingdom": "16.04",
                    "Switzerland": "9.18",
                    "Colombia": "0.60"
                },
                "Natural or Cultured Pearls, Precious or Semi-precious Stones, Precious Metals, Metals Clad with Precious Metal, and Articles thereof; Imitation Jewellery; Coin": {
                    "Spain": "18.56",
                    "Ireland": "15.91",
                    "United States": "14.73",
                    "Unspecified": "13.92",
                    "Germany": "12.59"
                },
                "Base Metals and Articles of Base Metal": {
                    "Unspecified": "27.41",
                    "India": "25.95",
                    "Sierra Leone": "20.68",
                    "Mali": "13.99",
                    "United States": "4.25"
                },
                "Machinery and Mechanical Appliances; Electrical Equipment; Parts thereof; Sound Recorders and Reproducers, Television Image and Sound Recorders and Reproducers, and Parts and Accessories of such Articles": {
                    "Belgium": "80.72",
                    "France": "7.18",
                    "Mali": "2.93",
                    "Sierra Leone": "2.66",
                    "South Africa": "2.60"
                },
                "Vehicles, Aircraft, Vessels, and Associated Transport Equipment": {
                    "United States": "75.05",
                    "France": "10.83",
                    "Belgium": "6.13",
                    "Mali": "2.98",
                    "Sierra Leone": "2.63"
                },
                "Optical, Photographic, Cinematographic, Measuring, Checking, Precision, Medical or Surgical Instruments and Apparatus; Clocks and Watches; Musical Instruments; Parts and Accessories thereof": {
                    "Belgium": "73.42",
                    "Unspecified": "13.13",
                    "United States": "3.69",
                    "France": "2.40",
                    "Sierra Leone": "1.43"
                },
                "Miscellaneous Manufactured Articles": {
                    "Unspecified": "95.52",
                    "Sierra Leone": "1.83",
                    "Belgium": "0.82",
                    "France": "0.56",
                    "United States": "0.47"
                }
            }
        },
        "2006": {
            "Imports": {
                "Animals & Animal Products": {
                    "Mali": "62.09",
                    "Sierra Leone": "16.79",
                    "Italy": "8.05",
                    "Greece": "6.29",
                    "Korea, Rep.": "4.74"
                },
                "Vegetable Products": {
                    "Unspecified": "69.30",
                    "France": "23.58",
                    "Morocco": "5.01",
                    "Belgium": "0.58",
                    "India": "0.55"
                },
                "Prepared Foodstuffs; Beverages, Spirits, Vinegar, Tobacco and Manufactured Tobacco Substitutes": {
                    "Unspecified": "92.35",
                    "Liberia": "1.52",
                    "Spain": "1.50",
                    "France": "1.34",
                    "Sierra Leone": "1.34"
                },
                "Mineral Products": {
                    "Spain": "20.45",
                    "United States": "18.35",
                    "Ireland": "15.99",
                    "Germany": "12.50",
                    "France": "9.31"
                },
                "Products of the Chemical or Allied Industries": {
                    "Mali": "27.43",
                    "Cote dIvoire": "23.86",
                    "Guinea-Bissau": "21.82",
                    "Ghana": "9.54",
                    "Sierra Leone": "4.15"
                },
                "Plastics and Articles thereof; Rubber and Articles thereof": {
                    "France": "28.76",
                    "Italy": "15.46",
                    "Netherlands": "10.34",
                    "South Africa": "10.10",
                    "Ireland": "7.14"
                },
                "Raw Hides and Skins, Leather, Furskins, and Articles thereof; Saddlery and Harness; Travel Goods, Handbags, and Similar Containers; Articles of Animal Gut (Other than Silk-worm Gut)": {
                    "Thailand": "40.58",
                    "China": "37.21",
                    "Portugal": "22.21"
                },
                "Wood and Articles of Wood; Wood Charcoal; Cork and Articles of Cork; Manufactures of Straw, of Esparto or of Other Plaiting Materials; Basketware and Wickerwork": {
                    "China": "50.89",
                    "Germany": "29.53",
                    "India": "5.85",
                    "Morocco": "3.53",
                    "Other Asia, nes": "2.23"
                },
                "Textiles and Textile Articles": {
                    "Netherlands": "83.35",
                    "France": "6.63",
                    "Angola": "3.53",
                    "United States": "1.97",
                    "Niger": "1.56"
                },
                "Footwear, Headgear, Umbrellas, Sun Umbrellas, Walking-sticks, Seat-sticks, Whips, Riding-crops, and Parts thereof; Prepared Feathers and Articles Made therewith; Artificial Flowers; Articles of Human Hair": {
                    "Mali": "83.46",
                    "Senegal": "11.38",
                    "Burkina Faso": "5.16"
                },
                "Articles of Stone, Plaster, Cement, Asbestos, Mica or Similar Materials; Ceramic Products; Glass and Glassware": {
                    "Switzerland": "74.99",
                    "Belgium": "23.84",
                    "Brazil": "1.05",
                    "Mali": "0.09",
                    "Sierra Leone": "0.03"
                },
                "Natural or Cultured Pearls, Precious or Semi-precious Stones, Precious Metals, Metals Clad with Precious Metal, and Articles thereof; Imitation Jewellery; Coin": {
                    "Spain": "20.42",
                    "United States": "18.33",
                    "Ireland": "15.98",
                    "Germany": "12.48",
                    "France": "9.30"
                },
                "Base Metals and Articles of Base Metal": {
                    "Mali": "30.33",
                    "Sierra Leone": "19.70",
                    "United Arab Emirates": "18.04",
                    "Gambia, The": "8.92",
                    "India": "6.91"
                },
                "Machinery and Mechanical Appliances; Electrical Equipment; Parts thereof; Sound Recorders and Reproducers, Television Image and Sound Recorders and Reproducers, and Parts and Accessories of such Articles": {
                    "Belgium": "43.72",
                    "South Africa": "16.70",
                    "Ukraine": "11.54",
                    "France": "8.77",
                    "Canada": "5.50"
                },
                "Vehicles, Aircraft, Vessels, and Associated Transport Equipment": {
                    "United States": "79.25",
                    "Belgium": "12.57",
                    "France": "2.52",
                    "Ukraine": "1.91",
                    "Lebanon": "0.95"
                },
                "Optical, Photographic, Cinematographic, Measuring, Checking, Precision, Medical or Surgical Instruments and Apparatus; Clocks and Watches; Musical Instruments; Parts and Accessories thereof": {
                    "Germany": "37.46",
                    "Belgium": "21.17",
                    "Mali": "7.96",
                    "India": "6.63",
                    "Sierra Leone": "5.57"
                },
                "Miscellaneous Manufactured Articles": {
                    "Unspecified": "99.76",
                    "Belgium": "0.16",
                    "Sierra Leone": "0.03",
                    "Netherlands": "0.01",
                    "France": "0.01"
                }
            }
        },
        "2007": {
            "Imports": {
                "Animals & Animal Products": {
                    "Mali": "45.28",
                    "Korea, Rep.": "13.53",
                    "United States": "12.59",
                    "Italy": "8.68",
                    "Sierra Leone": "4.21"
                },
                "Vegetable Products": {
                    "France": "94.12",
                    "India": "2.42",
                    "Hong Kong, China": "0.81",
                    "Morocco": "0.75",
                    "Belgium": "0.62"
                },
                "Prepared Foodstuffs; Beverages, Spirits, Vinegar, Tobacco and Manufactured Tobacco Substitutes": {
                    "France": "67.83",
                    "Sierra Leone": "9.65",
                    "Senegal": "5.14",
                    "Cote dIvoire": "4.84",
                    "Morocco": "4.21"
                },
                "Mineral Products": {
                    "Ireland": "27.03",
                    "Spain": "22.60",
                    "United States": "14.58",
                    "Germany": "11.63",
                    "France": "8.62"
                },
                "Products of the Chemical or Allied Industries": {
                    "Russian Federation": "99.58",
                    "Mali": "0.22",
                    "France": "0.13",
                    "Senegal": "0.03",
                    "Morocco": "0.01"
                },
                "Plastics and Articles thereof; Rubber and Articles thereof": {
                    "France": "27.23",
                    "Italy": "20.87",
                    "Ireland": "10.06",
                    "South Africa": "8.47",
                    "Netherlands": "7.37"
                },
                "Raw Hides and Skins, Leather, Furskins, and Articles thereof; Saddlery and Harness; Travel Goods, Handbags, and Similar Containers; Articles of Animal Gut (Other than Silk-worm Gut)": {
                    "Bangladesh": "26.32",
                    "Togo": "20.79",
                    "Bulgaria": "19.15",
                    "Italy": "14.67",
                    "Portugal": "9.69"
                },
                "Wood and Articles of Wood; Wood Charcoal; Cork and Articles of Cork; Manufactures of Straw, of Esparto or of Other Plaiting Materials; Basketware and Wickerwork": {
                    "Switzerland": "88.09",
                    "Denmark": "3.93",
                    "Other Asia, nes": "3.13",
                    "Senegal": "2.19",
                    "Albania": "1.04"
                },
                "Textiles and Textile Articles": {
                    "Congo, Rep.": "73.89",
                    "Ghana": "15.86",
                    "Togo": "5.91",
                    "United States": "2.46",
                    "Senegal": "1.88"
                },
                "Footwear, Headgear, Umbrellas, Sun Umbrellas, Walking-sticks, Seat-sticks, Whips, Riding-crops, and Parts thereof; Prepared Feathers and Articles Made therewith; Artificial Flowers; Articles of Human Hair": {
                    "United Arab Emirates": "56.61",
                    "Gabon": "31.78",
                    "Liberia": "5.50",
                    "Togo": "4.98",
                    "United States": "1.13"
                },
                "Articles of Stone, Plaster, Cement, Asbestos, Mica or Similar Materials; Ceramic Products; Glass and Glassware": {
                    "France": "51.77",
                    "United States": "21.15",
                    "Mali": "14.38",
                    "Switzerland": "8.52",
                    "United Kingdom": "3.38"
                },
                "Natural or Cultured Pearls, Precious or Semi-precious Stones, Precious Metals, Metals Clad with Precious Metal, and Articles thereof; Imitation Jewellery; Coin": {
                    "Ireland": "25.01",
                    "Spain": "20.91",
                    "United States": "13.50",
                    "Russian Federation": "11.09",
                    "Germany": "10.76"
                },
                "Base Metals and Articles of Base Metal": {
                    "United Arab Emirates": "72.78",
                    "India": "9.57",
                    "Sierra Leone": "5.63",
                    "United Kingdom": "3.88",
                    "France": "2.57"
                },
                "Machinery and Mechanical Appliances; Electrical Equipment; Parts thereof; Sound Recorders and Reproducers, Television Image and Sound Recorders and Reproducers, and Parts and Accessories of such Articles": {
                    "United States": "42.32",
                    "China": "16.58",
                    "France": "11.88",
                    "Canada": "8.67",
                    "Netherlands": "6.20"
                },
                "Vehicles, Aircraft, Vessels, and Associated Transport Equipment": {
                    "Japan": "28.32",
                    "France": "16.46",
                    "Mauritania": "12.73",
                    "Denmark": "10.57",
                    "United States": "8.82"
                },
                "Optical, Photographic, Cinematographic, Measuring, Checking, Precision, Medical or Surgical Instruments and Apparatus; Clocks and Watches; Musical Instruments; Parts and Accessories thereof": {
                    "Switzerland": "44.73",
                    "Russian Federation": "29.47",
                    "United States": "4.24",
                    "Mali": "2.97",
                    "Denmark": "2.76"
                },
                "Miscellaneous Manufactured Articles": {
                    "Nigeria": "20.04",
                    "United States": "18.05",
                    "Germany": "14.74",
                    "France": "8.52",
                    "Sweden": "6.67"
                }
            }
        },
        "2008": {
            "Imports": {
                "Animals & Animal Products": {
                    "Mali": "53.53",
                    "Korea, Rep.": "23.95",
                    "United States": "4.72",
                    "China": "3.26",
                    "Turkey": "3.13"
                },
                "Vegetable Products": {
                    "Mali": "46.17",
                    "France": "21.94",
                    "India": "10.39",
                    "Morocco": "6.46",
                    "United Arab Emirates": "5.73"
                },
                "Prepared Foodstuffs; Beverages, Spirits, Vinegar, Tobacco and Manufactured Tobacco Substitutes": {
                    "France": "49.54",
                    "Sierra Leone": "8.78",
                    "Liberia": "7.70",
                    "Senegal": "6.59",
                    "Netherlands": "6.39"
                },
                "Mineral Products": {
                    "Spain": "24.56",
                    "Ireland": "18.25",
                    "Germany": "14.24",
                    "United States": "14.21",
                    "Canada": "10.06"
                },
                "Products of the Chemical or Allied Industries": {
                    "Russian Federation": "90.25",
                    "Georgia": "5.23",
                    "Nigeria": "4.13",
                    "Sierra Leone": "0.21",
                    "Liberia": "0.07"
                },
                "Plastics and Articles thereof; Rubber and Articles thereof": {
                    "Malaysia": "19.80",
                    "France": "18.08",
                    "Mali": "11.59",
                    "Italy": "9.36",
                    "Poland": "6.32"
                },
                "Raw Hides and Skins, Leather, Furskins, and Articles thereof; Saddlery and Harness; Travel Goods, Handbags, and Similar Containers; Articles of Animal Gut (Other than Silk-worm Gut)": {
                    "India": "68.82",
                    "United States": "16.35",
                    "Hong Kong, China": "5.74",
                    "Mali": "4.87",
                    "Portugal": "4.18"
                },
                "Wood and Articles of Wood; Wood Charcoal; Cork and Articles of Cork; Manufactures of Straw, of Esparto or of Other Plaiting Materials; Basketware and Wickerwork": {
                    "Switzerland": "69.15",
                    "China": "13.67",
                    "United States": "9.83",
                    "Cameroon": "1.79",
                    "Denmark": "1.66"
                },
                "Textiles and Textile Articles": {
                    "Albania": "84.62",
                    "Senegal": "9.30",
                    "Cote dIvoire": "2.09",
                    "Gambia, The": "1.92",
                    "Benin": "1.39"
                },
                "Articles of Stone, Plaster, Cement, Asbestos, Mica or Similar Materials; Ceramic Products; Glass and Glassware": {
                    "France": "59.26",
                    "Switzerland": "38.98",
                    "Israel": "1.09",
                    "Belgium": "0.35",
                    "United Arab Emirates": "0.27"
                },
                "Natural or Cultured Pearls, Precious or Semi-precious Stones, Precious Metals, Metals Clad with Precious Metal, and Articles thereof; Imitation Jewellery; Coin": {
                    "Russian Federation": "19.77",
                    "Spain": "19.09",
                    "Ireland": "14.19",
                    "Germany": "11.07",
                    "United States": "11.04"
                },
                "Base Metals and Articles of Base Metal": {
                    "India": "31.76",
                    "United Arab Emirates": "30.01",
                    "Guinea-Bissau": "6.87",
                    "Belgium": "5.56",
                    "China": "5.04"
                },
                "Machinery and Mechanical Appliances; Electrical Equipment; Parts thereof; Sound Recorders and Reproducers, Television Image and Sound Recorders and Reproducers, and Parts and Accessories of such Articles": {
                    "Turkey": "39.58",
                    "Belgium": "13.91",
                    "France": "12.78",
                    "Liberia": "10.18",
                    "Netherlands": "3.43"
                },
                "Vehicles, Aircraft, Vessels, and Associated Transport Equipment": {
                    "Belgium": "32.63",
                    "Liberia": "26.12",
                    "United States": "14.63",
                    "Japan": "7.19",
                    "France": "5.13"
                },
                "Optical, Photographic, Cinematographic, Measuring, Checking, Precision, Medical or Surgical Instruments and Apparatus; Clocks and Watches; Musical Instruments; Parts and Accessories thereof": {
                    "Switzerland": "64.94",
                    "United States": "9.72",
                    "Russian Federation": "3.75",
                    "Israel": "3.42",
                    "Belgium": "2.68"
                },
                "Miscellaneous Manufactured Articles": {
                    "South Africa": "25.35",
                    "Spain": "15.08",
                    "France": "11.85",
                    "Sierra Leone": "10.87",
                    "China": "7.27"
                }
            }
        },
        "2013": {
            "Imports": {
                "Animals & Animal Products": {
                    "Korea, Dem. Rep.": "22.42",
                    "Cote dIvoire": "19.66",
                    "Ghana": "17.91",
                    "Korea, Rep.": "16.13",
                    "China": "6.97"
                },
                "Vegetable Products": {
                    "India": "40.80",
                    "Vietnam": "15.75",
                    "United Arab Emirates": "8.90",
                    "Morocco": "8.31",
                    "France": "7.98"
                },
                "Prepared Foodstuffs; Beverages, Spirits, Vinegar, Tobacco and Manufactured Tobacco Substitutes": {
                    "France": "38.77",
                    "Sierra Leone": "35.38",
                    "Morocco": "7.17",
                    "Cote dIvoire": "5.71",
                    "Netherlands": "3.19"
                },
                "Mineral Products": {
                    "Spain": "21.78",
                    "Ireland": "15.15",
                    "United States": "13.96",
                    "Germany": "10.88",
                    "Ukraine": "10.53"
                },
                "Products of the Chemical or Allied Industries": {
                    "Liberia": "28.94",
                    "Burkina Faso": "27.61",
                    "Sierra Leone": "23.81",
                    "United Arab Emirates": "13.33",
                    "China": "1.41"
                },
                "Plastics and Articles thereof; Rubber and Articles thereof": {
                    "Mali": "23.27",
                    "Spain": "15.27",
                    "Malaysia": "9.87",
                    "France": "9.15",
                    "Belgium": "7.18"
                },
                "Raw Hides and Skins, Leather, Furskins, and Articles thereof; Saddlery and Harness; Travel Goods, Handbags, and Similar Containers; Articles of Animal Gut (Other than Silk-worm Gut)": {
                    "India": "86.59",
                    "Equatorial Guinea": "6.92",
                    "Italy": "3.80",
                    "Sierra Leone": "1.86",
                    "Senegal": "0.79"
                },
                "Wood and Articles of Wood; Wood Charcoal; Cork and Articles of Cork; Manufactures of Straw, of Esparto or of Other Plaiting Materials; Basketware and Wickerwork": {
                    "Switzerland": "99.93",
                    "Mali": "0.03",
                    "Angola": "0.01",
                    "Sierra Leone": "0.01",
                    "Guinea-Bissau": "0.01"
                },
                "Textiles and Textile Articles": {
                    "France": "38.10",
                    "Portugal": "15.91",
                    "Germany": "14.12",
                    "Thailand": "12.62",
                    "Belgium": "7.32"
                },
                "Footwear, Headgear, Umbrellas, Sun Umbrellas, Walking-sticks, Seat-sticks, Whips, Riding-crops, and Parts thereof; Prepared Feathers and Articles Made therewith; Artificial Flowers; Articles of Human Hair": {
                    "Equatorial Guinea": "69.26",
                    "Sierra Leone": "26.34",
                    "Lebanon": "2.75",
                    "France": "0.96",
                    "Lao PDR": "0.46"
                },
                "Articles of Stone, Plaster, Cement, Asbestos, Mica or Similar Materials; Ceramic Products; Glass and Glassware": {
                    "France": "51.05",
                    "Switzerland": "26.99",
                    "United Arab Emirates": "15.30",
                    "India": "2.83",
                    "Belgium": "2.08"
                },
                "Natural or Cultured Pearls, Precious or Semi-precious Stones, Precious Metals, Metals Clad with Precious Metal, and Articles thereof; Imitation Jewellery; Coin": {
                    "Spain": "21.69",
                    "Ireland": "15.09",
                    "United States": "13.90",
                    "Germany": "10.84",
                    "Ukraine": "10.49"
                },
                "Base Metals and Articles of Base Metal": {
                    "Sierra Leone": "33.14",
                    "India": "29.93",
                    "Liberia": "25.30",
                    "France": "2.35",
                    "United States": "1.83"
                },
                "Machinery and Mechanical Appliances; Electrical Equipment; Parts thereof; Sound Recorders and Reproducers, Television Image and Sound Recorders and Reproducers, and Parts and Accessories of such Articles": {
                    "Angola": "41.42",
                    "United States": "17.77",
                    "Sierra Leone": "10.19",
                    "Liberia": "5.45",
                    "Equatorial Guinea": "4.81"
                },
                "Vehicles, Aircraft, Vessels, and Associated Transport Equipment": {
                    "Australia": "23.31",
                    "Senegal": "18.51",
                    "Equatorial Guinea": "10.63",
                    "South Africa": "9.23",
                    "Sierra Leone": "7.82"
                },
                "Optical, Photographic, Cinematographic, Measuring, Checking, Precision, Medical or Surgical Instruments and Apparatus; Clocks and Watches; Musical Instruments; Parts and Accessories thereof": {
                    "Switzerland": "64.43",
                    "Angola": "6.00",
                    "Sierra Leone": "3.86",
                    "Mali": "3.37",
                    "Australia": "2.90"
                },
                "Miscellaneous Manufactured Articles": {
                    "France": "22.13",
                    "Angola": "13.41",
                    "United States": "10.31",
                    "Belgium": "7.74",
                    "Canada": "6.61"
                }
            }
        },
        "2014": {
            "Imports": {
                "Animals & Animal Products": {
                    "China": "31.14",
                    "Korea, Rep.": "30.73",
                    "Ghana": "15.40",
                    "Korea, Dem. Rep.": "10.42",
                    "United States": "4.11"
                },
                "Vegetable Products": {
                    "India": "61.19",
                    "Vietnam": "15.63",
                    "Germany": "6.35",
                    "Netherlands": "2.69",
                    "China": "2.04"
                },
                "Prepared Foodstuffs; Beverages, Spirits, Vinegar, Tobacco and Manufactured Tobacco Substitutes": {
                    "Germany": "50.42",
                    "France": "19.10",
                    "Sierra Leone": "10.41",
                    "Netherlands": "9.53",
                    "Mauritania": "4.77"
                },
                "Mineral Products": {
                    "Spain": "21.91",
                    "United States": "15.75",
                    "Ireland": "14.96",
                    "Germany": "14.65",
                    "Canada": "8.34"
                },
                "Products of the Chemical or Allied Industries": {
                    "Sierra Leone": "49.50",
                    "Liberia": "44.30",
                    "Angola": "2.48",
                    "Senegal": "1.55",
                    "Burkina Faso": "0.80"
                },
                "Plastics and Articles thereof; Rubber and Articles thereof": {
                    "Mali": "25.52",
                    "Malaysia": "16.68",
                    "Spain": "9.72",
                    "France": "8.67",
                    "Italy": "5.33"
                },
                "Raw Hides and Skins, Leather, Furskins, and Articles thereof; Saddlery and Harness; Travel Goods, Handbags, and Similar Containers; Articles of Animal Gut (Other than Silk-worm Gut)": {
                    "India": "100.00"
                },
                "Wood and Articles of Wood; Wood Charcoal; Cork and Articles of Cork; Manufactures of Straw, of Esparto or of Other Plaiting Materials; Basketware and Wickerwork": {
                    "United Arab Emirates": "87.10",
                    "Switzerland": "10.50",
                    "China": "1.20",
                    "Mali": "0.36",
                    "Senegal": "0.24"
                },
                "Textiles and Textile Articles": {
                    "France": "32.00",
                    "Thailand": "23.52",
                    "Indonesia": "18.21",
                    "Portugal": "12.80",
                    "Vietnam": "11.78"
                },
                "Footwear, Headgear, Umbrellas, Sun Umbrellas, Walking-sticks, Seat-sticks, Whips, Riding-crops, and Parts thereof; Prepared Feathers and Articles Made therewith; Artificial Flowers; Articles of Human Hair": {
                    "France": "50.39",
                    "United States": "25.77",
                    "Angola": "23.85"
                },
                "Articles of Stone, Plaster, Cement, Asbestos, Mica or Similar Materials; Ceramic Products; Glass and Glassware": {
                    "Ghana": "42.12",
                    "United Arab Emirates": "22.14",
                    "India": "18.75",
                    "Switzerland": "8.62",
                    "France": "4.62"
                },
                "Natural or Cultured Pearls, Precious or Semi-precious Stones, Precious Metals, Metals Clad with Precious Metal, and Articles thereof; Imitation Jewellery; Coin": {
                    "Spain": "21.85",
                    "United States": "15.71",
                    "Ireland": "14.92",
                    "Germany": "14.60",
                    "Canada": "8.32"
                },
                "Base Metals and Articles of Base Metal": {
                    "India": "49.52",
                    "China": "16.87",
                    "Vietnam": "7.24",
                    "United Arab Emirates": "3.65",
                    "United States": "2.58"
                },
                "Machinery and Mechanical Appliances; Electrical Equipment; Parts thereof; Sound Recorders and Reproducers, Television Image and Sound Recorders and Reproducers, and Parts and Accessories of such Articles": {
                    "United States": "48.15",
                    "Belgium": "15.04",
                    "France": "6.39",
                    "Mali": "6.11",
                    "Senegal": "4.90"
                },
                "Vehicles, Aircraft, Vessels, and Associated Transport Equipment": {
                    "South Africa": "23.04",
                    "Romania": "19.74",
                    "United States": "18.42",
                    "Mali": "5.65",
                    "Liberia": "5.47"
                },
                "Optical, Photographic, Cinematographic, Measuring, Checking, Precision, Medical or Surgical Instruments and Apparatus; Clocks and Watches; Musical Instruments; Parts and Accessories thereof": {
                    "United Arab Emirates": "64.20",
                    "Switzerland": "7.75",
                    "Belgium": "7.12",
                    "Mali": "4.86",
                    "United States": "4.46"
                },
                "Miscellaneous Manufactured Articles": {
                    "Canada": "11.80",
                    "Mali": "10.35",
                    "Belgium": "10.00",
                    "Congo, Rep.": "9.01",
                    "United States": "7.63"
                }
            }
        },
        "2015": {
            "Imports": {
                "Animals & Animal Products": {
                    "China": "32.80",
                    "Korea, Dem. Rep.": "26.12",
                    "Korea, Rep.": "19.94",
                    "India": "7.96",
                    "Vietnam": "4.43"
                },
                "Vegetable Products": {
                    "India": "43.36",
                    "Vietnam": "17.67",
                    "Netherlands": "14.21",
                    "United Arab Emirates": "7.29",
                    "Senegal": "5.67"
                },
                "Prepared Foodstuffs; Beverages, Spirits, Vinegar, Tobacco and Manufactured Tobacco Substitutes": {
                    "Germany": "64.88",
                    "United States": "10.99",
                    "Netherlands": "6.01",
                    "Belgium": "5.09",
                    "Morocco": "4.79"
                },
                "Mineral Products": {
                    "Spain": "22.76",
                    "Ireland": "17.14",
                    "Germany": "17.11",
                    "United States": "13.50",
                    "Ukraine": "8.49"
                },
                "Products of the Chemical or Allied Industries": {
                    "Liberia": "36.06",
                    "Uganda": "24.18",
                    "Sierra Leone": "20.49",
                    "Tanzania": "9.75",
                    "France": "4.30"
                },
                "Plastics and Articles thereof; Rubber and Articles thereof": {
                    "Mali": "20.99",
                    "Malaysia": "16.66",
                    "France": "16.61",
                    "Italy": "9.56",
                    "Poland": "9.38"
                },
                "Raw Hides and Skins, Leather, Furskins, and Articles thereof; Saddlery and Harness; Travel Goods, Handbags, and Similar Containers; Articles of Animal Gut (Other than Silk-worm Gut)": {
                    "India": "92.04",
                    "Mali": "2.70",
                    "United States": "1.84",
                    "China": "1.38",
                    "Liberia": "1.12"
                },
                "Wood and Articles of Wood; Wood Charcoal; Cork and Articles of Cork; Manufactures of Straw, of Esparto or of Other Plaiting Materials; Basketware and Wickerwork": {
                    "United Arab Emirates": "97.99",
                    "China": "1.64",
                    "Spain": "0.16",
                    "Other Asia, nes": "0.10",
                    "Germany": "0.07"
                },
                "Textiles and Textile Articles": {
                    "Senegal": "25.02",
                    "Portugal": "17.81",
                    "Indonesia": "12.86",
                    "Thailand": "11.25",
                    "Germany": "10.46"
                },
                "Footwear, Headgear, Umbrellas, Sun Umbrellas, Walking-sticks, Seat-sticks, Whips, Riding-crops, and Parts thereof; Prepared Feathers and Articles Made therewith; Artificial Flowers; Articles of Human Hair": {
                    "Cote dIvoire": "53.58",
                    "Mali": "22.55",
                    "Senegal": "9.43",
                    "Zambia": "7.96",
                    "Liberia": "6.47"
                },
                "Articles of Stone, Plaster, Cement, Asbestos, Mica or Similar Materials; Ceramic Products; Glass and Glassware": {
                    "Ghana": "47.57",
                    "India": "33.66",
                    "United Arab Emirates": "5.31",
                    "Switzerland": "4.19",
                    "France": "3.49"
                },
                "Natural or Cultured Pearls, Precious or Semi-precious Stones, Precious Metals, Metals Clad with Precious Metal, and Articles thereof; Imitation Jewellery; Coin": {
                    "Spain": "22.72",
                    "Ireland": "17.11",
                    "Germany": "17.08",
                    "United States": "13.47",
                    "Ukraine": "8.48"
                },
                "Base Metals and Articles of Base Metal": {
                    "India": "68.96",
                    "Sierra Leone": "10.31",
                    "Mali": "7.64",
                    "China": "3.90",
                    "France": "2.07"
                },
                "Machinery and Mechanical Appliances; Electrical Equipment; Parts thereof; Sound Recorders and Reproducers, Television Image and Sound Recorders and Reproducers, and Parts and Accessories of such Articles": {
                    "Senegal": "31.93",
                    "Mali": "29.17",
                    "Benin": "9.34",
                    "Belgium": "5.87",
                    "United States": "4.75"
                },
                "Vehicles, Aircraft, Vessels, and Associated Transport Equipment": {
                    "Ghana": "47.34",
                    "France": "22.98",
                    "China": "12.06",
                    "Mali": "6.61",
                    "United Kingdom": "2.81"
                },
                "Optical, Photographic, Cinematographic, Measuring, Checking, Precision, Medical or Surgical Instruments and Apparatus; Clocks and Watches; Musical Instruments; Parts and Accessories thereof": {
                    "United Arab Emirates": "46.75",
                    "Ghana": "17.81",
                    "France": "9.20",
                    "Mali": "8.29",
                    "China": "4.74"
                },
                "Miscellaneous Manufactured Articles": {
                    "France": "21.91",
                    "Mali": "12.15",
                    "United States": "11.17",
                    "United Kingdom": "10.50",
                    "Canada": "9.00"
                }
            }
        },
        "2016": {
            "Imports": {
                "Animals & Animal Products": {
                    "China": "59.95",
                    "Korea, Rep.": "14.33",
                    "Korea, Dem. Rep.": "10.30",
                    "India": "4.15",
                    "United States": "3.47"
                },
                "Vegetable Products": {
                    "India": "39.35",
                    "Netherlands": "13.32",
                    "Singapore": "11.25",
                    "Vietnam": "9.56",
                    "Senegal": "7.13"
                },
                "Prepared Foodstuffs; Beverages, Spirits, Vinegar, Tobacco and Manufactured Tobacco Substitutes": {
                    "Germany": "66.09",
                    "Netherlands": "7.25",
                    "Singapore": "5.71",
                    "Morocco": "5.20",
                    "Spain": "4.27"
                },
                "Mineral Products": {
                    "Ireland": "22.11",
                    "Spain": "22.02",
                    "China": "16.60",
                    "Germany": "13.91",
                    "Ukraine": "7.88"
                },
                "Products of the Chemical or Allied Industries": {
                    "Sierra Leone": "42.56",
                    "Liberia": "22.02",
                    "Mali": "9.72",
                    "Japan": "5.71",
                    "Senegal": "5.14"
                },
                "Plastics and Articles thereof; Rubber and Articles thereof": {
                    "Congo, Rep.": "32.35",
                    "Mali": "18.95",
                    "Malaysia": "10.89",
                    "Spain": "8.34",
                    "Poland": "8.02"
                },
                "Wood and Articles of Wood; Wood Charcoal; Cork and Articles of Cork; Manufactures of Straw, of Esparto or of Other Plaiting Materials; Basketware and Wickerwork": {
                    "China": "49.90",
                    "Senegal": "22.16",
                    "Other Asia, nes": "6.88",
                    "Switzerland": "5.63",
                    "Mali": "5.28"
                },
                "Textiles and Textile Articles": {
                    "Pakistan": "28.32",
                    "Thailand": "15.22",
                    "Singapore": "11.83",
                    "Vietnam": "11.42",
                    "France": "9.79"
                },
                "Footwear, Headgear, Umbrellas, Sun Umbrellas, Walking-sticks, Seat-sticks, Whips, Riding-crops, and Parts thereof; Prepared Feathers and Articles Made therewith; Artificial Flowers; Articles of Human Hair": {
                    "Mali": "65.24",
                    "Sierra Leone": "27.22",
                    "Ghana": "7.54"
                },
                "Articles of Stone, Plaster, Cement, Asbestos, Mica or Similar Materials; Ceramic Products; Glass and Glassware": {
                    "United Arab Emirates": "42.23",
                    "Ghana": "23.48",
                    "Switzerland": "11.73",
                    "India": "10.04",
                    "France": "6.97"
                },
                "Natural or Cultured Pearls, Precious or Semi-precious Stones, Precious Metals, Metals Clad with Precious Metal, and Articles thereof; Imitation Jewellery; Coin": {
                    "Ireland": "22.00",
                    "Spain": "21.91",
                    "China": "16.51",
                    "Germany": "13.83",
                    "Ukraine": "7.84"
                },
                "Base Metals and Articles of Base Metal": {
                    "India": "68.49",
                    "Belgium": "14.14",
                    "Sierra Leone": "7.28",
                    "Mali": "4.24",
                    "Japan": "2.40"
                },
                "Machinery and Mechanical Appliances; Electrical Equipment; Parts thereof; Sound Recorders and Reproducers, Television Image and Sound Recorders and Reproducers, and Parts and Accessories of such Articles": {
                    "Belgium": "27.80",
                    "Mali": "21.61",
                    "Burkina Faso": "20.18",
                    "Senegal": "6.75",
                    "Sierra Leone": "4.87"
                },
                "Vehicles, Aircraft, Vessels, and Associated Transport Equipment": {
                    "United States": "52.95",
                    "Mali": "16.08",
                    "Chad": "13.18",
                    "Sierra Leone": "9.91",
                    "France": "1.86"
                },
                "Optical, Photographic, Cinematographic, Measuring, Checking, Precision, Medical or Surgical Instruments and Apparatus; Clocks and Watches; Musical Instruments; Parts and Accessories thereof": {
                    "Congo, Rep.": "23.24",
                    "Mali": "17.88",
                    "Belgium": "16.66",
                    "United Arab Emirates": "15.49",
                    "Israel": "6.96"
                },
                "Miscellaneous Manufactured Articles": {
                    "Mali": "15.62",
                    "France": "10.53",
                    "United States": "10.30",
                    "Senegal": "9.79",
                    "Canada": "5.64"
                }
            }
        }
    }
}