{
    "Main Partners": {
        "2001": {
            "Imports": {
                "Animals & Animal Products": {
                    "Oman": "67.66",
                    "Qatar": "10.43",
                    "Lebanon": "8.79",
                    "Germany": "5.52",
                    "United Arab Emirates": "2.96"
                },
                "Vegetable Products": {
                    "Oman": "41.93",
                    "United Arab Emirates": "12.80",
                    "Lebanon": "11.12",
                    "Kuwait": "6.04",
                    "Jordan": "3.41"
                },
                "Prepared Foodstuffs; Beverages, Spirits, Vinegar, Tobacco and Manufactured Tobacco Substitutes": {
                    "Oman": "27.08",
                    "Lebanon": "26.98",
                    "Kuwait": "11.84",
                    "United Arab Emirates": "10.57",
                    "Egypt, Arab Rep.": "5.68"
                },
                "Mineral Products": {
                    "Lebanon": "100.00"
                },
                "Products of the Chemical or Allied Industries": {
                    "Oman": "17.73",
                    "Lebanon": "13.41",
                    "Yemen": "12.97",
                    "Egypt, Arab Rep.": "10.41",
                    "Libya": "9.87"
                },
                "Plastics and Articles thereof; Rubber and Articles thereof": {
                    "Egypt, Arab Rep.": "27.16",
                    "Jordan": "22.39",
                    "Oman": "17.09",
                    "Lebanon": "12.76",
                    "Kuwait": "7.11"
                },
                "Raw Hides and Skins, Leather, Furskins, and Articles thereof; Saddlery and Harness; Travel Goods, Handbags, and Similar Containers; Articles of Animal Gut (Other than Silk-worm Gut)": {
                    "Italy": "60.87",
                    "Oman": "18.86",
                    "Korea, Rep.": "5.25",
                    "Jordan": "4.31",
                    "Fm Sudan": "3.79"
                },
                "Wood and Articles of Wood; Wood Charcoal; Cork and Articles of Cork; Manufactures of Straw, of Esparto or of Other Plaiting Materials; Basketware and Wickerwork": {
                    "Egypt, Arab Rep.": "39.45",
                    "Oman": "26.38",
                    "Algeria": "10.12",
                    "Jordan": "7.42",
                    "Turkey": "4.52"
                },
                "Textiles and Textile Articles": {
                    "Italy": "14.36",
                    "Turkey": "12.76",
                    "Egypt, Arab Rep.": "12.61",
                    "Belgium": "5.66",
                    "Indonesia": "5.51"
                },
                "Footwear, Headgear, Umbrellas, Sun Umbrellas, Walking-sticks, Seat-sticks, Whips, Riding-crops, and Parts thereof; Prepared Feathers and Articles Made therewith; Artificial Flowers; Articles of Human Hair": {
                    "Fm Sudan": "26.92",
                    "Oman": "16.96",
                    "Ukraine": "16.08",
                    "Libya": "9.03",
                    "Russian Federation": "8.59"
                },
                "Articles of Stone, Plaster, Cement, Asbestos, Mica or Similar Materials; Ceramic Products; Glass and Glassware": {
                    "Lebanon": "65.73",
                    "Greece": "11.95",
                    "Kuwait": "9.29",
                    "Oman": "8.93",
                    "United Arab Emirates": "4.10"
                },
                "Natural or Cultured Pearls, Precious or Semi-precious Stones, Precious Metals, Metals Clad with Precious Metal, and Articles thereof; Imitation Jewellery; Coin": {
                    "United Kingdom": "59.85",
                    "Lebanon": "20.42",
                    "Netherlands": "17.60",
                    "Greece": "1.66",
                    "Korea, Rep.": "0.48"
                },
                "Base Metals and Articles of Base Metal": {
                    "United Kingdom": "38.58",
                    "Oman": "18.98",
                    "Netherlands": "11.34",
                    "Lebanon": "8.67",
                    "Jordan": "7.45"
                },
                "Machinery and Mechanical Appliances; Electrical Equipment; Parts thereof; Sound Recorders and Reproducers, Television Image and Sound Recorders and Reproducers, and Parts and Accessories of such Articles": {
                    "Oman": "27.25",
                    "Morocco": "27.25",
                    "Algeria": "23.41",
                    "Jordan": "13.81",
                    "United Kingdom": "4.44"
                },
                "Vehicles, Aircraft, Vessels, and Associated Transport Equipment": {
                    "Oman": "100.00"
                },
                "Optical, Photographic, Cinematographic, Measuring, Checking, Precision, Medical or Surgical Instruments and Apparatus; Clocks and Watches; Musical Instruments; Parts and Accessories thereof": {
                    "Italy": "18.10",
                    "Oman": "11.63",
                    "Egypt, Arab Rep.": "10.03",
                    "Portugal": "5.94",
                    "United States": "5.82"
                },
                "Miscellaneous Manufactured Articles": {
                    "Unspecified": "99.92",
                    "United Arab Emirates": "0.03",
                    "United States": "0.03",
                    "Oman": "0.02",
                    "Russian Federation": "0.00"
                }
            }
        },
        "2002": {
            "Imports": {
                "Animals & Animal Products": {
                    "Oman": "73.91",
                    "Kuwait": "11.28",
                    "Qatar": "6.47",
                    "Lebanon": "2.96",
                    "United Arab Emirates": "2.04"
                },
                "Vegetable Products": {
                    "Oman": "26.34",
                    "Algeria": "22.92",
                    "United Arab Emirates": "9.53",
                    "Lebanon": "6.73",
                    "Egypt, Arab Rep.": "4.94"
                },
                "Prepared Foodstuffs; Beverages, Spirits, Vinegar, Tobacco and Manufactured Tobacco Substitutes": {
                    "Oman": "23.68",
                    "Jordan": "20.11",
                    "Lebanon": "11.95",
                    "Egypt, Arab Rep.": "10.77",
                    "Kuwait": "7.42"
                },
                "Mineral Products": {
                    "Lebanon": "29.47",
                    "Italy": "28.91",
                    "Bulgaria": "12.65",
                    "Romania": "11.09",
                    "Greece": "5.76"
                },
                "Products of the Chemical or Allied Industries": {
                    "Lebanon": "16.58",
                    "Algeria": "12.38",
                    "Yemen": "10.98",
                    "Oman": "10.19",
                    "Italy": "8.79"
                },
                "Plastics and Articles thereof; Rubber and Articles thereof": {
                    "Oman": "64.99",
                    "Algeria": "7.96",
                    "Kuwait": "7.26",
                    "Jordan": "4.29",
                    "Egypt, Arab Rep.": "4.11"
                },
                "Raw Hides and Skins, Leather, Furskins, and Articles thereof; Saddlery and Harness; Travel Goods, Handbags, and Similar Containers; Articles of Animal Gut (Other than Silk-worm Gut)": {
                    "Italy": "81.75",
                    "Oman": "7.92",
                    "Korea, Rep.": "2.02",
                    "Libya": "1.40",
                    "United Arab Emirates": "1.36"
                },
                "Wood and Articles of Wood; Wood Charcoal; Cork and Articles of Cork; Manufactures of Straw, of Esparto or of Other Plaiting Materials; Basketware and Wickerwork": {
                    "Oman": "29.15",
                    "Lebanon": "16.02",
                    "Egypt, Arab Rep.": "13.82",
                    "Fm Sudan": "9.13",
                    "Cyprus": "5.31"
                },
                "Textiles and Textile Articles": {
                    "Italy": "14.67",
                    "Oman": "12.84",
                    "Pakistan": "5.34",
                    "Turkey": "5.00",
                    "Thailand": "4.79"
                },
                "Footwear, Headgear, Umbrellas, Sun Umbrellas, Walking-sticks, Seat-sticks, Whips, Riding-crops, and Parts thereof; Prepared Feathers and Articles Made therewith; Artificial Flowers; Articles of Human Hair": {
                    "Oman": "33.61",
                    "Libya": "15.02",
                    "Fm Sudan": "14.36",
                    "Bulgaria": "10.56",
                    "Ukraine": "9.53"
                },
                "Articles of Stone, Plaster, Cement, Asbestos, Mica or Similar Materials; Ceramic Products; Glass and Glassware": {
                    "Lebanon": "47.76",
                    "Oman": "16.67",
                    "Kuwait": "11.80",
                    "Greece": "11.63",
                    "United Arab Emirates": "7.50"
                },
                "Natural or Cultured Pearls, Precious or Semi-precious Stones, Precious Metals, Metals Clad with Precious Metal, and Articles thereof; Imitation Jewellery; Coin": {
                    "Lebanon": "28.15",
                    "Italy": "26.78",
                    "Bulgaria": "11.71",
                    "Romania": "10.27",
                    "Greece": "5.33"
                },
                "Base Metals and Articles of Base Metal": {
                    "Oman": "40.52",
                    "Egypt, Arab Rep.": "14.60",
                    "United Kingdom": "13.95",
                    "Lebanon": "11.86",
                    "United Arab Emirates": "8.28"
                },
                "Machinery and Mechanical Appliances; Electrical Equipment; Parts thereof; Sound Recorders and Reproducers, Television Image and Sound Recorders and Reproducers, and Parts and Accessories of such Articles": {
                    "Algeria": "37.08",
                    "Oman": "22.36",
                    "Libya": "16.72",
                    "Morocco": "4.22",
                    "United Arab Emirates": "3.48"
                },
                "Vehicles, Aircraft, Vessels, and Associated Transport Equipment": {
                    "Oman": "54.74",
                    "Free Zones": "22.93",
                    "Lebanon": "11.33",
                    "United Arab Emirates": "10.99"
                },
                "Optical, Photographic, Cinematographic, Measuring, Checking, Precision, Medical or Surgical Instruments and Apparatus; Clocks and Watches; Musical Instruments; Parts and Accessories thereof": {
                    "Oman": "23.51",
                    "Italy": "13.52",
                    "Libya": "8.04",
                    "Algeria": "6.37",
                    "Ukraine": "4.79"
                },
                "Miscellaneous Manufactured Articles": {
                    "Unspecified": "98.41",
                    "Oman": "0.92",
                    "United Arab Emirates": "0.26",
                    "Lebanon": "0.14",
                    "Kuwait": "0.11"
                }
            }
        },
        "2003": {
            "Imports": {
                "Animals & Animal Products": {
                    "Saudi Arabia": "61.27",
                    "Lebanon": "17.90",
                    "Unspecified": "7.07",
                    "Jordan": "5.04",
                    "Kuwait": "3.81"
                },
                "Vegetable Products": {
                    "Saudi Arabia": "17.08",
                    "Algeria": "13.86",
                    "Jordan": "12.52",
                    "Egypt, Arab Rep.": "10.00",
                    "Italy": "8.03"
                },
                "Prepared Foodstuffs; Beverages, Spirits, Vinegar, Tobacco and Manufactured Tobacco Substitutes": {
                    "Jordan": "22.21",
                    "Saudi Arabia": "16.03",
                    "Iraq": "13.74",
                    "Lebanon": "9.47",
                    "Egypt, Arab Rep.": "6.15"
                },
                "Mineral Products": {
                    "Lebanon": "44.47",
                    "Greece": "10.26",
                    "Romania": "9.27",
                    "Bulgaria": "8.07",
                    "Portugal": "6.61"
                },
                "Products of the Chemical or Allied Industries": {
                    "Iraq": "22.50",
                    "Lebanon": "13.10",
                    "Belgium": "7.83",
                    "Unspecified": "6.67",
                    "Saudi Arabia": "6.62"
                },
                "Plastics and Articles thereof; Rubber and Articles thereof": {
                    "Saudi Arabia": "34.29",
                    "Jordan": "10.66",
                    "Lebanon": "10.32",
                    "Iraq": "9.41",
                    "United Arab Emirates": "7.28"
                },
                "Raw Hides and Skins, Leather, Furskins, and Articles thereof; Saddlery and Harness; Travel Goods, Handbags, and Similar Containers; Articles of Animal Gut (Other than Silk-worm Gut)": {
                    "Italy": "76.93",
                    "Saudi Arabia": "7.91",
                    "Jordan": "2.82",
                    "Libya": "2.51",
                    "Turkey": "1.56"
                },
                "Wood and Articles of Wood; Wood Charcoal; Cork and Articles of Cork; Manufactures of Straw, of Esparto or of Other Plaiting Materials; Basketware and Wickerwork": {
                    "Saudi Arabia": "21.70",
                    "Lebanon": "12.17",
                    "Jordan": "10.64",
                    "Iraq": "8.22",
                    "Turkey": "5.89"
                },
                "Textiles and Textile Articles": {
                    "Turkey": "14.29",
                    "Italy": "12.98",
                    "Saudi Arabia": "8.71",
                    "Belgium": "5.19",
                    "Jordan": "4.70"
                },
                "Footwear, Headgear, Umbrellas, Sun Umbrellas, Walking-sticks, Seat-sticks, Whips, Riding-crops, and Parts thereof; Prepared Feathers and Articles Made therewith; Artificial Flowers; Articles of Human Hair": {
                    "Saudi Arabia": "22.42",
                    "Libya": "15.98",
                    "Fm Sudan": "15.51",
                    "Ukraine": "7.57",
                    "Jordan": "5.66"
                },
                "Articles of Stone, Plaster, Cement, Asbestos, Mica or Similar Materials; Ceramic Products; Glass and Glassware": {
                    "Iraq": "21.52",
                    "Lebanon": "20.45",
                    "Saudi Arabia": "10.40",
                    "Jordan": "10.39",
                    "Greece": "8.32"
                },
                "Natural or Cultured Pearls, Precious or Semi-precious Stones, Precious Metals, Metals Clad with Precious Metal, and Articles thereof; Imitation Jewellery; Coin": {
                    "Lebanon": "39.36",
                    "Greece": "8.88",
                    "Romania": "8.02",
                    "Bulgaria": "6.98",
                    "Portugal": "5.71"
                },
                "Base Metals and Articles of Base Metal": {
                    "Lebanon": "23.56",
                    "Saudi Arabia": "15.98",
                    "Iraq": "12.52",
                    "Jordan": "12.30",
                    "Egypt, Arab Rep.": "5.74"
                },
                "Machinery and Mechanical Appliances; Electrical Equipment; Parts thereof; Sound Recorders and Reproducers, Television Image and Sound Recorders and Reproducers, and Parts and Accessories of such Articles": {
                    "Iraq": "21.39",
                    "Saudi Arabia": "15.93",
                    "Jordan": "11.53",
                    "Japan": "7.61",
                    "Lebanon": "5.76"
                },
                "Vehicles, Aircraft, Vessels, and Associated Transport Equipment": {
                    "Saudi Arabia": "27.60",
                    "Jordan": "23.69",
                    "United Arab Emirates": "12.02",
                    "Iraq": "11.32",
                    "Kuwait": "7.03"
                },
                "Optical, Photographic, Cinematographic, Measuring, Checking, Precision, Medical or Surgical Instruments and Apparatus; Clocks and Watches; Musical Instruments; Parts and Accessories thereof": {
                    "Saudi Arabia": "14.70",
                    "Italy": "10.45",
                    "Jordan": "7.68",
                    "Iraq": "6.43",
                    "Libya": "5.86"
                },
                "Miscellaneous Manufactured Articles": {
                    "Saudi Arabia": "18.16",
                    "Unspecified": "15.11",
                    "Iraq": "11.20",
                    "Lebanon": "8.25",
                    "Jordan": "6.51"
                }
            }
        },
        "2004": {
            "Imports": {
                "Animals & Animal Products": {
                    "Saudi Arabia": "67.76",
                    "Lebanon": "10.90",
                    "Kuwait": "8.41",
                    "Qatar": "6.45",
                    "Jordan": "2.94"
                },
                "Vegetable Products": {
                    "Egypt, Arab Rep.": "17.05",
                    "Jordan": "16.43",
                    "Saudi Arabia": "11.33",
                    "Iraq": "9.06",
                    "Lebanon": "8.25"
                },
                "Prepared Foodstuffs; Beverages, Spirits, Vinegar, Tobacco and Manufactured Tobacco Substitutes": {
                    "Iraq": "41.81",
                    "Jordan": "15.90",
                    "Saudi Arabia": "10.75",
                    "Lebanon": "7.12",
                    "Turkey": "5.03"
                },
                "Mineral Products": {
                    "Lebanon": "45.15",
                    "Ukraine": "14.60",
                    "Greece": "11.09",
                    "Poland": "8.84",
                    "Bulgaria": "6.99"
                },
                "Products of the Chemical or Allied Industries": {
                    "Lebanon": "25.95",
                    "Iraq": "21.98",
                    "Jordan": "8.47",
                    "Saudi Arabia": "8.22",
                    "Yemen": "5.33"
                },
                "Plastics and Articles thereof; Rubber and Articles thereof": {
                    "Saudi Arabia": "36.95",
                    "Iraq": "13.46",
                    "Jordan": "11.14",
                    "Lebanon": "10.72",
                    "United Arab Emirates": "8.57"
                },
                "Raw Hides and Skins, Leather, Furskins, and Articles thereof; Saddlery and Harness; Travel Goods, Handbags, and Similar Containers; Articles of Animal Gut (Other than Silk-worm Gut)": {
                    "Italy": "79.52",
                    "Saudi Arabia": "6.55",
                    "Turkey": "3.73",
                    "China": "2.49",
                    "Libya": "2.10"
                },
                "Wood and Articles of Wood; Wood Charcoal; Cork and Articles of Cork; Manufactures of Straw, of Esparto or of Other Plaiting Materials; Basketware and Wickerwork": {
                    "Saudi Arabia": "31.32",
                    "Iraq": "15.25",
                    "Jordan": "14.33",
                    "Lebanon": "9.96",
                    "Turkey": "5.14"
                },
                "Textiles and Textile Articles": {
                    "Italy": "13.02",
                    "Turkey": "10.22",
                    "Saudi Arabia": "8.96",
                    "Pakistan": "7.24",
                    "Egypt, Arab Rep.": "7.21"
                },
                "Footwear, Headgear, Umbrellas, Sun Umbrellas, Walking-sticks, Seat-sticks, Whips, Riding-crops, and Parts thereof; Prepared Feathers and Articles Made therewith; Artificial Flowers; Articles of Human Hair": {
                    "Saudi Arabia": "29.24",
                    "Libya": "23.63",
                    "Fm Sudan": "15.74",
                    "Yemen": "4.97",
                    "Jordan": "4.45"
                },
                "Articles of Stone, Plaster, Cement, Asbestos, Mica or Similar Materials; Ceramic Products; Glass and Glassware": {
                    "Iraq": "49.79",
                    "Lebanon": "11.65",
                    "Jordan": "8.36",
                    "Saudi Arabia": "7.09",
                    "Greece": "5.57"
                },
                "Natural or Cultured Pearls, Precious or Semi-precious Stones, Precious Metals, Metals Clad with Precious Metal, and Articles thereof; Imitation Jewellery; Coin": {
                    "Lebanon": "41.43",
                    "Ukraine": "12.62",
                    "Greece": "9.60",
                    "Poland": "7.64",
                    "Bulgaria": "6.04"
                },
                "Base Metals and Articles of Base Metal": {
                    "Lebanon": "47.00",
                    "Jordan": "18.81",
                    "Iraq": "12.72",
                    "Saudi Arabia": "7.49",
                    "Turkey": "2.58"
                },
                "Machinery and Mechanical Appliances; Electrical Equipment; Parts thereof; Sound Recorders and Reproducers, Television Image and Sound Recorders and Reproducers, and Parts and Accessories of such Articles": {
                    "Iraq": "51.86",
                    "Jordan": "12.28",
                    "Saudi Arabia": "9.03",
                    "United Kingdom": "6.14",
                    "Lebanon": "4.16"
                },
                "Vehicles, Aircraft, Vessels, and Associated Transport Equipment": {
                    "Saudi Arabia": "40.72",
                    "Iraq": "21.46",
                    "United Arab Emirates": "10.35",
                    "Jordan": "7.76",
                    "Kuwait": "7.36"
                },
                "Optical, Photographic, Cinematographic, Measuring, Checking, Precision, Medical or Surgical Instruments and Apparatus; Clocks and Watches; Musical Instruments; Parts and Accessories thereof": {
                    "Saudi Arabia": "14.99",
                    "Lebanon": "12.67",
                    "Iraq": "12.37",
                    "Jordan": "8.52",
                    "Italy": "8.46"
                },
                "Miscellaneous Manufactured Articles": {
                    "Unspecified": "88.76",
                    "Iraq": "2.81",
                    "Saudi Arabia": "2.19",
                    "Cyprus": "1.69",
                    "Lebanon": "0.96"
                }
            }
        },
        "2005": {
            "Imports": {
                "Animals & Animal Products": {
                    "Saudi Arabia": "68.84",
                    "Qatar": "8.31",
                    "Lebanon": "7.24",
                    "Kuwait": "6.59",
                    "Jordan": "3.55"
                },
                "Vegetable Products": {
                    "Egypt, Arab Rep.": "12.68",
                    "Italy": "11.86",
                    "Saudi Arabia": "10.52",
                    "Jordan": "8.18",
                    "Lebanon": "7.34"
                },
                "Prepared Foodstuffs; Beverages, Spirits, Vinegar, Tobacco and Manufactured Tobacco Substitutes": {
                    "Iraq": "40.01",
                    "Jordan": "17.79",
                    "Saudi Arabia": "9.98",
                    "Lebanon": "7.34",
                    "United Arab Emirates": "4.35"
                },
                "Mineral Products": {
                    "Lebanon": "38.73",
                    "Ukraine": "13.32",
                    "Netherlands": "7.33",
                    "Bulgaria": "6.41",
                    "Turkey": "6.31"
                },
                "Products of the Chemical or Allied Industries": {
                    "Iraq": "52.23",
                    "Lebanon": "13.60",
                    "Saudi Arabia": "4.73",
                    "Yemen": "4.39",
                    "Jordan": "3.58"
                },
                "Plastics and Articles thereof; Rubber and Articles thereof": {
                    "Saudi Arabia": "31.75",
                    "Jordan": "11.67",
                    "Lebanon": "10.80",
                    "United Arab Emirates": "10.03",
                    "Iraq": "7.28"
                },
                "Raw Hides and Skins, Leather, Furskins, and Articles thereof; Saddlery and Harness; Travel Goods, Handbags, and Similar Containers; Articles of Animal Gut (Other than Silk-worm Gut)": {
                    "Italy": "73.62",
                    "Saudi Arabia": "6.92",
                    "Jordan": "3.46",
                    "Egypt, Arab Rep.": "2.50",
                    "United Arab Emirates": "1.93"
                },
                "Wood and Articles of Wood; Wood Charcoal; Cork and Articles of Cork; Manufactures of Straw, of Esparto or of Other Plaiting Materials; Basketware and Wickerwork": {
                    "Saudi Arabia": "27.28",
                    "Lebanon": "11.24",
                    "Turkey": "10.11",
                    "Jordan": "9.16",
                    "Iraq": "8.33"
                },
                "Textiles and Textile Articles": {
                    "Turkey": "14.94",
                    "Egypt, Arab Rep.": "11.81",
                    "Saudi Arabia": "9.36",
                    "Italy": "9.11",
                    "Libya": "4.65"
                },
                "Footwear, Headgear, Umbrellas, Sun Umbrellas, Walking-sticks, Seat-sticks, Whips, Riding-crops, and Parts thereof; Prepared Feathers and Articles Made therewith; Artificial Flowers; Articles of Human Hair": {
                    "Saudi Arabia": "30.11",
                    "Libya": "19.17",
                    "Fm Sudan": "11.42",
                    "Jordan": "5.34",
                    "Georgia": "4.59"
                },
                "Articles of Stone, Plaster, Cement, Asbestos, Mica or Similar Materials; Ceramic Products; Glass and Glassware": {
                    "Iraq": "25.06",
                    "Jordan": "12.99",
                    "Saudi Arabia": "12.07",
                    "Lebanon": "8.99",
                    "United Arab Emirates": "8.95"
                },
                "Natural or Cultured Pearls, Precious or Semi-precious Stones, Precious Metals, Metals Clad with Precious Metal, and Articles thereof; Imitation Jewellery; Coin": {
                    "Lebanon": "36.15",
                    "Ukraine": "11.37",
                    "Netherlands": "6.26",
                    "Turkey": "6.24",
                    "Bulgaria": "5.48"
                },
                "Base Metals and Articles of Base Metal": {
                    "Lebanon": "37.07",
                    "Jordan": "16.51",
                    "Iraq": "16.31",
                    "Saudi Arabia": "10.37",
                    "United Arab Emirates": "2.90"
                },
                "Machinery and Mechanical Appliances; Electrical Equipment; Parts thereof; Sound Recorders and Reproducers, Television Image and Sound Recorders and Reproducers, and Parts and Accessories of such Articles": {
                    "Iraq": "41.39",
                    "Jordan": "13.46",
                    "Saudi Arabia": "6.85",
                    "Lebanon": "5.00",
                    "United Kingdom": "4.60"
                },
                "Vehicles, Aircraft, Vessels, and Associated Transport Equipment": {
                    "Saudi Arabia": "24.00",
                    "Egypt, Arab Rep.": "8.29",
                    "India": "7.50",
                    "France": "6.97",
                    "United Arab Emirates": "6.77"
                },
                "Optical, Photographic, Cinematographic, Measuring, Checking, Precision, Medical or Surgical Instruments and Apparatus; Clocks and Watches; Musical Instruments; Parts and Accessories thereof": {
                    "Iraq": "16.49",
                    "Saudi Arabia": "14.21",
                    "Lebanon": "9.33",
                    "Jordan": "8.18",
                    "Egypt, Arab Rep.": "7.48"
                },
                "Miscellaneous Manufactured Articles": {
                    "Saudi Arabia": "14.12",
                    "Iraq": "8.31",
                    "Jordan": "7.14",
                    "Lebanon": "6.25",
                    "United Arab Emirates": "5.53"
                }
            }
        },
        "2006": {
            "Imports": {
                "Animals & Animal Products": {
                    "Saudi Arabia": "58.91",
                    "Lebanon": "13.01",
                    "Jordan": "7.96",
                    "Kuwait": "5.76",
                    "Qatar": "4.41"
                },
                "Vegetable Products": {
                    "Saudi Arabia": "16.54",
                    "Egypt, Arab Rep.": "16.23",
                    "Italy": "10.76",
                    "Jordan": "8.52",
                    "Iraq": "7.66"
                },
                "Prepared Foodstuffs; Beverages, Spirits, Vinegar, Tobacco and Manufactured Tobacco Substitutes": {
                    "Iraq": "31.57",
                    "Saudi Arabia": "11.96",
                    "Jordan": "11.17",
                    "Lebanon": "9.77",
                    "Kuwait": "9.06"
                },
                "Mineral Products": {
                    "Lebanon": "28.10",
                    "Ukraine": "15.46",
                    "Netherlands": "11.92",
                    "Turkey": "10.45",
                    "Poland": "8.76"
                },
                "Products of the Chemical or Allied Industries": {
                    "Iraq": "30.66",
                    "Lebanon": "14.79",
                    "Senegal": "10.79",
                    "Yemen": "6.34",
                    "Angola": "4.40"
                },
                "Plastics and Articles thereof; Rubber and Articles thereof": {
                    "Saudi Arabia": "26.83",
                    "Lebanon": "11.79",
                    "United Arab Emirates": "10.21",
                    "Jordan": "9.13",
                    "Iraq": "8.33"
                },
                "Raw Hides and Skins, Leather, Furskins, and Articles thereof; Saddlery and Harness; Travel Goods, Handbags, and Similar Containers; Articles of Animal Gut (Other than Silk-worm Gut)": {
                    "Italy": "65.58",
                    "Saudi Arabia": "6.24",
                    "India": "4.53",
                    "Korea, Rep.": "3.71",
                    "United Arab Emirates": "2.72"
                },
                "Wood and Articles of Wood; Wood Charcoal; Cork and Articles of Cork; Manufactures of Straw, of Esparto or of Other Plaiting Materials; Basketware and Wickerwork": {
                    "Saudi Arabia": "28.74",
                    "Jordan": "9.59",
                    "Lebanon": "9.37",
                    "United Arab Emirates": "5.60",
                    "Iraq": "5.44"
                },
                "Textiles and Textile Articles": {
                    "Saudi Arabia": "13.83",
                    "Turkey": "8.81",
                    "Egypt, Arab Rep.": "8.58",
                    "Algeria": "8.53",
                    "Libya": "6.57"
                },
                "Footwear, Headgear, Umbrellas, Sun Umbrellas, Walking-sticks, Seat-sticks, Whips, Riding-crops, and Parts thereof; Prepared Feathers and Articles Made therewith; Artificial Flowers; Articles of Human Hair": {
                    "Saudi Arabia": "25.77",
                    "Libya": "12.98",
                    "Turkey": "10.89",
                    "Fm Sudan": "7.84",
                    "Ukraine": "7.60"
                },
                "Articles of Stone, Plaster, Cement, Asbestos, Mica or Similar Materials; Ceramic Products; Glass and Glassware": {
                    "Iraq": "30.29",
                    "Jordan": "18.51",
                    "Saudi Arabia": "10.11",
                    "Lebanon": "7.71",
                    "Greece": "6.71"
                },
                "Natural or Cultured Pearls, Precious or Semi-precious Stones, Precious Metals, Metals Clad with Precious Metal, and Articles thereof; Imitation Jewellery; Coin": {
                    "Lebanon": "20.61",
                    "China": "14.03",
                    "Ukraine": "8.39",
                    "Netherlands": "7.20",
                    "Turkey": "6.07"
                },
                "Base Metals and Articles of Base Metal": {
                    "Iraq": "21.84",
                    "Lebanon": "15.32",
                    "Jordan": "12.46",
                    "Saudi Arabia": "12.00",
                    "China": "7.08"
                },
                "Machinery and Mechanical Appliances; Electrical Equipment; Parts thereof; Sound Recorders and Reproducers, Television Image and Sound Recorders and Reproducers, and Parts and Accessories of such Articles": {
                    "Iraq": "43.56",
                    "Kuwait": "19.34",
                    "Turkey": "10.64",
                    "Jordan": "9.05",
                    "Russian Federation": "4.65"
                },
                "Vehicles, Aircraft, Vessels, and Associated Transport Equipment": {
                    "Egypt, Arab Rep.": "26.53",
                    "Saudi Arabia": "16.58",
                    "Qatar": "9.46",
                    "India": "8.26",
                    "Iraq": "6.74"
                },
                "Optical, Photographic, Cinematographic, Measuring, Checking, Precision, Medical or Surgical Instruments and Apparatus; Clocks and Watches; Musical Instruments; Parts and Accessories thereof": {
                    "Iraq": "13.75",
                    "Saudi Arabia": "13.73",
                    "Jordan": "7.45",
                    "Turkey": "6.12",
                    "Lebanon": "5.66"
                },
                "Miscellaneous Manufactured Articles": {
                    "Unspecified": "89.30",
                    "Iraq": "2.16",
                    "Saudi Arabia": "1.64",
                    "Lebanon": "0.99",
                    "Jordan": "0.66"
                }
            }
        },
        "2007": {
            "Imports": {
                "Animals & Animal Products": {
                    "Saudi Arabia": "54.07",
                    "Lebanon": "12.69",
                    "Jordan": "7.41",
                    "United Arab Emirates": "5.68",
                    "Qatar": "4.22"
                },
                "Vegetable Products": {
                    "Saudi Arabia": "15.74",
                    "Egypt, Arab Rep.": "11.95",
                    "Iraq": "10.14",
                    "Italy": "9.76",
                    "Jordan": "7.33"
                },
                "Prepared Foodstuffs; Beverages, Spirits, Vinegar, Tobacco and Manufactured Tobacco Substitutes": {
                    "Saudi Arabia": "26.32",
                    "Iraq": "26.11",
                    "Kuwait": "9.94",
                    "Jordan": "9.30",
                    "Egypt, Arab Rep.": "5.46"
                },
                "Mineral Products": {
                    "Turkey": "28.06",
                    "Ukraine": "12.75",
                    "Lebanon": "12.14",
                    "Netherlands": "10.69",
                    "Poland": "7.95"
                },
                "Products of the Chemical or Allied Industries": {
                    "Iraq": "20.04",
                    "Senegal": "11.67",
                    "Lebanon": "11.43",
                    "Yemen": "6.81",
                    "United Arab Emirates": "6.08"
                },
                "Plastics and Articles thereof; Rubber and Articles thereof": {
                    "Saudi Arabia": "21.76",
                    "Yemen": "10.80",
                    "Lebanon": "10.26",
                    "Egypt, Arab Rep.": "9.34",
                    "Iraq": "7.92"
                },
                "Raw Hides and Skins, Leather, Furskins, and Articles thereof; Saddlery and Harness; Travel Goods, Handbags, and Similar Containers; Articles of Animal Gut (Other than Silk-worm Gut)": {
                    "Italy": "54.08",
                    "India": "12.43",
                    "Saudi Arabia": "8.65",
                    "Korea, Rep.": "7.11",
                    "United Arab Emirates": "3.82"
                },
                "Wood and Articles of Wood; Wood Charcoal; Cork and Articles of Cork; Manufactures of Straw, of Esparto or of Other Plaiting Materials; Basketware and Wickerwork": {
                    "Saudi Arabia": "29.85",
                    "Jordan": "10.18",
                    "Iraq": "6.85",
                    "Turkey": "6.68",
                    "United Arab Emirates": "5.26"
                },
                "Textiles and Textile Articles": {
                    "Saudi Arabia": "15.16",
                    "Algeria": "9.83",
                    "Turkey": "9.27",
                    "Egypt, Arab Rep.": "7.96",
                    "Jordan": "7.63"
                },
                "Footwear, Headgear, Umbrellas, Sun Umbrellas, Walking-sticks, Seat-sticks, Whips, Riding-crops, and Parts thereof; Prepared Feathers and Articles Made therewith; Artificial Flowers; Articles of Human Hair": {
                    "Turkey": "25.99",
                    "Algeria": "14.33",
                    "Saudi Arabia": "12.76",
                    "Ukraine": "11.56",
                    "Libya": "6.02"
                },
                "Articles of Stone, Plaster, Cement, Asbestos, Mica or Similar Materials; Ceramic Products; Glass and Glassware": {
                    "Iraq": "22.73",
                    "Jordan": "21.56",
                    "Greece": "12.08",
                    "Saudi Arabia": "10.00",
                    "Cyprus": "8.79"
                },
                "Natural or Cultured Pearls, Precious or Semi-precious Stones, Precious Metals, Metals Clad with Precious Metal, and Articles thereof; Imitation Jewellery; Coin": {
                    "Turkey": "14.16",
                    "Lebanon": "9.98",
                    "Libya": "9.79",
                    "Saudi Arabia": "6.56",
                    "Greece": "5.82"
                },
                "Base Metals and Articles of Base Metal": {
                    "Lebanon": "20.54",
                    "Jordan": "12.73",
                    "Iraq": "11.47",
                    "Saudi Arabia": "10.83",
                    "Libya": "10.76"
                },
                "Machinery and Mechanical Appliances; Electrical Equipment; Parts thereof; Sound Recorders and Reproducers, Television Image and Sound Recorders and Reproducers, and Parts and Accessories of such Articles": {
                    "Iraq": "24.09",
                    "Saudi Arabia": "19.56",
                    "Kuwait": "16.41",
                    "Jordan": "14.70",
                    "Qatar": "5.50"
                },
                "Vehicles, Aircraft, Vessels, and Associated Transport Equipment": {
                    "Qatar": "17.54",
                    "Turkey": "16.46",
                    "Egypt, Arab Rep.": "14.59",
                    "Jordan": "12.45",
                    "Saudi Arabia": "10.54"
                },
                "Optical, Photographic, Cinematographic, Measuring, Checking, Precision, Medical or Surgical Instruments and Apparatus; Clocks and Watches; Musical Instruments; Parts and Accessories thereof": {
                    "Saudi Arabia": "14.90",
                    "Iraq": "8.57",
                    "Jordan": "8.38",
                    "Turkey": "7.38",
                    "Algeria": "6.62"
                },
                "Miscellaneous Manufactured Articles": {
                    "Iraq": "20.24",
                    "Saudi Arabia": "9.06",
                    "Lebanon": "6.27",
                    "United Arab Emirates": "4.99",
                    "Jordan": "4.33"
                }
            }
        },
        "2008": {
            "Imports": {
                "Animals & Animal Products": {
                    "Saudi Arabia": "34.53",
                    "Iraq": "27.86",
                    "Lebanon": "13.58",
                    "Jordan": "6.54",
                    "Qatar": "5.25"
                },
                "Vegetable Products": {
                    "Iraq": "18.72",
                    "Saudi Arabia": "14.12",
                    "Lebanon": "12.31",
                    "Egypt, Arab Rep.": "11.98",
                    "Jordan": "11.04"
                },
                "Prepared Foodstuffs; Beverages, Spirits, Vinegar, Tobacco and Manufactured Tobacco Substitutes": {
                    "Iraq": "79.69",
                    "Lebanon": "6.21",
                    "Saudi Arabia": "3.70",
                    "Jordan": "2.51",
                    "Kuwait": "2.19"
                },
                "Mineral Products": {
                    "Lebanon": "22.76",
                    "Turkey": "14.61",
                    "Ukraine": "14.16",
                    "Netherlands": "9.35",
                    "Bulgaria": "8.00"
                },
                "Products of the Chemical or Allied Industries": {
                    "Lebanon": "40.46",
                    "Iraq": "23.53",
                    "Yemen": "6.19",
                    "Algeria": "3.69",
                    "Senegal": "3.27"
                },
                "Plastics and Articles thereof; Rubber and Articles thereof": {
                    "Lebanon": "26.04",
                    "Saudi Arabia": "18.22",
                    "Iraq": "14.49",
                    "Jordan": "6.39",
                    "Kuwait": "5.43"
                },
                "Raw Hides and Skins, Leather, Furskins, and Articles thereof; Saddlery and Harness; Travel Goods, Handbags, and Similar Containers; Articles of Animal Gut (Other than Silk-worm Gut)": {
                    "Italy": "29.17",
                    "Saudi Arabia": "22.86",
                    "India": "16.62",
                    "Turkey": "5.32",
                    "United Arab Emirates": "4.84"
                },
                "Wood and Articles of Wood; Wood Charcoal; Cork and Articles of Cork; Manufactures of Straw, of Esparto or of Other Plaiting Materials; Basketware and Wickerwork": {
                    "Lebanon": "25.34",
                    "Saudi Arabia": "20.54",
                    "Iraq": "15.55",
                    "Kuwait": "6.41",
                    "United Arab Emirates": "5.25"
                },
                "Textiles and Textile Articles": {
                    "Egypt, Arab Rep.": "26.71",
                    "Algeria": "18.95",
                    "Saudi Arabia": "13.78",
                    "Iraq": "5.14",
                    "Lebanon": "4.84"
                },
                "Footwear, Headgear, Umbrellas, Sun Umbrellas, Walking-sticks, Seat-sticks, Whips, Riding-crops, and Parts thereof; Prepared Feathers and Articles Made therewith; Artificial Flowers; Articles of Human Hair": {
                    "Saudi Arabia": "33.62",
                    "Yemen": "12.87",
                    "Algeria": "12.67",
                    "Lebanon": "10.85",
                    "Fm Sudan": "7.39"
                },
                "Articles of Stone, Plaster, Cement, Asbestos, Mica or Similar Materials; Ceramic Products; Glass and Glassware": {
                    "Iraq": "35.45",
                    "Kuwait": "16.10",
                    "Jordan": "14.69",
                    "Lebanon": "11.96",
                    "Saudi Arabia": "5.94"
                },
                "Natural or Cultured Pearls, Precious or Semi-precious Stones, Precious Metals, Metals Clad with Precious Metal, and Articles thereof; Imitation Jewellery; Coin": {
                    "Lebanon": "26.30",
                    "Turkey": "11.47",
                    "Ukraine": "9.47",
                    "Belgium": "6.36",
                    "Netherlands": "6.25"
                },
                "Base Metals and Articles of Base Metal": {
                    "Lebanon": "48.29",
                    "Iraq": "18.29",
                    "Jordan": "8.62",
                    "Saudi Arabia": "4.44",
                    "Kuwait": "2.85"
                },
                "Machinery and Mechanical Appliances; Electrical Equipment; Parts thereof; Sound Recorders and Reproducers, Television Image and Sound Recorders and Reproducers, and Parts and Accessories of such Articles": {
                    "Iraq": "59.33",
                    "Jordan": "11.57",
                    "Saudi Arabia": "9.47",
                    "Lebanon": "5.32",
                    "Kuwait": "1.85"
                },
                "Vehicles, Aircraft, Vessels, and Associated Transport Equipment": {
                    "Iraq": "32.64",
                    "Egypt, Arab Rep.": "20.25",
                    "Kuwait": "14.47",
                    "Saudi Arabia": "13.83",
                    "Turkey": "4.88"
                },
                "Optical, Photographic, Cinematographic, Measuring, Checking, Precision, Medical or Surgical Instruments and Apparatus; Clocks and Watches; Musical Instruments; Parts and Accessories thereof": {
                    "Iraq": "18.67",
                    "Lebanon": "18.52",
                    "Egypt, Arab Rep.": "12.30",
                    "Saudi Arabia": "12.08",
                    "Algeria": "9.99"
                },
                "Miscellaneous Manufactured Articles": {
                    "Unspecified": "51.41",
                    "Saudi Arabia": "12.49",
                    "Iraq": "8.54",
                    "United Arab Emirates": "4.18",
                    "Lebanon": "4.12"
                }
            }
        },
        "2009": {
            "Imports": {
                "Animals & Animal Products": {
                    "Iraq": "59.92",
                    "Saudi Arabia": "14.31",
                    "Jordan": "9.03",
                    "Qatar": "6.31",
                    "Lebanon": "2.47"
                },
                "Vegetable Products": {
                    "Iraq": "44.46",
                    "Saudi Arabia": "15.00",
                    "Jordan": "8.13",
                    "Egypt, Arab Rep.": "6.77",
                    "United Arab Emirates": "4.37"
                },
                "Prepared Foodstuffs; Beverages, Spirits, Vinegar, Tobacco and Manufactured Tobacco Substitutes": {
                    "Iraq": "72.37",
                    "Jordan": "6.29",
                    "Lebanon": "4.63",
                    "Saudi Arabia": "2.81",
                    "United Arab Emirates": "2.14"
                },
                "Mineral Products": {
                    "Turkey": "26.88",
                    "Lebanon": "25.00",
                    "Bulgaria": "11.25",
                    "Greece": "10.11",
                    "Poland": "9.28"
                },
                "Products of the Chemical or Allied Industries": {
                    "Iraq": "65.86",
                    "Lebanon": "7.60",
                    "Yemen": "4.01",
                    "Fm Sudan": "2.50",
                    "Algeria": "2.38"
                },
                "Plastics and Articles thereof; Rubber and Articles thereof": {
                    "Iraq": "46.94",
                    "Saudi Arabia": "15.35",
                    "Egypt, Arab Rep.": "6.68",
                    "Lebanon": "5.68",
                    "Jordan": "4.86"
                },
                "Raw Hides and Skins, Leather, Furskins, and Articles thereof; Saddlery and Harness; Travel Goods, Handbags, and Similar Containers; Articles of Animal Gut (Other than Silk-worm Gut)": {
                    "Italy": "29.23",
                    "India": "27.11",
                    "Saudi Arabia": "9.31",
                    "United Arab Emirates": "5.59",
                    "Korea, Rep.": "4.75"
                },
                "Wood and Articles of Wood; Wood Charcoal; Cork and Articles of Cork; Manufactures of Straw, of Esparto or of Other Plaiting Materials; Basketware and Wickerwork": {
                    "Iraq": "48.18",
                    "Lebanon": "11.63",
                    "Saudi Arabia": "6.38",
                    "Jordan": "3.95",
                    "Yemen": "3.82"
                },
                "Textiles and Textile Articles": {
                    "Iraq": "28.60",
                    "Egypt, Arab Rep.": "12.67",
                    "Saudi Arabia": "12.48",
                    "Algeria": "8.54",
                    "Turkey": "5.21"
                },
                "Footwear, Headgear, Umbrellas, Sun Umbrellas, Walking-sticks, Seat-sticks, Whips, Riding-crops, and Parts thereof; Prepared Feathers and Articles Made therewith; Artificial Flowers; Articles of Human Hair": {
                    "Saudi Arabia": "19.62",
                    "Libya": "15.56",
                    "Algeria": "12.35",
                    "Fm Sudan": "9.12",
                    "Iraq": "8.38"
                },
                "Articles of Stone, Plaster, Cement, Asbestos, Mica or Similar Materials; Ceramic Products; Glass and Glassware": {
                    "Iraq": "38.21",
                    "United Arab Emirates": "13.58",
                    "Saudi Arabia": "11.77",
                    "Jordan": "10.15",
                    "Qatar": "7.37"
                },
                "Natural or Cultured Pearls, Precious or Semi-precious Stones, Precious Metals, Metals Clad with Precious Metal, and Articles thereof; Imitation Jewellery; Coin": {
                    "Turkey": "20.85",
                    "Lebanon": "20.51",
                    "Greece": "7.62",
                    "Bulgaria": "7.61",
                    "Poland": "6.28"
                },
                "Base Metals and Articles of Base Metal": {
                    "Iraq": "28.31",
                    "Jordan": "14.29",
                    "Lebanon": "11.97",
                    "Saudi Arabia": "6.40",
                    "Germany": "5.99"
                },
                "Machinery and Mechanical Appliances; Electrical Equipment; Parts thereof; Sound Recorders and Reproducers, Television Image and Sound Recorders and Reproducers, and Parts and Accessories of such Articles": {
                    "Iraq": "28.84",
                    "Libya": "18.01",
                    "Egypt, Arab Rep.": "14.18",
                    "Qatar": "10.18",
                    "Algeria": "5.54"
                },
                "Vehicles, Aircraft, Vessels, and Associated Transport Equipment": {
                    "Iraq": "21.38",
                    "Egypt, Arab Rep.": "16.01",
                    "United Arab Emirates": "13.41",
                    "Libya": "8.58",
                    "Saudi Arabia": "8.36"
                },
                "Optical, Photographic, Cinematographic, Measuring, Checking, Precision, Medical or Surgical Instruments and Apparatus; Clocks and Watches; Musical Instruments; Parts and Accessories thereof": {
                    "Iraq": "38.30",
                    "Saudi Arabia": "9.89",
                    "Egypt, Arab Rep.": "7.42",
                    "Libya": "6.00",
                    "Algeria": "5.48"
                },
                "Miscellaneous Manufactured Articles": {
                    "Saudi Arabia": "23.93",
                    "Iraq": "12.54",
                    "United Arab Emirates": "6.22",
                    "Lebanon": "5.52",
                    "Egypt, Arab Rep.": "5.43"
                }
            }
        },
        "2010": {
            "Imports": {
                "Animals & Animal Products": {
                    "Iraq": "38.49",
                    "Saudi Arabia": "25.25",
                    "Jordan": "10.75",
                    "Lebanon": "7.95",
                    "Kuwait": "6.67"
                },
                "Vegetable Products": {
                    "Iraq": "42.00",
                    "Saudi Arabia": "13.78",
                    "Jordan": "10.16",
                    "Egypt, Arab Rep.": "7.31",
                    "Kuwait": "4.65"
                },
                "Prepared Foodstuffs; Beverages, Spirits, Vinegar, Tobacco and Manufactured Tobacco Substitutes": {
                    "Iraq": "63.28",
                    "Jordan": "11.22",
                    "Lebanon": "4.47",
                    "Fm Sudan": "3.51",
                    "Egypt, Arab Rep.": "2.79"
                },
                "Mineral Products": {
                    "Lebanon": "24.99",
                    "Bulgaria": "14.69",
                    "Ukraine": "10.21",
                    "Poland": "9.95",
                    "Turkey": "9.25"
                },
                "Products of the Chemical or Allied Industries": {
                    "Iraq": "70.92",
                    "Lebanon": "5.15",
                    "Yemen": "3.47",
                    "Turkey": "2.74",
                    "Jordan": "2.52"
                },
                "Plastics and Articles thereof; Rubber and Articles thereof": {
                    "Iraq": "59.48",
                    "Saudi Arabia": "10.52",
                    "Turkey": "5.27",
                    "Jordan": "4.76",
                    "Lebanon": "3.78"
                },
                "Raw Hides and Skins, Leather, Furskins, and Articles thereof; Saddlery and Harness; Travel Goods, Handbags, and Similar Containers; Articles of Animal Gut (Other than Silk-worm Gut)": {
                    "Italy": "32.56",
                    "India": "20.11",
                    "Iraq": "14.94",
                    "Saudi Arabia": "7.35",
                    "Turkey": "4.98"
                },
                "Wood and Articles of Wood; Wood Charcoal; Cork and Articles of Cork; Manufactures of Straw, of Esparto or of Other Plaiting Materials; Basketware and Wickerwork": {
                    "Iraq": "59.00",
                    "Lebanon": "11.00",
                    "Saudi Arabia": "6.85",
                    "Jordan": "3.85",
                    "Kuwait": "3.24"
                },
                "Textiles and Textile Articles": {
                    "Turkey": "18.09",
                    "Iraq": "16.44",
                    "Egypt, Arab Rep.": "13.16",
                    "Saudi Arabia": "8.64",
                    "Algeria": "8.54"
                },
                "Footwear, Headgear, Umbrellas, Sun Umbrellas, Walking-sticks, Seat-sticks, Whips, Riding-crops, and Parts thereof; Prepared Feathers and Articles Made therewith; Artificial Flowers; Articles of Human Hair": {
                    "Iraq": "18.03",
                    "Saudi Arabia": "17.47",
                    "Libya": "13.17",
                    "Yemen": "11.38",
                    "Turkey": "7.92"
                },
                "Articles of Stone, Plaster, Cement, Asbestos, Mica or Similar Materials; Ceramic Products; Glass and Glassware": {
                    "Iraq": "45.40",
                    "Saudi Arabia": "10.11",
                    "Jordan": "9.79",
                    "Lebanon": "9.16",
                    "Kuwait": "5.52"
                },
                "Natural or Cultured Pearls, Precious or Semi-precious Stones, Precious Metals, Metals Clad with Precious Metal, and Articles thereof; Imitation Jewellery; Coin": {
                    "Lebanon": "19.64",
                    "Turkey": "11.18",
                    "Bulgaria": "10.16",
                    "Ukraine": "7.06",
                    "Greece": "7.04"
                },
                "Base Metals and Articles of Base Metal": {
                    "Iraq": "28.93",
                    "Jordan": "13.54",
                    "Lebanon": "12.28",
                    "Saudi Arabia": "9.33",
                    "Germany": "6.51"
                },
                "Machinery and Mechanical Appliances; Electrical Equipment; Parts thereof; Sound Recorders and Reproducers, Television Image and Sound Recorders and Reproducers, and Parts and Accessories of such Articles": {
                    "Iraq": "28.90",
                    "Libya": "12.49",
                    "Egypt, Arab Rep.": "10.54",
                    "Saudi Arabia": "6.51",
                    "Jordan": "6.12"
                },
                "Vehicles, Aircraft, Vessels, and Associated Transport Equipment": {
                    "Iraq": "45.60",
                    "Egypt, Arab Rep.": "9.48",
                    "Free Zones": "7.86",
                    "Saudi Arabia": "6.83",
                    "Turkey": "5.75"
                },
                "Optical, Photographic, Cinematographic, Measuring, Checking, Precision, Medical or Surgical Instruments and Apparatus; Clocks and Watches; Musical Instruments; Parts and Accessories thereof": {
                    "Iraq": "39.65",
                    "Saudi Arabia": "7.95",
                    "Turkey": "6.92",
                    "Egypt, Arab Rep.": "6.41",
                    "Algeria": "5.00"
                },
                "Miscellaneous Manufactured Articles": {
                    "Iraq": "43.36",
                    "Saudi Arabia": "11.09",
                    "Lebanon": "9.98",
                    "Libya": "5.95",
                    "Jordan": "2.77"
                }
            }
        }
    }
}