{
    "Main Partners": {
        "1995": {
            "Imports": {
                "Vegetable Products": {
                    "United States": "14.46",
                    "France": "11.64",
                    "Saudi Arabia": "10.20",
                    "Italy": "8.93",
                    "Japan": "7.37"
                },
                "Prepared Foodstuffs; Beverages, Spirits, Vinegar, Tobacco and Manufactured Tobacco Substitutes": {
                    "France": "22.09",
                    "United Kingdom": "21.00",
                    "Belgium-Luxembourg": "17.64",
                    "Saudi Arabia": "10.07",
                    "Yemen": "7.46"
                },
                "Mineral Products": {
                    "Sweden": "80.51",
                    "Japan": "18.01",
                    "Egypt, Arab Rep.": "1.44",
                    "Unspecified": "0.04"
                },
                "Products of the Chemical or Allied Industries": {
                    "United Arab Emirates": "100.00"
                },
                "Raw Hides and Skins, Leather, Furskins, and Articles thereof; Saddlery and Harness; Travel Goods, Handbags, and Similar Containers; Articles of Animal Gut (Other than Silk-worm Gut)": {
                    "Belgium-Luxembourg": "51.25",
                    "India": "16.10",
                    "Turkey": "6.48",
                    "Italy": "5.61",
                    "Egypt, Arab Rep.": "4.39"
                },
                "Wood and Articles of Wood; Wood Charcoal; Cork and Articles of Cork; Manufactures of Straw, of Esparto or of Other Plaiting Materials; Basketware and Wickerwork": {
                    "Saudi Arabia": "31.96",
                    "Unspecified": "26.42",
                    "Qatar": "17.93",
                    "Pakistan": "13.29",
                    "Mali": "10.39"
                },
                "Textiles and Textile Articles": {
                    "China": "34.83",
                    "Thailand": "28.06",
                    "Italy": "9.52",
                    "Japan": "6.77",
                    "Romania": "5.88"
                },
                "Articles of Stone, Plaster, Cement, Asbestos, Mica or Similar Materials; Ceramic Products; Glass and Glassware": {
                    "United Kingdom": "95.23",
                    "Greece": "3.28",
                    "France": "1.48"
                },
                "Natural or Cultured Pearls, Precious or Semi-precious Stones, Precious Metals, Metals Clad with Precious Metal, and Articles thereof; Imitation Jewellery; Coin": {
                    "Sweden": "66.79",
                    "Japan": "29.21",
                    "United Arab Emirates": "1.48",
                    "India": "1.30",
                    "Egypt, Arab Rep.": "1.19"
                },
                "Base Metals and Articles of Base Metal": {
                    "Japan": "91.57",
                    "India": "8.31",
                    "Unspecified": "0.11"
                },
                "Machinery and Mechanical Appliances; Electrical Equipment; Parts thereof; Sound Recorders and Reproducers, Television Image and Sound Recorders and Reproducers, and Parts and Accessories of such Articles": {
                    "Brazil": "96.39",
                    "United Kingdom": "3.37",
                    "Unspecified": "0.24"
                },
                "Vehicles, Aircraft, Vessels, and Associated Transport Equipment": {
                    "Germany": "50.33",
                    "Saudi Arabia": "40.11",
                    "United Kingdom": "9.54",
                    "Unspecified": "0.02"
                },
                "Optical, Photographic, Cinematographic, Measuring, Checking, Precision, Medical or Surgical Instruments and Apparatus; Clocks and Watches; Musical Instruments; Parts and Accessories thereof": {
                    "Belgium-Luxembourg": "53.07",
                    "India": "15.65",
                    "Turkey": "5.98",
                    "Egypt, Arab Rep.": "4.53",
                    "Italy": "4.12"
                },
                "Miscellaneous Manufactured Articles": {
                    "Thailand": "63.76",
                    "United States": "32.78",
                    "Unspecified": "3.46"
                }
            }
        },
        "1996": {
            "Imports": {
                "Animals & Animal Products": {
                    "Saudi Arabia": "84.02",
                    "Jordan": "6.49",
                    "United Arab Emirates": "6.14",
                    "Oman": "1.22",
                    "Bahrain": "0.70"
                },
                "Vegetable Products": {
                    "Egypt, Arab Rep.": "12.61",
                    "Japan": "11.32",
                    "Saudi Arabia": "9.06",
                    "Jordan": "8.41",
                    "Italy": "6.20"
                },
                "Prepared Foodstuffs; Beverages, Spirits, Vinegar, Tobacco and Manufactured Tobacco Substitutes": {
                    "United Kingdom": "24.72",
                    "Somalia": "18.06",
                    "Djibouti": "14.62",
                    "Yemen": "11.48",
                    "Saudi Arabia": "6.51"
                },
                "Mineral Products": {
                    "Egypt, Arab Rep.": "92.82",
                    "United Kingdom": "5.11",
                    "Unspecified": "2.07"
                },
                "Products of the Chemical or Allied Industries": {
                    "United Arab Emirates": "95.79",
                    "Netherlands": "3.69",
                    "Egypt, Arab Rep.": "0.46",
                    "Unspecified": "0.06"
                },
                "Plastics and Articles thereof; Rubber and Articles thereof": {
                    "United Kingdom": "99.99",
                    "Unspecified": "0.01"
                },
                "Raw Hides and Skins, Leather, Furskins, and Articles thereof; Saddlery and Harness; Travel Goods, Handbags, and Similar Containers; Articles of Animal Gut (Other than Silk-worm Gut)": {
                    "Italy": "26.21",
                    "Turkey": "21.32",
                    "Pakistan": "14.63",
                    "Saudi Arabia": "9.49",
                    "India": "6.02"
                },
                "Wood and Articles of Wood; Wood Charcoal; Cork and Articles of Cork; Manufactures of Straw, of Esparto or of Other Plaiting Materials; Basketware and Wickerwork": {
                    "Saudi Arabia": "74.83",
                    "Unspecified": "18.68",
                    "United States": "6.50"
                },
                "Textiles and Textile Articles": {
                    "China": "36.04",
                    "Thailand": "20.62",
                    "Italy": "12.95",
                    "United Arab Emirates": "10.46",
                    "Germany": "3.61"
                },
                "Footwear, Headgear, Umbrellas, Sun Umbrellas, Walking-sticks, Seat-sticks, Whips, Riding-crops, and Parts thereof; Prepared Feathers and Articles Made therewith; Artificial Flowers; Articles of Human Hair": {
                    "Saudi Arabia": "100.00"
                },
                "Articles of Stone, Plaster, Cement, Asbestos, Mica or Similar Materials; Ceramic Products; Glass and Glassware": {
                    "United Kingdom": "100.00",
                    "Unspecified": "0.00"
                },
                "Natural or Cultured Pearls, Precious or Semi-precious Stones, Precious Metals, Metals Clad with Precious Metal, and Articles thereof; Imitation Jewellery; Coin": {
                    "Hong Kong, China": "35.28",
                    "India": "25.13",
                    "United Arab Emirates": "20.29",
                    "Germany": "16.02",
                    "Egypt, Arab Rep.": "3.09"
                },
                "Base Metals and Articles of Base Metal": {
                    "Hong Kong, China": "44.20",
                    "India": "31.49",
                    "Germany": "20.06",
                    "United Arab Emirates": "2.16",
                    "Egypt, Arab Rep.": "1.15"
                },
                "Machinery and Mechanical Appliances; Electrical Equipment; Parts thereof; Sound Recorders and Reproducers, Television Image and Sound Recorders and Reproducers, and Parts and Accessories of such Articles": {
                    "India": "20.80",
                    "United Kingdom": "18.02",
                    "United States": "16.73",
                    "Indonesia": "9.31",
                    "Jordan": "9.31"
                },
                "Vehicles, Aircraft, Vessels, and Associated Transport Equipment": {
                    "Egypt, Arab Rep.": "48.29",
                    "Ireland": "19.40",
                    "Germany": "14.84",
                    "Jordan": "10.62",
                    "United Arab Emirates": "3.11"
                },
                "Optical, Photographic, Cinematographic, Measuring, Checking, Precision, Medical or Surgical Instruments and Apparatus; Clocks and Watches; Musical Instruments; Parts and Accessories thereof": {
                    "United Arab Emirates": "33.89",
                    "Turkey": "14.55",
                    "Belgium-Luxembourg": "7.51",
                    "Hong Kong, China": "7.06",
                    "Italy": "6.69"
                },
                "Miscellaneous Manufactured Articles": {
                    "United Arab Emirates": "16.66",
                    "India": "13.89",
                    "Netherlands": "12.97",
                    "Korea, Rep.": "9.44",
                    "Saudi Arabia": "7.28"
                }
            }
        },
        "1997": {
            "Imports": {
                "Animals & Animal Products": {
                    "Saudi Arabia": "85.08",
                    "Jordan": "9.55",
                    "United Arab Emirates": "3.69",
                    "Egypt, Arab Rep.": "0.86",
                    "Bahrain": "0.27"
                },
                "Vegetable Products": {
                    "Italy": "12.54",
                    "Egypt, Arab Rep.": "8.83",
                    "Korea, Rep.": "8.33",
                    "Germany": "7.71",
                    "Saudi Arabia": "7.01"
                },
                "Prepared Foodstuffs; Beverages, Spirits, Vinegar, Tobacco and Manufactured Tobacco Substitutes": {
                    "Kenya": "22.29",
                    "France": "19.42",
                    "Yemen": "19.30",
                    "United Kingdom": "12.46",
                    "Saudi Arabia": "6.24"
                },
                "Mineral Products": {
                    "Sweden": "55.22",
                    "South Africa": "26.57",
                    "China": "18.15",
                    "Unspecified": "0.06"
                },
                "Products of the Chemical or Allied Industries": {
                    "United Arab Emirates": "91.19",
                    "Jordan": "8.76",
                    "Unspecified": "0.05"
                },
                "Plastics and Articles thereof; Rubber and Articles thereof": {
                    "Saudi Arabia": "90.63",
                    "Unspecified": "9.37"
                },
                "Raw Hides and Skins, Leather, Furskins, and Articles thereof; Saddlery and Harness; Travel Goods, Handbags, and Similar Containers; Articles of Animal Gut (Other than Silk-worm Gut)": {
                    "Italy": "30.87",
                    "Hong Kong, China": "26.90",
                    "Malta": "11.39",
                    "United States": "6.25",
                    "Pakistan": "5.79"
                },
                "Wood and Articles of Wood; Wood Charcoal; Cork and Articles of Cork; Manufactures of Straw, of Esparto or of Other Plaiting Materials; Basketware and Wickerwork": {
                    "Saudi Arabia": "72.79",
                    "Jordan": "15.92",
                    "Kenya": "4.23",
                    "Unspecified": "4.16",
                    "United Arab Emirates": "2.90"
                },
                "Textiles and Textile Articles": {
                    "Germany": "26.84",
                    "Thailand": "15.78",
                    "China": "15.40",
                    "Egypt, Arab Rep.": "10.84",
                    "Italy": "5.08"
                },
                "Articles of Stone, Plaster, Cement, Asbestos, Mica or Similar Materials; Ceramic Products; Glass and Glassware": {
                    "United Kingdom": "96.74",
                    "France": "3.26"
                },
                "Natural or Cultured Pearls, Precious or Semi-precious Stones, Precious Metals, Metals Clad with Precious Metal, and Articles thereof; Imitation Jewellery; Coin": {
                    "Sweden": "31.89",
                    "India": "30.62",
                    "South Africa": "15.34",
                    "China": "10.48",
                    "United Arab Emirates": "6.59"
                },
                "Base Metals and Articles of Base Metal": {
                    "India": "78.44",
                    "Egypt, Arab Rep.": "11.72",
                    "France": "6.48",
                    "Netherlands": "1.24",
                    "Indonesia": "1.20"
                },
                "Machinery and Mechanical Appliances; Electrical Equipment; Parts thereof; Sound Recorders and Reproducers, Television Image and Sound Recorders and Reproducers, and Parts and Accessories of such Articles": {
                    "Germany": "52.17",
                    "United Kingdom": "22.76",
                    "France": "7.81",
                    "Unspecified": "4.35",
                    "Brazil": "3.90"
                },
                "Vehicles, Aircraft, Vessels, and Associated Transport Equipment": {
                    "Switzerland": "56.80",
                    "United Kingdom": "19.63",
                    "Jordan": "10.94",
                    "Ireland": "10.61",
                    "Ethiopia(excludes Eritrea)": "0.68"
                },
                "Optical, Photographic, Cinematographic, Measuring, Checking, Precision, Medical or Surgical Instruments and Apparatus; Clocks and Watches; Musical Instruments; Parts and Accessories thereof": {
                    "Italy": "15.62",
                    "Portugal": "13.78",
                    "Hong Kong, China": "12.61",
                    "Belgium-Luxembourg": "10.40",
                    "Switzerland": "8.51"
                },
                "Miscellaneous Manufactured Articles": {
                    "Netherlands": "37.31",
                    "Germany": "18.40",
                    "United Kingdom": "10.29",
                    "Egypt, Arab Rep.": "6.56",
                    "Unspecified": "5.52"
                }
            }
        },
        "1998": {
            "Imports": {
                "Animals & Animal Products": {
                    "Saudi Arabia": "75.19",
                    "Egypt, Arab Rep.": "12.52",
                    "Jordan": "7.71",
                    "United Kingdom": "3.07",
                    "Yemen": "0.63"
                },
                "Vegetable Products": {
                    "Saudi Arabia": "12.54",
                    "Italy": "11.19",
                    "United Kingdom": "9.30",
                    "Korea, Rep.": "8.54",
                    "Hong Kong, China": "7.86"
                },
                "Prepared Foodstuffs; Beverages, Spirits, Vinegar, Tobacco and Manufactured Tobacco Substitutes": {
                    "Yemen": "27.53",
                    "France": "18.92",
                    "Somalia": "12.07",
                    "United Kingdom": "9.61",
                    "Kenya": "9.52"
                },
                "Mineral Products": {
                    "Sweden": "86.45",
                    "Djibouti": "8.87",
                    "Kenya": "4.44",
                    "Belgium-Luxembourg": "0.12",
                    "Saudi Arabia": "0.08"
                },
                "Products of the Chemical or Allied Industries": {
                    "United Kingdom": "52.98",
                    "Egypt, Arab Rep.": "32.19",
                    "Yemen": "5.20",
                    "Belgium-Luxembourg": "4.91",
                    "Pakistan": "3.37"
                },
                "Plastics and Articles thereof; Rubber and Articles thereof": {
                    "Germany": "78.51",
                    "Zimbabwe": "20.81",
                    "United Kingdom": "0.63",
                    "Unspecified": "0.05"
                },
                "Wood and Articles of Wood; Wood Charcoal; Cork and Articles of Cork; Manufactures of Straw, of Esparto or of Other Plaiting Materials; Basketware and Wickerwork": {
                    "Saudi Arabia": "47.96",
                    "United Kingdom": "27.01",
                    "Netherlands": "22.91",
                    "Unspecified": "1.63",
                    "Rwanda": "0.27"
                },
                "Textiles and Textile Articles": {
                    "India": "22.78",
                    "Italy": "14.92",
                    "Thailand": "14.79",
                    "United Kingdom": "14.14",
                    "Bangladesh": "11.48"
                },
                "Footwear, Headgear, Umbrellas, Sun Umbrellas, Walking-sticks, Seat-sticks, Whips, Riding-crops, and Parts thereof; Prepared Feathers and Articles Made therewith; Artificial Flowers; Articles of Human Hair": {
                    "Singapore": "85.16",
                    "Egypt, Arab Rep.": "8.31",
                    "Unspecified": "6.53"
                },
                "Articles of Stone, Plaster, Cement, Asbestos, Mica or Similar Materials; Ceramic Products; Glass and Glassware": {
                    "United Kingdom": "92.12",
                    "France": "7.88"
                },
                "Natural or Cultured Pearls, Precious or Semi-precious Stones, Precious Metals, Metals Clad with Precious Metal, and Articles thereof; Imitation Jewellery; Coin": {
                    "Sweden": "49.65",
                    "United Kingdom": "27.62",
                    "Belgium-Luxembourg": "8.71",
                    "Egypt, Arab Rep.": "6.26",
                    "Djibouti": "5.10"
                },
                "Base Metals and Articles of Base Metal": {
                    "Netherlands": "93.98",
                    "Belgium-Luxembourg": "1.99",
                    "Germany": "1.30",
                    "United Kingdom": "1.24",
                    "Italy": "0.90"
                },
                "Machinery and Mechanical Appliances; Electrical Equipment; Parts thereof; Sound Recorders and Reproducers, Television Image and Sound Recorders and Reproducers, and Parts and Accessories of such Articles": {
                    "France": "53.36",
                    "Germany": "19.35",
                    "United Kingdom": "18.22",
                    "Sweden": "5.37",
                    "Italy": "0.83"
                },
                "Vehicles, Aircraft, Vessels, and Associated Transport Equipment": {
                    "Egypt, Arab Rep.": "47.64",
                    "Saudi Arabia": "34.29",
                    "United Kingdom": "6.32",
                    "Kenya": "5.68",
                    "Germany": "3.56"
                },
                "Miscellaneous Manufactured Articles": {
                    "Lebanon": "41.83",
                    "United Kingdom": "23.21",
                    "Denmark": "6.57",
                    "Saudi Arabia": "4.03",
                    "Egypt, Arab Rep.": "3.98"
                }
            }
        },
        "1999": {
            "Imports": {
                "Animals & Animal Products": {
                    "Saudi Arabia": "90.99",
                    "Jordan": "3.36",
                    "Egypt, Arab Rep.": "2.54",
                    "United Arab Emirates": "2.11",
                    "Qatar": "0.31"
                },
                "Vegetable Products": {
                    "Japan": "11.02",
                    "Egypt, Arab Rep.": "9.80",
                    "Saudi Arabia": "9.20",
                    "Unspecified": "8.93",
                    "Korea, Rep.": "8.72"
                },
                "Prepared Foodstuffs; Beverages, Spirits, Vinegar, Tobacco and Manufactured Tobacco Substitutes": {
                    "Aruba": "18.78",
                    "United Kingdom": "15.32",
                    "France": "12.61",
                    "Yemen": "9.59",
                    "Netherlands": "8.47"
                },
                "Mineral Products": {
                    "China": "98.04",
                    "Saudi Arabia": "1.94",
                    "Unspecified": "0.02"
                },
                "Products of the Chemical or Allied Industries": {
                    "United Arab Emirates": "75.53",
                    "Egypt, Arab Rep.": "20.51",
                    "Switzerland": "3.25",
                    "Netherlands": "0.36",
                    "Kenya": "0.27"
                },
                "Plastics and Articles thereof; Rubber and Articles thereof": {
                    "Unspecified": "68.38",
                    "United Kingdom": "31.43",
                    "United Arab Emirates": "0.20"
                },
                "Raw Hides and Skins, Leather, Furskins, and Articles thereof; Saddlery and Harness; Travel Goods, Handbags, and Similar Containers; Articles of Animal Gut (Other than Silk-worm Gut)": {
                    "Hong Kong, China": "72.20",
                    "Italy": "10.20",
                    "Egypt, Arab Rep.": "4.07",
                    "Greece": "2.62",
                    "India": "1.95"
                },
                "Wood and Articles of Wood; Wood Charcoal; Cork and Articles of Cork; Manufactures of Straw, of Esparto or of Other Plaiting Materials; Basketware and Wickerwork": {
                    "Turkey": "69.72",
                    "Saudi Arabia": "28.38",
                    "Unspecified": "0.57",
                    "Singapore": "0.48",
                    "United Arab Emirates": "0.38"
                },
                "Footwear, Headgear, Umbrellas, Sun Umbrellas, Walking-sticks, Seat-sticks, Whips, Riding-crops, and Parts thereof; Prepared Feathers and Articles Made therewith; Artificial Flowers; Articles of Human Hair": {
                    "Syrian Arab Republic": "55.72",
                    "Saudi Arabia": "34.73",
                    "Unspecified": "9.55"
                },
                "Articles of Stone, Plaster, Cement, Asbestos, Mica or Similar Materials; Ceramic Products; Glass and Glassware": {
                    "United Kingdom": "95.81",
                    "Unspecified": "1.77",
                    "France": "1.48",
                    "United Arab Emirates": "0.69",
                    "Saudi Arabia": "0.23"
                },
                "Natural or Cultured Pearls, Precious or Semi-precious Stones, Precious Metals, Metals Clad with Precious Metal, and Articles thereof; Imitation Jewellery; Coin": {
                    "India": "48.41",
                    "China": "32.26",
                    "United Arab Emirates": "11.94",
                    "Japan": "2.01",
                    "Unspecified": "1.45"
                },
                "Base Metals and Articles of Base Metal": {
                    "India": "74.46",
                    "United Arab Emirates": "7.07",
                    "Netherlands": "3.43",
                    "Japan": "3.09",
                    "China": "2.41"
                },
                "Machinery and Mechanical Appliances; Electrical Equipment; Parts thereof; Sound Recorders and Reproducers, Television Image and Sound Recorders and Reproducers, and Parts and Accessories of such Articles": {
                    "Saudi Arabia": "49.03",
                    "United Kingdom": "17.30",
                    "France": "7.86",
                    "United Arab Emirates": "6.63",
                    "Switzerland": "5.31"
                },
                "Vehicles, Aircraft, Vessels, and Associated Transport Equipment": {
                    "United Kingdom": "65.87",
                    "Unspecified": "22.19",
                    "Greece": "2.83",
                    "Belgium": "2.25",
                    "United Arab Emirates": "1.91"
                },
                "Optical, Photographic, Cinematographic, Measuring, Checking, Precision, Medical or Surgical Instruments and Apparatus; Clocks and Watches; Musical Instruments; Parts and Accessories thereof": {
                    "Hong Kong, China": "14.71",
                    "United Kingdom": "12.39",
                    "Turkey": "12.21",
                    "Saudi Arabia": "9.63",
                    "Unspecified": "8.78"
                },
                "Miscellaneous Manufactured Articles": {
                    "Unspecified": "48.10",
                    "Nigeria": "29.61",
                    "Kenya": "9.40",
                    "Switzerland": "7.72",
                    "Saudi Arabia": "1.45"
                }
            }
        },
        "2000": {
            "Imports": {
                "Animals & Animal Products": {
                    "Saudi Arabia": "88.48",
                    "Jordan": "5.10",
                    "Egypt, Arab Rep.": "3.77",
                    "United Arab Emirates": "1.29",
                    "Libya": "0.68"
                },
                "Vegetable Products": {
                    "Egypt, Arab Rep.": "21.45",
                    "Saudi Arabia": "10.34",
                    "Syrian Arab Republic": "7.74",
                    "Korea, Rep.": "7.15",
                    "Germany": "6.04"
                },
                "Prepared Foodstuffs; Beverages, Spirits, Vinegar, Tobacco and Manufactured Tobacco Substitutes": {
                    "United Kingdom": "26.68",
                    "Yemen": "14.95",
                    "Hong Kong, China": "14.91",
                    "Somalia": "11.88",
                    "Netherlands": "7.15"
                },
                "Mineral Products": {
                    "Sweden": "99.99",
                    "United Arab Emirates": "0.01",
                    "France": "0.00",
                    "Ireland": "0.00",
                    "Iran, Islamic Rep.": "0.00"
                },
                "Products of the Chemical or Allied Industries": {
                    "Ethiopia(excludes Eritrea)": "41.39",
                    "Eritrea": "31.08",
                    "United Arab Emirates": "24.25",
                    "Saudi Arabia": "2.79",
                    "India": "0.48"
                },
                "Plastics and Articles thereof; Rubber and Articles thereof": {
                    "United Kingdom": "59.50",
                    "Egypt, Arab Rep.": "13.56",
                    "United Arab Emirates": "13.38",
                    "Netherlands": "12.37",
                    "Germany": "0.60"
                },
                "Raw Hides and Skins, Leather, Furskins, and Articles thereof; Saddlery and Harness; Travel Goods, Handbags, and Similar Containers; Articles of Animal Gut (Other than Silk-worm Gut)": {
                    "Italy": "27.11",
                    "Hong Kong, China": "12.12",
                    "India": "11.21",
                    "Pakistan": "11.18",
                    "United Kingdom": "6.87"
                },
                "Wood and Articles of Wood; Wood Charcoal; Cork and Articles of Cork; Manufactures of Straw, of Esparto or of Other Plaiting Materials; Basketware and Wickerwork": {
                    "Saudi Arabia": "94.77",
                    "United Arab Emirates": "2.37",
                    "United Kingdom": "1.12",
                    "Egypt, Arab Rep.": "0.99",
                    "Singapore": "0.38"
                },
                "Textiles and Textile Articles": {
                    "Bangladesh": "28.66",
                    "Thailand": "18.86",
                    "Germany": "15.25",
                    "Egypt, Arab Rep.": "10.29",
                    "Italy": "7.16"
                },
                "Footwear, Headgear, Umbrellas, Sun Umbrellas, Walking-sticks, Seat-sticks, Whips, Riding-crops, and Parts thereof; Prepared Feathers and Articles Made therewith; Artificial Flowers; Articles of Human Hair": {
                    "Saudi Arabia": "100.00"
                },
                "Articles of Stone, Plaster, Cement, Asbestos, Mica or Similar Materials; Ceramic Products; Glass and Glassware": {
                    "United Kingdom": "92.93",
                    "Germany": "6.81",
                    "United Arab Emirates": "0.25",
                    "Djibouti": "0.01"
                },
                "Natural or Cultured Pearls, Precious or Semi-precious Stones, Precious Metals, Metals Clad with Precious Metal, and Articles thereof; Imitation Jewellery; Coin": {
                    "Sweden": "54.69",
                    "India": "16.17",
                    "United Arab Emirates": "12.56",
                    "Korea, Rep.": "7.87",
                    "Greece": "2.34"
                },
                "Base Metals and Articles of Base Metal": {
                    "China": "46.29",
                    "India": "18.61",
                    "United Arab Emirates": "10.49",
                    "Korea, Rep.": "9.06",
                    "Egypt, Arab Rep.": "3.12"
                },
                "Machinery and Mechanical Appliances; Electrical Equipment; Parts thereof; Sound Recorders and Reproducers, Television Image and Sound Recorders and Reproducers, and Parts and Accessories of such Articles": {
                    "United Arab Emirates": "30.42",
                    "China": "19.91",
                    "Egypt, Arab Rep.": "16.34",
                    "Saudi Arabia": "9.11",
                    "Canada": "6.34"
                },
                "Vehicles, Aircraft, Vessels, and Associated Transport Equipment": {
                    "Saudi Arabia": "26.83",
                    "Jordan": "23.76",
                    "Germany": "13.08",
                    "Canada": "7.86",
                    "Qatar": "6.97"
                },
                "Optical, Photographic, Cinematographic, Measuring, Checking, Precision, Medical or Surgical Instruments and Apparatus; Clocks and Watches; Musical Instruments; Parts and Accessories thereof": {
                    "Italy": "15.61",
                    "China": "13.83",
                    "United Arab Emirates": "9.15",
                    "Saudi Arabia": "8.05",
                    "Egypt, Arab Rep.": "5.35"
                },
                "Miscellaneous Manufactured Articles": {
                    "Italy": "37.08",
                    "United Arab Emirates": "25.35",
                    "Pakistan": "18.20",
                    "United Kingdom": "5.10",
                    "China": "3.48"
                }
            }
        },
        "2001": {
            "Imports": {
                "Animals & Animal Products": {
                    "Jordan": "40.44",
                    "Saudi Arabia": "40.26",
                    "Egypt, Arab Rep.": "7.64",
                    "United Arab Emirates": "7.06",
                    "Oman": "1.44"
                },
                "Vegetable Products": {
                    "Egypt, Arab Rep.": "12.43",
                    "Saudi Arabia": "10.13",
                    "Germany": "9.24",
                    "Korea, Rep.": "8.86",
                    "Hong Kong, China": "7.87"
                },
                "Prepared Foodstuffs; Beverages, Spirits, Vinegar, Tobacco and Manufactured Tobacco Substitutes": {
                    "Kenya": "32.66",
                    "United Kingdom": "17.76",
                    "France": "15.26",
                    "Somalia": "6.28",
                    "Korea, Rep.": "5.99"
                },
                "Mineral Products": {
                    "United Arab Emirates": "55.65",
                    "China": "19.68",
                    "Germany": "9.92",
                    "Saudi Arabia": "9.84",
                    "India": "4.92"
                },
                "Products of the Chemical or Allied Industries": {
                    "Eritrea": "63.38",
                    "United Arab Emirates": "31.24",
                    "China": "2.42",
                    "Germany": "0.94",
                    "Saudi Arabia": "0.94"
                },
                "Plastics and Articles thereof; Rubber and Articles thereof": {
                    "United Kingdom": "46.64",
                    "Germany": "27.93",
                    "United Arab Emirates": "16.92",
                    "Egypt, Arab Rep.": "7.60",
                    "Turkey": "0.61"
                },
                "Raw Hides and Skins, Leather, Furskins, and Articles thereof; Saddlery and Harness; Travel Goods, Handbags, and Similar Containers; Articles of Animal Gut (Other than Silk-worm Gut)": {
                    "Italy": "36.95",
                    "India": "10.48",
                    "Pakistan": "9.74",
                    "Hong Kong, China": "9.23",
                    "Spain": "6.26"
                },
                "Wood and Articles of Wood; Wood Charcoal; Cork and Articles of Cork; Manufactures of Straw, of Esparto or of Other Plaiting Materials; Basketware and Wickerwork": {
                    "Saudi Arabia": "82.69",
                    "Cyprus": "12.11",
                    "Egypt, Arab Rep.": "2.76",
                    "Singapore": "1.05",
                    "United Arab Emirates": "0.71"
                },
                "Textiles and Textile Articles": {
                    "Egypt, Arab Rep.": "27.40",
                    "Germany": "24.32",
                    "Thailand": "17.72",
                    "Bangladesh": "11.59",
                    "India": "5.83"
                },
                "Footwear, Headgear, Umbrellas, Sun Umbrellas, Walking-sticks, Seat-sticks, Whips, Riding-crops, and Parts thereof; Prepared Feathers and Articles Made therewith; Artificial Flowers; Articles of Human Hair": {
                    "Saudi Arabia": "100.00"
                },
                "Articles of Stone, Plaster, Cement, Asbestos, Mica or Similar Materials; Ceramic Products; Glass and Glassware": {
                    "United Kingdom": "82.78",
                    "Saudi Arabia": "12.87",
                    "United Arab Emirates": "2.18",
                    "Germany": "2.01",
                    "Qatar": "0.11"
                },
                "Natural or Cultured Pearls, Precious or Semi-precious Stones, Precious Metals, Metals Clad with Precious Metal, and Articles thereof; Imitation Jewellery; Coin": {
                    "United Arab Emirates": "40.80",
                    "India": "37.72",
                    "Korea, Rep.": "9.55",
                    "China": "3.03",
                    "Yemen": "2.85"
                },
                "Base Metals and Articles of Base Metal": {
                    "India": "39.05",
                    "United Arab Emirates": "34.46",
                    "Korea, Rep.": "9.96",
                    "China": "3.13",
                    "Yemen": "2.95"
                },
                "Machinery and Mechanical Appliances; Electrical Equipment; Parts thereof; Sound Recorders and Reproducers, Television Image and Sound Recorders and Reproducers, and Parts and Accessories of such Articles": {
                    "China": "39.00",
                    "United Arab Emirates": "16.62",
                    "Egypt, Arab Rep.": "10.34",
                    "United Kingdom": "7.42",
                    "Italy": "5.97"
                },
                "Vehicles, Aircraft, Vessels, and Associated Transport Equipment": {
                    "Saudi Arabia": "34.73",
                    "Singapore": "20.29",
                    "United Kingdom": "17.69",
                    "Germany": "5.81",
                    "Greece": "5.50"
                },
                "Miscellaneous Manufactured Articles": {
                    "France": "55.78",
                    "Saudi Arabia": "19.17",
                    "Tanzania": "3.49",
                    "Italy": "2.57",
                    "South Africa": "2.19"
                }
            }
        },
        "2002": {
            "Imports": {
                "Animals & Animal Products": {
                    "Saudi Arabia": "90.73",
                    "Jordan": "5.29",
                    "United Arab Emirates": "1.15",
                    "Oman": "1.05",
                    "Qatar": "0.84"
                },
                "Vegetable Products": {
                    "Egypt, Arab Rep.": "14.43",
                    "Syrian Arab Republic": "9.79",
                    "Saudi Arabia": "8.75",
                    "Germany": "7.76",
                    "France": "6.83"
                },
                "Prepared Foodstuffs; Beverages, Spirits, Vinegar, Tobacco and Manufactured Tobacco Substitutes": {
                    "Finland": "35.89",
                    "United Kingdom": "22.22",
                    "Italy": "17.16",
                    "Kenya": "6.91",
                    "Egypt, Arab Rep.": "6.25"
                },
                "Mineral Products": {
                    "Sweden": "99.60",
                    "United Arab Emirates": "0.25",
                    "Egypt, Arab Rep.": "0.12",
                    "Canada": "0.02",
                    "Netherlands": "0.02"
                },
                "Products of the Chemical or Allied Industries": {
                    "Switzerland": "64.78",
                    "Germany": "18.17",
                    "United Arab Emirates": "7.02",
                    "Ethiopia(excludes Eritrea)": "5.64",
                    "Jordan": "3.05"
                },
                "Plastics and Articles thereof; Rubber and Articles thereof": {
                    "Egypt, Arab Rep.": "51.41",
                    "Germany": "42.04",
                    "Saudi Arabia": "3.38",
                    "United Kingdom": "2.34",
                    "Jordan": "0.38"
                },
                "Raw Hides and Skins, Leather, Furskins, and Articles thereof; Saddlery and Harness; Travel Goods, Handbags, and Similar Containers; Articles of Animal Gut (Other than Silk-worm Gut)": {
                    "Italy": "38.73",
                    "Pakistan": "16.69",
                    "Hong Kong, China": "10.71",
                    "India": "8.28",
                    "Spain": "8.12"
                },
                "Wood and Articles of Wood; Wood Charcoal; Cork and Articles of Cork; Manufactures of Straw, of Esparto or of Other Plaiting Materials; Basketware and Wickerwork": {
                    "Saudi Arabia": "53.15",
                    "United Kingdom": "27.90",
                    "Cyprus": "17.48",
                    "United Arab Emirates": "1.08",
                    "Qatar": "0.15"
                },
                "Textiles and Textile Articles": {
                    "Egypt, Arab Rep.": "30.08",
                    "Germany": "24.79",
                    "Bangladesh": "13.43",
                    "Thailand": "12.68",
                    "Belgium": "6.62"
                },
                "Footwear, Headgear, Umbrellas, Sun Umbrellas, Walking-sticks, Seat-sticks, Whips, Riding-crops, and Parts thereof; Prepared Feathers and Articles Made therewith; Artificial Flowers; Articles of Human Hair": {
                    "Saudi Arabia": "96.01",
                    "Qatar": "2.17",
                    "Tanzania": "1.81"
                },
                "Articles of Stone, Plaster, Cement, Asbestos, Mica or Similar Materials; Ceramic Products; Glass and Glassware": {
                    "United Kingdom": "56.53",
                    "Saudi Arabia": "26.61",
                    "United Arab Emirates": "16.63",
                    "Egypt, Arab Rep.": "0.24"
                },
                "Natural or Cultured Pearls, Precious or Semi-precious Stones, Precious Metals, Metals Clad with Precious Metal, and Articles thereof; Imitation Jewellery; Coin": {
                    "India": "24.85",
                    "Sweden": "19.56",
                    "United Arab Emirates": "15.03",
                    "Egypt, Arab Rep.": "12.18",
                    "Korea, Rep.": "9.48"
                },
                "Base Metals and Articles of Base Metal": {
                    "India": "30.36",
                    "Egypt, Arab Rep.": "18.40",
                    "United Arab Emirates": "15.60",
                    "Korea, Rep.": "11.74",
                    "China": "8.54"
                },
                "Machinery and Mechanical Appliances; Electrical Equipment; Parts thereof; Sound Recorders and Reproducers, Television Image and Sound Recorders and Reproducers, and Parts and Accessories of such Articles": {
                    "Japan": "49.05",
                    "Saudi Arabia": "29.69",
                    "United Arab Emirates": "5.63",
                    "Sweden": "4.44",
                    "France": "3.89"
                },
                "Vehicles, Aircraft, Vessels, and Associated Transport Equipment": {
                    "United Kingdom": "26.50",
                    "Saudi Arabia": "16.05",
                    "Germany": "14.05",
                    "Singapore": "10.70",
                    "United Arab Emirates": "8.57"
                },
                "Optical, Photographic, Cinematographic, Measuring, Checking, Precision, Medical or Surgical Instruments and Apparatus; Clocks and Watches; Musical Instruments; Parts and Accessories thereof": {
                    "Saudi Arabia": "15.98",
                    "United Kingdom": "14.02",
                    "Japan": "11.99",
                    "Germany": "9.65",
                    "Italy": "7.32"
                },
                "Miscellaneous Manufactured Articles": {
                    "United Arab Emirates": "56.91",
                    "Pakistan": "10.42",
                    "Germany": "9.64",
                    "Saudi Arabia": "8.62",
                    "United Kingdom": "2.32"
                }
            }
        },
        "2003": {
            "Imports": {
                "Animals & Animal Products": {
                    "Saudi Arabia": "89.59",
                    "Egypt, Arab Rep.": "4.06",
                    "Jordan": "3.25",
                    "United Arab Emirates": "1.64",
                    "Qatar": "1.09"
                },
                "Vegetable Products": {
                    "Germany": "11.96",
                    "Korea, Rep.": "11.81",
                    "Syrian Arab Republic": "8.60",
                    "Egypt, Arab Rep.": "8.59",
                    "Saudi Arabia": "8.17"
                },
                "Prepared Foodstuffs; Beverages, Spirits, Vinegar, Tobacco and Manufactured Tobacco Substitutes": {
                    "Finland": "36.48",
                    "Italy": "16.58",
                    "United Kingdom": "12.02",
                    "Egypt, Arab Rep.": "10.71",
                    "Hong Kong, China": "9.12"
                },
                "Mineral Products": {
                    "China": "98.86",
                    "United Arab Emirates": "0.85",
                    "Saudi Arabia": "0.18",
                    "United Kingdom": "0.09",
                    "Egypt, Arab Rep.": "0.02"
                },
                "Products of the Chemical or Allied Industries": {
                    "France": "59.11",
                    "Egypt, Arab Rep.": "15.22",
                    "United Kingdom": "9.36",
                    "United Arab Emirates": "8.40",
                    "India": "5.61"
                },
                "Plastics and Articles thereof; Rubber and Articles thereof": {
                    "Egypt, Arab Rep.": "92.47",
                    "Syrian Arab Republic": "5.28",
                    "Jordan": "2.17",
                    "United Kingdom": "0.05",
                    "Germany": "0.03"
                },
                "Raw Hides and Skins, Leather, Furskins, and Articles thereof; Saddlery and Harness; Travel Goods, Handbags, and Similar Containers; Articles of Animal Gut (Other than Silk-worm Gut)": {
                    "Pakistan": "18.60",
                    "Italy": "15.34",
                    "Hong Kong, China": "14.14",
                    "Turkey": "11.04",
                    "Saudi Arabia": "9.89"
                },
                "Wood and Articles of Wood; Wood Charcoal; Cork and Articles of Cork; Manufactures of Straw, of Esparto or of Other Plaiting Materials; Basketware and Wickerwork": {
                    "Saudi Arabia": "70.65",
                    "Cyprus": "27.69",
                    "Egypt, Arab Rep.": "0.78",
                    "Chad": "0.56",
                    "Kenya": "0.14"
                },
                "Textiles and Textile Articles": {
                    "India": "17.09",
                    "Thailand": "15.09",
                    "Bangladesh": "14.90",
                    "Egypt, Arab Rep.": "12.03",
                    "China": "11.51"
                },
                "Footwear, Headgear, Umbrellas, Sun Umbrellas, Walking-sticks, Seat-sticks, Whips, Riding-crops, and Parts thereof; Prepared Feathers and Articles Made therewith; Artificial Flowers; Articles of Human Hair": {
                    "Saudi Arabia": "100.00"
                },
                "Articles of Stone, Plaster, Cement, Asbestos, Mica or Similar Materials; Ceramic Products; Glass and Glassware": {
                    "United Kingdom": "65.94",
                    "United Arab Emirates": "21.65",
                    "Saudi Arabia": "11.92",
                    "Czech Republic": "0.27",
                    "Egypt, Arab Rep.": "0.12"
                },
                "Natural or Cultured Pearls, Precious or Semi-precious Stones, Precious Metals, Metals Clad with Precious Metal, and Articles thereof; Imitation Jewellery; Coin": {
                    "India": "37.64",
                    "China": "13.40",
                    "Egypt, Arab Rep.": "13.29",
                    "United Arab Emirates": "11.62",
                    "Slovenia": "8.08"
                },
                "Base Metals and Articles of Base Metal": {
                    "India": "39.43",
                    "Egypt, Arab Rep.": "15.36",
                    "United Arab Emirates": "12.10",
                    "Slovenia": "8.46",
                    "Singapore": "4.99"
                },
                "Machinery and Mechanical Appliances; Electrical Equipment; Parts thereof; Sound Recorders and Reproducers, Television Image and Sound Recorders and Reproducers, and Parts and Accessories of such Articles": {
                    "United Arab Emirates": "34.55",
                    "Egypt, Arab Rep.": "22.28",
                    "Germany": "16.74",
                    "China": "11.74",
                    "France": "3.70"
                },
                "Vehicles, Aircraft, Vessels, and Associated Transport Equipment": {
                    "Saudi Arabia": "38.36",
                    "Singapore": "31.33",
                    "United Kingdom": "17.61",
                    "Malaysia": "2.32",
                    "Turkey": "2.06"
                },
                "Optical, Photographic, Cinematographic, Measuring, Checking, Precision, Medical or Surgical Instruments and Apparatus; Clocks and Watches; Musical Instruments; Parts and Accessories thereof": {
                    "Saudi Arabia": "31.87",
                    "Singapore": "25.92",
                    "United Kingdom": "14.81",
                    "Egypt, Arab Rep.": "7.19",
                    "Turkey": "2.50"
                },
                "Miscellaneous Manufactured Articles": {
                    "Pakistan": "40.20",
                    "France": "33.30",
                    "Japan": "18.30",
                    "Germany": "1.78",
                    "United Kingdom": "1.67"
                }
            }
        },
        "2004": {
            "Imports": {
                "Animals & Animal Products": {
                    "Saudi Arabia": "89.27",
                    "Egypt, Arab Rep.": "8.79",
                    "Qatar": "0.75",
                    "Jordan": "0.56",
                    "United Arab Emirates": "0.41"
                },
                "Vegetable Products": {
                    "Germany": "10.21",
                    "Saudi Arabia": "9.47",
                    "Egypt, Arab Rep.": "9.07",
                    "Korea, Rep.": "8.94",
                    "France": "8.15"
                },
                "Prepared Foodstuffs; Beverages, Spirits, Vinegar, Tobacco and Manufactured Tobacco Substitutes": {
                    "Finland": "24.91",
                    "Kenya": "19.34",
                    "Egypt, Arab Rep.": "11.20",
                    "Hong Kong, China": "8.65",
                    "United Kingdom": "7.60"
                },
                "Mineral Products": {
                    "Sweden": "87.68",
                    "Egypt, Arab Rep.": "12.29",
                    "United Arab Emirates": "0.03"
                },
                "Products of the Chemical or Allied Industries": {
                    "Egypt, Arab Rep.": "73.34",
                    "Germany": "15.01",
                    "Saudi Arabia": "5.13",
                    "United States": "4.62",
                    "Ethiopia(excludes Eritrea)": "1.91"
                },
                "Plastics and Articles thereof; Rubber and Articles thereof": {
                    "Egypt, Arab Rep.": "96.07",
                    "China": "2.58",
                    "United Arab Emirates": "0.89",
                    "United Kingdom": "0.30",
                    "Saudi Arabia": "0.10"
                },
                "Raw Hides and Skins, Leather, Furskins, and Articles thereof; Saddlery and Harness; Travel Goods, Handbags, and Similar Containers; Articles of Animal Gut (Other than Silk-worm Gut)": {
                    "Saudi Arabia": "27.04",
                    "Pakistan": "18.21",
                    "Hong Kong, China": "14.79",
                    "India": "10.99",
                    "Italy": "8.19"
                },
                "Wood and Articles of Wood; Wood Charcoal; Cork and Articles of Cork; Manufactures of Straw, of Esparto or of Other Plaiting Materials; Basketware and Wickerwork": {
                    "Saudi Arabia": "29.78",
                    "Egypt, Arab Rep.": "24.12",
                    "Cyprus": "23.55",
                    "Greece": "10.34",
                    "United Arab Emirates": "7.56"
                },
                "Textiles and Textile Articles": {
                    "Egypt, Arab Rep.": "36.77",
                    "Bangladesh": "15.40",
                    "Thailand": "11.16",
                    "China": "7.95",
                    "India": "7.76"
                },
                "Footwear, Headgear, Umbrellas, Sun Umbrellas, Walking-sticks, Seat-sticks, Whips, Riding-crops, and Parts thereof; Prepared Feathers and Articles Made therewith; Artificial Flowers; Articles of Human Hair": {
                    "China": "100.00"
                },
                "Articles of Stone, Plaster, Cement, Asbestos, Mica or Similar Materials; Ceramic Products; Glass and Glassware": {
                    "United Kingdom": "53.45",
                    "United Arab Emirates": "23.78",
                    "Saudi Arabia": "12.31",
                    "Canada": "9.44",
                    "Qatar": "0.62"
                },
                "Natural or Cultured Pearls, Precious or Semi-precious Stones, Precious Metals, Metals Clad with Precious Metal, and Articles thereof; Imitation Jewellery; Coin": {
                    "India": "65.25",
                    "Singapore": "10.47",
                    "United Arab Emirates": "8.09",
                    "Sweden": "5.39",
                    "Korea, Rep.": "2.18"
                },
                "Base Metals and Articles of Base Metal": {
                    "India": "65.12",
                    "United Arab Emirates": "11.89",
                    "Singapore": "10.67",
                    "Korea, Rep.": "2.17",
                    "China": "1.69"
                },
                "Machinery and Mechanical Appliances; Electrical Equipment; Parts thereof; Sound Recorders and Reproducers, Television Image and Sound Recorders and Reproducers, and Parts and Accessories of such Articles": {
                    "China": "49.70",
                    "Saudi Arabia": "14.21",
                    "Egypt, Arab Rep.": "13.07",
                    "United Arab Emirates": "9.28",
                    "India": "2.24"
                },
                "Vehicles, Aircraft, Vessels, and Associated Transport Equipment": {
                    "Singapore": "38.98",
                    "Saudi Arabia": "37.01",
                    "United Kingdom": "16.04",
                    "Kenya": "1.45",
                    "Malaysia": "0.93"
                },
                "Optical, Photographic, Cinematographic, Measuring, Checking, Precision, Medical or Surgical Instruments and Apparatus; Clocks and Watches; Musical Instruments; Parts and Accessories thereof": {
                    "Singapore": "34.89",
                    "Saudi Arabia": "34.10",
                    "United Kingdom": "14.52",
                    "China": "3.36",
                    "Egypt, Arab Rep.": "2.63"
                },
                "Miscellaneous Manufactured Articles": {
                    "Germany": "66.12",
                    "China": "11.54",
                    "Saudi Arabia": "8.73",
                    "Libya": "6.43",
                    "Sweden": "1.70"
                }
            }
        },
        "2005": {
            "Imports": {
                "Animals & Animal Products": {
                    "Saudi Arabia": "95.30",
                    "Egypt, Arab Rep.": "1.26",
                    "United Arab Emirates": "0.72",
                    "Singapore": "0.67",
                    "Kuwait": "0.63"
                },
                "Vegetable Products": {
                    "France": "11.50",
                    "China": "9.88",
                    "Saudi Arabia": "9.01",
                    "United Kingdom": "8.31",
                    "Germany": "6.46"
                },
                "Prepared Foodstuffs; Beverages, Spirits, Vinegar, Tobacco and Manufactured Tobacco Substitutes": {
                    "Portugal": "59.69",
                    "Kenya": "8.05",
                    "Turkey": "5.95",
                    "Italy": "5.90",
                    "Germany": "5.64"
                },
                "Mineral Products": {
                    "China": "100.00"
                },
                "Products of the Chemical or Allied Industries": {
                    "United Arab Emirates": "75.58",
                    "China": "7.47",
                    "Ethiopia(excludes Eritrea)": "6.04",
                    "Egypt, Arab Rep.": "5.10",
                    "United Kingdom": "4.43"
                },
                "Plastics and Articles thereof; Rubber and Articles thereof": {
                    "Egypt, Arab Rep.": "42.31",
                    "United Kingdom": "34.27",
                    "Jordan": "21.76",
                    "Saudi Arabia": "0.60",
                    "China": "0.58"
                },
                "Raw Hides and Skins, Leather, Furskins, and Articles thereof; Saddlery and Harness; Travel Goods, Handbags, and Similar Containers; Articles of Animal Gut (Other than Silk-worm Gut)": {
                    "Saudi Arabia": "35.84",
                    "Pakistan": "24.21",
                    "Hong Kong, China": "11.90",
                    "Italy": "10.40",
                    "Turkey": "6.54"
                },
                "Wood and Articles of Wood; Wood Charcoal; Cork and Articles of Cork; Manufactures of Straw, of Esparto or of Other Plaiting Materials; Basketware and Wickerwork": {
                    "Saudi Arabia": "49.68",
                    "United Arab Emirates": "23.26",
                    "Lebanon": "10.12",
                    "Egypt, Arab Rep.": "9.44",
                    "Greece": "3.54"
                },
                "Textiles and Textile Articles": {
                    "Egypt, Arab Rep.": "30.51",
                    "Bangladesh": "17.36",
                    "China": "11.53",
                    "India": "11.52",
                    "Pakistan": "9.43"
                },
                "Articles of Stone, Plaster, Cement, Asbestos, Mica or Similar Materials; Ceramic Products; Glass and Glassware": {
                    "Canada": "51.81",
                    "United Arab Emirates": "24.21",
                    "Saudi Arabia": "15.39",
                    "United Kingdom": "8.54",
                    "Qatar": "0.04"
                },
                "Natural or Cultured Pearls, Precious or Semi-precious Stones, Precious Metals, Metals Clad with Precious Metal, and Articles thereof; Imitation Jewellery; Coin": {
                    "India": "59.93",
                    "China": "13.98",
                    "Singapore": "8.39",
                    "United Arab Emirates": "6.81",
                    "Saudi Arabia": "5.15"
                },
                "Base Metals and Articles of Base Metal": {
                    "India": "66.34",
                    "Singapore": "9.28",
                    "Saudi Arabia": "8.62",
                    "United Arab Emirates": "7.72",
                    "Jordan": "4.35"
                },
                "Machinery and Mechanical Appliances; Electrical Equipment; Parts thereof; Sound Recorders and Reproducers, Television Image and Sound Recorders and Reproducers, and Parts and Accessories of such Articles": {
                    "United Arab Emirates": "45.08",
                    "Russian Federation": "23.03",
                    "China": "8.49",
                    "United Kingdom": "7.46",
                    "Egypt, Arab Rep.": "5.23"
                },
                "Vehicles, Aircraft, Vessels, and Associated Transport Equipment": {
                    "United Kingdom": "79.31",
                    "Saudi Arabia": "17.25",
                    "South Africa": "1.05",
                    "Egypt, Arab Rep.": "0.55",
                    "United Arab Emirates": "0.43"
                },
                "Optical, Photographic, Cinematographic, Measuring, Checking, Precision, Medical or Surgical Instruments and Apparatus; Clocks and Watches; Musical Instruments; Parts and Accessories thereof": {
                    "United Kingdom": "48.70",
                    "United Arab Emirates": "15.67",
                    "Saudi Arabia": "14.67",
                    "Russian Federation": "7.95",
                    "Egypt, Arab Rep.": "3.32"
                },
                "Miscellaneous Manufactured Articles": {
                    "Saudi Arabia": "83.64",
                    "Germany": "13.41",
                    "United Kingdom": "0.79",
                    "United Arab Emirates": "0.53",
                    "France": "0.36"
                }
            }
        },
        "2006": {
            "Imports": {
                "Animals & Animal Products": {
                    "Saudi Arabia": "99.11",
                    "Egypt, Arab Rep.": "0.33",
                    "Unspecified": "0.13",
                    "Vietnam": "0.12",
                    "Suriname": "0.10"
                },
                "Vegetable Products": {
                    "China": "17.49",
                    "Egypt, Arab Rep.": "9.86",
                    "France": "8.86",
                    "Saudi Arabia": "7.21",
                    "Lebanon": "6.60"
                },
                "Prepared Foodstuffs; Beverages, Spirits, Vinegar, Tobacco and Manufactured Tobacco Substitutes": {
                    "Denmark": "42.07",
                    "Kenya": "29.11",
                    "Egypt, Arab Rep.": "13.34",
                    "Netherlands": "6.70",
                    "Yemen": "2.53"
                },
                "Mineral Products": {
                    "China": "99.41",
                    "Italy": "0.36",
                    "India": "0.24"
                },
                "Products of the Chemical or Allied Industries": {
                    "Egypt, Arab Rep.": "29.37",
                    "Denmark": "13.75",
                    "China": "12.23",
                    "Ethiopia(excludes Eritrea)": "11.18",
                    "India": "8.26"
                },
                "Plastics and Articles thereof; Rubber and Articles thereof": {
                    "Egypt, Arab Rep.": "59.68",
                    "China": "33.73",
                    "Saudi Arabia": "3.77",
                    "Sierra Leone": "1.58",
                    "United Arab Emirates": "1.11"
                },
                "Raw Hides and Skins, Leather, Furskins, and Articles thereof; Saddlery and Harness; Travel Goods, Handbags, and Similar Containers; Articles of Animal Gut (Other than Silk-worm Gut)": {
                    "Saudi Arabia": "43.43",
                    "Hong Kong, China": "11.64",
                    "Pakistan": "11.42",
                    "Turkey": "11.37",
                    "Italy": "8.21"
                },
                "Wood and Articles of Wood; Wood Charcoal; Cork and Articles of Cork; Manufactures of Straw, of Esparto or of Other Plaiting Materials; Basketware and Wickerwork": {
                    "United Arab Emirates": "49.55",
                    "India": "21.33",
                    "Lebanon": "10.15",
                    "Kuwait": "8.21",
                    "Japan": "3.39"
                },
                "Textiles and Textile Articles": {
                    "Egypt, Arab Rep.": "46.24",
                    "Bangladesh": "14.30",
                    "India": "9.12",
                    "Pakistan": "8.18",
                    "China": "7.94"
                },
                "Natural or Cultured Pearls, Precious or Semi-precious Stones, Precious Metals, Metals Clad with Precious Metal, and Articles thereof; Imitation Jewellery; Coin": {
                    "India": "53.33",
                    "Singapore": "19.65",
                    "United Arab Emirates": "10.13",
                    "Jordan": "9.39",
                    "China": "3.56"
                },
                "Base Metals and Articles of Base Metal": {
                    "India": "53.30",
                    "Singapore": "19.66",
                    "United Arab Emirates": "11.06",
                    "Jordan": "9.38",
                    "Korea, Rep.": "1.00"
                },
                "Machinery and Mechanical Appliances; Electrical Equipment; Parts thereof; Sound Recorders and Reproducers, Television Image and Sound Recorders and Reproducers, and Parts and Accessories of such Articles": {
                    "Bahrain": "70.14",
                    "United Arab Emirates": "12.43",
                    "Malaysia": "4.38",
                    "Italy": "3.84",
                    "India": "2.45"
                },
                "Vehicles, Aircraft, Vessels, and Associated Transport Equipment": {
                    "United Kingdom": "36.39",
                    "Aruba": "35.15",
                    "Canada": "9.80",
                    "Kenya": "6.54",
                    "United States": "3.49"
                },
                "Optical, Photographic, Cinematographic, Measuring, Checking, Precision, Medical or Surgical Instruments and Apparatus; Clocks and Watches; Musical Instruments; Parts and Accessories thereof": {
                    "United Kingdom": "22.48",
                    "Aruba": "22.03",
                    "Bahrain": "13.18",
                    "Saudi Arabia": "10.37",
                    "Canada": "6.04"
                },
                "Miscellaneous Manufactured Articles": {
                    "Lebanon": "66.29",
                    "France": "4.32",
                    "Tanzania": "3.83",
                    "Mozambique": "3.64",
                    "United Arab Emirates": "3.57"
                }
            }
        },
        "2007": {
            "Imports": {
                "Animals & Animal Products": {
                    "Saudi Arabia": "96.92",
                    "Aruba": "1.10",
                    "Syrian Arab Republic": "1.09",
                    "Italy": "0.34",
                    "Jordan": "0.17"
                },
                "Vegetable Products": {
                    "Saudi Arabia": "17.20",
                    "France": "9.66",
                    "Italy": "8.71",
                    "China": "7.95",
                    "Germany": "6.29"
                },
                "Prepared Foodstuffs; Beverages, Spirits, Vinegar, Tobacco and Manufactured Tobacco Substitutes": {
                    "Netherlands": "49.03",
                    "Egypt, Arab Rep.": "22.14",
                    "Aruba": "9.19",
                    "Turkey": "8.23",
                    "Bulgaria": "3.22"
                },
                "Mineral Products": {
                    "China": "86.74",
                    "Egypt, Arab Rep.": "13.26",
                    "United Arab Emirates": "0.00"
                },
                "Products of the Chemical or Allied Industries": {
                    "South Africa": "48.11",
                    "United Arab Emirates": "48.09",
                    "Egypt, Arab Rep.": "3.81",
                    "Saudi Arabia": "0.00",
                    "China": "0.00"
                },
                "Plastics and Articles thereof; Rubber and Articles thereof": {
                    "Egypt, Arab Rep.": "35.08",
                    "Sierra Leone": "26.12",
                    "China": "12.82",
                    "France": "11.50",
                    "United Arab Emirates": "9.71"
                },
                "Raw Hides and Skins, Leather, Furskins, and Articles thereof; Saddlery and Harness; Travel Goods, Handbags, and Similar Containers; Articles of Animal Gut (Other than Silk-worm Gut)": {
                    "Saudi Arabia": "38.04",
                    "Aruba": "16.33",
                    "Turkey": "10.40",
                    "Italy": "7.22",
                    "Pakistan": "6.55"
                },
                "Wood and Articles of Wood; Wood Charcoal; Cork and Articles of Cork; Manufactures of Straw, of Esparto or of Other Plaiting Materials; Basketware and Wickerwork": {
                    "United Arab Emirates": "37.14",
                    "Saudi Arabia": "33.97",
                    "Lebanon": "16.41",
                    "India": "7.16",
                    "Aruba": "3.00"
                },
                "Textiles and Textile Articles": {
                    "Egypt, Arab Rep.": "31.19",
                    "Bangladesh": "20.34",
                    "Pakistan": "19.82",
                    "India": "9.53",
                    "Germany": "4.82"
                },
                "Footwear, Headgear, Umbrellas, Sun Umbrellas, Walking-sticks, Seat-sticks, Whips, Riding-crops, and Parts thereof; Prepared Feathers and Articles Made therewith; Artificial Flowers; Articles of Human Hair": {
                    "Iran, Islamic Rep.": "74.81",
                    "Saudi Arabia": "25.19"
                },
                "Articles of Stone, Plaster, Cement, Asbestos, Mica or Similar Materials; Ceramic Products; Glass and Glassware": {
                    "Canada": "99.90",
                    "United Arab Emirates": "0.08",
                    "India": "0.02"
                },
                "Natural or Cultured Pearls, Precious or Semi-precious Stones, Precious Metals, Metals Clad with Precious Metal, and Articles thereof; Imitation Jewellery; Coin": {
                    "India": "63.06",
                    "Singapore": "18.74",
                    "United Arab Emirates": "11.41",
                    "China": "3.20",
                    "Jordan": "2.25"
                },
                "Base Metals and Articles of Base Metal": {
                    "India": "60.89",
                    "Singapore": "17.59",
                    "United Arab Emirates": "11.73",
                    "Jordan": "2.34",
                    "China": "1.70"
                },
                "Machinery and Mechanical Appliances; Electrical Equipment; Parts thereof; Sound Recorders and Reproducers, Television Image and Sound Recorders and Reproducers, and Parts and Accessories of such Articles": {
                    "France": "27.81",
                    "China": "15.23",
                    "India": "12.81",
                    "Syrian Arab Republic": "7.25",
                    "Malaysia": "5.82"
                },
                "Vehicles, Aircraft, Vessels, and Associated Transport Equipment": {
                    "Kenya": "62.35",
                    "Italy": "24.36",
                    "Saudi Arabia": "3.71",
                    "United Kingdom": "2.87",
                    "United Arab Emirates": "1.62"
                },
                "Optical, Photographic, Cinematographic, Measuring, Checking, Precision, Medical or Surgical Instruments and Apparatus; Clocks and Watches; Musical Instruments; Parts and Accessories thereof": {
                    "Kenya": "38.48",
                    "Italy": "17.14",
                    "Saudi Arabia": "14.79",
                    "Aruba": "5.21",
                    "India": "3.06"
                },
                "Miscellaneous Manufactured Articles": {
                    "India": "38.72",
                    "United Arab Emirates": "22.13",
                    "Malaysia": "13.35",
                    "Netherlands": "6.22",
                    "Kenya": "5.72"
                }
            }
        },
        "2008": {
            "Imports": {
                "Animals & Animal Products": {
                    "Saudi Arabia": "69.93",
                    "Egypt, Arab Rep.": "28.73",
                    "China": "0.42",
                    "Italy": "0.25",
                    "Unspecified": "0.25"
                },
                "Vegetable Products": {
                    "Egypt, Arab Rep.": "24.60",
                    "Saudi Arabia": "15.91",
                    "France": "7.72",
                    "Japan": "6.35",
                    "Syrian Arab Republic": "5.09"
                },
                "Prepared Foodstuffs; Beverages, Spirits, Vinegar, Tobacco and Manufactured Tobacco Substitutes": {
                    "Netherlands": "37.55",
                    "Egypt, Arab Rep.": "19.04",
                    "Jordan": "14.67",
                    "Kenya": "14.57",
                    "Djibouti": "8.00"
                },
                "Mineral Products": {
                    "China": "91.16",
                    "India": "3.67",
                    "Egypt, Arab Rep.": "2.56",
                    "United Arab Emirates": "1.09",
                    "United States": "1.07"
                },
                "Products of the Chemical or Allied Industries": {
                    "Egypt, Arab Rep.": "68.01",
                    "Jordan": "21.79",
                    "Nigeria": "3.83",
                    "India": "2.98",
                    "United Arab Emirates": "2.93"
                },
                "Plastics and Articles thereof; Rubber and Articles thereof": {
                    "China": "63.19",
                    "Aruba": "30.24",
                    "Saudi Arabia": "3.82",
                    "Spain": "1.52",
                    "South Africa": "0.76"
                },
                "Raw Hides and Skins, Leather, Furskins, and Articles thereof; Saddlery and Harness; Travel Goods, Handbags, and Similar Containers; Articles of Animal Gut (Other than Silk-worm Gut)": {
                    "Aruba": "27.24",
                    "Saudi Arabia": "26.41",
                    "India": "12.35",
                    "Pakistan": "7.06",
                    "Italy": "6.27"
                },
                "Wood and Articles of Wood; Wood Charcoal; Cork and Articles of Cork; Manufactures of Straw, of Esparto or of Other Plaiting Materials; Basketware and Wickerwork": {
                    "Saudi Arabia": "45.76",
                    "United Arab Emirates": "21.80",
                    "India": "11.98",
                    "Aruba": "9.01",
                    "Kuwait": "5.23"
                },
                "Textiles and Textile Articles": {
                    "Egypt, Arab Rep.": "48.28",
                    "Bangladesh": "18.99",
                    "Pakistan": "9.58",
                    "India": "9.16",
                    "Germany": "6.80"
                },
                "Footwear, Headgear, Umbrellas, Sun Umbrellas, Walking-sticks, Seat-sticks, Whips, Riding-crops, and Parts thereof; Prepared Feathers and Articles Made therewith; Artificial Flowers; Articles of Human Hair": {
                    "Netherlands": "100.00"
                },
                "Articles of Stone, Plaster, Cement, Asbestos, Mica or Similar Materials; Ceramic Products; Glass and Glassware": {
                    "Canada": "98.55",
                    "Korea, Rep.": "1.32",
                    "United Arab Emirates": "0.10",
                    "Syrian Arab Republic": "0.03",
                    "Aruba": "0.00"
                },
                "Natural or Cultured Pearls, Precious or Semi-precious Stones, Precious Metals, Metals Clad with Precious Metal, and Articles thereof; Imitation Jewellery; Coin": {
                    "India": "56.82",
                    "China": "21.73",
                    "Singapore": "9.82",
                    "United Arab Emirates": "7.28",
                    "Aruba": "1.66"
                },
                "Base Metals and Articles of Base Metal": {
                    "India": "64.27",
                    "Singapore": "11.19",
                    "China": "10.58",
                    "United Arab Emirates": "8.39",
                    "Korea, Rep.": "2.14"
                },
                "Machinery and Mechanical Appliances; Electrical Equipment; Parts thereof; Sound Recorders and Reproducers, Television Image and Sound Recorders and Reproducers, and Parts and Accessories of such Articles": {
                    "United Arab Emirates": "24.99",
                    "India": "22.19",
                    "Egypt, Arab Rep.": "21.42",
                    "China": "12.65",
                    "Jordan": "4.41"
                },
                "Vehicles, Aircraft, Vessels, and Associated Transport Equipment": {
                    "Saudi Arabia": "71.46",
                    "Egypt, Arab Rep.": "11.76",
                    "Angola": "5.52",
                    "United Arab Emirates": "4.24",
                    "Kenya": "1.45"
                },
                "Optical, Photographic, Cinematographic, Measuring, Checking, Precision, Medical or Surgical Instruments and Apparatus; Clocks and Watches; Musical Instruments; Parts and Accessories thereof": {
                    "Saudi Arabia": "28.62",
                    "India": "12.04",
                    "Aruba": "11.98",
                    "Egypt, Arab Rep.": "11.55",
                    "United Arab Emirates": "9.07"
                },
                "Miscellaneous Manufactured Articles": {
                    "Germany": "36.44",
                    "China": "20.62",
                    "Egypt, Arab Rep.": "19.21",
                    "Syrian Arab Republic": "14.66",
                    "Cameroon": "2.58"
                }
            }
        },
        "2009": {
            "Imports": {
                "Animals & Animal Products": {
                    "Saudi Arabia": "88.78",
                    "Egypt, Arab Rep.": "6.65",
                    "Jordan": "3.14",
                    "United Arab Emirates": "1.04",
                    "Qatar": "0.17"
                },
                "Vegetable Products": {
                    "Egypt, Arab Rep.": "22.03",
                    "China": "11.16",
                    "Saudi Arabia": "8.40",
                    "France": "8.21",
                    "Syrian Arab Republic": "6.14"
                },
                "Prepared Foodstuffs; Beverages, Spirits, Vinegar, Tobacco and Manufactured Tobacco Substitutes": {
                    "United Kingdom": "90.22",
                    "Turkey": "6.91",
                    "Jordan": "0.90",
                    "India": "0.82",
                    "Saudi Arabia": "0.46"
                },
                "Mineral Products": {
                    "China": "96.74",
                    "Belgium": "2.03",
                    "Egypt, Arab Rep.": "0.65",
                    "India": "0.46",
                    "Aruba": "0.13"
                },
                "Products of the Chemical or Allied Industries": {
                    "India": "82.41",
                    "Italy": "7.60",
                    "United Arab Emirates": "3.33",
                    "Chad": "2.99",
                    "Egypt, Arab Rep.": "2.55"
                },
                "Plastics and Articles thereof; Rubber and Articles thereof": {
                    "China": "57.12",
                    "United Kingdom": "16.14",
                    "Germany": "14.34",
                    "Indonesia": "6.22",
                    "Uganda": "5.23"
                },
                "Raw Hides and Skins, Leather, Furskins, and Articles thereof; Saddlery and Harness; Travel Goods, Handbags, and Similar Containers; Articles of Animal Gut (Other than Silk-worm Gut)": {
                    "Aruba": "34.70",
                    "Saudi Arabia": "20.37",
                    "Pakistan": "12.46",
                    "Syrian Arab Republic": "8.59",
                    "Turkey": "5.22"
                },
                "Wood and Articles of Wood; Wood Charcoal; Cork and Articles of Cork; Manufactures of Straw, of Esparto or of Other Plaiting Materials; Basketware and Wickerwork": {
                    "Saudi Arabia": "38.39",
                    "India": "19.21",
                    "United Arab Emirates": "9.21",
                    "Syrian Arab Republic": "6.87",
                    "Kuwait": "6.44"
                },
                "Textiles and Textile Articles": {
                    "Egypt, Arab Rep.": "53.50",
                    "China": "10.75",
                    "Bangladesh": "10.20",
                    "Pakistan": "8.56",
                    "Germany": "6.27"
                },
                "Articles of Stone, Plaster, Cement, Asbestos, Mica or Similar Materials; Ceramic Products; Glass and Glassware": {
                    "Canada": "99.80",
                    "United Arab Emirates": "0.15",
                    "Egypt, Arab Rep.": "0.05",
                    "Unspecified": "0.00"
                },
                "Natural or Cultured Pearls, Precious or Semi-precious Stones, Precious Metals, Metals Clad with Precious Metal, and Articles thereof; Imitation Jewellery; Coin": {
                    "India": "39.93",
                    "China": "30.17",
                    "Singapore": "18.64",
                    "United Arab Emirates": "9.87",
                    "Jordan": "0.44"
                },
                "Base Metals and Articles of Base Metal": {
                    "India": "41.19",
                    "United Arab Emirates": "25.80",
                    "Singapore": "19.27",
                    "China": "10.96",
                    "Egypt, Arab Rep.": "1.20"
                },
                "Machinery and Mechanical Appliances; Electrical Equipment; Parts thereof; Sound Recorders and Reproducers, Television Image and Sound Recorders and Reproducers, and Parts and Accessories of such Articles": {
                    "France": "39.02",
                    "Brazil": "21.98",
                    "United Arab Emirates": "14.51",
                    "Tunisia": "7.55",
                    "China": "3.86"
                },
                "Vehicles, Aircraft, Vessels, and Associated Transport Equipment": {
                    "India": "81.37",
                    "Chad": "4.69",
                    "Kenya": "3.31",
                    "Kazakhstan": "2.48",
                    "United Kingdom": "2.24"
                },
                "Optical, Photographic, Cinematographic, Measuring, Checking, Precision, Medical or Surgical Instruments and Apparatus; Clocks and Watches; Musical Instruments; Parts and Accessories thereof": {
                    "France": "21.56",
                    "India": "13.94",
                    "United Arab Emirates": "12.66",
                    "Brazil": "12.13",
                    "Aruba": "10.71"
                },
                "Miscellaneous Manufactured Articles": {
                    "Egypt, Arab Rep.": "77.64",
                    "United States": "3.15",
                    "Pakistan": "2.64",
                    "Canada": "2.52",
                    "Jordan": "1.85"
                }
            }
        },
        "2010": {
            "Imports": {
                "Animals & Animal Products": {
                    "Saudi Arabia": "61.57",
                    "Jordan": "16.31",
                    "Unspecified": "13.09",
                    "Egypt, Arab Rep.": "7.34",
                    "Aruba": "0.71"
                },
                "Vegetable Products": {
                    "China": "19.77",
                    "Unspecified": "17.10",
                    "France": "10.64",
                    "Egypt, Arab Rep.": "9.54",
                    "Lebanon": "6.17"
                },
                "Prepared Foodstuffs; Beverages, Spirits, Vinegar, Tobacco and Manufactured Tobacco Substitutes": {
                    "United Kingdom": "94.42",
                    "Egypt, Arab Rep.": "3.30",
                    "Denmark": "1.20",
                    "Lebanon": "0.68",
                    "Turkey": "0.25"
                },
                "Mineral Products": {
                    "China": "85.84",
                    "India": "8.40",
                    "United Arab Emirates": "3.04",
                    "Belgium": "1.48",
                    "Egypt, Arab Rep.": "0.73"
                },
                "Products of the Chemical or Allied Industries": {
                    "Netherlands": "95.94",
                    "Egypt, Arab Rep.": "2.27",
                    "Unspecified": "0.74",
                    "United Arab Emirates": "0.66",
                    "Libya": "0.23"
                },
                "Plastics and Articles thereof; Rubber and Articles thereof": {
                    "Saudi Arabia": "37.63",
                    "China": "28.51",
                    "Unspecified": "20.34",
                    "Pakistan": "10.39",
                    "Singapore": "2.15"
                },
                "Raw Hides and Skins, Leather, Furskins, and Articles thereof; Saddlery and Harness; Travel Goods, Handbags, and Similar Containers; Articles of Animal Gut (Other than Silk-worm Gut)": {
                    "Saudi Arabia": "55.76",
                    "China": "8.77",
                    "Aruba": "7.41",
                    "Egypt, Arab Rep.": "5.87",
                    "Turkey": "4.60"
                },
                "Wood and Articles of Wood; Wood Charcoal; Cork and Articles of Cork; Manufactures of Straw, of Esparto or of Other Plaiting Materials; Basketware and Wickerwork": {
                    "India": "49.90",
                    "Saudi Arabia": "22.60",
                    "Lebanon": "10.10",
                    "Central African Republic": "6.21",
                    "Kuwait": "3.38"
                },
                "Textiles and Textile Articles": {
                    "Egypt, Arab Rep.": "34.68",
                    "Bangladesh": "20.42",
                    "India": "11.93",
                    "Pakistan": "10.20",
                    "China": "9.90"
                },
                "Articles of Stone, Plaster, Cement, Asbestos, Mica or Similar Materials; Ceramic Products; Glass and Glassware": {
                    "United Arab Emirates": "93.95",
                    "Canada": "4.40",
                    "United Kingdom": "1.25",
                    "France": "0.40",
                    "Unspecified": "0.00"
                },
                "Natural or Cultured Pearls, Precious or Semi-precious Stones, Precious Metals, Metals Clad with Precious Metal, and Articles thereof; Imitation Jewellery; Coin": {
                    "India": "40.49",
                    "China": "27.59",
                    "Singapore": "14.51",
                    "United Arab Emirates": "12.31",
                    "Aruba": "2.57"
                },
                "Base Metals and Articles of Base Metal": {
                    "India": "37.72",
                    "United Arab Emirates": "16.99",
                    "Singapore": "13.97",
                    "China": "13.61",
                    "United Kingdom": "11.41"
                },
                "Machinery and Mechanical Appliances; Electrical Equipment; Parts thereof; Sound Recorders and Reproducers, Television Image and Sound Recorders and Reproducers, and Parts and Accessories of such Articles": {
                    "Germany": "25.71",
                    "China": "16.56",
                    "United Arab Emirates": "13.32",
                    "Korea, Rep.": "13.02",
                    "United Kingdom": "11.95"
                },
                "Vehicles, Aircraft, Vessels, and Associated Transport Equipment": {
                    "Zimbabwe": "75.21",
                    "Germany": "15.21",
                    "United Kingdom": "4.11",
                    "France": "1.60",
                    "Uganda": "1.22"
                },
                "Optical, Photographic, Cinematographic, Measuring, Checking, Precision, Medical or Surgical Instruments and Apparatus; Clocks and Watches; Musical Instruments; Parts and Accessories thereof": {
                    "Saudi Arabia": "39.36",
                    "Netherlands": "9.69",
                    "United Kingdom": "9.55",
                    "China": "6.19",
                    "United Arab Emirates": "5.78"
                },
                "Miscellaneous Manufactured Articles": {
                    "Oman": "18.59",
                    "Germany": "17.21",
                    "United States": "14.42",
                    "Brazil": "14.40",
                    "Vietnam": "9.00"
                }
            }
        },
        "2011": {
            "Imports": {
                "Animals & Animal Products": {
                    "Saudi Arabia": "71.73",
                    "Unspecified": "15.82",
                    "Egypt, Arab Rep.": "6.30",
                    "Jordan": "4.41",
                    "United Arab Emirates": "0.62"
                },
                "Vegetable Products": {
                    "Unspecified": "16.55",
                    "Egypt, Arab Rep.": "10.71",
                    "France": "10.39",
                    "China": "9.81",
                    "Saudi Arabia": "8.44"
                },
                "Prepared Foodstuffs; Beverages, Spirits, Vinegar, Tobacco and Manufactured Tobacco Substitutes": {
                    "Egypt, Arab Rep.": "39.65",
                    "Turkey": "29.31",
                    "Italy": "12.63",
                    "Aruba": "9.42",
                    "China": "4.50"
                },
                "Mineral Products": {
                    "China": "87.76",
                    "United Arab Emirates": "4.31",
                    "Saint Helena": "3.96",
                    "Unspecified": "2.02",
                    "United Kingdom": "0.66"
                },
                "Products of the Chemical or Allied Industries": {
                    "Italy": "92.77",
                    "Syrian Arab Republic": "3.98",
                    "Egypt, Arab Rep.": "0.82",
                    "Germany": "0.79",
                    "United Arab Emirates": "0.50"
                },
                "Plastics and Articles thereof; Rubber and Articles thereof": {
                    "China": "49.41",
                    "Kenya": "29.12",
                    "Saudi Arabia": "8.10",
                    "Unspecified": "4.53",
                    "Aruba": "2.42"
                },
                "Raw Hides and Skins, Leather, Furskins, and Articles thereof; Saddlery and Harness; Travel Goods, Handbags, and Similar Containers; Articles of Animal Gut (Other than Silk-worm Gut)": {
                    "Saudi Arabia": "53.17",
                    "Aruba": "12.44",
                    "China": "10.49",
                    "Syrian Arab Republic": "4.56",
                    "Turkey": "3.70"
                },
                "Wood and Articles of Wood; Wood Charcoal; Cork and Articles of Cork; Manufactures of Straw, of Esparto or of Other Plaiting Materials; Basketware and Wickerwork": {
                    "India": "32.47",
                    "Aruba": "26.79",
                    "Saudi Arabia": "16.88",
                    "Syrian Arab Republic": "5.96",
                    "Egypt, Arab Rep.": "5.15"
                },
                "Textiles and Textile Articles": {
                    "Germany": "28.62",
                    "Egypt, Arab Rep.": "25.81",
                    "India": "15.45",
                    "China": "15.23",
                    "Bangladesh": "6.70"
                },
                "Footwear, Headgear, Umbrellas, Sun Umbrellas, Walking-sticks, Seat-sticks, Whips, Riding-crops, and Parts thereof; Prepared Feathers and Articles Made therewith; Artificial Flowers; Articles of Human Hair": {
                    "Kenya": "100.00"
                },
                "Articles of Stone, Plaster, Cement, Asbestos, Mica or Similar Materials; Ceramic Products; Glass and Glassware": {
                    "United Arab Emirates": "93.19",
                    "Canada": "6.81",
                    "Italy": "0.00"
                },
                "Natural or Cultured Pearls, Precious or Semi-precious Stones, Precious Metals, Metals Clad with Precious Metal, and Articles thereof; Imitation Jewellery; Coin": {
                    "China": "34.20",
                    "India": "30.40",
                    "Aruba": "15.74",
                    "United Arab Emirates": "10.91",
                    "Singapore": "6.04"
                },
                "Base Metals and Articles of Base Metal": {
                    "India": "45.61",
                    "Aruba": "23.65",
                    "United Arab Emirates": "13.19",
                    "Singapore": "9.13",
                    "China": "7.48"
                },
                "Machinery and Mechanical Appliances; Electrical Equipment; Parts thereof; Sound Recorders and Reproducers, Television Image and Sound Recorders and Reproducers, and Parts and Accessories of such Articles": {
                    "United Arab Emirates": "23.40",
                    "Korea, Rep.": "23.34",
                    "India": "9.57",
                    "Unspecified": "8.96",
                    "Ethiopia(excludes Eritrea)": "8.83"
                },
                "Vehicles, Aircraft, Vessels, and Associated Transport Equipment": {
                    "Uganda": "39.65",
                    "Russian Federation": "23.26",
                    "Saudi Arabia": "10.42",
                    "Japan": "8.64",
                    "United Arab Emirates": "5.48"
                },
                "Optical, Photographic, Cinematographic, Measuring, Checking, Precision, Medical or Surgical Instruments and Apparatus; Clocks and Watches; Musical Instruments; Parts and Accessories thereof": {
                    "Saudi Arabia": "38.18",
                    "Italy": "21.90",
                    "China": "9.15",
                    "Aruba": "8.67",
                    "United Arab Emirates": "2.19"
                },
                "Miscellaneous Manufactured Articles": {
                    "Russian Federation": "19.61",
                    "Australia": "12.23",
                    "South Africa": "10.93",
                    "United Arab Emirates": "10.06",
                    "Eswatini": "8.43"
                }
            }
        }
    }
}