{
    "Main Partners": {
        "2007": {
            "Imports": {
                "Animals & Animal Products": {
                    "Unspecified": "58.38",
                    "Spain": "19.61",
                    "Korea, Rep.": "11.94",
                    "France": "7.12",
                    "Hong Kong, China": "2.26"
                },
                "Vegetable Products": {
                    "Spain": "44.19",
                    "Portugal": "30.32",
                    "Germany": "25.49"
                },
                "Wood and Articles of Wood; Wood Charcoal; Cork and Articles of Cork; Manufactures of Straw, of Esparto or of Other Plaiting Materials; Basketware and Wickerwork": {
                    "Portugal": "28.32",
                    "Italy": "26.19",
                    "France": "13.30",
                    "Turkey": "13.26",
                    "Germany": "12.37"
                },
                "Articles of Stone, Plaster, Cement, Asbestos, Mica or Similar Materials; Ceramic Products; Glass and Glassware": {
                    "Unspecified": "33.68",
                    "United Arab Emirates": "32.03",
                    "Israel": "15.52",
                    "Belgium": "9.13",
                    "China": "5.15"
                },
                "Natural or Cultured Pearls, Precious or Semi-precious Stones, Precious Metals, Metals Clad with Precious Metal, and Articles thereof; Imitation Jewellery; Coin": {
                    "Unspecified": "33.68",
                    "United Arab Emirates": "32.03",
                    "Israel": "15.52",
                    "Belgium": "9.13",
                    "China": "5.15"
                },
                "Miscellaneous Manufactured Articles": {
                    "Unspecified": "100.00"
                }
            }
        },
        "2009": {
            "Imports": {
                "Animals & Animal Products": {
                    "Spain": "63.50",
                    "Hong Kong, China": "36.50"
                },
                "Vegetable Products": {
                    "Portugal": "51.93",
                    "Spain": "44.27",
                    "Cape Verde": "3.80"
                },
                "Wood and Articles of Wood; Wood Charcoal; Cork and Articles of Cork; Manufactures of Straw, of Esparto or of Other Plaiting Materials; Basketware and Wickerwork": {
                    "Italy": "52.18",
                    "Hong Kong, China": "19.31",
                    "United States": "16.42",
                    "Germany": "9.77",
                    "China": "2.32"
                },
                "Articles of Stone, Plaster, Cement, Asbestos, Mica or Similar Materials; Ceramic Products; Glass and Glassware": {
                    "United Arab Emirates": "36.91",
                    "Israel": "27.03",
                    "China": "13.96",
                    "Belgium": "8.21",
                    "Unspecified": "6.60"
                },
                "Natural or Cultured Pearls, Precious or Semi-precious Stones, Precious Metals, Metals Clad with Precious Metal, and Articles thereof; Imitation Jewellery; Coin": {
                    "United Arab Emirates": "36.91",
                    "Israel": "27.03",
                    "China": "13.96",
                    "Belgium": "8.21",
                    "Unspecified": "6.60"
                }
            }
        },
        "2010": {
            "Imports": {
                "Animals & Animal Products": {
                    "Spain": "67.61",
                    "Hong Kong, China": "21.38",
                    "China": "9.47",
                    "Korea, Rep.": "1.54"
                },
                "Vegetable Products": {
                    "Portugal": "54.55",
                    "Spain": "45.45"
                },
                "Wood and Articles of Wood; Wood Charcoal; Cork and Articles of Cork; Manufactures of Straw, of Esparto or of Other Plaiting Materials; Basketware and Wickerwork": {
                    "Turkey": "38.89",
                    "Italy": "17.01",
                    "South Africa": "15.09",
                    "Hong Kong, China": "12.35",
                    "Portugal": "8.82"
                },
                "Articles of Stone, Plaster, Cement, Asbestos, Mica or Similar Materials; Ceramic Products; Glass and Glassware": {
                    "Israel": "39.77",
                    "United Arab Emirates": "34.16",
                    "Unspecified": "12.56",
                    "Switzerland": "6.60",
                    "China": "4.07"
                },
                "Natural or Cultured Pearls, Precious or Semi-precious Stones, Precious Metals, Metals Clad with Precious Metal, and Articles thereof; Imitation Jewellery; Coin": {
                    "Israel": "39.77",
                    "United Arab Emirates": "34.16",
                    "Unspecified": "12.56",
                    "Switzerland": "6.60",
                    "China": "4.07"
                }
            }
        },
        "2011": {
            "Imports": {
                "Animals & Animal Products": {
                    "Spain": "76.46",
                    "Namibia": "9.49",
                    "Korea, Rep.": "7.43",
                    "Japan": "5.53",
                    "China": "1.09"
                },
                "Vegetable Products": {
                    "Portugal": "69.54",
                    "Spain": "30.46"
                },
                "Articles of Stone, Plaster, Cement, Asbestos, Mica or Similar Materials; Ceramic Products; Glass and Glassware": {
                    "Israel": "32.28",
                    "United Arab Emirates": "31.67",
                    "Switzerland": "11.09",
                    "Unspecified": "9.13",
                    "Hong Kong, China": "8.88"
                },
                "Natural or Cultured Pearls, Precious or Semi-precious Stones, Precious Metals, Metals Clad with Precious Metal, and Articles thereof; Imitation Jewellery; Coin": {
                    "Israel": "32.28",
                    "United Arab Emirates": "31.67",
                    "Switzerland": "11.09",
                    "Unspecified": "9.13",
                    "Hong Kong, China": "8.88"
                }
            }
        },
        "2012": {
            "Imports": {
                "Animals & Animal Products": {
                    "Spain": "92.37",
                    "Namibia": "3.30",
                    "China": "2.87",
                    "Malaysia": "1.10",
                    "Korea, Rep.": "0.33"
                },
                "Vegetable Products": {
                    "Portugal": "73.70",
                    "Spain": "21.98",
                    "Korea, Rep.": "4.32"
                },
                "Articles of Stone, Plaster, Cement, Asbestos, Mica or Similar Materials; Ceramic Products; Glass and Glassware": {
                    "United Arab Emirates": "59.17",
                    "Israel": "14.72",
                    "Switzerland": "14.53",
                    "Hong Kong, China": "6.21",
                    "Belgium": "4.77"
                },
                "Natural or Cultured Pearls, Precious or Semi-precious Stones, Precious Metals, Metals Clad with Precious Metal, and Articles thereof; Imitation Jewellery; Coin": {
                    "United Arab Emirates": "59.17",
                    "Israel": "14.72",
                    "Switzerland": "14.53",
                    "Hong Kong, China": "6.21",
                    "Belgium": "4.77"
                }
            }
        },
        "2013": {
            "Imports": {
                "Animals & Animal Products": {
                    "Spain": "77.63",
                    "Portugal": "11.97",
                    "Namibia": "4.99",
                    "China": "2.59",
                    "Malaysia": "1.93"
                },
                "Vegetable Products": {
                    "Portugal": "89.39",
                    "Spain": "10.61"
                },
                "Wood and Articles of Wood; Wood Charcoal; Cork and Articles of Cork; Manufactures of Straw, of Esparto or of Other Plaiting Materials; Basketware and Wickerwork": {
                    "China": "51.85",
                    "Italy": "31.72",
                    "Portugal": "6.18",
                    "Russian Federation": "4.92",
                    "Turkey": "4.46"
                },
                "Articles of Stone, Plaster, Cement, Asbestos, Mica or Similar Materials; Ceramic Products; Glass and Glassware": {
                    "United Arab Emirates": "68.38",
                    "Switzerland": "18.94",
                    "Hong Kong, China": "8.98",
                    "Israel": "2.19",
                    "Belgium": "1.51"
                },
                "Natural or Cultured Pearls, Precious or Semi-precious Stones, Precious Metals, Metals Clad with Precious Metal, and Articles thereof; Imitation Jewellery; Coin": {
                    "United Arab Emirates": "68.38",
                    "Switzerland": "18.94",
                    "Hong Kong, China": "8.98",
                    "Israel": "2.19",
                    "Belgium": "1.51"
                },
                "Miscellaneous Manufactured Articles": {
                    "Unspecified": "100.00"
                }
            }
        },
        "2014": {
            "Imports": {
                "Animals & Animal Products": {
                    "Spain": "86.74",
                    "Namibia": "3.26",
                    "China": "2.49",
                    "Japan": "2.40",
                    "Korea, Rep.": "1.18"
                },
                "Vegetable Products": {
                    "Portugal": "93.58",
                    "Spain": "6.42"
                },
                "Mineral Products": {
                    "Italy": "32.06",
                    "China": "26.96",
                    "Spain": "26.49",
                    "Poland": "3.24",
                    "Other Asia, nes": "3.23"
                },
                "Wood and Articles of Wood; Wood Charcoal; Cork and Articles of Cork; Manufactures of Straw, of Esparto or of Other Plaiting Materials; Basketware and Wickerwork": {
                    "China": "84.85",
                    "Vietnam": "9.39",
                    "Italy": "2.90",
                    "France": "1.49",
                    "Spain": "0.53"
                },
                "Articles of Stone, Plaster, Cement, Asbestos, Mica or Similar Materials; Ceramic Products; Glass and Glassware": {
                    "United Arab Emirates": "68.11",
                    "Switzerland": "17.66",
                    "Unspecified": "6.89",
                    "Hong Kong, China": "2.83",
                    "Belgium": "2.26"
                },
                "Natural or Cultured Pearls, Precious or Semi-precious Stones, Precious Metals, Metals Clad with Precious Metal, and Articles thereof; Imitation Jewellery; Coin": {
                    "United Arab Emirates": "67.73",
                    "Switzerland": "17.56",
                    "Unspecified": "6.85",
                    "Hong Kong, China": "2.82",
                    "Belgium": "2.24"
                }
            }
        },
        "2015": {
            "Imports": {
                "Animals & Animal Products": {
                    "Spain": "61.39",
                    "Japan": "13.44",
                    "Congo, Dem. Rep.": "6.66",
                    "Korea, Rep.": "4.50",
                    "Namibia": "3.31"
                },
                "Vegetable Products": {
                    "Congo, Dem. Rep.": "89.01",
                    "Chile": "2.93",
                    "Portugal": "1.98",
                    "Namibia": "1.39",
                    "Congo, Rep.": "1.09"
                },
                "Prepared Foodstuffs; Beverages, Spirits, Vinegar, Tobacco and Manufactured Tobacco Substitutes": {
                    "Congo, Dem. Rep.": "59.57",
                    "Namibia": "8.43",
                    "Other Asia, nes": "8.41",
                    "Congo, Rep.": "5.21",
                    "Vietnam": "4.76"
                },
                "Mineral Products": {
                    "Congo, Dem. Rep.": "61.43",
                    "India": "26.64",
                    "China": "7.98",
                    "Algeria": "2.20",
                    "Senegal": "0.75"
                },
                "Products of the Chemical or Allied Industries": {
                    "Congo, Dem. Rep.": "28.18",
                    "United Kingdom": "11.68",
                    "Congo, Rep.": "11.42",
                    "Belgium": "10.73",
                    "United States": "8.55"
                },
                "Plastics and Articles thereof; Rubber and Articles thereof": {
                    "Congo, Rep.": "25.17",
                    "Namibia": "13.86",
                    "Belgium": "8.38",
                    "Senegal": "8.16",
                    "United States": "7.56"
                },
                "Raw Hides and Skins, Leather, Furskins, and Articles thereof; Saddlery and Harness; Travel Goods, Handbags, and Similar Containers; Articles of Animal Gut (Other than Silk-worm Gut)": {
                    "Hong Kong, China": "39.50",
                    "China": "23.76",
                    "France": "14.85",
                    "Switzerland": "3.04",
                    "South Africa": "2.90"
                },
                "Wood and Articles of Wood; Wood Charcoal; Cork and Articles of Cork; Manufactures of Straw, of Esparto or of Other Plaiting Materials; Basketware and Wickerwork": {
                    "Congo, Dem. Rep.": "23.35",
                    "China": "18.78",
                    "United States": "16.16",
                    "Vietnam": "8.88",
                    "South Africa": "8.37"
                },
                "Textiles and Textile Articles": {
                    "Cuba": "24.23",
                    "France": "14.38",
                    "Congo, Dem. Rep.": "10.36",
                    "Congo, Rep.": "10.08",
                    "United States": "5.59"
                },
                "Footwear, Headgear, Umbrellas, Sun Umbrellas, Walking-sticks, Seat-sticks, Whips, Riding-crops, and Parts thereof; Prepared Feathers and Articles Made therewith; Artificial Flowers; Articles of Human Hair": {
                    "Congo, Dem. Rep.": "63.40",
                    "France": "12.29",
                    "Belgium": "8.66",
                    "Sao Tome and Principe": "2.33",
                    "United States": "2.01"
                },
                "Articles of Stone, Plaster, Cement, Asbestos, Mica or Similar Materials; Ceramic Products; Glass and Glassware": {
                    "United Arab Emirates": "60.14",
                    "Unspecified": "19.00",
                    "Switzerland": "10.60",
                    "Israel": "5.06",
                    "Hong Kong, China": "4.11"
                },
                "Natural or Cultured Pearls, Precious or Semi-precious Stones, Precious Metals, Metals Clad with Precious Metal, and Articles thereof; Imitation Jewellery; Coin": {
                    "United Arab Emirates": "59.62",
                    "Unspecified": "18.82",
                    "Switzerland": "10.50",
                    "Israel": "5.01",
                    "Hong Kong, China": "4.07"
                },
                "Base Metals and Articles of Base Metal": {
                    "France": "25.09",
                    "Senegal": "15.52",
                    "Belgium": "7.93",
                    "United Kingdom": "7.92",
                    "Congo, Rep.": "7.84"
                },
                "Machinery and Mechanical Appliances; Electrical Equipment; Parts thereof; Sound Recorders and Reproducers, Television Image and Sound Recorders and Reproducers, and Parts and Accessories of such Articles": {
                    "United States": "20.18",
                    "United Kingdom": "18.60",
                    "Senegal": "9.38",
                    "Congo, Rep.": "7.51",
                    "South Africa": "6.06"
                },
                "Vehicles, Aircraft, Vessels, and Associated Transport Equipment": {
                    "Singapore": "84.23",
                    "United States": "3.99",
                    "Namibia": "2.31",
                    "Cote dIvoire": "1.07",
                    "Congo, Dem. Rep.": "0.97"
                },
                "Optical, Photographic, Cinematographic, Measuring, Checking, Precision, Medical or Surgical Instruments and Apparatus; Clocks and Watches; Musical Instruments; Parts and Accessories thereof": {
                    "Singapore": "30.35",
                    "United States": "11.80",
                    "United Kingdom": "10.86",
                    "Senegal": "6.17",
                    "Congo, Rep.": "4.96"
                },
                "Miscellaneous Manufactured Articles": {
                    "United Kingdom": "26.17",
                    "United States": "14.12",
                    "Belgium": "7.19",
                    "Congo, Rep.": "5.72",
                    "Senegal": "5.59"
                }
            }
        },
        "2016": {
            "Imports": {
                "Animals & Animal Products": {
                    "Spain": "33.98",
                    "Congo, Dem. Rep.": "26.98",
                    "China": "11.13",
                    "Korea, Rep.": "8.95",
                    "Vietnam": "4.02"
                },
                "Vegetable Products": {
                    "Congo, Dem. Rep.": "57.56",
                    "Chile": "15.84",
                    "Ghana": "4.38",
                    "Portugal": "4.24",
                    "Peru": "3.91"
                },
                "Prepared Foodstuffs; Beverages, Spirits, Vinegar, Tobacco and Manufactured Tobacco Substitutes": {
                    "Congo, Dem. Rep.": "73.99",
                    "Congo, Rep.": "11.01",
                    "Namibia": "4.26",
                    "Vietnam": "3.74",
                    "Other Asia, nes": "2.54"
                },
                "Mineral Products": {
                    "Congo, Dem. Rep.": "81.62",
                    "China": "5.62",
                    "Spain": "3.11",
                    "Italy": "2.98",
                    "Portugal": "1.94"
                },
                "Products of the Chemical or Allied Industries": {
                    "Congo, Dem. Rep.": "54.58",
                    "Netherlands": "21.49",
                    "Congo, Rep.": "11.28",
                    "South Africa": "1.88",
                    "United Kingdom": "1.64"
                },
                "Plastics and Articles thereof; Rubber and Articles thereof": {
                    "Congo, Dem. Rep.": "35.63",
                    "United Arab Emirates": "9.66",
                    "Namibia": "8.20",
                    "Netherlands": "7.63",
                    "United States": "6.18"
                },
                "Raw Hides and Skins, Leather, Furskins, and Articles thereof; Saddlery and Harness; Travel Goods, Handbags, and Similar Containers; Articles of Animal Gut (Other than Silk-worm Gut)": {
                    "India": "24.29",
                    "China": "17.29",
                    "Congo, Dem. Rep.": "13.33",
                    "France": "8.38",
                    "Sao Tome and Principe": "5.14"
                },
                "Wood and Articles of Wood; Wood Charcoal; Cork and Articles of Cork; Manufactures of Straw, of Esparto or of Other Plaiting Materials; Basketware and Wickerwork": {
                    "Vietnam": "26.48",
                    "Portugal": "25.46",
                    "China": "20.99",
                    "Congo, Dem. Rep.": "16.22",
                    "United Arab Emirates": "3.03"
                },
                "Textiles and Textile Articles": {
                    "United Kingdom": "32.82",
                    "Congo, Dem. Rep.": "11.29",
                    "Cuba": "9.85",
                    "France": "8.66",
                    "South Africa": "7.12"
                },
                "Footwear, Headgear, Umbrellas, Sun Umbrellas, Walking-sticks, Seat-sticks, Whips, Riding-crops, and Parts thereof; Prepared Feathers and Articles Made therewith; Artificial Flowers; Articles of Human Hair": {
                    "Congo, Dem. Rep.": "93.65",
                    "Sao Tome and Principe": "2.66",
                    "Lebanon": "0.70",
                    "Canada": "0.60",
                    "Portugal": "0.36"
                },
                "Articles of Stone, Plaster, Cement, Asbestos, Mica or Similar Materials; Ceramic Products; Glass and Glassware": {
                    "United Arab Emirates": "79.14",
                    "Israel": "18.27",
                    "Switzerland": "1.10",
                    "Belgium": "0.81",
                    "Gibraltar": "0.11"
                },
                "Natural or Cultured Pearls, Precious or Semi-precious Stones, Precious Metals, Metals Clad with Precious Metal, and Articles thereof; Imitation Jewellery; Coin": {
                    "United Arab Emirates": "78.42",
                    "Israel": "18.08",
                    "Switzerland": "1.09",
                    "Belgium": "0.80",
                    "China": "0.39"
                },
                "Base Metals and Articles of Base Metal": {
                    "Singapore": "47.26",
                    "Spain": "13.65",
                    "United States": "11.02",
                    "United Kingdom": "5.15",
                    "Congo, Dem. Rep.": "2.76"
                },
                "Machinery and Mechanical Appliances; Electrical Equipment; Parts thereof; Sound Recorders and Reproducers, Television Image and Sound Recorders and Reproducers, and Parts and Accessories of such Articles": {
                    "United States": "20.83",
                    "United Kingdom": "12.89",
                    "Norway": "8.18",
                    "South Africa": "7.25",
                    "Portugal": "6.61"
                },
                "Vehicles, Aircraft, Vessels, and Associated Transport Equipment": {
                    "Indonesia": "59.61",
                    "South Africa": "11.29",
                    "United States": "3.41",
                    "Namibia": "3.40",
                    "Congo, Dem. Rep.": "2.82"
                },
                "Optical, Photographic, Cinematographic, Measuring, Checking, Precision, Medical or Surgical Instruments and Apparatus; Clocks and Watches; Musical Instruments; Parts and Accessories thereof": {
                    "Congo, Dem. Rep.": "13.58",
                    "United States": "11.84",
                    "Indonesia": "11.60",
                    "Singapore": "9.92",
                    "United Kingdom": "7.77"
                },
                "Miscellaneous Manufactured Articles": {
                    "Singapore": "38.85",
                    "Belgium": "12.14",
                    "United Kingdom": "10.34",
                    "Germany": "8.79",
                    "Netherlands": "5.73"
                }
            }
        },
        "2017": {
            "Imports": {
                "Animals & Animal Products": {
                    "Spain": "56.57",
                    "Vietnam": "12.03",
                    "Namibia": "11.70",
                    "China": "6.31",
                    "Ghana": "4.17"
                },
                "Vegetable Products": {
                    "Congo, Dem. Rep.": "25.54",
                    "South Africa": "17.39",
                    "Chile": "15.15",
                    "Portugal": "14.24",
                    "Korea, Rep.": "4.91"
                },
                "Prepared Foodstuffs; Beverages, Spirits, Vinegar, Tobacco and Manufactured Tobacco Substitutes": {
                    "Congo, Dem. Rep.": "76.30",
                    "Congo, Rep.": "11.14",
                    "Vietnam": "5.07",
                    "Namibia": "2.18",
                    "Other Asia, nes": "1.77"
                },
                "Mineral Products": {
                    "China": "28.90",
                    "Congo, Dem. Rep.": "24.64",
                    "Spain": "14.76",
                    "Sao Tome and Principe": "5.64",
                    "Ghana": "5.54"
                },
                "Products of the Chemical or Allied Industries": {
                    "Congo, Dem. Rep.": "68.39",
                    "Congo, Rep.": "8.59",
                    "Nigeria": "6.65",
                    "Norway": "3.91",
                    "Gabon": "2.29"
                },
                "Plastics and Articles thereof; Rubber and Articles thereof": {
                    "Congo, Dem. Rep.": "38.92",
                    "United Arab Emirates": "14.77",
                    "Netherlands": "5.81",
                    "Korea, Rep.": "5.23",
                    "United States": "4.78"
                },
                "Raw Hides and Skins, Leather, Furskins, and Articles thereof; Saddlery and Harness; Travel Goods, Handbags, and Similar Containers; Articles of Animal Gut (Other than Silk-worm Gut)": {
                    "Togo": "31.84",
                    "China": "13.79",
                    "France": "8.64",
                    "Congo, Dem. Rep.": "6.00",
                    "India": "4.90"
                },
                "Wood and Articles of Wood; Wood Charcoal; Cork and Articles of Cork; Manufactures of Straw, of Esparto or of Other Plaiting Materials; Basketware and Wickerwork": {
                    "Vietnam": "46.18",
                    "China": "33.30",
                    "Congo, Dem. Rep.": "13.08",
                    "Portugal": "2.92",
                    "Turkey": "0.73"
                },
                "Textiles and Textile Articles": {
                    "France": "33.18",
                    "Portugal": "17.84",
                    "Congo, Rep.": "16.63",
                    "Congo, Dem. Rep.": "7.01",
                    "Cuba": "2.83"
                },
                "Footwear, Headgear, Umbrellas, Sun Umbrellas, Walking-sticks, Seat-sticks, Whips, Riding-crops, and Parts thereof; Prepared Feathers and Articles Made therewith; Artificial Flowers; Articles of Human Hair": {
                    "Congo, Dem. Rep.": "97.85",
                    "Sao Tome and Principe": "1.01",
                    "Namibia": "0.19",
                    "France": "0.15",
                    "Belgium": "0.14"
                },
                "Articles of Stone, Plaster, Cement, Asbestos, Mica or Similar Materials; Ceramic Products; Glass and Glassware": {
                    "United Arab Emirates": "80.41",
                    "Hong Kong, China": "11.35",
                    "Israel": "7.18",
                    "Belgium": "0.43",
                    "Switzerland": "0.32"
                },
                "Natural or Cultured Pearls, Precious or Semi-precious Stones, Precious Metals, Metals Clad with Precious Metal, and Articles thereof; Imitation Jewellery; Coin": {
                    "United Arab Emirates": "79.58",
                    "Hong Kong, China": "11.22",
                    "Israel": "7.10",
                    "China": "0.63",
                    "Belgium": "0.42"
                },
                "Base Metals and Articles of Base Metal": {
                    "Norway": "13.21",
                    "United Kingdom": "12.82",
                    "Netherlands": "9.15",
                    "Congo, Rep.": "8.54",
                    "United States": "8.19"
                },
                "Machinery and Mechanical Appliances; Electrical Equipment; Parts thereof; Sound Recorders and Reproducers, Television Image and Sound Recorders and Reproducers, and Parts and Accessories of such Articles": {
                    "Norway": "13.39",
                    "United Kingdom": "11.54",
                    "United States": "10.81",
                    "Singapore": "10.00",
                    "Netherlands": "8.24"
                },
                "Vehicles, Aircraft, Vessels, and Associated Transport Equipment": {
                    "United States": "18.81",
                    "Cote dIvoire": "16.64",
                    "Congo, Rep.": "11.74",
                    "France": "7.96",
                    "Portugal": "7.83"
                },
                "Optical, Photographic, Cinematographic, Measuring, Checking, Precision, Medical or Surgical Instruments and Apparatus; Clocks and Watches; Musical Instruments; Parts and Accessories thereof": {
                    "Congo, Dem. Rep.": "12.14",
                    "Norway": "10.64",
                    "United Kingdom": "9.30",
                    "United States": "8.74",
                    "Netherlands": "8.06"
                },
                "Miscellaneous Manufactured Articles": {
                    "Netherlands": "14.44",
                    "Norway": "11.12",
                    "United Arab Emirates": "9.70",
                    "Germany": "9.25",
                    "United Kingdom": "9.09"
                }
            }
        },
        "2018": {
            "Imports": {
                "Animals & Animal Products": {
                    "Cote dIvoire": "23.80",
                    "Ghana": "13.76",
                    "Spain": "12.80",
                    "Congo, Dem. Rep.": "10.10",
                    "China": "8.52"
                },
                "Vegetable Products": {
                    "Congo, Dem. Rep.": "59.72",
                    "Spain": "14.21",
                    "Chile": "8.20",
                    "Portugal": "7.88",
                    "Lebanon": "3.02"
                },
                "Prepared Foodstuffs; Beverages, Spirits, Vinegar, Tobacco and Manufactured Tobacco Substitutes": {
                    "Congo, Dem. Rep.": "61.74",
                    "Congo, Rep.": "8.53",
                    "Vietnam": "4.98",
                    "Ireland": "3.34",
                    "Morocco": "3.20"
                },
                "Mineral Products": {
                    "China": "28.36",
                    "Cameroon": "23.09",
                    "Sao Tome and Principe": "8.56",
                    "Congo, Dem. Rep.": "6.41",
                    "Spain": "6.05"
                },
                "Products of the Chemical or Allied Industries": {
                    "Congo, Dem. Rep.": "51.25",
                    "Cameroon": "9.33",
                    "United States": "8.53",
                    "Congo, Rep.": "7.81",
                    "Netherlands": "6.06"
                },
                "Plastics and Articles thereof; Rubber and Articles thereof": {
                    "Congo, Dem. Rep.": "49.07",
                    "United Arab Emirates": "10.36",
                    "Netherlands": "7.24",
                    "Namibia": "5.77",
                    "Gabon": "4.29"
                },
                "Raw Hides and Skins, Leather, Furskins, and Articles thereof; Saddlery and Harness; Travel Goods, Handbags, and Similar Containers; Articles of Animal Gut (Other than Silk-worm Gut)": {
                    "Togo": "67.80",
                    "South Africa": "4.93",
                    "Namibia": "4.00",
                    "Portugal": "2.31",
                    "China": "2.28"
                },
                "Wood and Articles of Wood; Wood Charcoal; Cork and Articles of Cork; Manufactures of Straw, of Esparto or of Other Plaiting Materials; Basketware and Wickerwork": {
                    "Seychelles": "71.21",
                    "Vietnam": "13.21",
                    "China": "8.59",
                    "Congo, Dem. Rep.": "4.95",
                    "Portugal": "0.50"
                },
                "Textiles and Textile Articles": {
                    "Portugal": "22.32",
                    "South Africa": "11.43",
                    "China": "10.70",
                    "Congo, Dem. Rep.": "10.46",
                    "Netherlands": "5.91"
                },
                "Footwear, Headgear, Umbrellas, Sun Umbrellas, Walking-sticks, Seat-sticks, Whips, Riding-crops, and Parts thereof; Prepared Feathers and Articles Made therewith; Artificial Flowers; Articles of Human Hair": {
                    "Congo, Dem. Rep.": "97.45",
                    "Sao Tome and Principe": "0.67",
                    "United States": "0.57",
                    "Portugal": "0.45",
                    "South Africa": "0.19"
                },
                "Articles of Stone, Plaster, Cement, Asbestos, Mica or Similar Materials; Ceramic Products; Glass and Glassware": {
                    "United Arab Emirates": "68.03",
                    "United States": "20.18",
                    "Switzerland": "5.13",
                    "Israel": "2.40",
                    "Belgium": "2.03"
                },
                "Natural or Cultured Pearls, Precious or Semi-precious Stones, Precious Metals, Metals Clad with Precious Metal, and Articles thereof; Imitation Jewellery; Coin": {
                    "United Arab Emirates": "66.97",
                    "United States": "19.85",
                    "Switzerland": "5.05",
                    "Israel": "2.36",
                    "Belgium": "2.00"
                },
                "Base Metals and Articles of Base Metal": {
                    "Ghana": "30.19",
                    "Congo, Dem. Rep.": "17.95",
                    "United Kingdom": "7.62",
                    "Cameroon": "4.96",
                    "France": "4.63"
                },
                "Machinery and Mechanical Appliances; Electrical Equipment; Parts thereof; Sound Recorders and Reproducers, Television Image and Sound Recorders and Reproducers, and Parts and Accessories of such Articles": {
                    "United States": "18.67",
                    "United Kingdom": "15.20",
                    "Nigeria": "7.05",
                    "Norway": "5.99",
                    "Namibia": "5.98"
                },
                "Vehicles, Aircraft, Vessels, and Associated Transport Equipment": {
                    "Namibia": "17.65",
                    "United States": "14.50",
                    "United Kingdom": "10.52",
                    "Portugal": "10.32",
                    "South Africa": "8.60"
                },
                "Optical, Photographic, Cinematographic, Measuring, Checking, Precision, Medical or Surgical Instruments and Apparatus; Clocks and Watches; Musical Instruments; Parts and Accessories thereof": {
                    "Congo, Dem. Rep.": "14.99",
                    "United States": "11.28",
                    "United Kingdom": "9.96",
                    "Ghana": "6.67",
                    "Cameroon": "4.67"
                },
                "Miscellaneous Manufactured Articles": {
                    "Spain": "45.02",
                    "United Arab Emirates": "7.19",
                    "United Kingdom": "6.37",
                    "Congo, Dem. Rep.": "5.94",
                    "United States": "3.86"
                }
            }
        },
        "2019": {
            "Imports": {
                "Animals & Animal Products": {
                    "Spain": "50.33",
                    "Nigeria": "17.90",
                    "Congo, Dem. Rep.": "17.62",
                    "Japan": "7.19",
                    "Chile": "2.53"
                },
                "Vegetable Products": {
                    "Congo, Dem. Rep.": "77.57",
                    "Congo, Rep.": "8.09",
                    "Portugal": "7.43",
                    "Namibia": "3.69",
                    "Belgium": "0.73"
                },
                "Prepared Foodstuffs; Beverages, Spirits, Vinegar, Tobacco and Manufactured Tobacco Substitutes": {
                    "Congo, Dem. Rep.": "75.49",
                    "Congo, Rep.": "6.52",
                    "Morocco": "5.48",
                    "France": "3.37",
                    "Namibia": "1.86"
                },
                "Mineral Products": {
                    "Congo, Dem. Rep.": "30.93",
                    "China": "24.70",
                    "Spain": "10.68",
                    "Sao Tome and Principe": "8.52",
                    "Cameroon": "5.43"
                },
                "Products of the Chemical or Allied Industries": {
                    "Congo, Dem. Rep.": "43.65",
                    "Switzerland": "13.96",
                    "France": "10.19",
                    "United Kingdom": "5.67",
                    "Congo, Rep.": "5.55"
                },
                "Plastics and Articles thereof; Rubber and Articles thereof": {
                    "Congo, Dem. Rep.": "43.94",
                    "Norway": "20.22",
                    "France": "4.57",
                    "United Arab Emirates": "4.02",
                    "United Kingdom": "3.47"
                },
                "Raw Hides and Skins, Leather, Furskins, and Articles thereof; Saddlery and Harness; Travel Goods, Handbags, and Similar Containers; Articles of Animal Gut (Other than Silk-worm Gut)": {
                    "Togo": "66.61",
                    "Germany": "9.31",
                    "Congo, Dem. Rep.": "4.72",
                    "Sao Tome and Principe": "4.11",
                    "Portugal": "2.76"
                },
                "Wood and Articles of Wood; Wood Charcoal; Cork and Articles of Cork; Manufactures of Straw, of Esparto or of Other Plaiting Materials; Basketware and Wickerwork": {
                    "Vietnam": "39.91",
                    "China": "25.00",
                    "Congo, Dem. Rep.": "19.89",
                    "Portugal": "5.25",
                    "Congo, Rep.": "2.89"
                },
                "Textiles and Textile Articles": {
                    "Congo, Dem. Rep.": "51.74",
                    "China": "15.92",
                    "Cuba": "5.60",
                    "Congo, Rep.": "5.54",
                    "Brazil": "3.65"
                },
                "Footwear, Headgear, Umbrellas, Sun Umbrellas, Walking-sticks, Seat-sticks, Whips, Riding-crops, and Parts thereof; Prepared Feathers and Articles Made therewith; Artificial Flowers; Articles of Human Hair": {
                    "Congo, Dem. Rep.": "93.63",
                    "Brazil": "3.48",
                    "Sao Tome and Principe": "1.10",
                    "Congo, Rep.": "0.29",
                    "Namibia": "0.26"
                },
                "Articles of Stone, Plaster, Cement, Asbestos, Mica or Similar Materials; Ceramic Products; Glass and Glassware": {
                    "United Arab Emirates": "85.72",
                    "Belgium": "10.32",
                    "Hong Kong, China": "1.54",
                    "Switzerland": "1.10",
                    "Botswana": "0.53"
                },
                "Natural or Cultured Pearls, Precious or Semi-precious Stones, Precious Metals, Metals Clad with Precious Metal, and Articles thereof; Imitation Jewellery; Coin": {
                    "United Arab Emirates": "85.05",
                    "Belgium": "10.23",
                    "Hong Kong, China": "1.53",
                    "Switzerland": "1.09",
                    "Botswana": "0.52"
                },
                "Base Metals and Articles of Base Metal": {
                    "Congo, Dem. Rep.": "31.46",
                    "Norway": "16.50",
                    "France": "13.86",
                    "Ghana": "4.27",
                    "United Arab Emirates": "3.84"
                },
                "Machinery and Mechanical Appliances; Electrical Equipment; Parts thereof; Sound Recorders and Reproducers, Television Image and Sound Recorders and Reproducers, and Parts and Accessories of such Articles": {
                    "United States": "23.53",
                    "United Kingdom": "16.32",
                    "Norway": "10.81",
                    "France": "7.57",
                    "Kenya": "5.48"
                },
                "Vehicles, Aircraft, Vessels, and Associated Transport Equipment": {
                    "Norway": "29.57",
                    "Namibia": "12.26",
                    "Congo, Rep.": "9.29",
                    "France": "7.61",
                    "Vanuatu": "6.46"
                },
                "Optical, Photographic, Cinematographic, Measuring, Checking, Precision, Medical or Surgical Instruments and Apparatus; Clocks and Watches; Musical Instruments; Parts and Accessories thereof": {
                    "Norway": "21.61",
                    "Namibia": "7.39",
                    "France": "7.36",
                    "United States": "7.26",
                    "Congo, Dem. Rep.": "7.14"
                },
                "Miscellaneous Manufactured Articles": {
                    "Spain": "35.47",
                    "United Kingdom": "14.27",
                    "Norway": "12.02",
                    "Congo, Dem. Rep.": "5.34",
                    "Germany": "4.87"
                }
            }
        },
        "2020": {
            "Imports": {
                "Animals & Animal Products": {
                    "Spain": "48.39",
                    "Vietnam": "23.70",
                    "Ghana": "16.59",
                    "China": "4.66",
                    "Congo, Dem. Rep.": "4.26"
                },
                "Vegetable Products": {
                    "Congo, Dem. Rep.": "43.85",
                    "Portugal": "30.21",
                    "Congo, Rep.": "11.43",
                    "Spain": "6.29",
                    "Namibia": "3.09"
                },
                "Prepared Foodstuffs; Beverages, Spirits, Vinegar, Tobacco and Manufactured Tobacco Substitutes": {
                    "Congo, Dem. Rep.": "51.16",
                    "Congo, Rep.": "23.44",
                    "Morocco": "14.20",
                    "Turkey": "2.33",
                    "Namibia": "2.12"
                },
                "Mineral Products": {
                    "China": "48.81",
                    "Spain": "13.46",
                    "Cameroon": "13.05",
                    "Sao Tome and Principe": "6.99",
                    "Congo, Dem. Rep.": "3.79"
                },
                "Products of the Chemical or Allied Industries": {
                    "Namibia": "48.45",
                    "Congo, Dem. Rep.": "17.58",
                    "Congo, Rep.": "7.16",
                    "Norway": "7.06",
                    "Germany": "3.08"
                },
                "Plastics and Articles thereof; Rubber and Articles thereof": {
                    "Congo, Dem. Rep.": "49.40",
                    "Belgium": "15.69",
                    "Namibia": "9.69",
                    "United States": "4.51",
                    "Congo, Rep.": "3.84"
                },
                "Raw Hides and Skins, Leather, Furskins, and Articles thereof; Saddlery and Harness; Travel Goods, Handbags, and Similar Containers; Articles of Animal Gut (Other than Silk-worm Gut)": {
                    "Togo": "49.71",
                    "Germany": "8.74",
                    "United States": "6.95",
                    "Cape Verde": "6.56",
                    "Nigeria": "3.59"
                },
                "Wood and Articles of Wood; Wood Charcoal; Cork and Articles of Cork; Manufactures of Straw, of Esparto or of Other Plaiting Materials; Basketware and Wickerwork": {
                    "Vietnam": "49.17",
                    "China": "21.37",
                    "Congo, Dem. Rep.": "9.43",
                    "Congo, Rep.": "5.50",
                    "Turkey": "4.75"
                },
                "Textiles and Textile Articles": {
                    "Congo, Dem. Rep.": "42.45",
                    "United States": "8.56",
                    "Cuba": "8.08",
                    "China": "6.23",
                    "France": "5.75"
                },
                "Footwear, Headgear, Umbrellas, Sun Umbrellas, Walking-sticks, Seat-sticks, Whips, Riding-crops, and Parts thereof; Prepared Feathers and Articles Made therewith; Artificial Flowers; Articles of Human Hair": {
                    "Congo, Dem. Rep.": "89.55",
                    "Congo, Rep.": "2.11",
                    "Sao Tome and Principe": "1.58",
                    "Brazil": "1.20",
                    "United States": "1.07"
                },
                "Articles of Stone, Plaster, Cement, Asbestos, Mica or Similar Materials; Ceramic Products; Glass and Glassware": {
                    "United Arab Emirates": "80.46",
                    "Belgium": "13.62",
                    "Hong Kong, China": "3.15",
                    "China": "0.94",
                    "India": "0.77"
                },
                "Natural or Cultured Pearls, Precious or Semi-precious Stones, Precious Metals, Metals Clad with Precious Metal, and Articles thereof; Imitation Jewellery; Coin": {
                    "United Arab Emirates": "79.14",
                    "Belgium": "13.38",
                    "Hong Kong, China": "3.09",
                    "China": "2.27",
                    "India": "0.80"
                },
                "Base Metals and Articles of Base Metal": {
                    "Congo, Dem. Rep.": "23.08",
                    "United Kingdom": "15.15",
                    "Senegal": "10.99",
                    "United Arab Emirates": "9.90",
                    "Singapore": "6.37"
                },
                "Machinery and Mechanical Appliances; Electrical Equipment; Parts thereof; Sound Recorders and Reproducers, Television Image and Sound Recorders and Reproducers, and Parts and Accessories of such Articles": {
                    "United States": "26.23",
                    "United Kingdom": "21.60",
                    "Indonesia": "11.26",
                    "Congo, Rep.": "5.91",
                    "South Africa": "4.57"
                },
                "Vehicles, Aircraft, Vessels, and Associated Transport Equipment": {
                    "Spain": "25.16",
                    "Norway": "11.70",
                    "United Arab Emirates": "10.94",
                    "Marshall Islands": "8.59",
                    "France": "8.24"
                },
                "Optical, Photographic, Cinematographic, Measuring, Checking, Precision, Medical or Surgical Instruments and Apparatus; Clocks and Watches; Musical Instruments; Parts and Accessories thereof": {
                    "Spain": "21.09",
                    "Norway": "10.19",
                    "United Arab Emirates": "9.37",
                    "Marshall Islands": "7.07",
                    "France": "6.91"
                },
                "Miscellaneous Manufactured Articles": {
                    "Spain": "61.15",
                    "United Kingdom": "13.45",
                    "South Africa": "3.86",
                    "United States": "3.37",
                    "Norway": "3.22"
                }
            }
        },
        "2021": {
            "Imports": {
                "Animals & Animal Products": {
                    "Spain": "32.89",
                    "Cote dIvoire": "25.87",
                    "Congo, Dem. Rep.": "19.48",
                    "Ghana": "11.82",
                    "China": "4.23"
                },
                "Vegetable Products": {
                    "Portugal": "43.29",
                    "Congo, Dem. Rep.": "23.06",
                    "Congo, Rep.": "20.50",
                    "Spain": "4.36",
                    "Morocco": "3.63"
                },
                "Prepared Foodstuffs; Beverages, Spirits, Vinegar, Tobacco and Manufactured Tobacco Substitutes": {
                    "Congo, Rep.": "34.73",
                    "Congo, Dem. Rep.": "33.86",
                    "Portugal": "6.77",
                    "Morocco": "6.47",
                    "Turkey": "4.01"
                },
                "Mineral Products": {
                    "China": "32.70",
                    "Cameroon": "17.38",
                    "Spain": "11.31",
                    "Turkey": "5.69",
                    "Congo, Dem. Rep.": "5.43"
                },
                "Products of the Chemical or Allied Industries": {
                    "Congo, Dem. Rep.": "38.58",
                    "Congo, Rep.": "18.98",
                    "Namibia": "11.86",
                    "Germany": "6.94",
                    "United States": "4.46"
                },
                "Plastics and Articles thereof; Rubber and Articles thereof": {
                    "Congo, Dem. Rep.": "43.31",
                    "Congo, Rep.": "13.02",
                    "United Kingdom": "8.88",
                    "Namibia": "8.28",
                    "United States": "5.74"
                },
                "Raw Hides and Skins, Leather, Furskins, and Articles thereof; Saddlery and Harness; Travel Goods, Handbags, and Similar Containers; Articles of Animal Gut (Other than Silk-worm Gut)": {
                    "Togo": "48.44",
                    "Nigeria": "10.24",
                    "Congo, Dem. Rep.": "7.13",
                    "United States": "5.15",
                    "South Africa": "4.54"
                },
                "Wood and Articles of Wood; Wood Charcoal; Cork and Articles of Cork; Manufactures of Straw, of Esparto or of Other Plaiting Materials; Basketware and Wickerwork": {
                    "Vietnam": "49.66",
                    "China": "20.29",
                    "Congo, Dem. Rep.": "6.68",
                    "Congo, Rep.": "6.27",
                    "Portugal": "5.24"
                },
                "Textiles and Textile Articles": {
                    "Congo, Dem. Rep.": "26.40",
                    "China": "15.09",
                    "South Africa": "11.81",
                    "Cuba": "6.58",
                    "United Kingdom": "4.97"
                },
                "Footwear, Headgear, Umbrellas, Sun Umbrellas, Walking-sticks, Seat-sticks, Whips, Riding-crops, and Parts thereof; Prepared Feathers and Articles Made therewith; Artificial Flowers; Articles of Human Hair": {
                    "Congo, Dem. Rep.": "93.08",
                    "Sao Tome and Principe": "2.33",
                    "Congo, Rep.": "0.94",
                    "Namibia": "0.83",
                    "South Africa": "0.47"
                },
                "Articles of Stone, Plaster, Cement, Asbestos, Mica or Similar Materials; Ceramic Products; Glass and Glassware": {
                    "United Arab Emirates": "77.87",
                    "Belgium": "12.47",
                    "India": "6.46",
                    "Israel": "1.93",
                    "Namibia": "0.38"
                },
                "Natural or Cultured Pearls, Precious or Semi-precious Stones, Precious Metals, Metals Clad with Precious Metal, and Articles thereof; Imitation Jewellery; Coin": {
                    "United Arab Emirates": "76.77",
                    "Belgium": "12.29",
                    "India": "6.38",
                    "Israel": "1.90",
                    "China": "1.27"
                },
                "Base Metals and Articles of Base Metal": {
                    "Congo, Dem. Rep.": "34.07",
                    "United Arab Emirates": "10.67",
                    "United Kingdom": "10.35",
                    "Senegal": "7.37",
                    "France": "6.23"
                },
                "Machinery and Mechanical Appliances; Electrical Equipment; Parts thereof; Sound Recorders and Reproducers, Television Image and Sound Recorders and Reproducers, and Parts and Accessories of such Articles": {
                    "United Kingdom": "17.38",
                    "Namibia": "10.79",
                    "Czech Republic": "9.99",
                    "United States": "9.76",
                    "Cote dIvoire": "8.80"
                },
                "Vehicles, Aircraft, Vessels, and Associated Transport Equipment": {
                    "Namibia": "29.61",
                    "Spain": "10.87",
                    "France": "10.21",
                    "Marshall Islands": "9.21",
                    "United Kingdom": "6.71"
                },
                "Optical, Photographic, Cinematographic, Measuring, Checking, Precision, Medical or Surgical Instruments and Apparatus; Clocks and Watches; Musical Instruments; Parts and Accessories thereof": {
                    "Namibia": "25.18",
                    "France": "8.77",
                    "Spain": "8.75",
                    "United Kingdom": "8.46",
                    "Marshall Islands": "7.34"
                },
                "Miscellaneous Manufactured Articles": {
                    "United Kingdom": "34.72",
                    "Spain": "32.38",
                    "Namibia": "5.19",
                    "France": "4.41",
                    "United States": "3.50"
                }
            }
        },
        "2022": {
            "Imports": {
                "Animals & Animal Products": {
                    "Cote dIvoire": "33.10",
                    "China": "23.42",
                    "Spain": "16.84",
                    "Ghana": "15.09",
                    "Malaysia": "4.32"
                },
                "Vegetable Products": {
                    "Congo, Dem. Rep.": "49.23",
                    "Portugal": "39.13",
                    "Congo, Rep.": "8.81",
                    "Panama": "0.45",
                    "Cameroon": "0.35"
                },
                "Prepared Foodstuffs; Beverages, Spirits, Vinegar, Tobacco and Manufactured Tobacco Substitutes": {
                    "Congo, Dem. Rep.": "43.65",
                    "Congo, Rep.": "13.57",
                    "Turkey": "11.38",
                    "Ireland": "10.70",
                    "Vietnam": "5.72"
                },
                "Mineral Products": {
                    "China": "63.40",
                    "Spain": "7.37",
                    "Ghana": "5.74",
                    "Cote dIvoire": "3.86",
                    "Italy": "2.85"
                },
                "Products of the Chemical or Allied Industries": {
                    "Congo, Dem. Rep.": "20.16",
                    "Namibia": "17.33",
                    "Mauritania": "15.39",
                    "Germany": "15.02",
                    "Congo, Rep.": "11.60"
                },
                "Plastics and Articles thereof; Rubber and Articles thereof": {
                    "Congo, Dem. Rep.": "34.99",
                    "South Africa": "10.38",
                    "France": "10.36",
                    "Namibia": "9.75",
                    "Congo, Rep.": "8.17"
                },
                "Raw Hides and Skins, Leather, Furskins, and Articles thereof; Saddlery and Harness; Travel Goods, Handbags, and Similar Containers; Articles of Animal Gut (Other than Silk-worm Gut)": {
                    "Togo": "27.59",
                    "France": "24.69",
                    "Nigeria": "15.31",
                    "Germany": "8.37",
                    "Congo, Dem. Rep.": "5.96"
                },
                "Wood and Articles of Wood; Wood Charcoal; Cork and Articles of Cork; Manufactures of Straw, of Esparto or of Other Plaiting Materials; Basketware and Wickerwork": {
                    "Vietnam": "53.75",
                    "China": "12.86",
                    "Congo, Rep.": "8.15",
                    "Congo, Dem. Rep.": "6.00",
                    "South Africa": "4.56"
                },
                "Textiles and Textile Articles": {
                    "Congo, Dem. Rep.": "27.04",
                    "South Africa": "15.43",
                    "Cuba": "13.21",
                    "China": "7.11",
                    "Kenya": "5.22"
                },
                "Footwear, Headgear, Umbrellas, Sun Umbrellas, Walking-sticks, Seat-sticks, Whips, Riding-crops, and Parts thereof; Prepared Feathers and Articles Made therewith; Artificial Flowers; Articles of Human Hair": {
                    "Congo, Dem. Rep.": "86.11",
                    "Sao Tome and Principe": "3.38",
                    "Mozambique": "1.47",
                    "United States": "1.42",
                    "South Africa": "1.24"
                },
                "Articles of Stone, Plaster, Cement, Asbestos, Mica or Similar Materials; Ceramic Products; Glass and Glassware": {
                    "United Arab Emirates": "72.01",
                    "Belgium": "15.90",
                    "Hong Kong, China": "6.36",
                    "India": "3.15",
                    "Israel": "1.04"
                },
                "Natural or Cultured Pearls, Precious or Semi-precious Stones, Precious Metals, Metals Clad with Precious Metal, and Articles thereof; Imitation Jewellery; Coin": {
                    "United Arab Emirates": "70.06",
                    "Belgium": "15.48",
                    "Hong Kong, China": "6.19",
                    "China": "3.23",
                    "India": "3.08"
                },
                "Base Metals and Articles of Base Metal": {
                    "Congo, Dem. Rep.": "41.18",
                    "Ghana": "9.95",
                    "United Arab Emirates": "7.94",
                    "Senegal": "5.30",
                    "United States": "4.60"
                },
                "Machinery and Mechanical Appliances; Electrical Equipment; Parts thereof; Sound Recorders and Reproducers, Television Image and Sound Recorders and Reproducers, and Parts and Accessories of such Articles": {
                    "Czech Republic": "14.07",
                    "United Kingdom": "13.66",
                    "United States": "13.64",
                    "Italy": "9.52",
                    "Mauritania": "6.10"
                },
                "Vehicles, Aircraft, Vessels, and Associated Transport Equipment": {
                    "South Africa": "28.75",
                    "Congo, Rep.": "10.04",
                    "United Arab Emirates": "8.82",
                    "Italy": "7.53",
                    "Bermuda": "5.82"
                },
                "Optical, Photographic, Cinematographic, Measuring, Checking, Precision, Medical or Surgical Instruments and Apparatus; Clocks and Watches; Musical Instruments; Parts and Accessories thereof": {
                    "South Africa": "22.94",
                    "Congo, Rep.": "8.94",
                    "United Arab Emirates": "7.06",
                    "Italy": "6.61",
                    "Namibia": "4.41"
                },
                "Miscellaneous Manufactured Articles": {
                    "Spain": "48.98",
                    "United Kingdom": "14.88",
                    "Namibia": "5.73",
                    "Congo, Rep.": "4.10",
                    "United States": "3.69"
                }
            }
        }
    }
}