{
    "Main Partners": {
        "1996": {
            "Imports": {
                "Animals & Animal Products": {
                    "Japan": "39.94",
                    "Kazakhstan": "15.41",
                    "Korea, Rep.": "7.25",
                    "Lithuania": "7.07",
                    "China": "3.91"
                },
                "Vegetable Products": {
                    "Turkey": "17.55",
                    "Netherlands": "8.07",
                    "Germany": "7.21",
                    "Spain": "7.02",
                    "Kazakhstan": "5.74"
                },
                "Prepared Foodstuffs; Beverages, Spirits, Vinegar, Tobacco and Manufactured Tobacco Substitutes": {
                    "Kazakhstan": "23.44",
                    "Latvia": "8.14",
                    "Finland": "7.44",
                    "Germany": "6.02",
                    "United States": "5.98"
                },
                "Mineral Products": {
                    "Ukraine": "25.01",
                    "Poland": "8.15",
                    "Czech Republic": "6.79",
                    "Tajikistan": "4.92",
                    "Slovak Republic": "4.68"
                },
                "Products of the Chemical or Allied Industries": {
                    "China": "21.53",
                    "Finland": "8.41",
                    "United States": "7.74",
                    "Switzerland": "5.29",
                    "France": "5.20"
                },
                "Plastics and Articles thereof; Rubber and Articles thereof": {
                    "Ukraine": "16.37",
                    "Kazakhstan": "11.13",
                    "China": "10.70",
                    "Uzbekistan": "6.86",
                    "Slovak Republic": "5.10"
                },
                "Raw Hides and Skins, Leather, Furskins, and Articles thereof; Saddlery and Harness; Travel Goods, Handbags, and Similar Containers; Articles of Animal Gut (Other than Silk-worm Gut)": {
                    "Italy": "39.83",
                    "United Kingdom": "7.54",
                    "Turkey": "7.06",
                    "Finland": "4.87",
                    "Poland": "4.20"
                },
                "Wood and Articles of Wood; Wood Charcoal; Cork and Articles of Cork; Manufactures of Straw, of Esparto or of Other Plaiting Materials; Basketware and Wickerwork": {
                    "Japan": "16.45",
                    "Finland": "8.75",
                    "China": "7.64",
                    "United States": "5.35",
                    "Ukraine": "4.83"
                },
                "Textiles and Textile Articles": {
                    "Germany": "14.78",
                    "Ukraine": "12.99",
                    "United States": "9.47",
                    "Turkey": "7.37",
                    "Kazakhstan": "4.90"
                },
                "Footwear, Headgear, Umbrellas, Sun Umbrellas, Walking-sticks, Seat-sticks, Whips, Riding-crops, and Parts thereof; Prepared Feathers and Articles Made therewith; Artificial Flowers; Articles of Human Hair": {
                    "Ukraine": "18.16",
                    "Kazakhstan": "12.72",
                    "Uzbekistan": "10.12",
                    "Italy": "5.99",
                    "Afghanistan": "4.89"
                },
                "Articles of Stone, Plaster, Cement, Asbestos, Mica or Similar Materials; Ceramic Products; Glass and Glassware": {
                    "Ukraine": "20.68",
                    "Kazakhstan": "15.73",
                    "Uzbekistan": "6.84",
                    "China": "5.06",
                    "Iran, Islamic Rep.": "3.52"
                },
                "Natural or Cultured Pearls, Precious or Semi-precious Stones, Precious Metals, Metals Clad with Precious Metal, and Articles thereof; Imitation Jewellery; Coin": {
                    "Netherlands": "29.95",
                    "United States": "14.74",
                    "Japan": "14.53",
                    "Switzerland": "7.20",
                    "Germany": "5.10"
                },
                "Base Metals and Articles of Base Metal": {
                    "Netherlands": "17.35",
                    "United States": "16.23",
                    "China": "11.62",
                    "Japan": "8.24",
                    "Switzerland": "5.61"
                },
                "Machinery and Mechanical Appliances; Electrical Equipment; Parts thereof; Sound Recorders and Reproducers, Television Image and Sound Recorders and Reproducers, and Parts and Accessories of such Articles": {
                    "Ukraine": "19.36",
                    "Kazakhstan": "10.39",
                    "Uzbekistan": "9.00",
                    "China": "8.93",
                    "India": "7.04"
                },
                "Vehicles, Aircraft, Vessels, and Associated Transport Equipment": {
                    "Ukraine": "9.67",
                    "Korea, Rep.": "7.75",
                    "China": "6.67",
                    "Kazakhstan": "5.91",
                    "Hungary": "5.46"
                },
                "Optical, Photographic, Cinematographic, Measuring, Checking, Precision, Medical or Surgical Instruments and Apparatus; Clocks and Watches; Musical Instruments; Parts and Accessories thereof": {
                    "China": "15.61",
                    "United States": "9.06",
                    "Ukraine": "8.19",
                    "Kazakhstan": "5.84",
                    "Germany": "4.75"
                },
                "Miscellaneous Manufactured Articles": {
                    "Special Categories": "73.82",
                    "Belarus": "23.24",
                    "Ukraine": "0.35",
                    "India": "0.31",
                    "Kazakhstan": "0.28"
                }
            }
        },
        "1997": {
            "Imports": {
                "Animals & Animal Products": {
                    "Japan": "43.64",
                    "Korea, Rep.": "8.53",
                    "Kazakhstan": "7.44",
                    "Poland": "6.92",
                    "China": "6.33"
                },
                "Vegetable Products": {
                    "Netherlands": "10.15",
                    "Turkey": "9.91",
                    "Uzbekistan": "8.65",
                    "Estonia": "7.21",
                    "Kazakhstan": "6.05"
                },
                "Prepared Foodstuffs; Beverages, Spirits, Vinegar, Tobacco and Manufactured Tobacco Substitutes": {
                    "Kazakhstan": "23.77",
                    "Finland": "8.98",
                    "United States": "8.06",
                    "Ukraine": "5.56",
                    "Lithuania": "5.32"
                },
                "Mineral Products": {
                    "Ukraine": "21.66",
                    "Poland": "9.11",
                    "Czech Republic": "6.09",
                    "Belgium-Luxembourg": "5.16",
                    "Tunisia": "4.56"
                },
                "Products of the Chemical or Allied Industries": {
                    "China": "17.77",
                    "Finland": "12.38",
                    "United States": "7.95",
                    "Switzerland": "5.54",
                    "Germany": "4.89"
                },
                "Plastics and Articles thereof; Rubber and Articles thereof": {
                    "Ukraine": "14.50",
                    "China": "11.82",
                    "Kazakhstan": "8.86",
                    "Uzbekistan": "5.66",
                    "Lithuania": "5.28"
                },
                "Raw Hides and Skins, Leather, Furskins, and Articles thereof; Saddlery and Harness; Travel Goods, Handbags, and Similar Containers; Articles of Animal Gut (Other than Silk-worm Gut)": {
                    "Italy": "42.19",
                    "Turkey": "12.40",
                    "Spain": "5.90",
                    "Poland": "4.09",
                    "Netherlands": "3.80"
                },
                "Wood and Articles of Wood; Wood Charcoal; Cork and Articles of Cork; Manufactures of Straw, of Esparto or of Other Plaiting Materials; Basketware and Wickerwork": {
                    "Japan": "17.81",
                    "China": "10.39",
                    "Finland": "8.14",
                    "United States": "4.46",
                    "Turkey": "3.75"
                },
                "Textiles and Textile Articles": {
                    "Germany": "14.91",
                    "United States": "10.49",
                    "Ukraine": "8.02",
                    "Turkey": "7.14",
                    "Italy": "4.92"
                },
                "Footwear, Headgear, Umbrellas, Sun Umbrellas, Walking-sticks, Seat-sticks, Whips, Riding-crops, and Parts thereof; Prepared Feathers and Articles Made therewith; Artificial Flowers; Articles of Human Hair": {
                    "Kazakhstan": "11.79",
                    "Turkmenistan": "11.24",
                    "Uzbekistan": "10.92",
                    "Kyrgyz Republic": "10.22",
                    "Ukraine": "10.10"
                },
                "Articles of Stone, Plaster, Cement, Asbestos, Mica or Similar Materials; Ceramic Products; Glass and Glassware": {
                    "Kazakhstan": "18.31",
                    "Ukraine": "18.25",
                    "Iran, Islamic Rep.": "6.33",
                    "China": "5.86",
                    "Uzbekistan": "5.15"
                },
                "Natural or Cultured Pearls, Precious or Semi-precious Stones, Precious Metals, Metals Clad with Precious Metal, and Articles thereof; Imitation Jewellery; Coin": {
                    "Netherlands": "33.94",
                    "Japan": "14.23",
                    "United States": "9.88",
                    "Germany": "7.85",
                    "Switzerland": "6.55"
                },
                "Base Metals and Articles of Base Metal": {
                    "Netherlands": "20.43",
                    "United States": "15.36",
                    "China": "8.97",
                    "Japan": "8.40",
                    "Switzerland": "5.46"
                },
                "Machinery and Mechanical Appliances; Electrical Equipment; Parts thereof; Sound Recorders and Reproducers, Television Image and Sound Recorders and Reproducers, and Parts and Accessories of such Articles": {
                    "Ukraine": "14.76",
                    "China": "11.09",
                    "Kazakhstan": "9.51",
                    "Uzbekistan": "7.13",
                    "India": "5.38"
                },
                "Vehicles, Aircraft, Vessels, and Associated Transport Equipment": {
                    "Kazakhstan": "15.98",
                    "Ukraine": "15.68",
                    "Germany": "4.74",
                    "Hungary": "4.59",
                    "China": "4.31"
                },
                "Optical, Photographic, Cinematographic, Measuring, Checking, Precision, Medical or Surgical Instruments and Apparatus; Clocks and Watches; Musical Instruments; Parts and Accessories thereof": {
                    "China": "14.52",
                    "United States": "11.47",
                    "Ukraine": "6.56",
                    "Kazakhstan": "6.19",
                    "Germany": "4.06"
                },
                "Miscellaneous Manufactured Articles": {
                    "Special Categories": "19.92",
                    "Belarus": "9.97",
                    "United States": "8.01",
                    "United Kingdom": "7.28",
                    "Switzerland": "5.91"
                }
            }
        },
        "1998": {
            "Imports": {
                "Animals & Animal Products": {
                    "Japan": "30.60",
                    "Korea, Rep.": "15.76",
                    "China": "7.87",
                    "Kazakhstan": "7.63",
                    "United States": "6.31"
                },
                "Vegetable Products": {
                    "Turkey": "19.43",
                    "Netherlands": "9.87",
                    "Kazakhstan": "6.60",
                    "Uzbekistan": "4.98",
                    "China": "4.90"
                },
                "Prepared Foodstuffs; Beverages, Spirits, Vinegar, Tobacco and Manufactured Tobacco Substitutes": {
                    "Kazakhstan": "41.06",
                    "United States": "9.15",
                    "Ukraine": "8.85",
                    "Germany": "4.63",
                    "Finland": "4.04"
                },
                "Mineral Products": {
                    "Ukraine": "19.23",
                    "Poland": "8.83",
                    "Finland": "8.39",
                    "Czech Republic": "6.44",
                    "Netherlands": "5.83"
                },
                "Products of the Chemical or Allied Industries": {
                    "China": "15.07",
                    "Finland": "8.96",
                    "Turkey": "7.22",
                    "Switzerland": "6.85",
                    "United States": "6.69"
                },
                "Plastics and Articles thereof; Rubber and Articles thereof": {
                    "Ukraine": "14.16",
                    "China": "11.12",
                    "Kazakhstan": "7.15",
                    "Hungary": "5.44",
                    "Slovak Republic": "5.10"
                },
                "Raw Hides and Skins, Leather, Furskins, and Articles thereof; Saddlery and Harness; Travel Goods, Handbags, and Similar Containers; Articles of Animal Gut (Other than Silk-worm Gut)": {
                    "Italy": "48.04",
                    "Spain": "6.33",
                    "Turkey": "5.53",
                    "United States": "4.05",
                    "United Arab Emirates": "3.58"
                },
                "Wood and Articles of Wood; Wood Charcoal; Cork and Articles of Cork; Manufactures of Straw, of Esparto or of Other Plaiting Materials; Basketware and Wickerwork": {
                    "Japan": "11.44",
                    "China": "11.40",
                    "Finland": "10.35",
                    "United States": "6.46",
                    "Germany": "4.55"
                },
                "Textiles and Textile Articles": {
                    "Germany": "15.89",
                    "United States": "14.57",
                    "Turkey": "6.63",
                    "Ukraine": "6.44",
                    "Italy": "4.98"
                },
                "Footwear, Headgear, Umbrellas, Sun Umbrellas, Walking-sticks, Seat-sticks, Whips, Riding-crops, and Parts thereof; Prepared Feathers and Articles Made therewith; Artificial Flowers; Articles of Human Hair": {
                    "Uzbekistan": "15.47",
                    "Ukraine": "12.95",
                    "Kazakhstan": "10.82",
                    "Germany": "9.17",
                    "Italy": "8.17"
                },
                "Articles of Stone, Plaster, Cement, Asbestos, Mica or Similar Materials; Ceramic Products; Glass and Glassware": {
                    "Switzerland": "23.71",
                    "United Kingdom": "20.43",
                    "United States": "17.65",
                    "Belgium-Luxembourg": "8.50",
                    "Israel": "6.74"
                },
                "Natural or Cultured Pearls, Precious or Semi-precious Stones, Precious Metals, Metals Clad with Precious Metal, and Articles thereof; Imitation Jewellery; Coin": {
                    "Netherlands": "25.22",
                    "Switzerland": "13.01",
                    "United States": "12.75",
                    "Japan": "11.36",
                    "Germany": "7.86"
                },
                "Base Metals and Articles of Base Metal": {
                    "Netherlands": "18.95",
                    "United States": "15.78",
                    "Germany": "7.66",
                    "Japan": "7.54",
                    "China": "6.39"
                },
                "Machinery and Mechanical Appliances; Electrical Equipment; Parts thereof; Sound Recorders and Reproducers, Television Image and Sound Recorders and Reproducers, and Parts and Accessories of such Articles": {
                    "China": "18.24",
                    "Ukraine": "13.08",
                    "Kazakhstan": "6.94",
                    "Germany": "5.87",
                    "Uzbekistan": "5.24"
                },
                "Vehicles, Aircraft, Vessels, and Associated Transport Equipment": {
                    "United States": "19.56",
                    "Kazakhstan": "7.24",
                    "Ukraine": "7.06",
                    "Cyprus": "4.90",
                    "United Kingdom": "4.48"
                },
                "Optical, Photographic, Cinematographic, Measuring, Checking, Precision, Medical or Surgical Instruments and Apparatus; Clocks and Watches; Musical Instruments; Parts and Accessories thereof": {
                    "United States": "14.13",
                    "China": "11.52",
                    "United Kingdom": "6.30",
                    "Ukraine": "5.47",
                    "Kazakhstan": "4.79"
                },
                "Miscellaneous Manufactured Articles": {
                    "Belarus": "57.17",
                    "United States": "7.58",
                    "Poland": "6.24",
                    "China": "4.59",
                    "Kazakhstan": "2.67"
                }
            }
        },
        "1999": {
            "Imports": {
                "Animals & Animal Products": {
                    "Korea, Rep.": "23.74",
                    "Japan": "23.53",
                    "China": "7.25",
                    "Kazakhstan": "6.97",
                    "United States": "4.93"
                },
                "Vegetable Products": {
                    "Azerbaijan": "16.33",
                    "Turkey": "15.00",
                    "Kazakhstan": "10.43",
                    "Israel": "5.32",
                    "China": "4.68"
                },
                "Prepared Foodstuffs; Beverages, Spirits, Vinegar, Tobacco and Manufactured Tobacco Substitutes": {
                    "Kazakhstan": "35.42",
                    "United States": "9.67",
                    "Ukraine": "7.89",
                    "Germany": "5.53",
                    "Mongolia": "3.06"
                },
                "Mineral Products": {
                    "Ukraine": "19.87",
                    "Netherlands": "9.62",
                    "Lithuania": "7.18",
                    "Poland": "6.40",
                    "Finland": "5.75"
                },
                "Products of the Chemical or Allied Industries": {
                    "China": "16.47",
                    "Finland": "12.97",
                    "United States": "7.04",
                    "Switzerland": "5.94",
                    "Germany": "4.43"
                },
                "Plastics and Articles thereof; Rubber and Articles thereof": {
                    "China": "20.12",
                    "Ukraine": "13.90",
                    "Kazakhstan": "4.77",
                    "Turkey": "4.59",
                    "Finland": "4.40"
                },
                "Raw Hides and Skins, Leather, Furskins, and Articles thereof; Saddlery and Harness; Travel Goods, Handbags, and Similar Containers; Articles of Animal Gut (Other than Silk-worm Gut)": {
                    "Italy": "36.69",
                    "Austria": "13.01",
                    "United Kingdom": "10.71",
                    "United States": "5.68",
                    "Spain": "4.01"
                },
                "Wood and Articles of Wood; Wood Charcoal; Cork and Articles of Cork; Manufactures of Straw, of Esparto or of Other Plaiting Materials; Basketware and Wickerwork": {
                    "China": "14.61",
                    "Japan": "13.69",
                    "Finland": "9.28",
                    "Germany": "5.39",
                    "United States": "4.03"
                },
                "Textiles and Textile Articles": {
                    "United States": "16.46",
                    "Germany": "14.02",
                    "Belgium": "8.21",
                    "Ukraine": "6.07",
                    "Italy": "5.52"
                },
                "Footwear, Headgear, Umbrellas, Sun Umbrellas, Walking-sticks, Seat-sticks, Whips, Riding-crops, and Parts thereof; Prepared Feathers and Articles Made therewith; Artificial Flowers; Articles of Human Hair": {
                    "Finland": "16.75",
                    "Ukraine": "15.13",
                    "Italy": "12.52",
                    "United Kingdom": "5.56",
                    "Kazakhstan": "4.75"
                },
                "Articles of Stone, Plaster, Cement, Asbestos, Mica or Similar Materials; Ceramic Products; Glass and Glassware": {
                    "Latvia": "17.95",
                    "Kazakhstan": "14.05",
                    "Ukraine": "12.67",
                    "Finland": "11.55",
                    "Czech Republic": "4.65"
                },
                "Natural or Cultured Pearls, Precious or Semi-precious Stones, Precious Metals, Metals Clad with Precious Metal, and Articles thereof; Imitation Jewellery; Coin": {
                    "Netherlands": "30.25",
                    "Japan": "12.63",
                    "United States": "10.95",
                    "Germany": "6.96",
                    "Switzerland": "6.92"
                },
                "Base Metals and Articles of Base Metal": {
                    "Netherlands": "18.37",
                    "United States": "10.38",
                    "Germany": "9.25",
                    "Japan": "7.80",
                    "China": "7.07"
                },
                "Machinery and Mechanical Appliances; Electrical Equipment; Parts thereof; Sound Recorders and Reproducers, Television Image and Sound Recorders and Reproducers, and Parts and Accessories of such Articles": {
                    "Ukraine": "11.49",
                    "China": "8.54",
                    "United States": "7.21",
                    "Belgium": "6.53",
                    "Germany": "6.16"
                },
                "Vehicles, Aircraft, Vessels, and Associated Transport Equipment": {
                    "China": "24.97",
                    "Kazakhstan": "13.03",
                    "Ukraine": "9.81",
                    "Vietnam": "3.61",
                    "India": "3.56"
                },
                "Optical, Photographic, Cinematographic, Measuring, Checking, Precision, Medical or Surgical Instruments and Apparatus; Clocks and Watches; Musical Instruments; Parts and Accessories thereof": {
                    "China": "13.26",
                    "United States": "7.98",
                    "Germany": "7.47",
                    "Ukraine": "5.56",
                    "Finland": "5.21"
                },
                "Miscellaneous Manufactured Articles": {
                    "Belarus": "31.76",
                    "United States": "18.99",
                    "Switzerland": "11.10",
                    "United Kingdom": "7.43",
                    "India": "5.01"
                }
            }
        },
        "2000": {
            "Imports": {
                "Animals & Animal Products": {
                    "Japan": "28.93",
                    "Korea, Rep.": "15.28",
                    "China": "11.61",
                    "Kazakhstan": "10.01",
                    "Lithuania": "5.75"
                },
                "Vegetable Products": {
                    "Turkey": "14.95",
                    "Kazakhstan": "10.41",
                    "Netherlands": "7.91",
                    "Ukraine": "6.41",
                    "Azerbaijan": "5.79"
                },
                "Prepared Foodstuffs; Beverages, Spirits, Vinegar, Tobacco and Manufactured Tobacco Substitutes": {
                    "Kazakhstan": "36.42",
                    "Ukraine": "11.81",
                    "United States": "4.41",
                    "Netherlands": "4.37",
                    "Azerbaijan": "4.07"
                },
                "Mineral Products": {
                    "Ukraine": "25.83",
                    "Poland": "8.07",
                    "Tunisia": "6.77",
                    "Netherlands": "6.60",
                    "Lithuania": "6.42"
                },
                "Products of the Chemical or Allied Industries": {
                    "United States": "20.38",
                    "Finland": "12.23",
                    "China": "8.98",
                    "Kazakhstan": "5.09",
                    "United Kingdom": "3.97"
                },
                "Plastics and Articles thereof; Rubber and Articles thereof": {
                    "China": "24.48",
                    "Ukraine": "10.09",
                    "Kazakhstan": "8.09",
                    "Lithuania": "3.82",
                    "Slovak Republic": "3.75"
                },
                "Raw Hides and Skins, Leather, Furskins, and Articles thereof; Saddlery and Harness; Travel Goods, Handbags, and Similar Containers; Articles of Animal Gut (Other than Silk-worm Gut)": {
                    "Italy": "54.51",
                    "Austria": "10.03",
                    "Spain": "3.97",
                    "Lithuania": "2.86",
                    "United Kingdom": "2.55"
                },
                "Wood and Articles of Wood; Wood Charcoal; Cork and Articles of Cork; Manufactures of Straw, of Esparto or of Other Plaiting Materials; Basketware and Wickerwork": {
                    "China": "17.86",
                    "Japan": "13.38",
                    "Finland": "7.45",
                    "Germany": "4.75",
                    "Turkey": "4.39"
                },
                "Textiles and Textile Articles": {
                    "United States": "15.04",
                    "Germany": "12.07",
                    "Ukraine": "10.57",
                    "Italy": "7.91",
                    "Korea, Rep.": "4.68"
                },
                "Footwear, Headgear, Umbrellas, Sun Umbrellas, Walking-sticks, Seat-sticks, Whips, Riding-crops, and Parts thereof; Prepared Feathers and Articles Made therewith; Artificial Flowers; Articles of Human Hair": {
                    "Ukraine": "26.08",
                    "Italy": "13.79",
                    "Kazakhstan": "10.71",
                    "Kyrgyz Republic": "7.96",
                    "Uzbekistan": "4.56"
                },
                "Articles of Stone, Plaster, Cement, Asbestos, Mica or Similar Materials; Ceramic Products; Glass and Glassware": {
                    "Kazakhstan": "18.98",
                    "Finland": "15.61",
                    "Ukraine": "12.01",
                    "Latvia": "9.23",
                    "Czech Republic": "6.23"
                },
                "Natural or Cultured Pearls, Precious or Semi-precious Stones, Precious Metals, Metals Clad with Precious Metal, and Articles thereof; Imitation Jewellery; Coin": {
                    "Netherlands": "18.81",
                    "United Kingdom": "18.59",
                    "Japan": "11.94",
                    "United States": "11.29",
                    "China": "6.54"
                },
                "Base Metals and Articles of Base Metal": {
                    "United Kingdom": "11.76",
                    "Netherlands": "11.29",
                    "United States": "10.71",
                    "China": "8.98",
                    "Germany": "7.41"
                },
                "Machinery and Mechanical Appliances; Electrical Equipment; Parts thereof; Sound Recorders and Reproducers, Television Image and Sound Recorders and Reproducers, and Parts and Accessories of such Articles": {
                    "Ukraine": "13.55",
                    "Germany": "9.13",
                    "Finland": "7.96",
                    "Lithuania": "7.86",
                    "Kazakhstan": "7.84"
                },
                "Vehicles, Aircraft, Vessels, and Associated Transport Equipment": {
                    "China": "20.80",
                    "Kazakhstan": "10.54",
                    "India": "10.13",
                    "Ukraine": "6.75",
                    "Greece": "4.39"
                },
                "Optical, Photographic, Cinematographic, Measuring, Checking, Precision, Medical or Surgical Instruments and Apparatus; Clocks and Watches; Musical Instruments; Parts and Accessories thereof": {
                    "China": "10.25",
                    "United States": "9.84",
                    "Germany": "7.29",
                    "Kazakhstan": "6.02",
                    "Finland": "5.83"
                },
                "Miscellaneous Manufactured Articles": {
                    "Unspecified": "49.08",
                    "Belarus": "42.69",
                    "China": "1.31",
                    "Lithuania": "0.94",
                    "Finland": "0.91"
                }
            }
        },
        "2001": {
            "Imports": {
                "Animals & Animal Products": {
                    "Japan": "22.25",
                    "Korea, Rep.": "21.52",
                    "China": "15.31",
                    "Kazakhstan": "9.60",
                    "Germany": "6.38"
                },
                "Vegetable Products": {
                    "Kazakhstan": "10.32",
                    "Italy": "9.16",
                    "Saudi Arabia": "8.97",
                    "Ukraine": "7.54",
                    "Greece": "6.57"
                },
                "Prepared Foodstuffs; Beverages, Spirits, Vinegar, Tobacco and Manufactured Tobacco Substitutes": {
                    "Kazakhstan": "25.84",
                    "Ukraine": "16.95",
                    "Uzbekistan": "6.49",
                    "United States": "6.36",
                    "Japan": "3.82"
                },
                "Mineral Products": {
                    "Ukraine": "21.31",
                    "Netherlands": "7.52",
                    "Slovak Republic": "6.72",
                    "China": "6.28",
                    "Finland": "6.27"
                },
                "Products of the Chemical or Allied Industries": {
                    "China": "14.37",
                    "Finland": "13.22",
                    "United States": "7.76",
                    "Kazakhstan": "4.88",
                    "Switzerland": "4.69"
                },
                "Plastics and Articles thereof; Rubber and Articles thereof": {
                    "China": "26.56",
                    "Ukraine": "11.52",
                    "Kazakhstan": "10.94",
                    "Slovak Republic": "4.45",
                    "Hungary": "2.97"
                },
                "Raw Hides and Skins, Leather, Furskins, and Articles thereof; Saddlery and Harness; Travel Goods, Handbags, and Similar Containers; Articles of Animal Gut (Other than Silk-worm Gut)": {
                    "Italy": "47.16",
                    "Austria": "10.27",
                    "Lithuania": "4.04",
                    "Spain": "3.68",
                    "Finland": "3.41"
                },
                "Wood and Articles of Wood; Wood Charcoal; Cork and Articles of Cork; Manufactures of Straw, of Esparto or of Other Plaiting Materials; Basketware and Wickerwork": {
                    "China": "22.27",
                    "Japan": "11.23",
                    "Finland": "9.28",
                    "Germany": "4.75",
                    "India": "3.50"
                },
                "Textiles and Textile Articles": {
                    "United States": "13.76",
                    "Germany": "11.02",
                    "Ukraine": "10.91",
                    "Italy": "8.78",
                    "Kazakhstan": "4.17"
                },
                "Footwear, Headgear, Umbrellas, Sun Umbrellas, Walking-sticks, Seat-sticks, Whips, Riding-crops, and Parts thereof; Prepared Feathers and Articles Made therewith; Artificial Flowers; Articles of Human Hair": {
                    "Ukraine": "17.26",
                    "Italy": "12.63",
                    "United States": "12.59",
                    "Kazakhstan": "11.38",
                    "Uzbekistan": "6.52"
                },
                "Articles of Stone, Plaster, Cement, Asbestos, Mica or Similar Materials; Ceramic Products; Glass and Glassware": {
                    "United Kingdom": "72.74",
                    "Kazakhstan": "4.09",
                    "Belgium": "3.74",
                    "Israel": "2.95",
                    "Ukraine": "2.73"
                },
                "Natural or Cultured Pearls, Precious or Semi-precious Stones, Precious Metals, Metals Clad with Precious Metal, and Articles thereof; Imitation Jewellery; Coin": {
                    "United States": "18.35",
                    "Netherlands": "18.31",
                    "United Kingdom": "14.91",
                    "Japan": "14.20",
                    "Turkey": "5.30"
                },
                "Base Metals and Articles of Base Metal": {
                    "United States": "13.63",
                    "United Kingdom": "12.08",
                    "Netherlands": "10.63",
                    "Japan": "8.12",
                    "Turkey": "7.14"
                },
                "Machinery and Mechanical Appliances; Electrical Equipment; Parts thereof; Sound Recorders and Reproducers, Television Image and Sound Recorders and Reproducers, and Parts and Accessories of such Articles": {
                    "Ukraine": "17.07",
                    "China": "10.05",
                    "Kazakhstan": "9.08",
                    "Finland": "7.03",
                    "Germany": "5.77"
                },
                "Vehicles, Aircraft, Vessels, and Associated Transport Equipment": {
                    "Kazakhstan": "17.52",
                    "Ukraine": "10.79",
                    "India": "10.09",
                    "China": "4.67",
                    "Greece": "4.17"
                },
                "Optical, Photographic, Cinematographic, Measuring, Checking, Precision, Medical or Surgical Instruments and Apparatus; Clocks and Watches; Musical Instruments; Parts and Accessories thereof": {
                    "China": "9.73",
                    "United Kingdom": "7.94",
                    "Ukraine": "7.35",
                    "Kazakhstan": "7.21",
                    "United States": "5.60"
                },
                "Miscellaneous Manufactured Articles": {
                    "Unspecified": "51.26",
                    "Belarus": "38.64",
                    "Singapore": "2.35",
                    "United Arab Emirates": "0.96",
                    "Germany": "0.74"
                }
            }
        },
        "2002": {
            "Imports": {
                "Animals & Animal Products": {
                    "Japan": "28.10",
                    "Korea, Rep.": "24.00",
                    "China": "14.48",
                    "Kazakhstan": "6.94",
                    "Germany": "5.24"
                },
                "Vegetable Products": {
                    "Italy": "14.44",
                    "Egypt, Arab Rep.": "10.21",
                    "Saudi Arabia": "7.79",
                    "Algeria": "7.31",
                    "Greece": "6.80"
                },
                "Prepared Foodstuffs; Beverages, Spirits, Vinegar, Tobacco and Manufactured Tobacco Substitutes": {
                    "Ukraine": "22.04",
                    "Kazakhstan": "20.01",
                    "Germany": "5.43",
                    "Uzbekistan": "5.06",
                    "Azerbaijan": "4.86"
                },
                "Mineral Products": {
                    "Ukraine": "15.64",
                    "Tunisia": "7.63",
                    "Lithuania": "7.15",
                    "China": "6.98",
                    "Netherlands": "5.70"
                },
                "Products of the Chemical or Allied Industries": {
                    "China": "17.00",
                    "Finland": "13.33",
                    "Switzerland": "7.28",
                    "United States": "5.72",
                    "Kazakhstan": "4.91"
                },
                "Plastics and Articles thereof; Rubber and Articles thereof": {
                    "China": "28.31",
                    "Ukraine": "12.41",
                    "Kazakhstan": "9.96",
                    "India": "3.57",
                    "Uzbekistan": "3.09"
                },
                "Raw Hides and Skins, Leather, Furskins, and Articles thereof; Saddlery and Harness; Travel Goods, Handbags, and Similar Containers; Articles of Animal Gut (Other than Silk-worm Gut)": {
                    "Italy": "49.21",
                    "Finland": "6.17",
                    "Estonia": "5.05",
                    "Austria": "4.98",
                    "Spain": "4.44"
                },
                "Wood and Articles of Wood; Wood Charcoal; Cork and Articles of Cork; Manufactures of Straw, of Esparto or of Other Plaiting Materials; Basketware and Wickerwork": {
                    "China": "25.43",
                    "Finland": "9.56",
                    "Japan": "8.69",
                    "Germany": "4.38",
                    "India": "4.12"
                },
                "Textiles and Textile Articles": {
                    "United States": "12.81",
                    "Ukraine": "11.91",
                    "Italy": "11.39",
                    "Germany": "9.87",
                    "Turkey": "5.01"
                },
                "Footwear, Headgear, Umbrellas, Sun Umbrellas, Walking-sticks, Seat-sticks, Whips, Riding-crops, and Parts thereof; Prepared Feathers and Articles Made therewith; Artificial Flowers; Articles of Human Hair": {
                    "Italy": "18.37",
                    "Ukraine": "14.85",
                    "United States": "13.38",
                    "Kazakhstan": "10.89",
                    "Afghanistan": "8.68"
                },
                "Articles of Stone, Plaster, Cement, Asbestos, Mica or Similar Materials; Ceramic Products; Glass and Glassware": {
                    "Unspecified": "71.29",
                    "United Kingdom": "18.84",
                    "Israel": "2.07",
                    "Kazakhstan": "1.60",
                    "Ukraine": "1.08"
                },
                "Natural or Cultured Pearls, Precious or Semi-precious Stones, Precious Metals, Metals Clad with Precious Metal, and Articles thereof; Imitation Jewellery; Coin": {
                    "Netherlands": "22.66",
                    "United States": "16.16",
                    "United Kingdom": "15.22",
                    "Japan": "9.63",
                    "Turkey": "5.28"
                },
                "Base Metals and Articles of Base Metal": {
                    "Netherlands": "13.18",
                    "United States": "11.45",
                    "United Kingdom": "10.91",
                    "China": "7.82",
                    "Turkey": "6.58"
                },
                "Machinery and Mechanical Appliances; Electrical Equipment; Parts thereof; Sound Recorders and Reproducers, Television Image and Sound Recorders and Reproducers, and Parts and Accessories of such Articles": {
                    "China": "20.37",
                    "Ukraine": "14.15",
                    "Kazakhstan": "8.59",
                    "Germany": "4.78",
                    "India": "3.61"
                },
                "Vehicles, Aircraft, Vessels, and Associated Transport Equipment": {
                    "Unspecified": "50.41",
                    "Kazakhstan": "6.43",
                    "Ukraine": "5.68",
                    "Iraq": "4.70",
                    "Liberia": "2.98"
                },
                "Optical, Photographic, Cinematographic, Measuring, Checking, Precision, Medical or Surgical Instruments and Apparatus; Clocks and Watches; Musical Instruments; Parts and Accessories thereof": {
                    "China": "12.18",
                    "Unspecified": "7.54",
                    "Ukraine": "6.72",
                    "Kazakhstan": "6.01",
                    "United Kingdom": "5.30"
                },
                "Miscellaneous Manufactured Articles": {
                    "Belarus": "56.49",
                    "Unspecified": "35.73",
                    "Singapore": "1.26",
                    "China": "0.86",
                    "India": "0.62"
                }
            }
        },
        "2003": {
            "Imports": {
                "Animals & Animal Products": {
                    "Korea, Rep.": "24.27",
                    "Japan": "23.12",
                    "China": "15.15",
                    "Kazakhstan": "8.97",
                    "Germany": "5.65"
                },
                "Vegetable Products": {
                    "Ukraine": "13.82",
                    "Saudi Arabia": "11.53",
                    "Egypt, Arab Rep.": "5.82",
                    "Israel": "5.74",
                    "Italy": "5.51"
                },
                "Prepared Foodstuffs; Beverages, Spirits, Vinegar, Tobacco and Manufactured Tobacco Substitutes": {
                    "Kazakhstan": "21.94",
                    "Ukraine": "21.52",
                    "Azerbaijan": "5.09",
                    "Latvia": "4.44",
                    "Germany": "4.43"
                },
                "Mineral Products": {
                    "Ukraine": "19.13",
                    "Tunisia": "9.04",
                    "Lithuania": "7.25",
                    "Netherlands": "6.37",
                    "Czech Republic": "6.28"
                },
                "Products of the Chemical or Allied Industries": {
                    "Finland": "13.99",
                    "China": "13.02",
                    "Ukraine": "5.60",
                    "United States": "5.51",
                    "Switzerland": "5.03"
                },
                "Plastics and Articles thereof; Rubber and Articles thereof": {
                    "China": "23.88",
                    "Ukraine": "15.67",
                    "Kazakhstan": "11.16",
                    "Netherlands": "3.57",
                    "India": "3.04"
                },
                "Raw Hides and Skins, Leather, Furskins, and Articles thereof; Saddlery and Harness; Travel Goods, Handbags, and Similar Containers; Articles of Animal Gut (Other than Silk-worm Gut)": {
                    "Italy": "44.22",
                    "Austria": "7.22",
                    "Germany": "6.37",
                    "United Kingdom": "5.14",
                    "Finland": "4.75"
                },
                "Wood and Articles of Wood; Wood Charcoal; Cork and Articles of Cork; Manufactures of Straw, of Esparto or of Other Plaiting Materials; Basketware and Wickerwork": {
                    "China": "22.22",
                    "Finland": "10.62",
                    "Japan": "8.78",
                    "Ireland": "4.53",
                    "Germany": "4.08"
                },
                "Textiles and Textile Articles": {
                    "Italy": "13.60",
                    "Ukraine": "11.45",
                    "United States": "9.64",
                    "Germany": "8.78",
                    "Turkey": "7.19"
                },
                "Footwear, Headgear, Umbrellas, Sun Umbrellas, Walking-sticks, Seat-sticks, Whips, Riding-crops, and Parts thereof; Prepared Feathers and Articles Made therewith; Artificial Flowers; Articles of Human Hair": {
                    "Italy": "13.30",
                    "Kazakhstan": "13.23",
                    "Ukraine": "11.89",
                    "United States": "9.75",
                    "Afghanistan": "9.01"
                },
                "Articles of Stone, Plaster, Cement, Asbestos, Mica or Similar Materials; Ceramic Products; Glass and Glassware": {
                    "Unspecified": "73.21",
                    "United Kingdom": "14.97",
                    "Belgium": "2.77",
                    "Israel": "1.91",
                    "Kazakhstan": "1.79"
                },
                "Natural or Cultured Pearls, Precious or Semi-precious Stones, Precious Metals, Metals Clad with Precious Metal, and Articles thereof; Imitation Jewellery; Coin": {
                    "United Kingdom": "18.33",
                    "United States": "13.89",
                    "Netherlands": "13.55",
                    "Japan": "11.11",
                    "Turkey": "5.69"
                },
                "Base Metals and Articles of Base Metal": {
                    "United Kingdom": "11.42",
                    "China": "9.51",
                    "United States": "8.99",
                    "Netherlands": "7.94",
                    "Turkey": "7.60"
                },
                "Machinery and Mechanical Appliances; Electrical Equipment; Parts thereof; Sound Recorders and Reproducers, Television Image and Sound Recorders and Reproducers, and Parts and Accessories of such Articles": {
                    "China": "22.11",
                    "Ukraine": "16.29",
                    "Kazakhstan": "9.81",
                    "India": "5.69",
                    "Germany": "3.65"
                },
                "Vehicles, Aircraft, Vessels, and Associated Transport Equipment": {
                    "Unspecified": "44.78",
                    "Kazakhstan": "9.47",
                    "Ukraine": "7.02",
                    "Germany": "6.24",
                    "Ireland": "3.34"
                },
                "Optical, Photographic, Cinematographic, Measuring, Checking, Precision, Medical or Surgical Instruments and Apparatus; Clocks and Watches; Musical Instruments; Parts and Accessories thereof": {
                    "China": "12.34",
                    "Ukraine": "7.85",
                    "Kazakhstan": "7.20",
                    "Unspecified": "6.76",
                    "United Kingdom": "4.45"
                },
                "Miscellaneous Manufactured Articles": {
                    "Belarus": "59.34",
                    "Unspecified": "33.97",
                    "China": "1.10",
                    "India": "0.73",
                    "Kazakhstan": "0.63"
                }
            }
        },
        "2004": {
            "Imports": {
                "Animals & Animal Products": {
                    "Japan": "17.89",
                    "Korea, Rep.": "16.52",
                    "China": "16.32",
                    "Kazakhstan": "13.49",
                    "Germany": "7.68"
                },
                "Vegetable Products": {
                    "Egypt, Arab Rep.": "11.92",
                    "Azerbaijan": "6.97",
                    "Georgia": "6.74",
                    "Italy": "5.60",
                    "Ukraine": "4.71"
                },
                "Prepared Foodstuffs; Beverages, Spirits, Vinegar, Tobacco and Manufactured Tobacco Substitutes": {
                    "Kazakhstan": "25.48",
                    "Ukraine": "20.42",
                    "Azerbaijan": "7.25",
                    "Georgia": "5.10",
                    "Latvia": "3.99"
                },
                "Mineral Products": {
                    "Ukraine": "12.89",
                    "Poland": "12.22",
                    "China": "8.83",
                    "Czech Republic": "7.04",
                    "Kazakhstan": "6.29"
                },
                "Products of the Chemical or Allied Industries": {
                    "Finland": "14.25",
                    "China": "12.58",
                    "Ukraine": "5.76",
                    "Turkey": "5.71",
                    "United States": "5.63"
                },
                "Plastics and Articles thereof; Rubber and Articles thereof": {
                    "China": "17.72",
                    "Ukraine": "17.05",
                    "Kazakhstan": "11.78",
                    "Belgium": "4.55",
                    "Uzbekistan": "3.06"
                },
                "Raw Hides and Skins, Leather, Furskins, and Articles thereof; Saddlery and Harness; Travel Goods, Handbags, and Similar Containers; Articles of Animal Gut (Other than Silk-worm Gut)": {
                    "Italy": "39.76",
                    "Austria": "8.52",
                    "Finland": "6.21",
                    "United Kingdom": "5.59",
                    "Germany": "4.92"
                },
                "Wood and Articles of Wood; Wood Charcoal; Cork and Articles of Cork; Manufactures of Straw, of Esparto or of Other Plaiting Materials; Basketware and Wickerwork": {
                    "China": "20.91",
                    "Japan": "9.80",
                    "Finland": "9.77",
                    "Germany": "4.05",
                    "Ireland": "3.68"
                },
                "Textiles and Textile Articles": {
                    "Italy": "12.59",
                    "Ukraine": "11.90",
                    "Turkey": "11.37",
                    "United States": "7.50",
                    "Germany": "7.36"
                },
                "Footwear, Headgear, Umbrellas, Sun Umbrellas, Walking-sticks, Seat-sticks, Whips, Riding-crops, and Parts thereof; Prepared Feathers and Articles Made therewith; Artificial Flowers; Articles of Human Hair": {
                    "Kazakhstan": "17.30",
                    "Italy": "15.96",
                    "Ukraine": "9.87",
                    "United States": "8.87",
                    "Estonia": "6.19"
                },
                "Articles of Stone, Plaster, Cement, Asbestos, Mica or Similar Materials; Ceramic Products; Glass and Glassware": {
                    "Unspecified": "68.02",
                    "United Kingdom": "13.63",
                    "Belgium": "7.17",
                    "Israel": "2.42",
                    "Kazakhstan": "2.36"
                },
                "Natural or Cultured Pearls, Precious or Semi-precious Stones, Precious Metals, Metals Clad with Precious Metal, and Articles thereof; Imitation Jewellery; Coin": {
                    "Netherlands": "16.50",
                    "Switzerland": "14.64",
                    "Japan": "9.81",
                    "Turkey": "8.62",
                    "United States": "8.54"
                },
                "Base Metals and Articles of Base Metal": {
                    "United States": "10.04",
                    "Netherlands": "9.39",
                    "Turkey": "8.36",
                    "Switzerland": "7.33",
                    "Other Asia, nes": "6.15"
                },
                "Machinery and Mechanical Appliances; Electrical Equipment; Parts thereof; Sound Recorders and Reproducers, Television Image and Sound Recorders and Reproducers, and Parts and Accessories of such Articles": {
                    "Ukraine": "19.84",
                    "China": "12.42",
                    "Kazakhstan": "12.33",
                    "India": "10.22",
                    "Uzbekistan": "3.35"
                },
                "Vehicles, Aircraft, Vessels, and Associated Transport Equipment": {
                    "Unspecified": "38.58",
                    "Ukraine": "11.00",
                    "Kazakhstan": "9.75",
                    "Ireland": "3.77",
                    "Turkey": "3.04"
                },
                "Optical, Photographic, Cinematographic, Measuring, Checking, Precision, Medical or Surgical Instruments and Apparatus; Clocks and Watches; Musical Instruments; Parts and Accessories thereof": {
                    "China": "8.40",
                    "Ukraine": "8.37",
                    "Kazakhstan": "7.06",
                    "United States": "6.16",
                    "Turkey": "4.85"
                },
                "Miscellaneous Manufactured Articles": {
                    "Belarus": "67.39",
                    "Unspecified": "26.52",
                    "India": "0.74",
                    "China": "0.71",
                    "Kazakhstan": "0.70"
                }
            }
        },
        "2005": {
            "Imports": {
                "Animals & Animal Products": {
                    "China": "21.17",
                    "Japan": "15.59",
                    "Korea, Rep.": "14.29",
                    "Kazakhstan": "13.60",
                    "Ukraine": "6.83"
                },
                "Vegetable Products": {
                    "Egypt, Arab Rep.": "17.82",
                    "Azerbaijan": "5.58",
                    "Italy": "5.40",
                    "Saudi Arabia": "5.17",
                    "Georgia": "4.87"
                },
                "Prepared Foodstuffs; Beverages, Spirits, Vinegar, Tobacco and Manufactured Tobacco Substitutes": {
                    "Kazakhstan": "26.33",
                    "Ukraine": "25.43",
                    "Azerbaijan": "7.49",
                    "Georgia": "6.02",
                    "Moldova": "3.32"
                },
                "Mineral Products": {
                    "China": "14.96",
                    "Ukraine": "9.71",
                    "Netherlands": "8.83",
                    "Poland": "7.37",
                    "Kazakhstan": "7.04"
                },
                "Products of the Chemical or Allied Industries": {
                    "China": "14.96",
                    "Finland": "12.41",
                    "Ukraine": "5.98",
                    "Brazil": "5.59",
                    "United States": "5.02"
                },
                "Plastics and Articles thereof; Rubber and Articles thereof": {
                    "Ukraine": "18.86",
                    "China": "13.25",
                    "Kazakhstan": "12.82",
                    "Belgium": "6.95",
                    "Estonia": "4.61"
                },
                "Raw Hides and Skins, Leather, Furskins, and Articles thereof; Saddlery and Harness; Travel Goods, Handbags, and Similar Containers; Articles of Animal Gut (Other than Silk-worm Gut)": {
                    "Italy": "41.39",
                    "Germany": "7.68",
                    "Austria": "7.17",
                    "Hong Kong, China": "6.60",
                    "United Kingdom": "5.72"
                },
                "Wood and Articles of Wood; Wood Charcoal; Cork and Articles of Cork; Manufactures of Straw, of Esparto or of Other Plaiting Materials; Basketware and Wickerwork": {
                    "China": "23.67",
                    "Finland": "10.36",
                    "Japan": "7.46",
                    "Kazakhstan": "3.85",
                    "Germany": "3.75"
                },
                "Textiles and Textile Articles": {
                    "Ukraine": "16.04",
                    "Italy": "9.68",
                    "Turkey": "9.21",
                    "Kazakhstan": "8.76",
                    "Germany": "7.67"
                },
                "Footwear, Headgear, Umbrellas, Sun Umbrellas, Walking-sticks, Seat-sticks, Whips, Riding-crops, and Parts thereof; Prepared Feathers and Articles Made therewith; Artificial Flowers; Articles of Human Hair": {
                    "Kazakhstan": "34.14",
                    "Italy": "15.01",
                    "Ukraine": "10.86",
                    "Uzbekistan": "5.46",
                    "Estonia": "4.12"
                },
                "Articles of Stone, Plaster, Cement, Asbestos, Mica or Similar Materials; Ceramic Products; Glass and Glassware": {
                    "United Kingdom": "30.78",
                    "Belgium": "30.69",
                    "Israel": "10.77",
                    "Kazakhstan": "7.68",
                    "Ukraine": "5.65"
                },
                "Natural or Cultured Pearls, Precious or Semi-precious Stones, Precious Metals, Metals Clad with Precious Metal, and Articles thereof; Imitation Jewellery; Coin": {
                    "Netherlands": "17.83",
                    "Switzerland": "16.12",
                    "Japan": "8.27",
                    "United States": "7.92",
                    "Turkey": "6.85"
                },
                "Base Metals and Articles of Base Metal": {
                    "Netherlands": "10.80",
                    "United States": "8.52",
                    "Turkey": "7.88",
                    "Switzerland": "7.78",
                    "China": "5.47"
                },
                "Machinery and Mechanical Appliances; Electrical Equipment; Parts thereof; Sound Recorders and Reproducers, Television Image and Sound Recorders and Reproducers, and Parts and Accessories of such Articles": {
                    "Ukraine": "19.29",
                    "Kazakhstan": "14.55",
                    "China": "13.47",
                    "India": "12.25",
                    "Uzbekistan": "3.28"
                },
                "Vehicles, Aircraft, Vessels, and Associated Transport Equipment": {
                    "Kazakhstan": "21.75",
                    "Ukraine": "20.84",
                    "Germany": "9.79",
                    "Azerbaijan": "4.50",
                    "Korea, Rep.": "3.20"
                },
                "Optical, Photographic, Cinematographic, Measuring, Checking, Precision, Medical or Surgical Instruments and Apparatus; Clocks and Watches; Musical Instruments; Parts and Accessories thereof": {
                    "Ukraine": "9.42",
                    "China": "9.20",
                    "Kazakhstan": "9.08",
                    "United States": "5.33",
                    "Turkey": "4.91"
                },
                "Miscellaneous Manufactured Articles": {
                    "Belarus": "48.01",
                    "Unspecified": "46.85",
                    "Kazakhstan": "0.82",
                    "India": "0.71",
                    "Ukraine": "0.51"
                }
            }
        },
        "2006": {
            "Imports": {
                "Animals & Animal Products": {
                    "China": "26.01",
                    "Kazakhstan": "14.61",
                    "Japan": "12.45",
                    "Korea, Rep.": "9.64",
                    "Ukraine": "7.83"
                },
                "Vegetable Products": {
                    "Egypt, Arab Rep.": "14.52",
                    "India": "11.49",
                    "Bangladesh": "6.70",
                    "Georgia": "5.22",
                    "Italy": "5.13"
                },
                "Prepared Foodstuffs; Beverages, Spirits, Vinegar, Tobacco and Manufactured Tobacco Substitutes": {
                    "Kazakhstan": "30.10",
                    "Ukraine": "20.67",
                    "Azerbaijan": "7.47",
                    "Georgia": "6.47",
                    "Moldova": "3.80"
                },
                "Mineral Products": {
                    "China": "11.87",
                    "Kazakhstan": "9.75",
                    "Poland": "8.81",
                    "Czech Republic": "8.40",
                    "Ukraine": "8.04"
                },
                "Products of the Chemical or Allied Industries": {
                    "China": "14.57",
                    "Finland": "10.94",
                    "Ukraine": "6.46",
                    "Brazil": "5.68",
                    "United States": "5.49"
                },
                "Plastics and Articles thereof; Rubber and Articles thereof": {
                    "Ukraine": "19.23",
                    "Kazakhstan": "13.35",
                    "China": "10.44",
                    "Belgium": "7.58",
                    "Hungary": "3.95"
                },
                "Raw Hides and Skins, Leather, Furskins, and Articles thereof; Saddlery and Harness; Travel Goods, Handbags, and Similar Containers; Articles of Animal Gut (Other than Silk-worm Gut)": {
                    "Italy": "40.45",
                    "Germany": "7.32",
                    "United Kingdom": "6.98",
                    "Hong Kong, China": "6.02",
                    "Finland": "5.49"
                },
                "Wood and Articles of Wood; Wood Charcoal; Cork and Articles of Cork; Manufactures of Straw, of Esparto or of Other Plaiting Materials; Basketware and Wickerwork": {
                    "China": "25.03",
                    "Finland": "8.79",
                    "Japan": "7.67",
                    "Kazakhstan": "4.68",
                    "Germany": "4.14"
                },
                "Textiles and Textile Articles": {
                    "Ukraine": "18.01",
                    "Kazakhstan": "11.63",
                    "Italy": "10.04",
                    "Turkey": "8.97",
                    "Germany": "6.06"
                },
                "Footwear, Headgear, Umbrellas, Sun Umbrellas, Walking-sticks, Seat-sticks, Whips, Riding-crops, and Parts thereof; Prepared Feathers and Articles Made therewith; Artificial Flowers; Articles of Human Hair": {
                    "Kazakhstan": "29.14",
                    "Italy": "14.60",
                    "Ukraine": "13.44",
                    "Kyrgyz Republic": "5.23",
                    "Uzbekistan": "4.48"
                },
                "Articles of Stone, Plaster, Cement, Asbestos, Mica or Similar Materials; Ceramic Products; Glass and Glassware": {
                    "Switzerland": "18.76",
                    "United Kingdom": "17.76",
                    "Belgium": "16.36",
                    "United States": "9.01",
                    "Germany": "7.04"
                },
                "Natural or Cultured Pearls, Precious or Semi-precious Stones, Precious Metals, Metals Clad with Precious Metal, and Articles thereof; Imitation Jewellery; Coin": {
                    "Netherlands": "20.65",
                    "Switzerland": "17.69",
                    "Japan": "8.62",
                    "United States": "7.26",
                    "Germany": "6.82"
                },
                "Base Metals and Articles of Base Metal": {
                    "Netherlands": "14.36",
                    "United States": "9.30",
                    "Switzerland": "8.63",
                    "Turkey": "8.16",
                    "Germany": "5.79"
                },
                "Machinery and Mechanical Appliances; Electrical Equipment; Parts thereof; Sound Recorders and Reproducers, Television Image and Sound Recorders and Reproducers, and Parts and Accessories of such Articles": {
                    "Ukraine": "18.58",
                    "Kazakhstan": "15.80",
                    "India": "13.31",
                    "China": "12.68",
                    "Germany": "5.73"
                },
                "Vehicles, Aircraft, Vessels, and Associated Transport Equipment": {
                    "Ukraine": "25.32",
                    "Kazakhstan": "25.19",
                    "Malta": "7.08",
                    "Azerbaijan": "5.12",
                    "Cyprus": "3.07"
                },
                "Optical, Photographic, Cinematographic, Measuring, Checking, Precision, Medical or Surgical Instruments and Apparatus; Clocks and Watches; Musical Instruments; Parts and Accessories thereof": {
                    "Ukraine": "10.88",
                    "Kazakhstan": "10.67",
                    "China": "7.97",
                    "United States": "6.67",
                    "Turkey": "4.96"
                },
                "Miscellaneous Manufactured Articles": {
                    "Unspecified": "95.18",
                    "Kazakhstan": "0.93",
                    "Ukraine": "0.55",
                    "India": "0.51",
                    "Germany": "0.43"
                }
            }
        },
        "2007": {
            "Imports": {
                "Animals & Animal Products": {
                    "China": "22.79",
                    "Kazakhstan": "18.82",
                    "Japan": "14.13",
                    "Ukraine": "9.10",
                    "Korea, Rep.": "7.33"
                },
                "Vegetable Products": {
                    "Egypt, Arab Rep.": "20.29",
                    "India": "6.63",
                    "Turkey": "5.80",
                    "Ukraine": "4.36",
                    "Tunisia": "4.26"
                },
                "Prepared Foodstuffs; Beverages, Spirits, Vinegar, Tobacco and Manufactured Tobacco Substitutes": {
                    "Kazakhstan": "32.82",
                    "Ukraine": "18.09",
                    "Azerbaijan": "8.34",
                    "Georgia": "4.06",
                    "Latvia": "3.26"
                },
                "Mineral Products": {
                    "China": "18.76",
                    "Kazakhstan": "11.98",
                    "Poland": "11.59",
                    "Ukraine": "9.42",
                    "Czech Republic": "6.87"
                },
                "Products of the Chemical or Allied Industries": {
                    "China": "14.62",
                    "Finland": "9.46",
                    "Brazil": "7.54",
                    "Ukraine": "7.34",
                    "Switzerland": "4.70"
                },
                "Plastics and Articles thereof; Rubber and Articles thereof": {
                    "Ukraine": "19.15",
                    "Kazakhstan": "14.22",
                    "China": "11.63",
                    "Belgium": "5.97",
                    "Turkey": "3.96"
                },
                "Raw Hides and Skins, Leather, Furskins, and Articles thereof; Saddlery and Harness; Travel Goods, Handbags, and Similar Containers; Articles of Animal Gut (Other than Silk-worm Gut)": {
                    "Italy": "43.63",
                    "Hong Kong, China": "6.38",
                    "Germany": "6.24",
                    "United Kingdom": "4.74",
                    "Spain": "4.62"
                },
                "Wood and Articles of Wood; Wood Charcoal; Cork and Articles of Cork; Manufactures of Straw, of Esparto or of Other Plaiting Materials; Basketware and Wickerwork": {
                    "China": "28.40",
                    "Finland": "7.50",
                    "Japan": "6.83",
                    "Kazakhstan": "5.01",
                    "Germany": "4.17"
                },
                "Textiles and Textile Articles": {
                    "Ukraine": "19.06",
                    "Kazakhstan": "15.62",
                    "Turkey": "8.02",
                    "Germany": "7.53",
                    "Austria": "6.65"
                },
                "Footwear, Headgear, Umbrellas, Sun Umbrellas, Walking-sticks, Seat-sticks, Whips, Riding-crops, and Parts thereof; Prepared Feathers and Articles Made therewith; Artificial Flowers; Articles of Human Hair": {
                    "Kazakhstan": "35.11",
                    "Ukraine": "12.10",
                    "Kyrgyz Republic": "6.72",
                    "Uzbekistan": "5.06",
                    "Latvia": "4.78"
                },
                "Articles of Stone, Plaster, Cement, Asbestos, Mica or Similar Materials; Ceramic Products; Glass and Glassware": {
                    "Belgium": "21.19",
                    "United Kingdom": "13.08",
                    "Switzerland": "12.81",
                    "United States": "10.32",
                    "Kazakhstan": "7.59"
                },
                "Natural or Cultured Pearls, Precious or Semi-precious Stones, Precious Metals, Metals Clad with Precious Metal, and Articles thereof; Imitation Jewellery; Coin": {
                    "Netherlands": "24.92",
                    "Switzerland": "18.52",
                    "United States": "6.84",
                    "Turkey": "6.27",
                    "Japan": "6.09"
                },
                "Base Metals and Articles of Base Metal": {
                    "Netherlands": "16.71",
                    "Switzerland": "10.54",
                    "Turkey": "8.20",
                    "United States": "6.79",
                    "Germany": "5.29"
                },
                "Machinery and Mechanical Appliances; Electrical Equipment; Parts thereof; Sound Recorders and Reproducers, Television Image and Sound Recorders and Reproducers, and Parts and Accessories of such Articles": {
                    "Ukraine": "19.96",
                    "Kazakhstan": "17.96",
                    "China": "10.58",
                    "India": "8.77",
                    "Germany": "4.79"
                },
                "Vehicles, Aircraft, Vessels, and Associated Transport Equipment": {
                    "Ukraine": "28.38",
                    "Kazakhstan": "23.62",
                    "Azerbaijan": "3.92",
                    "Uzbekistan": "2.96",
                    "Malta": "2.96"
                },
                "Optical, Photographic, Cinematographic, Measuring, Checking, Precision, Medical or Surgical Instruments and Apparatus; Clocks and Watches; Musical Instruments; Parts and Accessories thereof": {
                    "Ukraine": "12.02",
                    "Kazakhstan": "11.15",
                    "China": "6.66",
                    "Turkey": "4.99",
                    "United States": "4.50"
                },
                "Miscellaneous Manufactured Articles": {
                    "Belarus": "57.26",
                    "Germany": "7.19",
                    "Turkey": "4.39",
                    "Italy": "4.31",
                    "France": "2.29"
                }
            }
        },
        "2008": {
            "Imports": {
                "Animals & Animal Products": {
                    "Kazakhstan": "22.15",
                    "China": "15.94",
                    "Japan": "14.38",
                    "Korea, Rep.": "11.14",
                    "Ukraine": "8.79"
                },
                "Vegetable Products": {
                    "Egypt, Arab Rep.": "14.83",
                    "Turkey": "9.80",
                    "Kazakhstan": "5.84",
                    "Azerbaijan": "5.23",
                    "Pakistan": "4.52"
                },
                "Prepared Foodstuffs; Beverages, Spirits, Vinegar, Tobacco and Manufactured Tobacco Substitutes": {
                    "Kazakhstan": "31.29",
                    "Ukraine": "20.23",
                    "Azerbaijan": "8.91",
                    "Georgia": "3.73",
                    "Kyrgyz Republic": "3.27"
                },
                "Mineral Products": {
                    "China": "18.69",
                    "Morocco": "12.66",
                    "Tunisia": "7.91",
                    "Poland": "7.57",
                    "Kazakhstan": "6.11"
                },
                "Products of the Chemical or Allied Industries": {
                    "China": "11.30",
                    "Ukraine": "9.40",
                    "United States": "8.45",
                    "Brazil": "8.06",
                    "Finland": "8.04"
                },
                "Plastics and Articles thereof; Rubber and Articles thereof": {
                    "Ukraine": "18.08",
                    "China": "12.34",
                    "Kazakhstan": "11.30",
                    "Belgium": "8.53",
                    "Hungary": "4.83"
                },
                "Raw Hides and Skins, Leather, Furskins, and Articles thereof; Saddlery and Harness; Travel Goods, Handbags, and Similar Containers; Articles of Animal Gut (Other than Silk-worm Gut)": {
                    "Italy": "44.00",
                    "Spain": "6.10",
                    "Hong Kong, China": "5.85",
                    "Germany": "5.60",
                    "United Kingdom": "5.02"
                },
                "Wood and Articles of Wood; Wood Charcoal; Cork and Articles of Cork; Manufactures of Straw, of Esparto or of Other Plaiting Materials; Basketware and Wickerwork": {
                    "China": "29.45",
                    "Finland": "10.18",
                    "Kazakhstan": "4.86",
                    "Japan": "4.74",
                    "Ukraine": "4.10"
                },
                "Textiles and Textile Articles": {
                    "Ukraine": "21.27",
                    "Kazakhstan": "20.02",
                    "Germany": "7.55",
                    "Sweden": "4.62",
                    "Turkey": "4.16"
                },
                "Footwear, Headgear, Umbrellas, Sun Umbrellas, Walking-sticks, Seat-sticks, Whips, Riding-crops, and Parts thereof; Prepared Feathers and Articles Made therewith; Artificial Flowers; Articles of Human Hair": {
                    "Kazakhstan": "32.56",
                    "Ukraine": "13.82",
                    "Kyrgyz Republic": "8.93",
                    "Uzbekistan": "3.95",
                    "Finland": "3.82"
                },
                "Articles of Stone, Plaster, Cement, Asbestos, Mica or Similar Materials; Ceramic Products; Glass and Glassware": {
                    "Belgium": "33.33",
                    "United Kingdom": "12.94",
                    "Kazakhstan": "11.95",
                    "Ukraine": "10.27",
                    "Israel": "7.87"
                },
                "Natural or Cultured Pearls, Precious or Semi-precious Stones, Precious Metals, Metals Clad with Precious Metal, and Articles thereof; Imitation Jewellery; Coin": {
                    "Netherlands": "20.87",
                    "United States": "9.05",
                    "Japan": "8.99",
                    "Switzerland": "7.95",
                    "Turkey": "7.95"
                },
                "Base Metals and Articles of Base Metal": {
                    "Netherlands": "12.47",
                    "Italy": "9.32",
                    "Turkey": "8.94",
                    "United States": "7.74",
                    "Germany": "5.65"
                },
                "Machinery and Mechanical Appliances; Electrical Equipment; Parts thereof; Sound Recorders and Reproducers, Television Image and Sound Recorders and Reproducers, and Parts and Accessories of such Articles": {
                    "Ukraine": "19.18",
                    "Kazakhstan": "17.88",
                    "India": "12.67",
                    "China": "7.43",
                    "Germany": "3.77"
                },
                "Vehicles, Aircraft, Vessels, and Associated Transport Equipment": {
                    "Ukraine": "29.30",
                    "Kazakhstan": "15.06",
                    "Azerbaijan": "5.15",
                    "Malta": "5.08",
                    "Turkmenistan": "4.05"
                },
                "Optical, Photographic, Cinematographic, Measuring, Checking, Precision, Medical or Surgical Instruments and Apparatus; Clocks and Watches; Musical Instruments; Parts and Accessories thereof": {
                    "Ukraine": "12.16",
                    "Kazakhstan": "8.60",
                    "Italy": "6.64",
                    "China": "5.50",
                    "India": "5.02"
                },
                "Miscellaneous Manufactured Articles": {
                    "Belarus": "59.04",
                    "Unspecified": "27.92",
                    "Switzerland": "1.77",
                    "United Kingdom": "1.32",
                    "Germany": "1.28"
                }
            }
        },
        "2009": {
            "Imports": {
                "Animals & Animal Products": {
                    "Korea, Rep.": "36.18",
                    "China": "33.92",
                    "Japan": "10.50",
                    "Kazakhstan": "7.35",
                    "Germany": "2.65"
                },
                "Vegetable Products": {
                    "Egypt, Arab Rep.": "18.09",
                    "Turkey": "10.21",
                    "Syrian Arab Republic": "5.78",
                    "Saudi Arabia": "5.26",
                    "Kazakhstan": "4.59"
                },
                "Prepared Foodstuffs; Beverages, Spirits, Vinegar, Tobacco and Manufactured Tobacco Substitutes": {
                    "Kazakhstan": "29.16",
                    "Ukraine": "16.88",
                    "Azerbaijan": "10.42",
                    "Georgia": "3.72",
                    "Kyrgyz Republic": "3.22"
                },
                "Mineral Products": {
                    "China": "34.90",
                    "Ukraine": "12.01",
                    "Lithuania": "11.40",
                    "Kazakhstan": "4.78",
                    "Slovak Republic": "4.37"
                },
                "Products of the Chemical or Allied Industries": {
                    "China": "11.54",
                    "Ukraine": "9.23",
                    "Finland": "7.86",
                    "India": "7.80",
                    "Brazil": "6.72"
                },
                "Plastics and Articles thereof; Rubber and Articles thereof": {
                    "China": "20.00",
                    "Ukraine": "14.51",
                    "Kazakhstan": "12.04",
                    "Belgium": "7.13",
                    "Poland": "4.44"
                },
                "Raw Hides and Skins, Leather, Furskins, and Articles thereof; Saddlery and Harness; Travel Goods, Handbags, and Similar Containers; Articles of Animal Gut (Other than Silk-worm Gut)": {
                    "Italy": "43.30",
                    "Spain": "7.56",
                    "Germany": "7.14",
                    "United Kingdom": "5.18",
                    "Hong Kong, China": "3.67"
                },
                "Wood and Articles of Wood; Wood Charcoal; Cork and Articles of Cork; Manufactures of Straw, of Esparto or of Other Plaiting Materials; Basketware and Wickerwork": {
                    "China": "31.38",
                    "Finland": "5.50",
                    "Kazakhstan": "5.32",
                    "Egypt, Arab Rep.": "4.89",
                    "Japan": "4.73"
                },
                "Textiles and Textile Articles": {
                    "Kazakhstan": "21.17",
                    "Ukraine": "15.23",
                    "Germany": "7.34",
                    "Austria": "5.42",
                    "Italy": "4.28"
                },
                "Footwear, Headgear, Umbrellas, Sun Umbrellas, Walking-sticks, Seat-sticks, Whips, Riding-crops, and Parts thereof; Prepared Feathers and Articles Made therewith; Artificial Flowers; Articles of Human Hair": {
                    "Kazakhstan": "33.37",
                    "Ukraine": "8.61",
                    "Kyrgyz Republic": "7.44",
                    "Germany": "4.07",
                    "Estonia": "3.94"
                },
                "Articles of Stone, Plaster, Cement, Asbestos, Mica or Similar Materials; Ceramic Products; Glass and Glassware": {
                    "Belgium": "46.31",
                    "Kazakhstan": "13.34",
                    "Israel": "7.96",
                    "Ukraine": "7.65",
                    "India": "5.65"
                },
                "Natural or Cultured Pearls, Precious or Semi-precious Stones, Precious Metals, Metals Clad with Precious Metal, and Articles thereof; Imitation Jewellery; Coin": {
                    "Netherlands": "25.78",
                    "United States": "12.35",
                    "Switzerland": "9.47",
                    "Turkey": "9.33",
                    "China": "7.73"
                },
                "Base Metals and Articles of Base Metal": {
                    "Netherlands": "15.01",
                    "United States": "8.36",
                    "Turkey": "7.79",
                    "Italy": "7.06",
                    "Iran, Islamic Rep.": "6.13"
                },
                "Machinery and Mechanical Appliances; Electrical Equipment; Parts thereof; Sound Recorders and Reproducers, Television Image and Sound Recorders and Reproducers, and Parts and Accessories of such Articles": {
                    "India": "17.07",
                    "Kazakhstan": "14.57",
                    "Ukraine": "12.47",
                    "China": "11.52",
                    "Germany": "4.45"
                },
                "Vehicles, Aircraft, Vessels, and Associated Transport Equipment": {
                    "Kazakhstan": "16.66",
                    "Ukraine": "11.50",
                    "Turkmenistan": "6.76",
                    "Lithuania": "5.84",
                    "Azerbaijan": "5.53"
                },
                "Optical, Photographic, Cinematographic, Measuring, Checking, Precision, Medical or Surgical Instruments and Apparatus; Clocks and Watches; Musical Instruments; Parts and Accessories thereof": {
                    "Kazakhstan": "10.46",
                    "Ukraine": "8.10",
                    "China": "7.88",
                    "India": "7.14",
                    "Italy": "5.02"
                },
                "Miscellaneous Manufactured Articles": {
                    "Unspecified": "82.63",
                    "India": "3.09",
                    "Switzerland": "2.84",
                    "United Kingdom": "2.70",
                    "Hong Kong, China": "1.04"
                }
            }
        },
        "2010": {
            "Imports": {
                "Animals & Animal Products": {
                    "China": "38.70",
                    "Korea, Rep.": "35.15",
                    "Japan": "8.46",
                    "Netherlands": "5.66",
                    "Germany": "1.70"
                },
                "Vegetable Products": {
                    "Egypt, Arab Rep.": "26.05",
                    "Turkey": "11.70",
                    "Saudi Arabia": "3.64",
                    "Italy": "3.13",
                    "Uzbekistan": "2.89"
                },
                "Prepared Foodstuffs; Beverages, Spirits, Vinegar, Tobacco and Manufactured Tobacco Substitutes": {
                    "Ukraine": "24.02",
                    "Azerbaijan": "14.32",
                    "Georgia": "5.29",
                    "Turkey": "5.13",
                    "Kyrgyz Republic": "4.24"
                },
                "Mineral Products": {
                    "China": "34.02",
                    "Ukraine": "10.57",
                    "Netherlands": "8.65",
                    "Slovak Republic": "8.05",
                    "Czech Republic": "3.55"
                },
                "Products of the Chemical or Allied Industries": {
                    "China": "11.40",
                    "Ukraine": "9.26",
                    "Finland": "8.86",
                    "India": "8.55",
                    "Brazil": "5.72"
                },
                "Plastics and Articles thereof; Rubber and Articles thereof": {
                    "China": "18.69",
                    "Ukraine": "14.92",
                    "Belgium": "7.50",
                    "Poland": "6.63",
                    "Turkey": "5.27"
                },
                "Raw Hides and Skins, Leather, Furskins, and Articles thereof; Saddlery and Harness; Travel Goods, Handbags, and Similar Containers; Articles of Animal Gut (Other than Silk-worm Gut)": {
                    "Italy": "47.93",
                    "Spain": "7.74",
                    "Germany": "6.17",
                    "Ukraine": "3.83",
                    "France": "3.81"
                },
                "Wood and Articles of Wood; Wood Charcoal; Cork and Articles of Cork; Manufactures of Straw, of Esparto or of Other Plaiting Materials; Basketware and Wickerwork": {
                    "China": "32.24",
                    "Finland": "6.19",
                    "Egypt, Arab Rep.": "5.17",
                    "Japan": "4.65",
                    "Ukraine": "4.30"
                },
                "Textiles and Textile Articles": {
                    "Ukraine": "22.28",
                    "Germany": "12.14",
                    "Austria": "6.87",
                    "China": "4.81",
                    "India": "4.71"
                },
                "Footwear, Headgear, Umbrellas, Sun Umbrellas, Walking-sticks, Seat-sticks, Whips, Riding-crops, and Parts thereof; Prepared Feathers and Articles Made therewith; Artificial Flowers; Articles of Human Hair": {
                    "Ukraine": "18.54",
                    "Kyrgyz Republic": "11.68",
                    "Germany": "7.59",
                    "Finland": "5.40",
                    "Estonia": "4.65"
                },
                "Articles of Stone, Plaster, Cement, Asbestos, Mica or Similar Materials; Ceramic Products; Glass and Glassware": {
                    "Belgium": "54.52",
                    "India": "11.93",
                    "Israel": "10.20",
                    "Ukraine": "5.19",
                    "United States": "2.61"
                },
                "Natural or Cultured Pearls, Precious or Semi-precious Stones, Precious Metals, Metals Clad with Precious Metal, and Articles thereof; Imitation Jewellery; Coin": {
                    "Netherlands": "28.94",
                    "Turkey": "11.80",
                    "Switzerland": "9.76",
                    "United States": "8.91",
                    "China": "6.55"
                },
                "Base Metals and Articles of Base Metal": {
                    "Netherlands": "17.97",
                    "Turkey": "9.52",
                    "United States": "7.60",
                    "Italy": "7.36",
                    "Germany": "6.25"
                },
                "Machinery and Mechanical Appliances; Electrical Equipment; Parts thereof; Sound Recorders and Reproducers, Television Image and Sound Recorders and Reproducers, and Parts and Accessories of such Articles": {
                    "Ukraine": "21.77",
                    "China": "12.60",
                    "India": "12.50",
                    "Germany": "5.81",
                    "Uzbekistan": "4.70"
                },
                "Vehicles, Aircraft, Vessels, and Associated Transport Equipment": {
                    "Ukraine": "18.53",
                    "Korea, Rep.": "11.81",
                    "Cyprus": "8.62",
                    "Japan": "6.84",
                    "Azerbaijan": "4.60"
                },
                "Optical, Photographic, Cinematographic, Measuring, Checking, Precision, Medical or Surgical Instruments and Apparatus; Clocks and Watches; Musical Instruments; Parts and Accessories thereof": {
                    "Ukraine": "11.13",
                    "India": "6.94",
                    "China": "6.48",
                    "Italy": "6.44",
                    "Germany": "4.61"
                },
                "Miscellaneous Manufactured Articles": {
                    "Belarus": "40.71",
                    "Kazakhstan": "24.07",
                    "Unspecified": "4.54",
                    "United States": "3.56",
                    "United Kingdom": "3.48"
                }
            }
        },
        "2011": {
            "Imports": {
                "Animals & Animal Products": {
                    "China": "36.99",
                    "Korea, Rep.": "35.73",
                    "Japan": "7.57",
                    "Netherlands": "6.62",
                    "Ukraine": "1.78"
                },
                "Vegetable Products": {
                    "Egypt, Arab Rep.": "20.89",
                    "Turkey": "13.69",
                    "Saudi Arabia": "5.93",
                    "Italy": "4.05",
                    "Israel": "3.48"
                },
                "Prepared Foodstuffs; Beverages, Spirits, Vinegar, Tobacco and Manufactured Tobacco Substitutes": {
                    "Ukraine": "22.64",
                    "Azerbaijan": "14.32",
                    "Turkey": "5.17",
                    "Kyrgyz Republic": "4.59",
                    "Moldova": "3.67"
                },
                "Mineral Products": {
                    "China": "51.54",
                    "Morocco": "5.56",
                    "Ukraine": "4.89",
                    "Slovak Republic": "4.68",
                    "Netherlands": "3.39"
                },
                "Products of the Chemical or Allied Industries": {
                    "Ukraine": "12.41",
                    "China": "11.09",
                    "Finland": "8.47",
                    "Brazil": "8.01",
                    "United States": "5.60"
                },
                "Plastics and Articles thereof; Rubber and Articles thereof": {
                    "Ukraine": "14.00",
                    "China": "13.04",
                    "Belgium": "9.73",
                    "Poland": "7.09",
                    "Hungary": "6.23"
                },
                "Raw Hides and Skins, Leather, Furskins, and Articles thereof; Saddlery and Harness; Travel Goods, Handbags, and Similar Containers; Articles of Animal Gut (Other than Silk-worm Gut)": {
                    "Italy": "46.70",
                    "Spain": "6.22",
                    "Hong Kong, China": "4.54",
                    "Latvia": "4.22",
                    "Germany": "4.08"
                },
                "Wood and Articles of Wood; Wood Charcoal; Cork and Articles of Cork; Manufactures of Straw, of Esparto or of Other Plaiting Materials; Basketware and Wickerwork": {
                    "China": "32.50",
                    "Finland": "5.55",
                    "Japan": "5.15",
                    "Uzbekistan": "4.61",
                    "Germany": "4.39"
                },
                "Textiles and Textile Articles": {
                    "Ukraine": "23.85",
                    "Austria": "10.32",
                    "Germany": "9.06",
                    "India": "5.28",
                    "Turkey": "4.28"
                },
                "Footwear, Headgear, Umbrellas, Sun Umbrellas, Walking-sticks, Seat-sticks, Whips, Riding-crops, and Parts thereof; Prepared Feathers and Articles Made therewith; Artificial Flowers; Articles of Human Hair": {
                    "Ukraine": "24.09",
                    "Poland": "12.91",
                    "Kyrgyz Republic": "9.51",
                    "Germany": "5.36",
                    "Georgia": "4.97"
                },
                "Articles of Stone, Plaster, Cement, Asbestos, Mica or Similar Materials; Ceramic Products; Glass and Glassware": {
                    "Belgium": "55.96",
                    "India": "13.47",
                    "Israel": "8.67",
                    "Ukraine": "4.87",
                    "United Arab Emirates": "2.82"
                },
                "Natural or Cultured Pearls, Precious or Semi-precious Stones, Precious Metals, Metals Clad with Precious Metal, and Articles thereof; Imitation Jewellery; Coin": {
                    "Netherlands": "23.36",
                    "China": "12.38",
                    "Turkey": "10.27",
                    "Switzerland": "7.68",
                    "United States": "6.67"
                },
                "Base Metals and Articles of Base Metal": {
                    "Netherlands": "15.61",
                    "Turkey": "9.84",
                    "Italy": "7.99",
                    "Germany": "7.22",
                    "United States": "7.03"
                },
                "Machinery and Mechanical Appliances; Electrical Equipment; Parts thereof; Sound Recorders and Reproducers, Television Image and Sound Recorders and Reproducers, and Parts and Accessories of such Articles": {
                    "Ukraine": "23.41",
                    "India": "12.36",
                    "China": "8.90",
                    "Germany": "4.90",
                    "Algeria": "3.88"
                },
                "Vehicles, Aircraft, Vessels, and Associated Transport Equipment": {
                    "Ukraine": "27.67",
                    "Venezuela": "8.17",
                    "Japan": "7.61",
                    "Poland": "7.16",
                    "Azerbaijan": "6.06"
                },
                "Optical, Photographic, Cinematographic, Measuring, Checking, Precision, Medical or Surgical Instruments and Apparatus; Clocks and Watches; Musical Instruments; Parts and Accessories thereof": {
                    "Ukraine": "12.49",
                    "Italy": "6.32",
                    "China": "5.69",
                    "India": "5.44",
                    "Germany": "4.67"
                },
                "Miscellaneous Manufactured Articles": {
                    "Belarus": "43.27",
                    "Kazakhstan": "24.60",
                    "Unspecified": "13.92",
                    "United States": "2.32",
                    "Venezuela": "2.13"
                }
            }
        },
        "2012": {
            "Imports": {
                "Animals & Animal Products": {
                    "Korea, Rep.": "34.65",
                    "China": "32.10",
                    "Japan": "8.60",
                    "Kazakhstan": "6.15",
                    "Netherlands": "4.33"
                }
            }
        }
    }
}