{
    "Main Partners": {
        "1992": {
            "Imports": {
                "Animals & Animal Products": {
                    "Singapore": "62.75",
                    "Hong Kong, China": "27.47",
                    "Japan": "4.14",
                    "Australia": "3.54",
                    "Thailand": "1.00"
                },
                "Vegetable Products": {
                    "India": "30.40",
                    "Singapore": "18.15",
                    "Pakistan": "13.64",
                    "Japan": "8.20",
                    "Sri Lanka": "6.64"
                },
                "Prepared Foodstuffs; Beverages, Spirits, Vinegar, Tobacco and Manufactured Tobacco Substitutes": {
                    "Malaysia": "22.97",
                    "Singapore": "22.95",
                    "Netherlands": "20.32",
                    "Thailand": "10.32",
                    "Belgium-Luxembourg": "8.80"
                },
                "Mineral Products": {
                    "Australia": "40.26",
                    "Singapore": "29.25",
                    "Japan": "23.34",
                    "Belgium-Luxembourg": "7.14"
                },
                "Products of the Chemical or Allied Industries": {
                    "Pakistan": "34.12",
                    "Singapore": "33.83",
                    "Malaysia": "10.90",
                    "Japan": "8.03",
                    "Hong Kong, China": "6.86"
                },
                "Plastics and Articles thereof; Rubber and Articles thereof": {
                    "Singapore": "90.96",
                    "Korea, Rep.": "4.55",
                    "Malaysia": "3.23",
                    "Switzerland": "0.64",
                    "Kenya": "0.37"
                },
                "Raw Hides and Skins, Leather, Furskins, and Articles thereof; Saddlery and Harness; Travel Goods, Handbags, and Similar Containers; Articles of Animal Gut (Other than Silk-worm Gut)": {
                    "Hong Kong, China": "83.01",
                    "Thailand": "12.94",
                    "United Kingdom": "3.34",
                    "Switzerland": "0.71"
                },
                "Wood and Articles of Wood; Wood Charcoal; Cork and Articles of Cork; Manufactures of Straw, of Esparto or of Other Plaiting Materials; Basketware and Wickerwork": {
                    "India": "27.90",
                    "Hong Kong, China": "22.46",
                    "Singapore": "15.92",
                    "Thailand": "14.02",
                    "Japan": "8.82"
                },
                "Textiles and Textile Articles": {
                    "United States": "61.29",
                    "Singapore": "24.43",
                    "United Kingdom": "6.08",
                    "Germany": "4.27",
                    "Canada": "1.31"
                },
                "Footwear, Headgear, Umbrellas, Sun Umbrellas, Walking-sticks, Seat-sticks, Whips, Riding-crops, and Parts thereof; Prepared Feathers and Articles Made therewith; Artificial Flowers; Articles of Human Hair": {
                    "Singapore": "92.92",
                    "Nigeria": "4.96",
                    "Japan": "1.05",
                    "United Kingdom": "0.73",
                    "Unspecified": "0.34"
                },
                "Articles of Stone, Plaster, Cement, Asbestos, Mica or Similar Materials; Ceramic Products; Glass and Glassware": {
                    "Hong Kong, China": "64.22",
                    "Singapore": "11.86",
                    "Unspecified": "6.74",
                    "Switzerland": "6.44",
                    "Japan": "3.11"
                },
                "Natural or Cultured Pearls, Precious or Semi-precious Stones, Precious Metals, Metals Clad with Precious Metal, and Articles thereof; Imitation Jewellery; Coin": {
                    "Singapore": "40.80",
                    "Australia": "27.72",
                    "Japan": "16.10",
                    "Hong Kong, China": "5.36",
                    "Malaysia": "5.12"
                },
                "Base Metals and Articles of Base Metal": {
                    "Singapore": "47.61",
                    "Yemen": "47.46",
                    "Malaysia": "2.69",
                    "Japan": "1.43",
                    "Thailand": "0.82"
                },
                "Machinery and Mechanical Appliances; Electrical Equipment; Parts thereof; Sound Recorders and Reproducers, Television Image and Sound Recorders and Reproducers, and Parts and Accessories of such Articles": {
                    "Yemen": "49.26",
                    "United Kingdom": "11.74",
                    "Netherlands": "10.79",
                    "Singapore": "9.17",
                    "Sweden": "6.98"
                },
                "Vehicles, Aircraft, Vessels, and Associated Transport Equipment": {
                    "Germany": "35.81",
                    "Singapore": "24.80",
                    "Australia": "14.00",
                    "Japan": "12.14",
                    "United Kingdom": "7.00"
                },
                "Optical, Photographic, Cinematographic, Measuring, Checking, Precision, Medical or Surgical Instruments and Apparatus; Clocks and Watches; Musical Instruments; Parts and Accessories thereof": {
                    "Singapore": "27.32",
                    "Hong Kong, China": "23.74",
                    "United States": "19.42",
                    "Yemen": "10.81",
                    "Japan": "2.78"
                },
                "Miscellaneous Manufactured Articles": {
                    "Singapore": "81.38",
                    "Japan": "6.90",
                    "Germany": "4.23",
                    "Korea, Rep.": "2.32",
                    "Thailand": "1.97"
                }
            }
        },
        "2010": {
            "Imports": {
                "Animals & Animal Products": {
                    "Kuwait": "20.47",
                    "China": "19.66",
                    "Singapore": "19.06",
                    "Saudi Arabia": "8.73",
                    "Malaysia": "6.77"
                },
                "Vegetable Products": {
                    "India": "52.96",
                    "Singapore": "12.42",
                    "Cote dIvoire": "7.65",
                    "Thailand": "4.67",
                    "Bangladesh": "3.00"
                },
                "Prepared Foodstuffs; Beverages, Spirits, Vinegar, Tobacco and Manufactured Tobacco Substitutes": {
                    "India": "46.97",
                    "Singapore": "33.71",
                    "Malaysia": "9.25",
                    "Japan": "5.64",
                    "United Arab Emirates": "1.69"
                },
                "Mineral Products": {
                    "Singapore": "83.61",
                    "Malaysia": "5.20",
                    "Thailand": "4.93",
                    "China": "3.42",
                    "Japan": "2.11"
                },
                "Products of the Chemical or Allied Industries": {
                    "Pakistan": "29.91",
                    "India": "16.73",
                    "Malaysia": "13.90",
                    "Georgia": "10.54",
                    "Singapore": "7.30"
                },
                "Plastics and Articles thereof; Rubber and Articles thereof": {
                    "Malaysia": "68.14",
                    "China": "14.28",
                    "Vietnam": "7.01",
                    "Korea, Rep.": "6.10",
                    "Singapore": "2.59"
                },
                "Raw Hides and Skins, Leather, Furskins, and Articles thereof; Saddlery and Harness; Travel Goods, Handbags, and Similar Containers; Articles of Animal Gut (Other than Silk-worm Gut)": {
                    "India": "38.62",
                    "Singapore": "32.46",
                    "Hong Kong, China": "13.10",
                    "Vietnam": "5.24",
                    "China": "4.44"
                },
                "Wood and Articles of Wood; Wood Charcoal; Cork and Articles of Cork; Manufactures of Straw, of Esparto or of Other Plaiting Materials; Basketware and Wickerwork": {
                    "India": "58.21",
                    "Thailand": "13.58",
                    "Singapore": "8.08",
                    "Bangladesh": "7.41",
                    "China": "5.13"
                },
                "Textiles and Textile Articles": {
                    "Japan": "29.71",
                    "Korea, Rep.": "25.90",
                    "Georgia": "9.97",
                    "Spain": "7.34",
                    "United Kingdom": "6.10"
                },
                "Footwear, Headgear, Umbrellas, Sun Umbrellas, Walking-sticks, Seat-sticks, Whips, Riding-crops, and Parts thereof; Prepared Feathers and Articles Made therewith; Artificial Flowers; Articles of Human Hair": {
                    "Japan": "90.75",
                    "Korea, Rep.": "3.63",
                    "China": "2.69",
                    "Georgia": "1.84",
                    "Bangladesh": "0.56"
                },
                "Articles of Stone, Plaster, Cement, Asbestos, Mica or Similar Materials; Ceramic Products; Glass and Glassware": {
                    "Hong Kong, China": "91.08",
                    "Thailand": "4.83",
                    "China": "3.21",
                    "Singapore": "0.49",
                    "Japan": "0.38"
                },
                "Natural or Cultured Pearls, Precious or Semi-precious Stones, Precious Metals, Metals Clad with Precious Metal, and Articles thereof; Imitation Jewellery; Coin": {
                    "China": "40.97",
                    "Thailand": "23.18",
                    "Malaysia": "10.08",
                    "Singapore": "9.83",
                    "Indonesia": "5.95"
                },
                "Base Metals and Articles of Base Metal": {
                    "China": "45.49",
                    "Thailand": "25.44",
                    "Malaysia": "11.46",
                    "Indonesia": "6.67",
                    "Pakistan": "4.02"
                },
                "Vehicles, Aircraft, Vessels, and Associated Transport Equipment": {
                    "Korea, Rep.": "99.85",
                    "Japan": "0.14",
                    "Malaysia": "0.01"
                },
                "Optical, Photographic, Cinematographic, Measuring, Checking, Precision, Medical or Surgical Instruments and Apparatus; Clocks and Watches; Musical Instruments; Parts and Accessories thereof": {
                    "Hong Kong, China": "72.97",
                    "Japan": "7.44",
                    "Korea, Rep.": "4.42",
                    "Thailand": "4.01",
                    "China": "2.81"
                },
                "Miscellaneous Manufactured Articles": {
                    "Unspecified": "64.91",
                    "Malaysia": "17.54",
                    "Singapore": "11.76",
                    "China": "2.98",
                    "Australia": "0.76"
                }
            }
        },
        "2011": {
            "Imports": {
                "Animals & Animal Products": {
                    "China": "32.52",
                    "Thailand": "17.38",
                    "United Kingdom": "13.64",
                    "Malaysia": "7.08",
                    "Kuwait": "5.16"
                },
                "Vegetable Products": {
                    "India": "31.64",
                    "China": "20.74",
                    "Singapore": "12.89",
                    "Cote dIvoire": "7.09",
                    "Thailand": "5.75"
                },
                "Prepared Foodstuffs; Beverages, Spirits, Vinegar, Tobacco and Manufactured Tobacco Substitutes": {
                    "Thailand": "31.88",
                    "China": "31.83",
                    "Malaysia": "15.15",
                    "Singapore": "6.60",
                    "Indonesia": "5.82"
                },
                "Mineral Products": {
                    "China": "56.11",
                    "Singapore": "25.32",
                    "Thailand": "12.90",
                    "Korea, Rep.": "3.58",
                    "Malaysia": "1.63"
                },
                "Products of the Chemical or Allied Industries": {
                    "China": "33.05",
                    "Thailand": "21.20",
                    "Vietnam": "19.23",
                    "India": "16.00",
                    "Malaysia": "4.71"
                },
                "Plastics and Articles thereof; Rubber and Articles thereof": {
                    "China": "60.72",
                    "Singapore": "20.50",
                    "Malaysia": "15.14",
                    "Thailand": "2.47",
                    "United Arab Emirates": "0.36"
                },
                "Raw Hides and Skins, Leather, Furskins, and Articles thereof; Saddlery and Harness; Travel Goods, Handbags, and Similar Containers; Articles of Animal Gut (Other than Silk-worm Gut)": {
                    "China": "65.67",
                    "India": "19.09",
                    "Vietnam": "7.55",
                    "Hong Kong, China": "3.17",
                    "Singapore": "2.19"
                },
                "Wood and Articles of Wood; Wood Charcoal; Cork and Articles of Cork; Manufactures of Straw, of Esparto or of Other Plaiting Materials; Basketware and Wickerwork": {
                    "India": "55.72",
                    "Bangladesh": "14.20",
                    "Thailand": "9.64",
                    "Singapore": "8.21",
                    "China": "7.86"
                },
                "Textiles and Textile Articles": {
                    "Japan": "36.91",
                    "Korea, Rep.": "33.32",
                    "Georgia": "7.39",
                    "United Kingdom": "5.01",
                    "Spain": "2.65"
                },
                "Footwear, Headgear, Umbrellas, Sun Umbrellas, Walking-sticks, Seat-sticks, Whips, Riding-crops, and Parts thereof; Prepared Feathers and Articles Made therewith; Artificial Flowers; Articles of Human Hair": {
                    "Japan": "58.70",
                    "Korea, Rep.": "24.64",
                    "China": "7.27",
                    "Bangladesh": "2.64",
                    "India": "1.41"
                },
                "Articles of Stone, Plaster, Cement, Asbestos, Mica or Similar Materials; Ceramic Products; Glass and Glassware": {
                    "China": "54.56",
                    "Hong Kong, China": "44.83",
                    "Japan": "0.59",
                    "Vietnam": "0.01",
                    "India": "0.00"
                },
                "Natural or Cultured Pearls, Precious or Semi-precious Stones, Precious Metals, Metals Clad with Precious Metal, and Articles thereof; Imitation Jewellery; Coin": {
                    "Thailand": "41.08",
                    "China": "28.94",
                    "Japan": "15.75",
                    "Singapore": "6.64",
                    "Pakistan": "6.12"
                },
                "Machinery and Mechanical Appliances; Electrical Equipment; Parts thereof; Sound Recorders and Reproducers, Television Image and Sound Recorders and Reproducers, and Parts and Accessories of such Articles": {
                    "Malaysia": "42.11",
                    "China": "28.20",
                    "Japan": "17.86",
                    "India": "8.85",
                    "Singapore": "2.18"
                },
                "Vehicles, Aircraft, Vessels, and Associated Transport Equipment": {
                    "Vietnam": "67.36",
                    "Korea, Rep.": "24.56",
                    "United Arab Emirates": "4.84",
                    "France": "3.01",
                    "Australia": "0.21"
                },
                "Optical, Photographic, Cinematographic, Measuring, Checking, Precision, Medical or Surgical Instruments and Apparatus; Clocks and Watches; Musical Instruments; Parts and Accessories thereof": {
                    "China": "38.08",
                    "Hong Kong, China": "29.72",
                    "Japan": "12.54",
                    "Korea, Rep.": "9.85",
                    "Georgia": "2.02"
                },
                "Miscellaneous Manufactured Articles": {
                    "China": "26.97",
                    "Singapore": "24.35",
                    "Japan": "15.79",
                    "Pakistan": "10.31",
                    "Indonesia": "6.74"
                }
            }
        },
        "2012": {
            "Imports": {
                "Vegetable Products": {
                    "India": "44.67",
                    "China": "23.28",
                    "Singapore": "11.77",
                    "Malaysia": "6.86",
                    "Cote dIvoire": "3.03"
                },
                "Prepared Foodstuffs; Beverages, Spirits, Vinegar, Tobacco and Manufactured Tobacco Substitutes": {
                    "China": "35.69",
                    "India": "23.99",
                    "Malaysia": "14.47",
                    "Thailand": "11.38",
                    "Japan": "7.15"
                },
                "Mineral Products": {
                    "China": "63.01",
                    "Singapore": "14.49",
                    "Thailand": "10.90",
                    "Malaysia": "7.38",
                    "Korea, Rep.": "2.22"
                },
                "Products of the Chemical or Allied Industries": {
                    "China": "41.16",
                    "Malaysia": "17.67",
                    "India": "16.24",
                    "Pakistan": "8.43",
                    "Thailand": "7.70"
                },
                "Plastics and Articles thereof; Rubber and Articles thereof": {
                    "China": "47.36",
                    "Malaysia": "41.14",
                    "Singapore": "4.20",
                    "Korea, Rep.": "3.87",
                    "Thailand": "1.78"
                },
                "Raw Hides and Skins, Leather, Furskins, and Articles thereof; Saddlery and Harness; Travel Goods, Handbags, and Similar Containers; Articles of Animal Gut (Other than Silk-worm Gut)": {
                    "China": "44.03",
                    "Singapore": "18.98",
                    "Thailand": "13.63",
                    "Vietnam": "10.32",
                    "India": "9.36"
                },
                "Wood and Articles of Wood; Wood Charcoal; Cork and Articles of Cork; Manufactures of Straw, of Esparto or of Other Plaiting Materials; Basketware and Wickerwork": {
                    "India": "83.91",
                    "China": "6.19",
                    "Korea, Rep.": "3.82",
                    "Thailand": "1.72",
                    "Singapore": "1.16"
                },
                "Textiles and Textile Articles": {
                    "Italy": "37.14",
                    "Japan": "27.07",
                    "Korea, Rep.": "17.84",
                    "Georgia": "5.81",
                    "China": "2.88"
                },
                "Footwear, Headgear, Umbrellas, Sun Umbrellas, Walking-sticks, Seat-sticks, Whips, Riding-crops, and Parts thereof; Prepared Feathers and Articles Made therewith; Artificial Flowers; Articles of Human Hair": {
                    "Japan": "78.16",
                    "China": "10.25",
                    "Korea, Rep.": "7.02",
                    "Bangladesh": "1.71",
                    "France": "0.73"
                },
                "Articles of Stone, Plaster, Cement, Asbestos, Mica or Similar Materials; Ceramic Products; Glass and Glassware": {
                    "China": "61.20",
                    "Hong Kong, China": "35.14",
                    "United Arab Emirates": "2.20",
                    "Japan": "1.17",
                    "Sri Lanka": "0.11"
                },
                "Natural or Cultured Pearls, Precious or Semi-precious Stones, Precious Metals, Metals Clad with Precious Metal, and Articles thereof; Imitation Jewellery; Coin": {
                    "China": "32.08",
                    "Vietnam": "24.82",
                    "Thailand": "23.39",
                    "Pakistan": "7.05",
                    "Singapore": "3.83"
                },
                "Base Metals and Articles of Base Metal": {
                    "Vietnam": "30.75",
                    "China": "28.00",
                    "Thailand": "24.54",
                    "Pakistan": "8.40",
                    "Philippines": "3.40"
                },
                "Machinery and Mechanical Appliances; Electrical Equipment; Parts thereof; Sound Recorders and Reproducers, Television Image and Sound Recorders and Reproducers, and Parts and Accessories of such Articles": {
                    "China": "49.01",
                    "Singapore": "21.24",
                    "Malaysia": "19.75",
                    "Japan": "3.33",
                    "France": "2.60"
                },
                "Vehicles, Aircraft, Vessels, and Associated Transport Equipment": {
                    "United States": "55.14",
                    "China": "17.36",
                    "France": "9.99",
                    "Singapore": "7.74",
                    "Korea, Rep.": "5.22"
                },
                "Optical, Photographic, Cinematographic, Measuring, Checking, Precision, Medical or Surgical Instruments and Apparatus; Clocks and Watches; Musical Instruments; Parts and Accessories thereof": {
                    "China": "21.22",
                    "Italy": "21.01",
                    "Japan": "19.61",
                    "Korea, Rep.": "15.54",
                    "Hong Kong, China": "9.20"
                },
                "Miscellaneous Manufactured Articles": {
                    "China": "37.12",
                    "Korea, Rep.": "27.61",
                    "Thailand": "19.10",
                    "Singapore": "4.15",
                    "Australia": "2.09"
                }
            }
        },
        "2013": {
            "Imports": {
                "Animals & Animal Products": {
                    "China": "48.06",
                    "Thailand": "21.41",
                    "Singapore": "10.06",
                    "Japan": "3.60",
                    "Kuwait": "2.94"
                },
                "Vegetable Products": {
                    "China": "65.20",
                    "India": "15.16",
                    "Malaysia": "6.12",
                    "Singapore": "3.82",
                    "Vietnam": "1.69"
                },
                "Prepared Foodstuffs; Beverages, Spirits, Vinegar, Tobacco and Manufactured Tobacco Substitutes": {
                    "China": "69.97",
                    "Thailand": "15.39",
                    "India": "5.06",
                    "Malaysia": "3.76",
                    "Vietnam": "1.50"
                },
                "Mineral Products": {
                    "China": "51.07",
                    "Korea, Rep.": "22.29",
                    "Thailand": "13.90",
                    "Singapore": "9.21",
                    "India": "0.88"
                },
                "Products of the Chemical or Allied Industries": {
                    "Singapore": "57.81",
                    "China": "14.41",
                    "Japan": "8.31",
                    "Thailand": "6.26",
                    "Bangladesh": "3.68"
                },
                "Plastics and Articles thereof; Rubber and Articles thereof": {
                    "China": "66.04",
                    "Malaysia": "16.96",
                    "Singapore": "10.75",
                    "Thailand": "4.36",
                    "India": "0.73"
                },
                "Wood and Articles of Wood; Wood Charcoal; Cork and Articles of Cork; Manufactures of Straw, of Esparto or of Other Plaiting Materials; Basketware and Wickerwork": {
                    "India": "55.16",
                    "China": "18.30",
                    "Thailand": "10.39",
                    "Singapore": "4.53",
                    "Bangladesh": "3.14"
                },
                "Footwear, Headgear, Umbrellas, Sun Umbrellas, Walking-sticks, Seat-sticks, Whips, Riding-crops, and Parts thereof; Prepared Feathers and Articles Made therewith; Artificial Flowers; Articles of Human Hair": {
                    "Japan": "64.56",
                    "China": "16.45",
                    "Korea, Rep.": "9.37",
                    "United States": "2.40",
                    "India": "1.86"
                },
                "Articles of Stone, Plaster, Cement, Asbestos, Mica or Similar Materials; Ceramic Products; Glass and Glassware": {
                    "China": "55.38",
                    "Hong Kong, China": "43.16",
                    "India": "0.92",
                    "Japan": "0.24",
                    "Thailand": "0.11"
                },
                "Natural or Cultured Pearls, Precious or Semi-precious Stones, Precious Metals, Metals Clad with Precious Metal, and Articles thereof; Imitation Jewellery; Coin": {
                    "China": "41.51",
                    "Thailand": "23.86",
                    "Indonesia": "11.71",
                    "Korea, Rep.": "11.04",
                    "Pakistan": "3.77"
                },
                "Base Metals and Articles of Base Metal": {
                    "China": "48.92",
                    "Thailand": "22.93",
                    "Indonesia": "14.04",
                    "Pakistan": "4.40",
                    "Korea, Rep.": "3.90"
                },
                "Machinery and Mechanical Appliances; Electrical Equipment; Parts thereof; Sound Recorders and Reproducers, Television Image and Sound Recorders and Reproducers, and Parts and Accessories of such Articles": {
                    "China": "47.09",
                    "Singapore": "26.41",
                    "Malaysia": "11.85",
                    "Japan": "4.24",
                    "France": "3.30"
                },
                "Vehicles, Aircraft, Vessels, and Associated Transport Equipment": {
                    "Vietnam": "47.71",
                    "China": "22.64",
                    "Korea, Rep.": "13.06",
                    "France": "8.92",
                    "Thailand": "2.40"
                },
                "Optical, Photographic, Cinematographic, Measuring, Checking, Precision, Medical or Surgical Instruments and Apparatus; Clocks and Watches; Musical Instruments; Parts and Accessories thereof": {
                    "Japan": "32.15",
                    "China": "26.18",
                    "Hong Kong, China": "16.00",
                    "Korea, Rep.": "12.24",
                    "United Kingdom": "2.09"
                },
                "Miscellaneous Manufactured Articles": {
                    "Thailand": "60.95",
                    "Singapore": "30.24",
                    "China": "5.37",
                    "Greece": "1.48",
                    "Malaysia": "0.69"
                }
            }
        },
        "2014": {
            "Imports": {
                "Vegetable Products": {
                    "China": "57.34",
                    "India": "21.49",
                    "Singapore": "4.35",
                    "Vietnam": "2.33",
                    "Thailand": "2.04"
                },
                "Prepared Foodstuffs; Beverages, Spirits, Vinegar, Tobacco and Manufactured Tobacco Substitutes": {
                    "China": "45.00",
                    "India": "20.86",
                    "Vietnam": "6.73",
                    "Malaysia": "6.28",
                    "Indonesia": "3.59"
                },
                "Mineral Products": {
                    "China": "86.18",
                    "Thailand": "6.37",
                    "Singapore": "2.95",
                    "Korea, Rep.": "2.13",
                    "Japan": "1.18"
                },
                "Products of the Chemical or Allied Industries": {
                    "Thailand": "34.86",
                    "India": "28.45",
                    "China": "23.19",
                    "Pakistan": "5.47",
                    "Malaysia": "4.09"
                },
                "Plastics and Articles thereof; Rubber and Articles thereof": {
                    "China": "63.60",
                    "Malaysia": "13.06",
                    "Singapore": "9.31",
                    "Japan": "5.87",
                    "Thailand": "5.05"
                },
                "Raw Hides and Skins, Leather, Furskins, and Articles thereof; Saddlery and Harness; Travel Goods, Handbags, and Similar Containers; Articles of Animal Gut (Other than Silk-worm Gut)": {
                    "United States": "26.28",
                    "Singapore": "16.49",
                    "Thailand": "16.43",
                    "Vietnam": "10.97",
                    "India": "7.29"
                },
                "Wood and Articles of Wood; Wood Charcoal; Cork and Articles of Cork; Manufactures of Straw, of Esparto or of Other Plaiting Materials; Basketware and Wickerwork": {
                    "India": "58.70",
                    "Thailand": "11.79",
                    "China": "10.08",
                    "Singapore": "8.93",
                    "Vietnam": "3.44"
                },
                "Textiles and Textile Articles": {
                    "Japan": "37.42",
                    "Korea, Rep.": "28.92",
                    "China": "6.85",
                    "Germany": "5.75",
                    "United Kingdom": "4.63"
                },
                "Footwear, Headgear, Umbrellas, Sun Umbrellas, Walking-sticks, Seat-sticks, Whips, Riding-crops, and Parts thereof; Prepared Feathers and Articles Made therewith; Artificial Flowers; Articles of Human Hair": {
                    "Japan": "70.05",
                    "Korea, Rep.": "10.54",
                    "United States": "6.28",
                    "China": "2.53",
                    "Singapore": "2.15"
                },
                "Articles of Stone, Plaster, Cement, Asbestos, Mica or Similar Materials; Ceramic Products; Glass and Glassware": {
                    "China": "66.59",
                    "Hong Kong, China": "30.68",
                    "Bangladesh": "1.71",
                    "Japan": "0.63",
                    "Thailand": "0.29"
                },
                "Natural or Cultured Pearls, Precious or Semi-precious Stones, Precious Metals, Metals Clad with Precious Metal, and Articles thereof; Imitation Jewellery; Coin": {
                    "China": "40.90",
                    "Indonesia": "24.38",
                    "Thailand": "14.39",
                    "Vietnam": "6.34",
                    "Singapore": "4.56"
                },
                "Base Metals and Articles of Base Metal": {
                    "China": "66.33",
                    "Indonesia": "14.03",
                    "Thailand": "7.25",
                    "Vietnam": "3.65",
                    "Singapore": "2.17"
                },
                "Machinery and Mechanical Appliances; Electrical Equipment; Parts thereof; Sound Recorders and Reproducers, Television Image and Sound Recorders and Reproducers, and Parts and Accessories of such Articles": {
                    "Malaysia": "62.95",
                    "China": "9.83",
                    "Japan": "8.02",
                    "Singapore": "4.91",
                    "India": "4.86"
                },
                "Vehicles, Aircraft, Vessels, and Associated Transport Equipment": {
                    "Korea, Rep.": "33.19",
                    "China": "31.66",
                    "Japan": "18.94",
                    "Malaysia": "15.97",
                    "Brazil": "0.15"
                },
                "Optical, Photographic, Cinematographic, Measuring, Checking, Precision, Medical or Surgical Instruments and Apparatus; Clocks and Watches; Musical Instruments; Parts and Accessories thereof": {
                    "China": "39.96",
                    "Japan": "18.72",
                    "Hong Kong, China": "13.41",
                    "Korea, Rep.": "12.74",
                    "Germany": "2.47"
                },
                "Miscellaneous Manufactured Articles": {
                    "Singapore": "34.29",
                    "China": "31.85",
                    "Malaysia": "20.77",
                    "Bangladesh": "1.86",
                    "Sweden": "1.79"
                }
            }
        },
        "2015": {
            "Imports": {
                "Animals & Animal Products": {
                    "Thailand": "34.15",
                    "China": "28.05",
                    "Singapore": "8.07",
                    "Japan": "4.01",
                    "Kuwait": "3.60"
                },
                "Vegetable Products": {
                    "China": "51.00",
                    "India": "29.53",
                    "Singapore": "2.90",
                    "United Arab Emirates": "2.25",
                    "Thailand": "1.88"
                },
                "Prepared Foodstuffs; Beverages, Spirits, Vinegar, Tobacco and Manufactured Tobacco Substitutes": {
                    "China": "89.89",
                    "India": "1.97",
                    "Vietnam": "1.50",
                    "Indonesia": "1.40",
                    "United Arab Emirates": "1.19"
                },
                "Products of the Chemical or Allied Industries": {
                    "Thailand": "46.34",
                    "India": "24.97",
                    "Vietnam": "6.42",
                    "Malaysia": "5.33",
                    "France": "4.19"
                },
                "Plastics and Articles thereof; Rubber and Articles thereof": {
                    "China": "62.95",
                    "Malaysia": "16.26",
                    "Singapore": "6.85",
                    "Japan": "6.82",
                    "Thailand": "3.92"
                },
                "Raw Hides and Skins, Leather, Furskins, and Articles thereof; Saddlery and Harness; Travel Goods, Handbags, and Similar Containers; Articles of Animal Gut (Other than Silk-worm Gut)": {
                    "United States": "34.48",
                    "Vietnam": "16.80",
                    "Thailand": "10.54",
                    "Korea, Rep.": "7.43",
                    "Singapore": "7.37"
                },
                "Wood and Articles of Wood; Wood Charcoal; Cork and Articles of Cork; Manufactures of Straw, of Esparto or of Other Plaiting Materials; Basketware and Wickerwork": {
                    "India": "42.17",
                    "Singapore": "33.28",
                    "China": "6.85",
                    "Thailand": "4.46",
                    "Malaysia": "3.53"
                },
                "Textiles and Textile Articles": {
                    "Japan": "30.00",
                    "Korea, Rep.": "20.83",
                    "China": "8.08",
                    "Germany": "5.30",
                    "Netherlands": "4.66"
                },
                "Footwear, Headgear, Umbrellas, Sun Umbrellas, Walking-sticks, Seat-sticks, Whips, Riding-crops, and Parts thereof; Prepared Feathers and Articles Made therewith; Artificial Flowers; Articles of Human Hair": {
                    "Japan": "57.52",
                    "United States": "11.32",
                    "Korea, Rep.": "8.94",
                    "China": "4.13",
                    "Germany": "2.90"
                },
                "Articles of Stone, Plaster, Cement, Asbestos, Mica or Similar Materials; Ceramic Products; Glass and Glassware": {
                    "China": "58.96",
                    "Hong Kong, China": "39.66",
                    "Japan": "0.88",
                    "Thailand": "0.21",
                    "Malaysia": "0.18"
                },
                "Natural or Cultured Pearls, Precious or Semi-precious Stones, Precious Metals, Metals Clad with Precious Metal, and Articles thereof; Imitation Jewellery; Coin": {
                    "Indonesia": "42.49",
                    "China": "21.69",
                    "Thailand": "15.73",
                    "Malaysia": "6.49",
                    "Switzerland": "3.20"
                },
                "Base Metals and Articles of Base Metal": {
                    "China": "54.05",
                    "Indonesia": "25.48",
                    "Thailand": "9.64",
                    "Malaysia": "4.01",
                    "Singapore": "1.07"
                },
                "Machinery and Mechanical Appliances; Electrical Equipment; Parts thereof; Sound Recorders and Reproducers, Television Image and Sound Recorders and Reproducers, and Parts and Accessories of such Articles": {
                    "Germany": "49.94",
                    "Malaysia": "9.80",
                    "Japan": "7.99",
                    "Vietnam": "6.71",
                    "Thailand": "5.98"
                },
                "Vehicles, Aircraft, Vessels, and Associated Transport Equipment": {
                    "China": "43.94",
                    "Japan": "21.54",
                    "United Kingdom": "15.38",
                    "Korea, Rep.": "10.08",
                    "Singapore": "5.12"
                },
                "Optical, Photographic, Cinematographic, Measuring, Checking, Precision, Medical or Surgical Instruments and Apparatus; Clocks and Watches; Musical Instruments; Parts and Accessories thereof": {
                    "China": "31.87",
                    "Japan": "16.72",
                    "Hong Kong, China": "13.15",
                    "Korea, Rep.": "9.96",
                    "Singapore": "4.99"
                }
            }
        },
        "2016": {
            "Imports": {
                "Animals & Animal Products": {
                    "Thailand": "35.42",
                    "China": "28.00",
                    "Singapore": "7.73",
                    "Japan": "4.23",
                    "Malaysia": "2.80"
                },
                "Vegetable Products": {
                    "China": "46.27",
                    "India": "31.95",
                    "Singapore": "2.83",
                    "Thailand": "2.68",
                    "Pakistan": "1.97"
                },
                "Prepared Foodstuffs; Beverages, Spirits, Vinegar, Tobacco and Manufactured Tobacco Substitutes": {
                    "China": "96.78",
                    "India": "0.65",
                    "Singapore": "0.46",
                    "Vietnam": "0.37",
                    "United Arab Emirates": "0.34"
                },
                "Mineral Products": {
                    "China": "63.42",
                    "Indonesia": "11.04",
                    "Korea, Rep.": "5.39",
                    "Thailand": "4.97",
                    "India": "4.24"
                },
                "Products of the Chemical or Allied Industries": {
                    "China": "32.69",
                    "India": "27.04",
                    "Vietnam": "10.81",
                    "Canada": "7.68",
                    "Thailand": "6.90"
                },
                "Plastics and Articles thereof; Rubber and Articles thereof": {
                    "China": "59.77",
                    "Malaysia": "15.70",
                    "Japan": "5.99",
                    "Thailand": "5.15",
                    "Singapore": "4.10"
                },
                "Raw Hides and Skins, Leather, Furskins, and Articles thereof; Saddlery and Harness; Travel Goods, Handbags, and Similar Containers; Articles of Animal Gut (Other than Silk-worm Gut)": {
                    "United States": "54.37",
                    "Vietnam": "10.34",
                    "Chile": "8.48",
                    "Thailand": "6.86",
                    "Netherlands": "4.58"
                },
                "Wood and Articles of Wood; Wood Charcoal; Cork and Articles of Cork; Manufactures of Straw, of Esparto or of Other Plaiting Materials; Basketware and Wickerwork": {
                    "India": "56.51",
                    "Thailand": "9.10",
                    "China": "8.62",
                    "Singapore": "6.71",
                    "United Arab Emirates": "4.00"
                },
                "Footwear, Headgear, Umbrellas, Sun Umbrellas, Walking-sticks, Seat-sticks, Whips, Riding-crops, and Parts thereof; Prepared Feathers and Articles Made therewith; Artificial Flowers; Articles of Human Hair": {
                    "Japan": "40.00",
                    "Korea, Rep.": "14.38",
                    "Germany": "13.45",
                    "United States": "5.65",
                    "Singapore": "4.31"
                },
                "Articles of Stone, Plaster, Cement, Asbestos, Mica or Similar Materials; Ceramic Products; Glass and Glassware": {
                    "China": "61.60",
                    "Hong Kong, China": "34.36",
                    "Japan": "1.54",
                    "Thailand": "1.16",
                    "Singapore": "0.60"
                },
                "Natural or Cultured Pearls, Precious or Semi-precious Stones, Precious Metals, Metals Clad with Precious Metal, and Articles thereof; Imitation Jewellery; Coin": {
                    "China": "48.47",
                    "Indonesia": "20.14",
                    "Thailand": "13.56",
                    "Vietnam": "4.69",
                    "Malaysia": "3.15"
                },
                "Base Metals and Articles of Base Metal": {
                    "China": "59.11",
                    "Indonesia": "13.23",
                    "Thailand": "11.62",
                    "Singapore": "4.17",
                    "Vietnam": "3.29"
                },
                "Machinery and Mechanical Appliances; Electrical Equipment; Parts thereof; Sound Recorders and Reproducers, Television Image and Sound Recorders and Reproducers, and Parts and Accessories of such Articles": {
                    "Singapore": "85.99",
                    "Thailand": "4.52",
                    "China": "1.89",
                    "Japan": "1.68",
                    "India": "1.53"
                },
                "Vehicles, Aircraft, Vessels, and Associated Transport Equipment": {
                    "Philippines": "70.43",
                    "India": "14.70",
                    "China": "8.15",
                    "Singapore": "2.57",
                    "Korea, Rep.": "0.82"
                },
                "Optical, Photographic, Cinematographic, Measuring, Checking, Precision, Medical or Surgical Instruments and Apparatus; Clocks and Watches; Musical Instruments; Parts and Accessories thereof": {
                    "Singapore": "19.47",
                    "Japan": "17.81",
                    "China": "16.82",
                    "Korea, Rep.": "8.29",
                    "Hong Kong, China": "5.50"
                },
                "Miscellaneous Manufactured Articles": {
                    "Singapore": "35.03",
                    "China": "15.46",
                    "Thailand": "13.55",
                    "United States": "5.23",
                    "Japan": "4.00"
                }
            }
        },
        "2017": {
            "Imports": {
                "Animals & Animal Products": {
                    "Thailand": "37.18",
                    "China": "26.27",
                    "Singapore": "4.83",
                    "Saudi Arabia": "4.46",
                    "Japan": "4.35"
                },
                "Vegetable Products": {
                    "China": "51.42",
                    "India": "16.91",
                    "Bangladesh": "3.37",
                    "Belgium": "2.40",
                    "Thailand": "2.28"
                },
                "Prepared Foodstuffs; Beverages, Spirits, Vinegar, Tobacco and Manufactured Tobacco Substitutes": {
                    "China": "91.37",
                    "Thailand": "2.88",
                    "Singapore": "1.37",
                    "Vietnam": "0.91",
                    "India": "0.74"
                },
                "Products of the Chemical or Allied Industries": {
                    "China": "58.35",
                    "India": "13.66",
                    "Thailand": "5.61",
                    "Russian Federation": "5.18",
                    "Korea, Rep.": "3.49"
                },
                "Plastics and Articles thereof; Rubber and Articles thereof": {
                    "China": "65.22",
                    "Malaysia": "9.53",
                    "Singapore": "7.11",
                    "Japan": "6.60",
                    "Thailand": "3.49"
                },
                "Raw Hides and Skins, Leather, Furskins, and Articles thereof; Saddlery and Harness; Travel Goods, Handbags, and Similar Containers; Articles of Animal Gut (Other than Silk-worm Gut)": {
                    "United States": "51.53",
                    "Japan": "8.07",
                    "China": "7.35",
                    "Netherlands": "4.17",
                    "Singapore": "3.43"
                },
                "Wood and Articles of Wood; Wood Charcoal; Cork and Articles of Cork; Manufactures of Straw, of Esparto or of Other Plaiting Materials; Basketware and Wickerwork": {
                    "India": "50.40",
                    "China": "7.93",
                    "Thailand": "7.11",
                    "Malaysia": "5.02",
                    "Singapore": "4.95"
                },
                "Textiles and Textile Articles": {
                    "Japan": "25.99",
                    "Germany": "11.94",
                    "United Kingdom": "10.10",
                    "Korea, Rep.": "9.30",
                    "Spain": "5.56"
                },
                "Footwear, Headgear, Umbrellas, Sun Umbrellas, Walking-sticks, Seat-sticks, Whips, Riding-crops, and Parts thereof; Prepared Feathers and Articles Made therewith; Artificial Flowers; Articles of Human Hair": {
                    "Japan": "39.17",
                    "Germany": "17.76",
                    "United States": "9.44",
                    "Korea, Rep.": "4.40",
                    "Italy": "3.54"
                },
                "Articles of Stone, Plaster, Cement, Asbestos, Mica or Similar Materials; Ceramic Products; Glass and Glassware": {
                    "China": "93.13",
                    "Hong Kong, China": "4.66",
                    "Japan": "1.83",
                    "Thailand": "0.19",
                    "Unspecified": "0.06"
                },
                "Natural or Cultured Pearls, Precious or Semi-precious Stones, Precious Metals, Metals Clad with Precious Metal, and Articles thereof; Imitation Jewellery; Coin": {
                    "China": "45.65",
                    "Thailand": "25.41",
                    "Indonesia": "9.98",
                    "Malaysia": "7.27",
                    "Vietnam": "5.38"
                },
                "Base Metals and Articles of Base Metal": {
                    "China": "59.11",
                    "Thailand": "15.56",
                    "Indonesia": "5.64",
                    "Singapore": "5.40",
                    "Malaysia": "4.16"
                },
                "Vehicles, Aircraft, Vessels, and Associated Transport Equipment": {
                    "Singapore": "79.64",
                    "India": "8.80",
                    "Vietnam": "6.31",
                    "Japan": "0.94",
                    "Korea, Rep.": "0.89"
                },
                "Optical, Photographic, Cinematographic, Measuring, Checking, Precision, Medical or Surgical Instruments and Apparatus; Clocks and Watches; Musical Instruments; Parts and Accessories thereof": {
                    "China": "17.74",
                    "Japan": "17.36",
                    "Singapore": "11.71",
                    "Germany": "7.50",
                    "United Kingdom": "5.66"
                },
                "Miscellaneous Manufactured Articles": {
                    "Thailand": "30.28",
                    "Singapore": "22.97",
                    "China": "13.78",
                    "Hong Kong, China": "7.79",
                    "United States": "4.52"
                }
            }
        },
        "2018": {
            "Imports": {
                "Animals & Animal Products": {
                    "China": "54.13",
                    "Thailand": "23.13",
                    "Singapore": "3.45",
                    "Japan": "2.22",
                    "United States": "1.92"
                },
                "Vegetable Products": {
                    "China": "51.64",
                    "India": "16.71",
                    "Singapore": "3.52",
                    "Belgium": "2.94",
                    "Cote dIvoire": "2.42"
                },
                "Prepared Foodstuffs; Beverages, Spirits, Vinegar, Tobacco and Manufactured Tobacco Substitutes": {
                    "China": "87.55",
                    "Singapore": "2.93",
                    "Thailand": "1.77",
                    "India": "1.36",
                    "Vietnam": "1.26"
                },
                "Mineral Products": {
                    "China": "79.44",
                    "Thailand": "14.43",
                    "India": "2.09",
                    "Singapore": "1.70",
                    "Malaysia": "1.48"
                },
                "Products of the Chemical or Allied Industries": {
                    "China": "34.33",
                    "Thailand": "18.83",
                    "Korea, Rep.": "16.87",
                    "India": "11.65",
                    "Unspecified": "6.59"
                },
                "Plastics and Articles thereof; Rubber and Articles thereof": {
                    "China": "68.47",
                    "Malaysia": "8.81",
                    "Japan": "6.21",
                    "India": "3.33",
                    "Korea, Rep.": "2.25"
                },
                "Raw Hides and Skins, Leather, Furskins, and Articles thereof; Saddlery and Harness; Travel Goods, Handbags, and Similar Containers; Articles of Animal Gut (Other than Silk-worm Gut)": {
                    "United States": "52.88",
                    "Japan": "8.12",
                    "Netherlands": "7.58",
                    "China": "5.55",
                    "United Kingdom": "3.17"
                },
                "Wood and Articles of Wood; Wood Charcoal; Cork and Articles of Cork; Manufactures of Straw, of Esparto or of Other Plaiting Materials; Basketware and Wickerwork": {
                    "India": "35.75",
                    "Singapore": "22.67",
                    "China": "13.59",
                    "Thailand": "5.44",
                    "Italy": "4.68"
                },
                "Textiles and Textile Articles": {
                    "Japan": "26.09",
                    "Germany": "9.94",
                    "United Kingdom": "8.63",
                    "Korea, Rep.": "8.59",
                    "Netherlands": "7.89"
                },
                "Footwear, Headgear, Umbrellas, Sun Umbrellas, Walking-sticks, Seat-sticks, Whips, Riding-crops, and Parts thereof; Prepared Feathers and Articles Made therewith; Artificial Flowers; Articles of Human Hair": {
                    "Japan": "25.00",
                    "United States": "15.70",
                    "Germany": "14.76",
                    "Korea, Rep.": "7.15",
                    "Italy": "7.00"
                },
                "Articles of Stone, Plaster, Cement, Asbestos, Mica or Similar Materials; Ceramic Products; Glass and Glassware": {
                    "Hong Kong, China": "55.64",
                    "China": "41.77",
                    "Japan": "0.78",
                    "United Arab Emirates": "0.74",
                    "Thailand": "0.71"
                },
                "Natural or Cultured Pearls, Precious or Semi-precious Stones, Precious Metals, Metals Clad with Precious Metal, and Articles thereof; Imitation Jewellery; Coin": {
                    "China": "46.86",
                    "Thailand": "16.13",
                    "Malaysia": "11.55",
                    "Vietnam": "11.04",
                    "Indonesia": "7.02"
                },
                "Base Metals and Articles of Base Metal": {
                    "China": "54.32",
                    "Thailand": "12.85",
                    "Malaysia": "9.32",
                    "Vietnam": "8.62",
                    "Indonesia": "5.49"
                },
                "Machinery and Mechanical Appliances; Electrical Equipment; Parts thereof; Sound Recorders and Reproducers, Television Image and Sound Recorders and Reproducers, and Parts and Accessories of such Articles": {
                    "Thailand": "40.02",
                    "Japan": "15.12",
                    "United States": "13.44",
                    "Hong Kong, China": "6.94",
                    "China": "6.04"
                },
                "Vehicles, Aircraft, Vessels, and Associated Transport Equipment": {
                    "Singapore": "50.89",
                    "Vietnam": "16.74",
                    "United States": "13.41",
                    "Ireland": "10.40",
                    "France": "1.73"
                },
                "Optical, Photographic, Cinematographic, Measuring, Checking, Precision, Medical or Surgical Instruments and Apparatus; Clocks and Watches; Musical Instruments; Parts and Accessories thereof": {
                    "Japan": "18.55",
                    "China": "11.18",
                    "Hong Kong, China": "7.51",
                    "Germany": "7.02",
                    "United States": "6.74"
                },
                "Miscellaneous Manufactured Articles": {
                    "Hong Kong, China": "25.89",
                    "Thailand": "25.71",
                    "China": "18.48",
                    "Vietnam": "3.89",
                    "United States": "3.44"
                }
            }
        },
        "2019": {
            "Imports": {
                "Animals & Animal Products": {
                    "China": "46.11",
                    "Thailand": "24.86",
                    "Japan": "4.18",
                    "Singapore": "2.97",
                    "United States": "2.81"
                },
                "Vegetable Products": {
                    "China": "46.60",
                    "India": "15.04",
                    "Thailand": "5.88",
                    "Philippines": "3.60",
                    "Singapore": "3.02"
                },
                "Prepared Foodstuffs; Beverages, Spirits, Vinegar, Tobacco and Manufactured Tobacco Substitutes": {
                    "China": "55.19",
                    "Thailand": "14.00",
                    "Singapore": "7.27",
                    "India": "4.47",
                    "Cambodia": "4.32"
                },
                "Mineral Products": {
                    "China": "63.12",
                    "Indonesia": "9.77",
                    "India": "9.21",
                    "Thailand": "5.90",
                    "Japan": "3.61"
                },
                "Products of the Chemical or Allied Industries": {
                    "China": "39.67",
                    "Unspecified": "16.96",
                    "Thailand": "14.99",
                    "India": "12.13",
                    "Korea, Rep.": "9.74"
                },
                "Plastics and Articles thereof; Rubber and Articles thereof": {
                    "China": "59.14",
                    "Malaysia": "15.93",
                    "United States": "6.26",
                    "India": "4.92",
                    "Japan": "3.72"
                },
                "Raw Hides and Skins, Leather, Furskins, and Articles thereof; Saddlery and Harness; Travel Goods, Handbags, and Similar Containers; Articles of Animal Gut (Other than Silk-worm Gut)": {
                    "United States": "64.78",
                    "Netherlands": "6.70",
                    "Japan": "5.15",
                    "Italy": "3.88",
                    "China": "2.91"
                },
                "Wood and Articles of Wood; Wood Charcoal; Cork and Articles of Cork; Manufactures of Straw, of Esparto or of Other Plaiting Materials; Basketware and Wickerwork": {
                    "India": "39.03",
                    "China": "18.01",
                    "Italy": "7.95",
                    "Thailand": "6.05",
                    "Singapore": "4.83"
                },
                "Textiles and Textile Articles": {
                    "Japan": "22.05",
                    "Germany": "10.61",
                    "Spain": "10.34",
                    "United Kingdom": "9.31",
                    "Netherlands": "8.51"
                },
                "Footwear, Headgear, Umbrellas, Sun Umbrellas, Walking-sticks, Seat-sticks, Whips, Riding-crops, and Parts thereof; Prepared Feathers and Articles Made therewith; Artificial Flowers; Articles of Human Hair": {
                    "Japan": "21.01",
                    "United States": "19.83",
                    "Germany": "15.84",
                    "Korea, Rep.": "7.07",
                    "Italy": "6.96"
                },
                "Articles of Stone, Plaster, Cement, Asbestos, Mica or Similar Materials; Ceramic Products; Glass and Glassware": {
                    "China": "70.80",
                    "Hong Kong, China": "27.20",
                    "Japan": "0.97",
                    "Thailand": "0.31",
                    "Bangladesh": "0.30"
                },
                "Natural or Cultured Pearls, Precious or Semi-precious Stones, Precious Metals, Metals Clad with Precious Metal, and Articles thereof; Imitation Jewellery; Coin": {
                    "China": "59.06",
                    "Thailand": "13.95",
                    "Vietnam": "10.67",
                    "Indonesia": "6.60",
                    "Malaysia": "3.58"
                },
                "Base Metals and Articles of Base Metal": {
                    "China": "64.62",
                    "Thailand": "11.35",
                    "Vietnam": "8.98",
                    "Indonesia": "4.89",
                    "Malaysia": "3.18"
                },
                "Machinery and Mechanical Appliances; Electrical Equipment; Parts thereof; Sound Recorders and Reproducers, Television Image and Sound Recorders and Reproducers, and Parts and Accessories of such Articles": {
                    "United States": "34.60",
                    "Thailand": "18.79",
                    "Japan": "12.35",
                    "United Arab Emirates": "6.48",
                    "China": "5.99"
                },
                "Vehicles, Aircraft, Vessels, and Associated Transport Equipment": {
                    "Singapore": "59.41",
                    "Vietnam": "20.16",
                    "Japan": "5.83",
                    "United States": "3.67",
                    "Malaysia": "3.08"
                },
                "Optical, Photographic, Cinematographic, Measuring, Checking, Precision, Medical or Surgical Instruments and Apparatus; Clocks and Watches; Musical Instruments; Parts and Accessories thereof": {
                    "Japan": "16.68",
                    "China": "13.49",
                    "United States": "9.78",
                    "Germany": "7.92",
                    "Spain": "6.72"
                },
                "Miscellaneous Manufactured Articles": {
                    "Hong Kong, China": "29.11",
                    "Thailand": "17.58",
                    "Korea, Rep.": "13.61",
                    "China": "9.06",
                    "Japan": "6.63"
                }
            }
        },
        "2020": {
            "Imports": {
                "Animals & Animal Products": {
                    "Thailand": "35.59",
                    "China": "33.40",
                    "Japan": "4.05",
                    "Saudi Arabia": "3.48",
                    "United States": "3.10"
                },
                "Vegetable Products": {
                    "China": "49.35",
                    "India": "15.38",
                    "Thailand": "9.97",
                    "Singapore": "3.41",
                    "Philippines": "2.76"
                },
                "Prepared Foodstuffs; Beverages, Spirits, Vinegar, Tobacco and Manufactured Tobacco Substitutes": {
                    "China": "54.37",
                    "Vietnam": "10.37",
                    "Cambodia": "9.46",
                    "Thailand": "6.00",
                    "Korea, Rep.": "5.43"
                },
                "Mineral Products": {
                    "China": "76.69",
                    "Indonesia": "9.85",
                    "Thailand": "4.42",
                    "India": "3.02",
                    "Vietnam": "2.22"
                },
                "Products of the Chemical or Allied Industries": {
                    "Korea, Rep.": "20.61",
                    "Thailand": "19.23",
                    "India": "19.22",
                    "China": "11.05",
                    "Malaysia": "9.15"
                },
                "Plastics and Articles thereof; Rubber and Articles thereof": {
                    "China": "64.42",
                    "Malaysia": "11.49",
                    "United States": "6.09",
                    "Korea, Rep.": "4.27",
                    "Japan": "3.76"
                },
                "Raw Hides and Skins, Leather, Furskins, and Articles thereof; Saddlery and Harness; Travel Goods, Handbags, and Similar Containers; Articles of Animal Gut (Other than Silk-worm Gut)": {
                    "United States": "67.23",
                    "Japan": "4.67",
                    "Netherlands": "4.45",
                    "Italy": "3.93",
                    "Spain": "2.05"
                },
                "Wood and Articles of Wood; Wood Charcoal; Cork and Articles of Cork; Manufactures of Straw, of Esparto or of Other Plaiting Materials; Basketware and Wickerwork": {
                    "China": "33.53",
                    "India": "28.77",
                    "Italy": "6.88",
                    "Thailand": "4.57",
                    "United States": "4.51"
                },
                "Textiles and Textile Articles": {
                    "Japan": "21.24",
                    "Spain": "10.66",
                    "Germany": "10.40",
                    "United Kingdom": "9.10",
                    "Netherlands": "8.37"
                },
                "Footwear, Headgear, Umbrellas, Sun Umbrellas, Walking-sticks, Seat-sticks, Whips, Riding-crops, and Parts thereof; Prepared Feathers and Articles Made therewith; Artificial Flowers; Articles of Human Hair": {
                    "United States": "25.39",
                    "Japan": "16.51",
                    "Germany": "16.50",
                    "Italy": "6.27",
                    "Korea, Rep.": "5.56"
                },
                "Articles of Stone, Plaster, Cement, Asbestos, Mica or Similar Materials; Ceramic Products; Glass and Glassware": {
                    "China": "52.68",
                    "Japan": "26.70",
                    "Hong Kong, China": "6.65",
                    "India": "6.01",
                    "Thailand": "1.98"
                },
                "Natural or Cultured Pearls, Precious or Semi-precious Stones, Precious Metals, Metals Clad with Precious Metal, and Articles thereof; Imitation Jewellery; Coin": {
                    "China": "65.36",
                    "Thailand": "17.65",
                    "Indonesia": "6.67",
                    "Vietnam": "4.44",
                    "Korea, Rep.": "1.56"
                },
                "Base Metals and Articles of Base Metal": {
                    "China": "71.34",
                    "Thailand": "14.73",
                    "Indonesia": "4.81",
                    "Vietnam": "3.47",
                    "Malaysia": "1.36"
                },
                "Machinery and Mechanical Appliances; Electrical Equipment; Parts thereof; Sound Recorders and Reproducers, Television Image and Sound Recorders and Reproducers, and Parts and Accessories of such Articles": {
                    "Singapore": "61.24",
                    "Thailand": "13.58",
                    "United States": "5.76",
                    "Japan": "4.48",
                    "China": "4.29"
                },
                "Vehicles, Aircraft, Vessels, and Associated Transport Equipment": {
                    "Lithuania": "29.41",
                    "Gabon": "27.86",
                    "United States": "20.19",
                    "Japan": "3.89",
                    "Singapore": "2.45"
                },
                "Optical, Photographic, Cinematographic, Measuring, Checking, Precision, Medical or Surgical Instruments and Apparatus; Clocks and Watches; Musical Instruments; Parts and Accessories thereof": {
                    "Japan": "16.15",
                    "United States": "11.21",
                    "China": "8.70",
                    "Germany": "8.13",
                    "Singapore": "7.40"
                },
                "Miscellaneous Manufactured Articles": {
                    "Hong Kong, China": "27.70",
                    "Thailand": "24.98",
                    "China": "9.36",
                    "United States": "9.27",
                    "Vietnam": "8.93"
                }
            }
        },
        "2021": {
            "Imports": {
                "Animals & Animal Products": {
                    "Thailand": "37.75",
                    "China": "22.74",
                    "Saudi Arabia": "6.60",
                    "Japan": "4.47",
                    "United States": "3.48"
                },
                "Vegetable Products": {
                    "China": "40.87",
                    "India": "17.32",
                    "Thailand": "15.98",
                    "Philippines": "4.68",
                    "Singapore": "3.26"
                },
                "Prepared Foodstuffs; Beverages, Spirits, Vinegar, Tobacco and Manufactured Tobacco Substitutes": {
                    "China": "35.55",
                    "Vietnam": "23.58",
                    "Thailand": "17.83",
                    "India": "9.23",
                    "Cambodia": "3.66"
                },
                "Mineral Products": {
                    "China": "84.26",
                    "Thailand": "13.47",
                    "India": "1.06",
                    "Malaysia": "0.69",
                    "Korea, Rep.": "0.35"
                },
                "Products of the Chemical or Allied Industries": {
                    "China": "22.81",
                    "India": "19.81",
                    "Malaysia": "11.49",
                    "Germany": "8.01",
                    "Singapore": "6.36"
                },
                "Plastics and Articles thereof; Rubber and Articles thereof": {
                    "China": "54.55",
                    "Malaysia": "22.17",
                    "Thailand": "6.32",
                    "Japan": "6.28",
                    "India": "3.49"
                },
                "Raw Hides and Skins, Leather, Furskins, and Articles thereof; Saddlery and Harness; Travel Goods, Handbags, and Similar Containers; Articles of Animal Gut (Other than Silk-worm Gut)": {
                    "United States": "53.87",
                    "Italy": "13.07",
                    "Thailand": "11.39",
                    "Japan": "2.90",
                    "Singapore": "2.06"
                },
                "Wood and Articles of Wood; Wood Charcoal; Cork and Articles of Cork; Manufactures of Straw, of Esparto or of Other Plaiting Materials; Basketware and Wickerwork": {
                    "China": "31.33",
                    "India": "29.34",
                    "Italy": "6.05",
                    "United States": "5.86",
                    "Thailand": "5.53"
                },
                "Textiles and Textile Articles": {
                    "Japan": "17.35",
                    "Spain": "9.89",
                    "Germany": "9.27",
                    "Netherlands": "9.06",
                    "United Kingdom": "8.90"
                },
                "Footwear, Headgear, Umbrellas, Sun Umbrellas, Walking-sticks, Seat-sticks, Whips, Riding-crops, and Parts thereof; Prepared Feathers and Articles Made therewith; Artificial Flowers; Articles of Human Hair": {
                    "China": "25.29",
                    "United States": "15.25",
                    "Germany": "12.23",
                    "Japan": "9.70",
                    "Thailand": "9.20"
                },
                "Articles of Stone, Plaster, Cement, Asbestos, Mica or Similar Materials; Ceramic Products; Glass and Glassware": {
                    "China": "33.69",
                    "Japan": "25.74",
                    "Bangladesh": "17.81",
                    "India": "10.34",
                    "Spain": "3.97"
                },
                "Natural or Cultured Pearls, Precious or Semi-precious Stones, Precious Metals, Metals Clad with Precious Metal, and Articles thereof; Imitation Jewellery; Coin": {
                    "China": "66.64",
                    "Thailand": "10.34",
                    "Indonesia": "5.89",
                    "Korea, Rep.": "4.40",
                    "Vietnam": "3.60"
                },
                "Base Metals and Articles of Base Metal": {
                    "China": "61.94",
                    "Thailand": "22.65",
                    "Indonesia": "3.05",
                    "Korea, Rep.": "2.25",
                    "India": "2.09"
                },
                "Machinery and Mechanical Appliances; Electrical Equipment; Parts thereof; Sound Recorders and Reproducers, Television Image and Sound Recorders and Reproducers, and Parts and Accessories of such Articles": {
                    "Thailand": "35.17",
                    "Hong Kong, China": "15.80",
                    "United States": "11.00",
                    "Singapore": "8.38",
                    "China": "7.46"
                },
                "Vehicles, Aircraft, Vessels, and Associated Transport Equipment": {
                    "Malaysia": "53.13",
                    "India": "21.24",
                    "Japan": "11.96",
                    "Singapore": "3.84",
                    "United States": "3.19"
                },
                "Optical, Photographic, Cinematographic, Measuring, Checking, Precision, Medical or Surgical Instruments and Apparatus; Clocks and Watches; Musical Instruments; Parts and Accessories thereof": {
                    "Japan": "13.60",
                    "Thailand": "11.55",
                    "China": "11.32",
                    "United States": "8.86",
                    "Germany": "7.34"
                },
                "Miscellaneous Manufactured Articles": {
                    "Thailand": "30.55",
                    "United States": "19.00",
                    "Hong Kong, China": "15.87",
                    "Japan": "7.16",
                    "China": "6.85"
                }
            }
        },
        "2022": {
            "Imports": {
                "Vegetable Products": {
                    "China": "31.24",
                    "India": "19.52",
                    "Thailand": "15.66",
                    "Philippines": "4.82",
                    "Vietnam": "4.67"
                },
                "Prepared Foodstuffs; Beverages, Spirits, Vinegar, Tobacco and Manufactured Tobacco Substitutes": {
                    "China": "39.98",
                    "Thailand": "18.09",
                    "Vietnam": "15.30",
                    "Korea, Rep.": "7.10",
                    "India": "6.62"
                },
                "Mineral Products": {
                    "China": "81.89",
                    "Thailand": "14.61",
                    "Korea, Rep.": "1.48",
                    "India": "0.86",
                    "Singapore": "0.85"
                },
                "Products of the Chemical or Allied Industries": {
                    "China": "48.48",
                    "Malaysia": "13.35",
                    "India": "7.94",
                    "Bangladesh": "7.45",
                    "Pakistan": "4.75"
                },
                "Wood and Articles of Wood; Wood Charcoal; Cork and Articles of Cork; Manufactures of Straw, of Esparto or of Other Plaiting Materials; Basketware and Wickerwork": {
                    "India": "30.19",
                    "China": "24.71",
                    "United Arab Emirates": "9.98",
                    "Singapore": "6.96",
                    "Thailand": "5.20"
                },
                "Textiles and Textile Articles": {
                    "Japan": "17.63",
                    "United Kingdom": "10.18",
                    "Spain": "9.59",
                    "Netherlands": "8.86",
                    "Germany": "8.34"
                },
                "Footwear, Headgear, Umbrellas, Sun Umbrellas, Walking-sticks, Seat-sticks, Whips, Riding-crops, and Parts thereof; Prepared Feathers and Articles Made therewith; Artificial Flowers; Articles of Human Hair": {
                    "Germany": "24.43",
                    "United States": "16.27",
                    "China": "11.12",
                    "Japan": "9.59",
                    "Italy": "8.85"
                },
                "Articles of Stone, Plaster, Cement, Asbestos, Mica or Similar Materials; Ceramic Products; Glass and Glassware": {
                    "China": "37.09",
                    "Hong Kong, China": "25.45",
                    "Japan": "20.90",
                    "India": "5.08",
                    "Spain": "3.42"
                },
                "Natural or Cultured Pearls, Precious or Semi-precious Stones, Precious Metals, Metals Clad with Precious Metal, and Articles thereof; Imitation Jewellery; Coin": {
                    "China": "40.88",
                    "India": "17.23",
                    "Thailand": "14.94",
                    "Korea, Rep.": "8.24",
                    "Indonesia": "6.24"
                },
                "Base Metals and Articles of Base Metal": {
                    "China": "47.94",
                    "Thailand": "15.25",
                    "India": "10.54",
                    "Indonesia": "4.97",
                    "Bangladesh": "4.73"
                },
                "Machinery and Mechanical Appliances; Electrical Equipment; Parts thereof; Sound Recorders and Reproducers, Television Image and Sound Recorders and Reproducers, and Parts and Accessories of such Articles": {
                    "Thailand": "24.53",
                    "Hong Kong, China": "16.22",
                    "United States": "13.51",
                    "China": "11.85",
                    "Bangladesh": "9.19"
                },
                "Vehicles, Aircraft, Vessels, and Associated Transport Equipment": {
                    "Malaysia": "62.32",
                    "Thailand": "10.21",
                    "United States": "8.40",
                    "Germany": "3.94",
                    "Portugal": "2.01"
                },
                "Optical, Photographic, Cinematographic, Measuring, Checking, Precision, Medical or Surgical Instruments and Apparatus; Clocks and Watches; Musical Instruments; Parts and Accessories thereof": {
                    "Japan": "14.20",
                    "United States": "9.12",
                    "Germany": "8.47",
                    "United Kingdom": "7.59",
                    "Spain": "7.21"
                },
                "Miscellaneous Manufactured Articles": {
                    "United States": "30.19",
                    "Thailand": "16.66",
                    "Hong Kong, China": "15.01",
                    "China": "9.97",
                    "Other Asia, nes": "5.08"
                }
            }
        }
    }
}