{
    "Main Partners": {
        "1998": {
            "Imports": {
                "Animals & Animal Products": {
                    "Australia": "38.48",
                    "Japan": "24.18",
                    "Pitcairn": "9.67",
                    "Hong Kong, China": "7.41",
                    "Other Asia, nes": "5.23"
                },
                "Vegetable Products": {
                    "Unspecified": "49.27",
                    "Pitcairn": "18.06",
                    "Germany": "8.73",
                    "Australia": "6.76",
                    "Singapore": "6.36"
                },
                "Prepared Foodstuffs; Beverages, Spirits, Vinegar, Tobacco and Manufactured Tobacco Substitutes": {
                    "United States": "26.25",
                    "Singapore": "22.41",
                    "Pitcairn": "16.75",
                    "Australia": "10.60",
                    "United Kingdom": "10.56"
                },
                "Mineral Products": {
                    "Unspecified": "70.87",
                    "Singapore": "17.16",
                    "Japan": "4.62",
                    "Switzerland": "2.95",
                    "United States": "2.04"
                },
                "Products of the Chemical or Allied Industries": {
                    "Solomon Islands": "63.47",
                    "Australia": "29.44",
                    "Pitcairn": "3.89",
                    "Vanuatu": "2.17",
                    "Unspecified": "1.03"
                },
                "Plastics and Articles thereof; Rubber and Articles thereof": {
                    "Belgium-Luxembourg": "52.46",
                    "Italy": "15.48",
                    "Australia": "10.92",
                    "Singapore": "3.40",
                    "United Kingdom": "3.38"
                },
                "Raw Hides and Skins, Leather, Furskins, and Articles thereof; Saddlery and Harness; Travel Goods, Handbags, and Similar Containers; Articles of Animal Gut (Other than Silk-worm Gut)": {
                    "Japan": "81.99",
                    "Australia": "5.53",
                    "France": "5.37",
                    "Singapore": "3.20",
                    "Hong Kong, China": "1.63"
                },
                "Wood and Articles of Wood; Wood Charcoal; Cork and Articles of Cork; Manufactures of Straw, of Esparto or of Other Plaiting Materials; Basketware and Wickerwork": {
                    "Pitcairn": "35.23",
                    "Japan": "34.22",
                    "Australia": "8.03",
                    "Korea, Rep.": "7.58",
                    "China": "3.99"
                },
                "Textiles and Textile Articles": {
                    "Australia": "89.39",
                    "Solomon Islands": "5.57",
                    "Unspecified": "5.03"
                },
                "Footwear, Headgear, Umbrellas, Sun Umbrellas, Walking-sticks, Seat-sticks, Whips, Riding-crops, and Parts thereof; Prepared Feathers and Articles Made therewith; Artificial Flowers; Articles of Human Hair": {
                    "Australia": "87.07",
                    "Unspecified": "12.93"
                },
                "Articles of Stone, Plaster, Cement, Asbestos, Mica or Similar Materials; Ceramic Products; Glass and Glassware": {
                    "Australia": "76.45",
                    "Pitcairn": "16.94",
                    "Switzerland": "6.56",
                    "Belgium-Luxembourg": "0.02",
                    "Solomon Islands": "0.01"
                },
                "Natural or Cultured Pearls, Precious or Semi-precious Stones, Precious Metals, Metals Clad with Precious Metal, and Articles thereof; Imitation Jewellery; Coin": {
                    "Unspecified": "70.75",
                    "Singapore": "17.13",
                    "Japan": "4.66",
                    "Switzerland": "2.95",
                    "United States": "2.04"
                },
                "Base Metals and Articles of Base Metal": {
                    "Australia": "68.59",
                    "Singapore": "10.22",
                    "Japan": "9.11",
                    "Pitcairn": "5.23",
                    "Korea, Rep.": "2.39"
                },
                "Machinery and Mechanical Appliances; Electrical Equipment; Parts thereof; Sound Recorders and Reproducers, Television Image and Sound Recorders and Reproducers, and Parts and Accessories of such Articles": {
                    "Australia": "66.52",
                    "United States": "11.38",
                    "Singapore": "7.41",
                    "Russian Federation": "5.43",
                    "Pitcairn": "2.04"
                },
                "Vehicles, Aircraft, Vessels, and Associated Transport Equipment": {
                    "United States": "56.77",
                    "Pitcairn": "17.82",
                    "Australia": "11.93",
                    "Canada": "4.71",
                    "France": "3.08"
                },
                "Optical, Photographic, Cinematographic, Measuring, Checking, Precision, Medical or Surgical Instruments and Apparatus; Clocks and Watches; Musical Instruments; Parts and Accessories thereof": {
                    "United States": "31.76",
                    "Australia": "28.88",
                    "Singapore": "15.87",
                    "Pitcairn": "9.87",
                    "Switzerland": "2.85"
                },
                "Miscellaneous Manufactured Articles": {
                    "Singapore": "59.49",
                    "Australia": "22.20",
                    "United States": "5.26",
                    "Switzerland": "3.60",
                    "Pitcairn": "2.98"
                }
            }
        },
        "2000": {
            "Imports": {
                "Animals & Animal Products": {
                    "Japan": "32.53",
                    "United States": "29.54",
                    "Philippines": "14.94",
                    "Germany": "8.18",
                    "Hong Kong, China": "5.38"
                },
                "Vegetable Products": {
                    "Unspecified": "70.07",
                    "Germany": "6.82",
                    "United Kingdom": "5.97",
                    "Australia": "5.10",
                    "Italy": "3.69"
                },
                "Prepared Foodstuffs; Beverages, Spirits, Vinegar, Tobacco and Manufactured Tobacco Substitutes": {
                    "Pitcairn": "36.47",
                    "Singapore": "22.93",
                    "United States": "15.44",
                    "Solomon Islands": "6.29",
                    "United Kingdom": "4.51"
                },
                "Mineral Products": {
                    "Unspecified": "74.28",
                    "Singapore": "16.92",
                    "Japan": "3.82",
                    "Germany": "2.40",
                    "Pitcairn": "0.81"
                },
                "Products of the Chemical or Allied Industries": {
                    "Solomon Islands": "79.09",
                    "Australia": "14.93",
                    "Vanuatu": "5.98"
                },
                "Plastics and Articles thereof; Rubber and Articles thereof": {
                    "Belgium": "31.41",
                    "Italy": "18.81",
                    "Germany": "12.96",
                    "Australia": "12.19",
                    "Denmark": "9.04"
                },
                "Raw Hides and Skins, Leather, Furskins, and Articles thereof; Saddlery and Harness; Travel Goods, Handbags, and Similar Containers; Articles of Animal Gut (Other than Silk-worm Gut)": {
                    "Japan": "82.26",
                    "Australia": "11.80",
                    "France": "2.91",
                    "Singapore": "2.32",
                    "Pitcairn": "0.46"
                },
                "Wood and Articles of Wood; Wood Charcoal; Cork and Articles of Cork; Manufactures of Straw, of Esparto or of Other Plaiting Materials; Basketware and Wickerwork": {
                    "Japan": "33.13",
                    "China": "24.20",
                    "Korea, Rep.": "18.66",
                    "Australia": "5.33",
                    "Hong Kong, China": "5.26"
                },
                "Textiles and Textile Articles": {
                    "Australia": "68.15",
                    "Solomon Islands": "13.78",
                    "New Zealand": "13.70",
                    "Fiji": "2.74",
                    "United Kingdom": "0.88"
                },
                "Footwear, Headgear, Umbrellas, Sun Umbrellas, Walking-sticks, Seat-sticks, Whips, Riding-crops, and Parts thereof; Prepared Feathers and Articles Made therewith; Artificial Flowers; Articles of Human Hair": {
                    "Solomon Islands": "99.61",
                    "Pitcairn": "0.26",
                    "Australia": "0.13"
                },
                "Articles of Stone, Plaster, Cement, Asbestos, Mica or Similar Materials; Ceramic Products; Glass and Glassware": {
                    "South Africa": "64.10",
                    "United States": "33.45",
                    "Australia": "2.27",
                    "East Timor": "0.09",
                    "Solomon Islands": "0.08"
                },
                "Natural or Cultured Pearls, Precious or Semi-precious Stones, Precious Metals, Metals Clad with Precious Metal, and Articles thereof; Imitation Jewellery; Coin": {
                    "Unspecified": "74.26",
                    "Singapore": "16.91",
                    "Japan": "3.81",
                    "Germany": "2.40",
                    "Pitcairn": "0.81"
                },
                "Base Metals and Articles of Base Metal": {
                    "United States": "46.63",
                    "Australia": "44.41",
                    "Solomon Islands": "2.49",
                    "Singapore": "2.01",
                    "Indonesia": "1.58"
                },
                "Machinery and Mechanical Appliances; Electrical Equipment; Parts thereof; Sound Recorders and Reproducers, Television Image and Sound Recorders and Reproducers, and Parts and Accessories of such Articles": {
                    "Australia": "69.92",
                    "United States": "12.48",
                    "Singapore": "10.95",
                    "Malaysia": "2.20",
                    "Solomon Islands": "2.18"
                },
                "Vehicles, Aircraft, Vessels, and Associated Transport Equipment": {
                    "United States": "30.36",
                    "Pitcairn": "27.89",
                    "Singapore": "24.67",
                    "Australia": "8.85",
                    "Indonesia": "5.14"
                },
                "Optical, Photographic, Cinematographic, Measuring, Checking, Precision, Medical or Surgical Instruments and Apparatus; Clocks and Watches; Musical Instruments; Parts and Accessories thereof": {
                    "Australia": "29.12",
                    "United States": "25.78",
                    "Singapore": "18.55",
                    "Pitcairn": "17.19",
                    "Indonesia": "3.32"
                },
                "Miscellaneous Manufactured Articles": {
                    "Australia": "44.02",
                    "Pitcairn": "9.44",
                    "Singapore": "7.49",
                    "New Zealand": "6.02",
                    "United States": "5.66"
                }
            }
        },
        "2001": {
            "Imports": {
                "Animals & Animal Products": {
                    "Hong Kong, China": "24.50",
                    "Japan": "22.39",
                    "United States": "12.44",
                    "Germany": "12.40",
                    "Philippines": "12.21"
                },
                "Vegetable Products": {
                    "United Kingdom": "19.43",
                    "Unspecified": "14.89",
                    "Italy": "14.47",
                    "Australia": "13.23",
                    "Netherlands": "11.68"
                },
                "Prepared Foodstuffs; Beverages, Spirits, Vinegar, Tobacco and Manufactured Tobacco Substitutes": {
                    "Unspecified": "30.96",
                    "Singapore": "15.73",
                    "Solomon Islands": "14.12",
                    "Australia": "13.74",
                    "Hong Kong, China": "11.43"
                },
                "Mineral Products": {
                    "Unspecified": "52.24",
                    "Singapore": "30.43",
                    "Japan": "7.97",
                    "Germany": "4.21",
                    "Australia": "1.23"
                },
                "Products of the Chemical or Allied Industries": {
                    "United States": "58.70",
                    "Slovenia": "16.18",
                    "Solomon Islands": "10.80",
                    "Australia": "9.21",
                    "Indonesia": "4.97"
                },
                "Plastics and Articles thereof; Rubber and Articles thereof": {
                    "Belgium": "37.51",
                    "United Kingdom": "15.67",
                    "Italy": "14.56",
                    "Germany": "10.61",
                    "Australia": "9.74"
                },
                "Raw Hides and Skins, Leather, Furskins, and Articles thereof; Saddlery and Harness; Travel Goods, Handbags, and Similar Containers; Articles of Animal Gut (Other than Silk-worm Gut)": {
                    "Japan": "72.27",
                    "Singapore": "14.88",
                    "Australia": "4.07",
                    "Thailand": "3.37",
                    "France": "1.98"
                },
                "Wood and Articles of Wood; Wood Charcoal; Cork and Articles of Cork; Manufactures of Straw, of Esparto or of Other Plaiting Materials; Basketware and Wickerwork": {
                    "China": "32.35",
                    "Japan": "24.20",
                    "Korea, Rep.": "10.43",
                    "Australia": "9.03",
                    "Unspecified": "7.15"
                },
                "Textiles and Textile Articles": {
                    "Australia": "50.67",
                    "Singapore": "41.46",
                    "Unspecified": "4.49",
                    "Indonesia": "3.13",
                    "United States": "0.26"
                },
                "Articles of Stone, Plaster, Cement, Asbestos, Mica or Similar Materials; Ceramic Products; Glass and Glassware": {
                    "Unspecified": "99.49",
                    "Australia": "0.51",
                    "Indonesia": "0.00",
                    "Hong Kong, China": "0.00",
                    "Solomon Islands": "0.00"
                },
                "Natural or Cultured Pearls, Precious or Semi-precious Stones, Precious Metals, Metals Clad with Precious Metal, and Articles thereof; Imitation Jewellery; Coin": {
                    "Unspecified": "52.19",
                    "Singapore": "30.30",
                    "Japan": "7.94",
                    "Germany": "4.19",
                    "Australia": "1.37"
                },
                "Base Metals and Articles of Base Metal": {
                    "Australia": "72.86",
                    "United States": "14.20",
                    "Indonesia": "3.39",
                    "Unspecified": "2.64",
                    "New Zealand": "2.28"
                },
                "Machinery and Mechanical Appliances; Electrical Equipment; Parts thereof; Sound Recorders and Reproducers, Television Image and Sound Recorders and Reproducers, and Parts and Accessories of such Articles": {
                    "Vietnam": "42.22",
                    "Australia": "27.93",
                    "Unspecified": "9.21",
                    "Japan": "3.78",
                    "Nauru": "2.91"
                },
                "Vehicles, Aircraft, Vessels, and Associated Transport Equipment": {
                    "Australia": "43.89",
                    "Russian Federation": "16.96",
                    "Singapore": "11.18",
                    "Canada": "6.51",
                    "Unspecified": "6.33"
                },
                "Optical, Photographic, Cinematographic, Measuring, Checking, Precision, Medical or Surgical Instruments and Apparatus; Clocks and Watches; Musical Instruments; Parts and Accessories thereof": {
                    "Australia": "39.66",
                    "Russian Federation": "12.19",
                    "Singapore": "9.14",
                    "Vietnam": "8.61",
                    "Unspecified": "6.49"
                },
                "Miscellaneous Manufactured Articles": {
                    "Australia": "55.53",
                    "United States": "7.82",
                    "United Kingdom": "6.96",
                    "New Zealand": "4.71",
                    "Fiji": "3.45"
                }
            }
        },
        "2002": {
            "Imports": {
                "Animals & Animal Products": {
                    "Japan": "25.69",
                    "Philippines": "19.55",
                    "United States": "17.47",
                    "Germany": "15.43",
                    "Singapore": "5.18"
                },
                "Vegetable Products": {
                    "United Kingdom": "22.84",
                    "Germany": "20.27",
                    "Italy": "11.64",
                    "Australia": "6.96",
                    "United States": "6.27"
                },
                "Prepared Foodstuffs; Beverages, Spirits, Vinegar, Tobacco and Manufactured Tobacco Substitutes": {
                    "United States": "27.13",
                    "Singapore": "19.98",
                    "Australia": "13.04",
                    "Indonesia": "9.61",
                    "United Kingdom": "8.77"
                },
                "Mineral Products": {
                    "Australia": "40.05",
                    "Unspecified": "38.23",
                    "Singapore": "11.65",
                    "Japan": "2.88",
                    "Germany": "2.34"
                },
                "Products of the Chemical or Allied Industries": {
                    "Australia": "72.38",
                    "Solomon Islands": "15.35",
                    "Fiji": "4.92",
                    "Thailand": "2.25",
                    "Samoa": "1.70"
                },
                "Plastics and Articles thereof; Rubber and Articles thereof": {
                    "Italy": "33.76",
                    "Belgium": "16.96",
                    "Australia": "14.12",
                    "Solomon Islands": "10.67",
                    "Singapore": "7.52"
                },
                "Raw Hides and Skins, Leather, Furskins, and Articles thereof; Saddlery and Harness; Travel Goods, Handbags, and Similar Containers; Articles of Animal Gut (Other than Silk-worm Gut)": {
                    "Japan": "81.54",
                    "Australia": "9.62",
                    "France": "2.44",
                    "Thailand": "2.30",
                    "Singapore": "2.03"
                },
                "Wood and Articles of Wood; Wood Charcoal; Cork and Articles of Cork; Manufactures of Straw, of Esparto or of Other Plaiting Materials; Basketware and Wickerwork": {
                    "China": "41.54",
                    "Japan": "18.81",
                    "Australia": "14.86",
                    "Korea, Rep.": "9.35",
                    "Other Asia, nes": "4.90"
                },
                "Textiles and Textile Articles": {
                    "New Zealand": "41.58",
                    "Australia": "27.79",
                    "United States": "24.65",
                    "Solomon Islands": "5.41",
                    "Unspecified": "0.53"
                },
                "Footwear, Headgear, Umbrellas, Sun Umbrellas, Walking-sticks, Seat-sticks, Whips, Riding-crops, and Parts thereof; Prepared Feathers and Articles Made therewith; Artificial Flowers; Articles of Human Hair": {
                    "China": "59.85",
                    "Australia": "22.52",
                    "Japan": "13.58",
                    "United States": "3.20",
                    "Vanuatu": "0.86"
                },
                "Articles of Stone, Plaster, Cement, Asbestos, Mica or Similar Materials; Ceramic Products; Glass and Glassware": {
                    "Unspecified": "58.81",
                    "Australia": "41.04",
                    "Vanuatu": "0.14",
                    "Singapore": "0.00",
                    "Solomon Islands": "0.00"
                },
                "Natural or Cultured Pearls, Precious or Semi-precious Stones, Precious Metals, Metals Clad with Precious Metal, and Articles thereof; Imitation Jewellery; Coin": {
                    "Australia": "40.54",
                    "Unspecified": "38.10",
                    "Singapore": "11.61",
                    "Japan": "2.86",
                    "Germany": "2.33"
                },
                "Base Metals and Articles of Base Metal": {
                    "Australia": "81.30",
                    "Solomon Islands": "5.49",
                    "New Zealand": "4.12",
                    "Singapore": "2.36",
                    "Fiji": "1.28"
                },
                "Machinery and Mechanical Appliances; Electrical Equipment; Parts thereof; Sound Recorders and Reproducers, Television Image and Sound Recorders and Reproducers, and Parts and Accessories of such Articles": {
                    "Australia": "88.89",
                    "Solomon Islands": "3.36",
                    "Fiji": "1.44",
                    "United States": "1.43",
                    "Indonesia": "0.97"
                },
                "Vehicles, Aircraft, Vessels, and Associated Transport Equipment": {
                    "United States": "44.57",
                    "Australia": "33.37",
                    "Unspecified": "6.52",
                    "Singapore": "6.44",
                    "New Zealand": "2.48"
                },
                "Optical, Photographic, Cinematographic, Measuring, Checking, Precision, Medical or Surgical Instruments and Apparatus; Clocks and Watches; Musical Instruments; Parts and Accessories thereof": {
                    "Australia": "57.63",
                    "United States": "15.28",
                    "Other Asia, nes": "5.11",
                    "Solomon Islands": "3.98",
                    "Korea, Rep.": "3.22"
                },
                "Miscellaneous Manufactured Articles": {
                    "Unspecified": "82.51",
                    "Australia": "12.01",
                    "United Kingdom": "2.68",
                    "Solomon Islands": "0.84",
                    "Japan": "0.65"
                }
            }
        },
        "2003": {
            "Imports": {
                "Animals & Animal Products": {
                    "Japan": "33.83",
                    "Germany": "25.86",
                    "Philippines": "16.98",
                    "Australia": "5.07",
                    "United States": "3.70"
                },
                "Vegetable Products": {
                    "United Kingdom": "20.28",
                    "Germany": "16.92",
                    "Italy": "10.06",
                    "United States": "7.80",
                    "Belgium": "6.57"
                },
                "Prepared Foodstuffs; Beverages, Spirits, Vinegar, Tobacco and Manufactured Tobacco Substitutes": {
                    "United States": "28.04",
                    "Singapore": "22.55",
                    "Australia": "13.94",
                    "Thailand": "7.64",
                    "United Kingdom": "7.23"
                },
                "Mineral Products": {
                    "Unspecified": "73.79",
                    "Australia": "9.84",
                    "Japan": "4.77",
                    "Philippines": "2.03",
                    "Korea, Rep.": "1.84"
                },
                "Products of the Chemical or Allied Industries": {
                    "Solomon Islands": "59.67",
                    "Australia": "21.85",
                    "Philippines": "8.24",
                    "Fiji": "7.13",
                    "Italy": "1.38"
                },
                "Plastics and Articles thereof; Rubber and Articles thereof": {
                    "Belgium": "48.44",
                    "Italy": "12.54",
                    "United Kingdom": "9.30",
                    "United States": "7.18",
                    "Solomon Islands": "5.86"
                },
                "Raw Hides and Skins, Leather, Furskins, and Articles thereof; Saddlery and Harness; Travel Goods, Handbags, and Similar Containers; Articles of Animal Gut (Other than Silk-worm Gut)": {
                    "Japan": "62.56",
                    "Australia": "17.92",
                    "Singapore": "15.75",
                    "France": "3.62",
                    "United States": "0.14"
                },
                "Wood and Articles of Wood; Wood Charcoal; Cork and Articles of Cork; Manufactures of Straw, of Esparto or of Other Plaiting Materials; Basketware and Wickerwork": {
                    "Australia": "31.18",
                    "China": "22.47",
                    "Japan": "15.47",
                    "Other Asia, nes": "8.89",
                    "Korea, Rep.": "6.86"
                },
                "Textiles and Textile Articles": {
                    "Australia": "43.02",
                    "Unspecified": "24.42",
                    "Solomon Islands": "18.59",
                    "Netherlands Antilles": "7.92",
                    "Iceland": "4.01"
                },
                "Footwear, Headgear, Umbrellas, Sun Umbrellas, Walking-sticks, Seat-sticks, Whips, Riding-crops, and Parts thereof; Prepared Feathers and Articles Made therewith; Artificial Flowers; Articles of Human Hair": {
                    "Slovenia": "44.93",
                    "Solomon Islands": "30.25",
                    "Samoa": "22.54",
                    "Unspecified": "2.28"
                },
                "Articles of Stone, Plaster, Cement, Asbestos, Mica or Similar Materials; Ceramic Products; Glass and Glassware": {
                    "Australia": "99.88",
                    "Philippines": "0.11",
                    "Solomon Islands": "0.01",
                    "Unspecified": "0.00",
                    "Vanuatu": "0.00"
                },
                "Natural or Cultured Pearls, Precious or Semi-precious Stones, Precious Metals, Metals Clad with Precious Metal, and Articles thereof; Imitation Jewellery; Coin": {
                    "Unspecified": "73.71",
                    "Australia": "10.13",
                    "Japan": "4.77",
                    "Philippines": "2.04",
                    "Korea, Rep.": "1.84"
                },
                "Base Metals and Articles of Base Metal": {
                    "Australia": "76.22",
                    "Singapore": "6.18",
                    "New Zealand": "5.23",
                    "India": "3.17",
                    "United States": "1.75"
                },
                "Machinery and Mechanical Appliances; Electrical Equipment; Parts thereof; Sound Recorders and Reproducers, Television Image and Sound Recorders and Reproducers, and Parts and Accessories of such Articles": {
                    "Australia": "77.36",
                    "United States": "11.41",
                    "Indonesia": "3.53",
                    "Solomon Islands": "1.99",
                    "Singapore": "1.83"
                },
                "Vehicles, Aircraft, Vessels, and Associated Transport Equipment": {
                    "Australia": "50.75",
                    "New Zealand": "18.58",
                    "United States": "17.52",
                    "Afghanistan": "6.77",
                    "Malaysia": "3.16"
                },
                "Optical, Photographic, Cinematographic, Measuring, Checking, Precision, Medical or Surgical Instruments and Apparatus; Clocks and Watches; Musical Instruments; Parts and Accessories thereof": {
                    "Australia": "60.76",
                    "United States": "9.65",
                    "New Zealand": "7.70",
                    "Other Asia, nes": "5.60",
                    "Korea, Rep.": "3.50"
                },
                "Miscellaneous Manufactured Articles": {
                    "Australia": "53.90",
                    "Unspecified": "36.56",
                    "United States": "3.17",
                    "Norway": "2.18",
                    "Japan": "1.68"
                }
            }
        },
        "2004": {
            "Imports": {
                "Animals & Animal Products": {
                    "Germany": "31.14",
                    "Japan": "23.68",
                    "Philippines": "16.88",
                    "Australia": "6.27",
                    "Hong Kong, China": "4.96"
                },
                "Vegetable Products": {
                    "Germany": "21.40",
                    "United Kingdom": "18.09",
                    "United States": "8.16",
                    "Spain": "7.79",
                    "Australia": "6.78"
                },
                "Prepared Foodstuffs; Beverages, Spirits, Vinegar, Tobacco and Manufactured Tobacco Substitutes": {
                    "United States": "32.53",
                    "Indonesia": "14.53",
                    "Singapore": "10.43",
                    "Thailand": "9.41",
                    "Malaysia": "7.92"
                },
                "Mineral Products": {
                    "Unspecified": "30.49",
                    "Australia": "18.79",
                    "Germany": "13.65",
                    "Japan": "9.38",
                    "Philippines": "7.48"
                },
                "Products of the Chemical or Allied Industries": {
                    "Solomon Islands": "62.03",
                    "Australia": "19.33",
                    "Fiji": "10.15",
                    "Hong Kong, China": "3.44",
                    "Pitcairn": "2.18"
                },
                "Plastics and Articles thereof; Rubber and Articles thereof": {
                    "United Kingdom": "37.97",
                    "Belgium": "24.64",
                    "Australia": "9.98",
                    "Germany": "6.92",
                    "Solomon Islands": "4.14"
                },
                "Raw Hides and Skins, Leather, Furskins, and Articles thereof; Saddlery and Harness; Travel Goods, Handbags, and Similar Containers; Articles of Animal Gut (Other than Silk-worm Gut)": {
                    "Japan": "59.92",
                    "Australia": "16.57",
                    "Singapore": "15.53",
                    "France": "7.33",
                    "Fiji": "0.64"
                },
                "Wood and Articles of Wood; Wood Charcoal; Cork and Articles of Cork; Manufactures of Straw, of Esparto or of Other Plaiting Materials; Basketware and Wickerwork": {
                    "China": "54.12",
                    "Japan": "12.76",
                    "Korea, Rep.": "7.34",
                    "Other Asia, nes": "6.41",
                    "Hong Kong, China": "5.70"
                },
                "Textiles and Textile Articles": {
                    "Australia": "85.23",
                    "Solomon Islands": "9.42",
                    "Vanuatu": "4.10",
                    "United States": "0.41",
                    "Pitcairn": "0.34"
                },
                "Footwear, Headgear, Umbrellas, Sun Umbrellas, Walking-sticks, Seat-sticks, Whips, Riding-crops, and Parts thereof; Prepared Feathers and Articles Made therewith; Artificial Flowers; Articles of Human Hair": {
                    "Solomon Islands": "79.16",
                    "Australia": "11.33",
                    "Vanuatu": "9.50",
                    "United States": "0.01"
                },
                "Articles of Stone, Plaster, Cement, Asbestos, Mica or Similar Materials; Ceramic Products; Glass and Glassware": {
                    "Unspecified": "94.20",
                    "Australia": "5.78",
                    "Italy": "0.01",
                    "Canada": "0.00",
                    "Solomon Islands": "0.00"
                },
                "Natural or Cultured Pearls, Precious or Semi-precious Stones, Precious Metals, Metals Clad with Precious Metal, and Articles thereof; Imitation Jewellery; Coin": {
                    "Unspecified": "30.46",
                    "Australia": "19.25",
                    "Germany": "13.64",
                    "Japan": "9.37",
                    "Philippines": "7.47"
                },
                "Base Metals and Articles of Base Metal": {
                    "Australia": "51.94",
                    "Korea, Rep.": "13.34",
                    "Singapore": "12.12",
                    "India": "6.16",
                    "French Polynesia": "4.83"
                },
                "Machinery and Mechanical Appliances; Electrical Equipment; Parts thereof; Sound Recorders and Reproducers, Television Image and Sound Recorders and Reproducers, and Parts and Accessories of such Articles": {
                    "Australia": "51.47",
                    "United States": "25.03",
                    "Singapore": "12.98",
                    "Indonesia": "2.59",
                    "Pitcairn": "1.96"
                },
                "Vehicles, Aircraft, Vessels, and Associated Transport Equipment": {
                    "Australia": "90.07",
                    "United States": "4.32",
                    "Pitcairn": "4.32",
                    "Indonesia": "0.23",
                    "Norfolk Island": "0.22"
                },
                "Optical, Photographic, Cinematographic, Measuring, Checking, Precision, Medical or Surgical Instruments and Apparatus; Clocks and Watches; Musical Instruments; Parts and Accessories thereof": {
                    "Australia": "78.73",
                    "United States": "7.50",
                    "Pitcairn": "3.49",
                    "Singapore": "2.68",
                    "Solomon Islands": "2.30"
                },
                "Miscellaneous Manufactured Articles": {
                    "Australia": "67.55",
                    "New Zealand": "9.48",
                    "United States": "9.41",
                    "Solomon Islands": "3.41",
                    "Fiji": "1.55"
                }
            }
        },
        "2011": {
            "Imports": {
                "Animals & Animal Products": {
                    "Philippines": "48.25",
                    "Japan": "20.32",
                    "Other Asia, nes": "8.32",
                    "Thailand": "5.79",
                    "Spain": "4.98"
                },
                "Vegetable Products": {
                    "Germany": "22.68",
                    "United Kingdom": "13.21",
                    "Netherlands": "11.79",
                    "Singapore": "9.09",
                    "Cura\u00e7ao": "7.89"
                },
                "Prepared Foodstuffs; Beverages, Spirits, Vinegar, Tobacco and Manufactured Tobacco Substitutes": {
                    "Malaysia": "26.87",
                    "Germany": "18.21",
                    "Singapore": "11.10",
                    "United Kingdom": "4.41",
                    "Belgium": "4.30"
                },
                "Mineral Products": {
                    "Japan": "40.67",
                    "Korea, Rep.": "19.66",
                    "Philippines": "18.38",
                    "India": "8.43",
                    "Singapore": "4.26"
                },
                "Products of the Chemical or Allied Industries": {
                    "Singapore": "85.58",
                    "Germany": "10.22",
                    "Solomon Islands": "1.33",
                    "Australia": "1.08",
                    "Mexico": "0.73"
                },
                "Plastics and Articles thereof; Rubber and Articles thereof": {
                    "Malaysia": "55.85",
                    "Australia": "10.53",
                    "China": "10.42",
                    "Vietnam": "6.60",
                    "Belgium": "6.52"
                },
                "Raw Hides and Skins, Leather, Furskins, and Articles thereof; Saddlery and Harness; Travel Goods, Handbags, and Similar Containers; Articles of Animal Gut (Other than Silk-worm Gut)": {
                    "Japan": "47.31",
                    "Australia": "18.14",
                    "Singapore": "17.69",
                    "France": "14.78",
                    "United States": "1.52"
                },
                "Wood and Articles of Wood; Wood Charcoal; Cork and Articles of Cork; Manufactures of Straw, of Esparto or of Other Plaiting Materials; Basketware and Wickerwork": {
                    "China": "65.87",
                    "India": "6.47",
                    "Hong Kong, China": "5.98",
                    "Japan": "4.97",
                    "Australia": "4.49"
                },
                "Textiles and Textile Articles": {
                    "Fiji": "40.06",
                    "Australia": "31.83",
                    "Solomon Islands": "18.17",
                    "Singapore": "4.74",
                    "Vanuatu": "2.70"
                },
                "Footwear, Headgear, Umbrellas, Sun Umbrellas, Walking-sticks, Seat-sticks, Whips, Riding-crops, and Parts thereof; Prepared Feathers and Articles Made therewith; Artificial Flowers; Articles of Human Hair": {
                    "Solomon Islands": "99.87",
                    "Australia": "0.13"
                },
                "Articles of Stone, Plaster, Cement, Asbestos, Mica or Similar Materials; Ceramic Products; Glass and Glassware": {
                    "Australia": "94.48",
                    "Italy": "5.10",
                    "Switzerland": "0.37",
                    "Brazil": "0.05",
                    "China": "0.00"
                },
                "Natural or Cultured Pearls, Precious or Semi-precious Stones, Precious Metals, Metals Clad with Precious Metal, and Articles thereof; Imitation Jewellery; Coin": {
                    "Australia": "69.63",
                    "Japan": "10.22",
                    "Korea, Rep.": "4.97",
                    "Philippines": "4.60",
                    "Italy": "3.81"
                },
                "Base Metals and Articles of Base Metal": {
                    "Singapore": "63.02",
                    "Australia": "25.58",
                    "Korea, Rep.": "2.57",
                    "Japan": "2.10",
                    "Indonesia": "1.61"
                },
                "Machinery and Mechanical Appliances; Electrical Equipment; Parts thereof; Sound Recorders and Reproducers, Television Image and Sound Recorders and Reproducers, and Parts and Accessories of such Articles": {
                    "Australia": "41.03",
                    "Singapore": "32.55",
                    "Japan": "4.00",
                    "Canada": "3.64",
                    "Indonesia": "3.58"
                },
                "Vehicles, Aircraft, Vessels, and Associated Transport Equipment": {
                    "Singapore": "53.92",
                    "Iceland": "28.24",
                    "Australia": "8.82",
                    "New Zealand": "4.86",
                    "United States": "2.07"
                },
                "Optical, Photographic, Cinematographic, Measuring, Checking, Precision, Medical or Surgical Instruments and Apparatus; Clocks and Watches; Musical Instruments; Parts and Accessories thereof": {
                    "Singapore": "49.25",
                    "Australia": "19.94",
                    "Iceland": "13.95",
                    "New Zealand": "3.25",
                    "China": "2.30"
                },
                "Miscellaneous Manufactured Articles": {
                    "Australia": "32.54",
                    "Singapore": "28.31",
                    "Malaysia": "13.47",
                    "China": "8.96",
                    "United States": "7.68"
                }
            }
        },
        "2012": {
            "Imports": {
                "Animals & Animal Products": {
                    "Philippines": "50.84",
                    "Japan": "19.01",
                    "Spain": "11.13",
                    "Thailand": "6.17",
                    "Other Asia, nes": "4.67"
                },
                "Vegetable Products": {
                    "Netherlands": "22.61",
                    "Germany": "17.27",
                    "United Kingdom": "15.24",
                    "Spain": "10.76",
                    "United States": "7.75"
                },
                "Prepared Foodstuffs; Beverages, Spirits, Vinegar, Tobacco and Manufactured Tobacco Substitutes": {
                    "Germany": "31.62",
                    "Malaysia": "16.18",
                    "Singapore": "10.31",
                    "United Kingdom": "6.06",
                    "Belgium": "5.18"
                },
                "Mineral Products": {
                    "Japan": "41.66",
                    "India": "18.34",
                    "Singapore": "15.60",
                    "Korea, Rep.": "10.05",
                    "Germany": "8.17"
                },
                "Products of the Chemical or Allied Industries": {
                    "Japan": "46.28",
                    "China": "35.14",
                    "Singapore": "17.99",
                    "Solomon Islands": "0.20",
                    "Australia": "0.17"
                },
                "Plastics and Articles thereof; Rubber and Articles thereof": {
                    "Germany": "38.98",
                    "Korea, Rep.": "20.85",
                    "Malaysia": "19.41",
                    "China": "8.04",
                    "Korea, Dem. Rep.": "6.89"
                },
                "Raw Hides and Skins, Leather, Furskins, and Articles thereof; Saddlery and Harness; Travel Goods, Handbags, and Similar Containers; Articles of Animal Gut (Other than Silk-worm Gut)": {
                    "Japan": "47.88",
                    "Australia": "27.83",
                    "France": "12.63",
                    "Singapore": "10.04",
                    "Solomon Islands": "1.04"
                },
                "Wood and Articles of Wood; Wood Charcoal; Cork and Articles of Cork; Manufactures of Straw, of Esparto or of Other Plaiting Materials; Basketware and Wickerwork": {
                    "China": "61.49",
                    "India": "13.26",
                    "Hong Kong, China": "3.68",
                    "Australia": "3.38",
                    "Korea, Rep.": "3.22"
                },
                "Textiles and Textile Articles": {
                    "Australia": "33.70",
                    "Fiji": "33.56",
                    "Solomon Islands": "16.48",
                    "Vanuatu": "10.26",
                    "Thailand": "3.60"
                },
                "Footwear, Headgear, Umbrellas, Sun Umbrellas, Walking-sticks, Seat-sticks, Whips, Riding-crops, and Parts thereof; Prepared Feathers and Articles Made therewith; Artificial Flowers; Articles of Human Hair": {
                    "Solomon Islands": "88.25",
                    "Australia": "8.25",
                    "Indonesia": "3.50"
                },
                "Articles of Stone, Plaster, Cement, Asbestos, Mica or Similar Materials; Ceramic Products; Glass and Glassware": {
                    "Australia": "95.57",
                    "Italy": "3.32",
                    "Germany": "0.37",
                    "Korea, Rep.": "0.33",
                    "Hong Kong, China": "0.21"
                },
                "Natural or Cultured Pearls, Precious or Semi-precious Stones, Precious Metals, Metals Clad with Precious Metal, and Articles thereof; Imitation Jewellery; Coin": {
                    "Australia": "60.00",
                    "Japan": "14.63",
                    "India": "6.79",
                    "Singapore": "5.59",
                    "Korea, Rep.": "3.58"
                },
                "Base Metals and Articles of Base Metal": {
                    "Antigua and Barbuda": "39.39",
                    "Australia": "36.36",
                    "India": "7.31",
                    "Singapore": "5.24",
                    "Indonesia": "4.68"
                },
                "Machinery and Mechanical Appliances; Electrical Equipment; Parts thereof; Sound Recorders and Reproducers, Television Image and Sound Recorders and Reproducers, and Parts and Accessories of such Articles": {
                    "Australia": "61.32",
                    "Singapore": "14.51",
                    "Indonesia": "11.90",
                    "China": "3.03",
                    "United States": "2.60"
                },
                "Vehicles, Aircraft, Vessels, and Associated Transport Equipment": {
                    "Singapore": "38.66",
                    "Australia": "31.39",
                    "Indonesia": "11.61",
                    "Korea, Rep.": "10.47",
                    "United States": "4.35"
                },
                "Optical, Photographic, Cinematographic, Measuring, Checking, Precision, Medical or Surgical Instruments and Apparatus; Clocks and Watches; Musical Instruments; Parts and Accessories thereof": {
                    "Australia": "21.43",
                    "Japan": "20.87",
                    "Singapore": "17.98",
                    "China": "16.89",
                    "Germany": "6.09"
                },
                "Miscellaneous Manufactured Articles": {
                    "Australia": "68.65",
                    "Singapore": "7.06",
                    "Other Asia, nes": "4.87",
                    "United States": "4.15",
                    "Andorra": "3.52"
                }
            }
        },
        "2019": {
            "Imports": {
                "Animals & Animal Products": {
                    "Philippines": "78.57",
                    "Other Asia, nes": "4.43",
                    "Italy": "4.04",
                    "Vietnam": "3.33",
                    "Thailand": "3.18"
                },
                "Vegetable Products": {
                    "Netherlands": "23.16",
                    "Switzerland": "14.60",
                    "Belgium": "13.30",
                    "United Kingdom": "11.64",
                    "Germany": "7.47"
                },
                "Prepared Foodstuffs; Beverages, Spirits, Vinegar, Tobacco and Manufactured Tobacco Substitutes": {
                    "Spain": "23.28",
                    "Germany": "19.73",
                    "Malaysia": "8.10",
                    "Netherlands": "6.55",
                    "Australia": "6.54"
                },
                "Mineral Products": {
                    "Japan": "39.93",
                    "China": "19.60",
                    "Korea, Dem. Rep.": "15.01",
                    "Philippines": "12.22",
                    "Bulgaria": "8.34"
                },
                "Products of the Chemical or Allied Industries": {
                    "China": "61.52",
                    "Australia": "29.03",
                    "Solomon Islands": "4.29",
                    "Fiji": "1.72",
                    "Singapore": "0.78"
                },
                "Plastics and Articles thereof; Rubber and Articles thereof": {
                    "Malaysia": "80.35",
                    "United States": "10.93",
                    "Indonesia": "3.91",
                    "Australia": "3.46",
                    "Singapore": "0.50"
                },
                "Raw Hides and Skins, Leather, Furskins, and Articles thereof; Saddlery and Harness; Travel Goods, Handbags, and Similar Containers; Articles of Animal Gut (Other than Silk-worm Gut)": {
                    "Japan": "66.62",
                    "Australia": "17.98",
                    "France": "11.18",
                    "Germany": "3.10",
                    "Fiji": "0.76"
                },
                "Wood and Articles of Wood; Wood Charcoal; Cork and Articles of Cork; Manufactures of Straw, of Esparto or of Other Plaiting Materials; Basketware and Wickerwork": {
                    "China": "81.78",
                    "India": "4.45",
                    "Vietnam": "3.51",
                    "Japan": "2.10",
                    "Australia": "1.33"
                },
                "Textiles and Textile Articles": {
                    "Fiji": "52.79",
                    "Australia": "18.49",
                    "Singapore": "15.20",
                    "Solomon Islands": "8.45",
                    "Malaysia": "1.72"
                },
                "Footwear, Headgear, Umbrellas, Sun Umbrellas, Walking-sticks, Seat-sticks, Whips, Riding-crops, and Parts thereof; Prepared Feathers and Articles Made therewith; Artificial Flowers; Articles of Human Hair": {
                    "Solomon Islands": "53.35",
                    "Fiji": "28.56",
                    "Australia": "11.36",
                    "Singapore": "5.43",
                    "United Kingdom": "0.78"
                },
                "Articles of Stone, Plaster, Cement, Asbestos, Mica or Similar Materials; Ceramic Products; Glass and Glassware": {
                    "Australia": "97.74",
                    "Italy": "1.81",
                    "India": "0.29",
                    "Canada": "0.13",
                    "Solomon Islands": "0.02"
                },
                "Natural or Cultured Pearls, Precious or Semi-precious Stones, Precious Metals, Metals Clad with Precious Metal, and Articles thereof; Imitation Jewellery; Coin": {
                    "Australia": "59.63",
                    "China": "14.76",
                    "Japan": "11.91",
                    "Korea, Dem. Rep.": "4.54",
                    "Philippines": "3.64"
                },
                "Base Metals and Articles of Base Metal": {
                    "China": "94.24",
                    "Australia": "1.87",
                    "Korea, Dem. Rep.": "0.80",
                    "Bangladesh": "0.78",
                    "Malaysia": "0.53"
                },
                "Machinery and Mechanical Appliances; Electrical Equipment; Parts thereof; Sound Recorders and Reproducers, Television Image and Sound Recorders and Reproducers, and Parts and Accessories of such Articles": {
                    "Australia": "47.51",
                    "Singapore": "17.24",
                    "Italy": "16.03",
                    "United States": "9.29",
                    "United Kingdom": "1.98"
                },
                "Vehicles, Aircraft, Vessels, and Associated Transport Equipment": {
                    "Australia": "63.97",
                    "New Zealand": "17.07",
                    "United States": "12.41",
                    "Canada": "1.90",
                    "Singapore": "1.24"
                },
                "Optical, Photographic, Cinematographic, Measuring, Checking, Precision, Medical or Surgical Instruments and Apparatus; Clocks and Watches; Musical Instruments; Parts and Accessories thereof": {
                    "Australia": "49.63",
                    "Singapore": "10.30",
                    "Italy": "8.72",
                    "United States": "8.66",
                    "China": "6.01"
                },
                "Miscellaneous Manufactured Articles": {
                    "Australia": "51.38",
                    "India": "10.74",
                    "France": "10.13",
                    "United States": "8.54",
                    "Singapore": "3.67"
                }
            }
        },
        "2020": {
            "Imports": {
                "Animals & Animal Products": {
                    "Philippines": "67.26",
                    "Korea, Dem. Rep.": "14.97",
                    "Italy": "4.97",
                    "Thailand": "3.75",
                    "Other Asia, nes": "2.94"
                },
                "Vegetable Products": {
                    "Netherlands": "21.75",
                    "Switzerland": "16.66",
                    "Malaysia": "14.61",
                    "Belgium": "13.02",
                    "United Kingdom": "12.56"
                },
                "Prepared Foodstuffs; Beverages, Spirits, Vinegar, Tobacco and Manufactured Tobacco Substitutes": {
                    "Spain": "72.58",
                    "Germany": "6.81",
                    "United States": "3.86",
                    "Malaysia": "3.34",
                    "Netherlands": "3.30"
                },
                "Mineral Products": {
                    "Japan": "46.66",
                    "Philippines": "13.09",
                    "Korea, Dem. Rep.": "11.19",
                    "Bulgaria": "10.29",
                    "China": "5.66"
                },
                "Products of the Chemical or Allied Industries": {
                    "Australia": "44.94",
                    "Solomon Islands": "23.02",
                    "China": "11.65",
                    "South Africa": "7.92",
                    "New Caledonia": "3.84"
                },
                "Plastics and Articles thereof; Rubber and Articles thereof": {
                    "Malaysia": "80.49",
                    "Australia": "8.79",
                    "China": "4.70",
                    "Indonesia": "3.39",
                    "Singapore": "1.08"
                },
                "Raw Hides and Skins, Leather, Furskins, and Articles thereof; Saddlery and Harness; Travel Goods, Handbags, and Similar Containers; Articles of Animal Gut (Other than Silk-worm Gut)": {
                    "Japan": "64.74",
                    "France": "15.97",
                    "Australia": "13.86",
                    "Fiji": "4.15",
                    "Thailand": "1.28"
                },
                "Wood and Articles of Wood; Wood Charcoal; Cork and Articles of Cork; Manufactures of Straw, of Esparto or of Other Plaiting Materials; Basketware and Wickerwork": {
                    "China": "73.42",
                    "India": "7.22",
                    "Vietnam": "4.40",
                    "Malaysia": "2.70",
                    "Other Asia, nes": "2.21"
                },
                "Textiles and Textile Articles": {
                    "Fiji": "31.27",
                    "Solomon Islands": "25.51",
                    "China": "11.35",
                    "Philippines": "11.34",
                    "Australia": "11.18"
                },
                "Footwear, Headgear, Umbrellas, Sun Umbrellas, Walking-sticks, Seat-sticks, Whips, Riding-crops, and Parts thereof; Prepared Feathers and Articles Made therewith; Artificial Flowers; Articles of Human Hair": {
                    "Solomon Islands": "93.06",
                    "Australia": "3.74",
                    "Fiji": "1.70",
                    "Korea, Dem. Rep.": "1.05",
                    "Poland": "0.45"
                },
                "Articles of Stone, Plaster, Cement, Asbestos, Mica or Similar Materials; Ceramic Products; Glass and Glassware": {
                    "Australia": "93.33",
                    "Italy": "4.41",
                    "Canada": "1.56",
                    "India": "0.37",
                    "Hong Kong, China": "0.31"
                },
                "Natural or Cultured Pearls, Precious or Semi-precious Stones, Precious Metals, Metals Clad with Precious Metal, and Articles thereof; Imitation Jewellery; Coin": {
                    "Australia": "56.01",
                    "Japan": "14.94",
                    "China": "9.56",
                    "Philippines": "4.19",
                    "Korea, Dem. Rep.": "3.70"
                },
                "Base Metals and Articles of Base Metal": {
                    "China": "93.87",
                    "Australia": "2.72",
                    "Korea, Dem. Rep.": "1.54",
                    "Singapore": "0.49",
                    "Bangladesh": "0.41"
                },
                "Machinery and Mechanical Appliances; Electrical Equipment; Parts thereof; Sound Recorders and Reproducers, Television Image and Sound Recorders and Reproducers, and Parts and Accessories of such Articles": {
                    "Australia": "60.04",
                    "Singapore": "14.97",
                    "United States": "10.59",
                    "Czech Republic": "3.38",
                    "Germany": "3.12"
                },
                "Vehicles, Aircraft, Vessels, and Associated Transport Equipment": {
                    "Australia": "80.68",
                    "New Zealand": "10.60",
                    "Singapore": "5.65",
                    "United States": "0.97",
                    "Malaysia": "0.82"
                },
                "Optical, Photographic, Cinematographic, Measuring, Checking, Precision, Medical or Surgical Instruments and Apparatus; Clocks and Watches; Musical Instruments; Parts and Accessories thereof": {
                    "Australia": "66.80",
                    "Singapore": "10.19",
                    "United States": "5.33",
                    "New Zealand": "4.04",
                    "China": "2.07"
                },
                "Miscellaneous Manufactured Articles": {
                    "Australia": "62.52",
                    "Singapore": "11.13",
                    "United States": "5.43",
                    "Netherlands": "3.25",
                    "Malaysia": "2.32"
                }
            }
        },
        "2021": {
            "Imports": {
                "Animals & Animal Products": {
                    "Philippines": "36.91",
                    "Korea, Dem. Rep.": "24.49",
                    "Other Asia, nes": "12.71",
                    "Japan": "8.61",
                    "Thailand": "7.41"
                },
                "Vegetable Products": {
                    "Netherlands": "24.38",
                    "Malaysia": "19.02",
                    "Switzerland": "14.27",
                    "United Kingdom": "10.64",
                    "Belgium": "8.20"
                },
                "Prepared Foodstuffs; Beverages, Spirits, Vinegar, Tobacco and Manufactured Tobacco Substitutes": {
                    "Spain": "22.04",
                    "Germany": "18.52",
                    "Malaysia": "9.20",
                    "Netherlands": "8.97",
                    "Indonesia": "7.95"
                },
                "Mineral Products": {
                    "Japan": "50.77",
                    "Korea, Dem. Rep.": "11.55",
                    "Germany": "10.35",
                    "Singapore": "10.20",
                    "Philippines": "8.89"
                },
                "Products of the Chemical or Allied Industries": {
                    "Cambodia": "21.85",
                    "Solomon Islands": "21.53",
                    "Malaysia": "17.52",
                    "Australia": "10.76",
                    "New Zealand": "9.58"
                },
                "Plastics and Articles thereof; Rubber and Articles thereof": {
                    "Malaysia": "73.45",
                    "China": "14.37",
                    "Indonesia": "4.68",
                    "India": "2.95",
                    "Thailand": "1.87"
                },
                "Raw Hides and Skins, Leather, Furskins, and Articles thereof; Saddlery and Harness; Travel Goods, Handbags, and Similar Containers; Articles of Animal Gut (Other than Silk-worm Gut)": {
                    "Japan": "71.63",
                    "France": "16.76",
                    "Australia": "8.24",
                    "Singapore": "1.44",
                    "Solomon Islands": "0.82"
                },
                "Wood and Articles of Wood; Wood Charcoal; Cork and Articles of Cork; Manufactures of Straw, of Esparto or of Other Plaiting Materials; Basketware and Wickerwork": {
                    "China": "73.18",
                    "Malaysia": "7.36",
                    "India": "5.09",
                    "Vietnam": "2.86",
                    "Other Asia, nes": "2.02"
                },
                "Textiles and Textile Articles": {
                    "Fiji": "58.80",
                    "Solomon Islands": "11.36",
                    "East Timor": "5.57",
                    "Singapore": "4.68",
                    "United States": "3.36"
                },
                "Footwear, Headgear, Umbrellas, Sun Umbrellas, Walking-sticks, Seat-sticks, Whips, Riding-crops, and Parts thereof; Prepared Feathers and Articles Made therewith; Artificial Flowers; Articles of Human Hair": {
                    "Solomon Islands": "89.60",
                    "East Timor": "7.00",
                    "United Arab Emirates": "0.76",
                    "Singapore": "0.73",
                    "Thailand": "0.69"
                },
                "Articles of Stone, Plaster, Cement, Asbestos, Mica or Similar Materials; Ceramic Products; Glass and Glassware": {
                    "Australia": "88.25",
                    "Italy": "5.53",
                    "Canada": "4.18",
                    "Hong Kong, China": "1.65",
                    "India": "0.22"
                },
                "Natural or Cultured Pearls, Precious or Semi-precious Stones, Precious Metals, Metals Clad with Precious Metal, and Articles thereof; Imitation Jewellery; Coin": {
                    "Australia": "46.28",
                    "Japan": "18.11",
                    "China": "11.31",
                    "Korea, Dem. Rep.": "4.23",
                    "Singapore": "3.72"
                },
                "Base Metals and Articles of Base Metal": {
                    "China": "85.84",
                    "Australia": "10.50",
                    "Korea, Dem. Rep.": "1.23",
                    "Singapore": "0.82",
                    "Bangladesh": "0.52"
                },
                "Machinery and Mechanical Appliances; Electrical Equipment; Parts thereof; Sound Recorders and Reproducers, Television Image and Sound Recorders and Reproducers, and Parts and Accessories of such Articles": {
                    "Australia": "67.82",
                    "Italy": "14.35",
                    "Singapore": "4.37",
                    "Czech Republic": "3.79",
                    "Indonesia": "3.04"
                },
                "Vehicles, Aircraft, Vessels, and Associated Transport Equipment": {
                    "Australia": "63.33",
                    "United States": "30.87",
                    "New Zealand": "2.18",
                    "Indonesia": "1.77",
                    "Micronesia, Fed. Sts.": "0.53"
                },
                "Optical, Photographic, Cinematographic, Measuring, Checking, Precision, Medical or Surgical Instruments and Apparatus; Clocks and Watches; Musical Instruments; Parts and Accessories thereof": {
                    "Australia": "65.25",
                    "United States": "12.24",
                    "Italy": "5.43",
                    "Singapore": "3.13",
                    "Indonesia": "2.01"
                },
                "Miscellaneous Manufactured Articles": {
                    "Australia": "36.33",
                    "Singapore": "17.01",
                    "United Arab Emirates": "15.42",
                    "United States": "6.55",
                    "Thailand": "3.42"
                }
            }
        }
    }
}