{
    "Main Partners": {
        "2004": {
            "Imports": {
                "Animals & Animal Products": {
                    "Saudi Arabia": "33.53",
                    "China": "13.06",
                    "Hong Kong, China": "9.22",
                    "United Arab Emirates": "6.04",
                    "Spain": "5.98"
                },
                "Vegetable Products": {
                    "Saudi Arabia": "74.75",
                    "Somalia": "7.25",
                    "Ethiopia(excludes Eritrea)": "5.88",
                    "United States": "4.08",
                    "United Arab Emirates": "2.57"
                },
                "Prepared Foodstuffs; Beverages, Spirits, Vinegar, Tobacco and Manufactured Tobacco Substitutes": {
                    "Iraq": "26.92",
                    "Saudi Arabia": "22.86",
                    "Somalia": "20.40",
                    "Egypt, Arab Rep.": "10.29",
                    "Djibouti": "5.42"
                },
                "Mineral Products": {
                    "Germany": "37.67",
                    "Seychelles": "35.93",
                    "Saudi Arabia": "19.02",
                    "Spain": "2.79",
                    "Italy": "2.13"
                },
                "Products of the Chemical or Allied Industries": {
                    "Somalia": "53.55",
                    "Djibouti": "14.10",
                    "United Arab Emirates": "5.00",
                    "Iraq": "4.97",
                    "United Kingdom": "3.57"
                },
                "Plastics and Articles thereof; Rubber and Articles thereof": {
                    "Unspecified": "32.19",
                    "Djibouti": "14.33",
                    "Eritrea": "13.20",
                    "Somalia": "12.78",
                    "Italy": "4.99"
                },
                "Raw Hides and Skins, Leather, Furskins, and Articles thereof; Saddlery and Harness; Travel Goods, Handbags, and Similar Containers; Articles of Animal Gut (Other than Silk-worm Gut)": {
                    "Italy": "38.26",
                    "India": "20.10",
                    "Malaysia": "11.28",
                    "Saudi Arabia": "8.24",
                    "Pakistan": "7.13"
                },
                "Wood and Articles of Wood; Wood Charcoal; Cork and Articles of Cork; Manufactures of Straw, of Esparto or of Other Plaiting Materials; Basketware and Wickerwork": {
                    "Iran, Islamic Rep.": "58.89",
                    "Fm Sudan": "16.75",
                    "India": "9.90",
                    "United Arab Emirates": "6.44",
                    "Djibouti": "2.94"
                },
                "Textiles and Textile Articles": {
                    "Pakistan": "54.89",
                    "Thailand": "9.02",
                    "Bangladesh": "7.34",
                    "Switzerland": "5.67",
                    "United States": "5.51"
                },
                "Footwear, Headgear, Umbrellas, Sun Umbrellas, Walking-sticks, Seat-sticks, Whips, Riding-crops, and Parts thereof; Prepared Feathers and Articles Made therewith; Artificial Flowers; Articles of Human Hair": {
                    "China": "73.21",
                    "Somalia": "14.97",
                    "Egypt, Arab Rep.": "3.16",
                    "Djibouti": "3.00",
                    "Eritrea": "2.36"
                },
                "Articles of Stone, Plaster, Cement, Asbestos, Mica or Similar Materials; Ceramic Products; Glass and Glassware": {
                    "India": "47.65",
                    "Italy": "23.11",
                    "United Kingdom": "18.30",
                    "United Arab Emirates": "4.22",
                    "Germany": "3.29"
                },
                "Natural or Cultured Pearls, Precious or Semi-precious Stones, Precious Metals, Metals Clad with Precious Metal, and Articles thereof; Imitation Jewellery; Coin": {
                    "United Arab Emirates": "48.84",
                    "Germany": "18.68",
                    "India": "14.54",
                    "Seychelles": "8.03",
                    "Saudi Arabia": "4.26"
                },
                "Base Metals and Articles of Base Metal": {
                    "United Arab Emirates": "38.35",
                    "United States": "14.15",
                    "India": "12.34",
                    "Unspecified": "8.45",
                    "Kuwait": "4.10"
                },
                "Machinery and Mechanical Appliances; Electrical Equipment; Parts thereof; Sound Recorders and Reproducers, Television Image and Sound Recorders and Reproducers, and Parts and Accessories of such Articles": {
                    "United States": "38.43",
                    "United Kingdom": "18.76",
                    "Unspecified": "12.45",
                    "Malaysia": "8.55",
                    "Italy": "3.94"
                },
                "Vehicles, Aircraft, Vessels, and Associated Transport Equipment": {
                    "United States": "56.34",
                    "Japan": "29.86",
                    "United Kingdom": "9.64",
                    "Germany": "1.48",
                    "Unspecified": "0.74"
                },
                "Optical, Photographic, Cinematographic, Measuring, Checking, Precision, Medical or Surgical Instruments and Apparatus; Clocks and Watches; Musical Instruments; Parts and Accessories thereof": {
                    "United States": "34.13",
                    "Japan": "12.64",
                    "United Kingdom": "9.54",
                    "Somalia": "5.51",
                    "United Arab Emirates": "4.39"
                },
                "Miscellaneous Manufactured Articles": {
                    "United Arab Emirates": "24.83",
                    "Libya": "18.86",
                    "United States": "16.96",
                    "France": "9.01",
                    "Germany": "5.85"
                }
            }
        },
        "2005": {
            "Imports": {
                "Animals & Animal Products": {
                    "Saudi Arabia": "34.18",
                    "China": "18.44",
                    "Thailand": "6.03",
                    "Spain": "5.84",
                    "Egypt, Arab Rep.": "5.67"
                },
                "Vegetable Products": {
                    "Saudi Arabia": "63.05",
                    "Egypt, Arab Rep.": "9.42",
                    "Somalia": "5.80",
                    "Ethiopia(excludes Eritrea)": "5.78",
                    "United States": "4.87"
                },
                "Prepared Foodstuffs; Beverages, Spirits, Vinegar, Tobacco and Manufactured Tobacco Substitutes": {
                    "Iraq": "37.97",
                    "Somalia": "17.87",
                    "Egypt, Arab Rep.": "12.34",
                    "Saudi Arabia": "11.31",
                    "Brazil": "6.78"
                },
                "Mineral Products": {
                    "Spain": "34.19",
                    "Oman": "31.29",
                    "Saudi Arabia": "16.19",
                    "France": "13.17",
                    "Seychelles": "3.47"
                },
                "Products of the Chemical or Allied Industries": {
                    "Somalia": "58.59",
                    "Djibouti": "13.27",
                    "United Arab Emirates": "6.33",
                    "Ethiopia(excludes Eritrea)": "5.57",
                    "Egypt, Arab Rep.": "2.41"
                },
                "Plastics and Articles thereof; Rubber and Articles thereof": {
                    "Fm Sudan": "45.56",
                    "Unspecified": "10.31",
                    "China": "10.17",
                    "Malaysia": "8.99",
                    "Somalia": "6.33"
                },
                "Raw Hides and Skins, Leather, Furskins, and Articles thereof; Saddlery and Harness; Travel Goods, Handbags, and Similar Containers; Articles of Animal Gut (Other than Silk-worm Gut)": {
                    "Italy": "35.58",
                    "India": "16.15",
                    "Unspecified": "11.96",
                    "Pakistan": "9.62",
                    "Malaysia": "9.34"
                },
                "Wood and Articles of Wood; Wood Charcoal; Cork and Articles of Cork; Manufactures of Straw, of Esparto or of Other Plaiting Materials; Basketware and Wickerwork": {
                    "Iraq": "58.09",
                    "Ethiopia(excludes Eritrea)": "10.43",
                    "India": "10.34",
                    "United Arab Emirates": "8.24",
                    "Saudi Arabia": "3.85"
                },
                "Textiles and Textile Articles": {
                    "Belgium": "23.41",
                    "Pakistan": "14.57",
                    "China": "11.97",
                    "United States": "10.80",
                    "Thailand": "7.43"
                },
                "Footwear, Headgear, Umbrellas, Sun Umbrellas, Walking-sticks, Seat-sticks, Whips, Riding-crops, and Parts thereof; Prepared Feathers and Articles Made therewith; Artificial Flowers; Articles of Human Hair": {
                    "Djibouti": "63.38",
                    "Somalia": "19.92",
                    "Eritrea": "12.76",
                    "China": "1.77",
                    "Pakistan": "1.18"
                },
                "Articles of Stone, Plaster, Cement, Asbestos, Mica or Similar Materials; Ceramic Products; Glass and Glassware": {
                    "United Arab Emirates": "79.10",
                    "Qatar": "6.45",
                    "India": "5.98",
                    "France": "3.76",
                    "Italy": "3.65"
                },
                "Natural or Cultured Pearls, Precious or Semi-precious Stones, Precious Metals, Metals Clad with Precious Metal, and Articles thereof; Imitation Jewellery; Coin": {
                    "United Arab Emirates": "71.12",
                    "Spain": "8.62",
                    "Saudi Arabia": "4.48",
                    "Germany": "3.19",
                    "India": "3.06"
                },
                "Base Metals and Articles of Base Metal": {
                    "United Arab Emirates": "46.93",
                    "Unspecified": "15.37",
                    "United States": "11.35",
                    "Saudi Arabia": "3.86",
                    "United Kingdom": "2.78"
                },
                "Machinery and Mechanical Appliances; Electrical Equipment; Parts thereof; Sound Recorders and Reproducers, Television Image and Sound Recorders and Reproducers, and Parts and Accessories of such Articles": {
                    "United States": "33.14",
                    "United Kingdom": "19.77",
                    "Unspecified": "15.73",
                    "Ukraine": "6.15",
                    "Japan": "5.17"
                },
                "Vehicles, Aircraft, Vessels, and Associated Transport Equipment": {
                    "Japan": "59.35",
                    "Unspecified": "15.39",
                    "United States": "12.97",
                    "United Kingdom": "4.56",
                    "Germany": "4.17"
                },
                "Optical, Photographic, Cinematographic, Measuring, Checking, Precision, Medical or Surgical Instruments and Apparatus; Clocks and Watches; Musical Instruments; Parts and Accessories thereof": {
                    "Japan": "28.37",
                    "United States": "14.84",
                    "Unspecified": "14.65",
                    "United Kingdom": "7.40",
                    "Somalia": "6.22"
                },
                "Miscellaneous Manufactured Articles": {
                    "Unspecified": "37.54",
                    "China": "29.33",
                    "United States": "7.04",
                    "United Kingdom": "4.41",
                    "France": "4.04"
                }
            }
        },
        "2006": {
            "Imports": {
                "Animals & Animal Products": {
                    "Saudi Arabia": "29.11",
                    "China": "17.50",
                    "Egypt, Arab Rep.": "13.39",
                    "Spain": "6.66",
                    "Thailand": "5.80"
                },
                "Vegetable Products": {
                    "Saudi Arabia": "61.14",
                    "Ethiopia(excludes Eritrea)": "8.85",
                    "Somalia": "6.68",
                    "United States": "5.16",
                    "Syrian Arab Republic": "2.70"
                },
                "Prepared Foodstuffs; Beverages, Spirits, Vinegar, Tobacco and Manufactured Tobacco Substitutes": {
                    "Iraq": "40.74",
                    "Saudi Arabia": "18.67",
                    "Somalia": "12.29",
                    "Egypt, Arab Rep.": "11.11",
                    "Brazil": "2.80"
                },
                "Mineral Products": {
                    "France": "37.83",
                    "Saudi Arabia": "25.96",
                    "Spain": "24.73",
                    "India": "5.77",
                    "United Arab Emirates": "3.53"
                },
                "Products of the Chemical or Allied Industries": {
                    "Somalia": "44.02",
                    "Ethiopia(excludes Eritrea)": "13.58",
                    "Djibouti": "12.23",
                    "United Arab Emirates": "7.38",
                    "Unspecified": "5.08"
                },
                "Plastics and Articles thereof; Rubber and Articles thereof": {
                    "China": "33.24",
                    "Fm Sudan": "13.72",
                    "Saudi Arabia": "11.15",
                    "Ethiopia(excludes Eritrea)": "7.35",
                    "France": "5.04"
                },
                "Raw Hides and Skins, Leather, Furskins, and Articles thereof; Saddlery and Harness; Travel Goods, Handbags, and Similar Containers; Articles of Animal Gut (Other than Silk-worm Gut)": {
                    "India": "29.60",
                    "Italy": "26.17",
                    "Malaysia": "16.30",
                    "Pakistan": "5.60",
                    "Syrian Arab Republic": "3.95"
                },
                "Wood and Articles of Wood; Wood Charcoal; Cork and Articles of Cork; Manufactures of Straw, of Esparto or of Other Plaiting Materials; Basketware and Wickerwork": {
                    "Saudi Arabia": "22.43",
                    "India": "21.55",
                    "Ethiopia(excludes Eritrea)": "20.64",
                    "United Arab Emirates": "9.46",
                    "Thailand": "5.58"
                },
                "Textiles and Textile Articles": {
                    "China": "33.15",
                    "United Arab Emirates": "16.56",
                    "Belgium": "13.51",
                    "Saudi Arabia": "8.79",
                    "Bangladesh": "6.54"
                },
                "Footwear, Headgear, Umbrellas, Sun Umbrellas, Walking-sticks, Seat-sticks, Whips, Riding-crops, and Parts thereof; Prepared Feathers and Articles Made therewith; Artificial Flowers; Articles of Human Hair": {
                    "Somalia": "32.83",
                    "China": "23.53",
                    "Eritrea": "15.68",
                    "Turkey": "13.79",
                    "Djibouti": "6.94"
                },
                "Articles of Stone, Plaster, Cement, Asbestos, Mica or Similar Materials; Ceramic Products; Glass and Glassware": {
                    "United Arab Emirates": "27.42",
                    "France": "24.59",
                    "Unspecified": "23.40",
                    "Italy": "16.50",
                    "Saudi Arabia": "6.35"
                },
                "Natural or Cultured Pearls, Precious or Semi-precious Stones, Precious Metals, Metals Clad with Precious Metal, and Articles thereof; Imitation Jewellery; Coin": {
                    "United Arab Emirates": "68.42",
                    "Pakistan": "8.11",
                    "Germany": "5.64",
                    "France": "4.21",
                    "Saudi Arabia": "3.32"
                },
                "Base Metals and Articles of Base Metal": {
                    "Unspecified": "46.15",
                    "United Arab Emirates": "20.51",
                    "United States": "10.10",
                    "Turkey": "4.60",
                    "China": "4.28"
                },
                "Machinery and Mechanical Appliances; Electrical Equipment; Parts thereof; Sound Recorders and Reproducers, Television Image and Sound Recorders and Reproducers, and Parts and Accessories of such Articles": {
                    "United States": "35.34",
                    "Unspecified": "33.92",
                    "United Kingdom": "10.67",
                    "Denmark": "4.30",
                    "Japan": "2.88"
                },
                "Vehicles, Aircraft, Vessels, and Associated Transport Equipment": {
                    "Japan": "51.24",
                    "United States": "17.36",
                    "Germany": "12.14",
                    "Singapore": "10.54",
                    "Unspecified": "1.84"
                },
                "Optical, Photographic, Cinematographic, Measuring, Checking, Precision, Medical or Surgical Instruments and Apparatus; Clocks and Watches; Musical Instruments; Parts and Accessories thereof": {
                    "United States": "21.38",
                    "Unspecified": "20.94",
                    "Japan": "16.24",
                    "United Kingdom": "5.12",
                    "Germany": "4.13"
                },
                "Miscellaneous Manufactured Articles": {
                    "Unspecified": "44.18",
                    "United States": "21.16",
                    "France": "14.93",
                    "Indonesia": "3.86",
                    "Japan": "2.98"
                }
            }
        },
        "2007": {
            "Imports": {
                "Animals & Animal Products": {
                    "Saudi Arabia": "24.60",
                    "Egypt, Arab Rep.": "18.61",
                    "China": "13.99",
                    "Spain": "7.24",
                    "Thailand": "4.08"
                },
                "Vegetable Products": {
                    "Saudi Arabia": "67.23",
                    "Ethiopia(excludes Eritrea)": "9.59",
                    "United States": "5.73",
                    "Syrian Arab Republic": "3.92",
                    "Somalia": "3.72"
                },
                "Prepared Foodstuffs; Beverages, Spirits, Vinegar, Tobacco and Manufactured Tobacco Substitutes": {
                    "Iraq": "24.91",
                    "Djibouti": "19.46",
                    "Somalia": "19.03",
                    "Egypt, Arab Rep.": "17.67",
                    "Saudi Arabia": "8.36"
                },
                "Mineral Products": {
                    "China": "36.25",
                    "Saudi Arabia": "18.10",
                    "France": "16.50",
                    "Spain": "10.77",
                    "Turkey": "5.46"
                },
                "Products of the Chemical or Allied Industries": {
                    "Somalia": "49.90",
                    "Ethiopia(excludes Eritrea)": "12.24",
                    "Djibouti": "7.63",
                    "United Arab Emirates": "6.39",
                    "Tanzania": "4.77"
                },
                "Plastics and Articles thereof; Rubber and Articles thereof": {
                    "China": "55.10",
                    "Saudi Arabia": "8.72",
                    "Fm Sudan": "8.49",
                    "Hong Kong, China": "6.40",
                    "India": "4.58"
                },
                "Raw Hides and Skins, Leather, Furskins, and Articles thereof; Saddlery and Harness; Travel Goods, Handbags, and Similar Containers; Articles of Animal Gut (Other than Silk-worm Gut)": {
                    "India": "29.74",
                    "Italy": "21.40",
                    "Malaysia": "14.02",
                    "Syrian Arab Republic": "6.93",
                    "China": "6.73"
                },
                "Wood and Articles of Wood; Wood Charcoal; Cork and Articles of Cork; Manufactures of Straw, of Esparto or of Other Plaiting Materials; Basketware and Wickerwork": {
                    "Germany": "24.09",
                    "Saudi Arabia": "14.48",
                    "India": "9.96",
                    "Djibouti": "9.13",
                    "Free Zones": "8.41"
                },
                "Textiles and Textile Articles": {
                    "Pakistan": "41.90",
                    "Germany": "12.30",
                    "Saudi Arabia": "10.56",
                    "United Arab Emirates": "10.24",
                    "China": "3.63"
                },
                "Footwear, Headgear, Umbrellas, Sun Umbrellas, Walking-sticks, Seat-sticks, Whips, Riding-crops, and Parts thereof; Prepared Feathers and Articles Made therewith; Artificial Flowers; Articles of Human Hair": {
                    "Somalia": "95.81",
                    "China": "2.23",
                    "Eritrea": "1.11",
                    "Saudi Arabia": "0.42",
                    "Djibouti": "0.37"
                },
                "Articles of Stone, Plaster, Cement, Asbestos, Mica or Similar Materials; Ceramic Products; Glass and Glassware": {
                    "United Arab Emirates": "85.51",
                    "Germany": "6.15",
                    "France": "5.06",
                    "United Kingdom": "2.72",
                    "Saudi Arabia": "0.31"
                },
                "Natural or Cultured Pearls, Precious or Semi-precious Stones, Precious Metals, Metals Clad with Precious Metal, and Articles thereof; Imitation Jewellery; Coin": {
                    "United Arab Emirates": "59.58",
                    "Germany": "15.26",
                    "France": "12.32",
                    "Pakistan": "3.66",
                    "Korea, Rep.": "2.67"
                },
                "Base Metals and Articles of Base Metal": {
                    "United Arab Emirates": "48.29",
                    "United States": "10.93",
                    "Singapore": "9.29",
                    "United Kingdom": "6.09",
                    "Unspecified": "5.88"
                },
                "Machinery and Mechanical Appliances; Electrical Equipment; Parts thereof; Sound Recorders and Reproducers, Television Image and Sound Recorders and Reproducers, and Parts and Accessories of such Articles": {
                    "Unspecified": "25.30",
                    "United States": "18.37",
                    "United Kingdom": "8.48",
                    "Armenia": "8.44",
                    "France": "7.78"
                },
                "Vehicles, Aircraft, Vessels, and Associated Transport Equipment": {
                    "Japan": "46.14",
                    "Unspecified": "15.48",
                    "United States": "9.94",
                    "Germany": "7.53",
                    "Singapore": "5.81"
                },
                "Optical, Photographic, Cinematographic, Measuring, Checking, Precision, Medical or Surgical Instruments and Apparatus; Clocks and Watches; Musical Instruments; Parts and Accessories thereof": {
                    "Japan": "18.19",
                    "Unspecified": "14.47",
                    "United States": "11.76",
                    "Somalia": "7.04",
                    "Germany": "4.70"
                },
                "Miscellaneous Manufactured Articles": {
                    "United States": "29.00",
                    "Unspecified": "18.83",
                    "France": "14.91",
                    "Fm Sudan": "12.97",
                    "United Kingdom": "6.18"
                }
            }
        },
        "2008": {
            "Imports": {
                "Animals & Animal Products": {
                    "Saudi Arabia": "28.05",
                    "China": "9.65",
                    "Vietnam": "8.61",
                    "Spain": "5.70",
                    "Egypt, Arab Rep.": "5.61"
                },
                "Vegetable Products": {
                    "Saudi Arabia": "53.19",
                    "Jordan": "7.56",
                    "Egypt, Arab Rep.": "6.71",
                    "Somalia": "6.71",
                    "Djibouti": "5.43"
                },
                "Prepared Foodstuffs; Beverages, Spirits, Vinegar, Tobacco and Manufactured Tobacco Substitutes": {
                    "Somalia": "31.80",
                    "Iraq": "19.63",
                    "Saudi Arabia": "15.66",
                    "Egypt, Arab Rep.": "6.17",
                    "United Arab Emirates": "4.18"
                },
                "Mineral Products": {
                    "United Arab Emirates": "26.24",
                    "Saudi Arabia": "22.30",
                    "Somalia": "15.18",
                    "Seychelles": "11.90",
                    "France": "5.51"
                },
                "Products of the Chemical or Allied Industries": {
                    "Somalia": "45.31",
                    "Ethiopia(excludes Eritrea)": "14.47",
                    "Djibouti": "9.81",
                    "Germany": "9.76",
                    "Tanzania": "4.18"
                },
                "Plastics and Articles thereof; Rubber and Articles thereof": {
                    "China": "55.65",
                    "Ethiopia(excludes Eritrea)": "10.04",
                    "Saudi Arabia": "6.26",
                    "India": "5.17",
                    "Fm Sudan": "4.58"
                },
                "Raw Hides and Skins, Leather, Furskins, and Articles thereof; Saddlery and Harness; Travel Goods, Handbags, and Similar Containers; Articles of Animal Gut (Other than Silk-worm Gut)": {
                    "China": "17.90",
                    "Italy": "16.53",
                    "Unspecified": "14.70",
                    "India": "14.37",
                    "Malaysia": "8.84"
                },
                "Wood and Articles of Wood; Wood Charcoal; Cork and Articles of Cork; Manufactures of Straw, of Esparto or of Other Plaiting Materials; Basketware and Wickerwork": {
                    "Saudi Arabia": "26.38",
                    "United States": "17.94",
                    "India": "15.67",
                    "Indonesia": "7.43",
                    "Fm Sudan": "4.44"
                },
                "Textiles and Textile Articles": {
                    "Saudi Arabia": "41.49",
                    "China": "12.80",
                    "Unspecified": "6.81",
                    "Bangladesh": "5.07",
                    "Ethiopia(excludes Eritrea)": "4.82"
                },
                "Footwear, Headgear, Umbrellas, Sun Umbrellas, Walking-sticks, Seat-sticks, Whips, Riding-crops, and Parts thereof; Prepared Feathers and Articles Made therewith; Artificial Flowers; Articles of Human Hair": {
                    "Somalia": "92.79",
                    "China": "6.20",
                    "Saudi Arabia": "0.65",
                    "Djibouti": "0.22",
                    "Italy": "0.14"
                },
                "Articles of Stone, Plaster, Cement, Asbestos, Mica or Similar Materials; Ceramic Products; Glass and Glassware": {
                    "France": "72.48",
                    "Saudi Arabia": "11.03",
                    "United Arab Emirates": "5.49",
                    "Indonesia": "2.40",
                    "United Kingdom": "2.05"
                },
                "Natural or Cultured Pearls, Precious or Semi-precious Stones, Precious Metals, Metals Clad with Precious Metal, and Articles thereof; Imitation Jewellery; Coin": {
                    "United Arab Emirates": "52.34",
                    "France": "23.21",
                    "Germany": "7.72",
                    "Saudi Arabia": "4.60",
                    "Seychelles": "2.36"
                },
                "Base Metals and Articles of Base Metal": {
                    "United Arab Emirates": "31.97",
                    "Unspecified": "16.32",
                    "United States": "13.05",
                    "Germany": "5.35",
                    "Romania": "5.02"
                },
                "Machinery and Mechanical Appliances; Electrical Equipment; Parts thereof; Sound Recorders and Reproducers, Television Image and Sound Recorders and Reproducers, and Parts and Accessories of such Articles": {
                    "Singapore": "33.04",
                    "United States": "20.12",
                    "Unspecified": "18.65",
                    "Japan": "9.36",
                    "India": "4.65"
                },
                "Vehicles, Aircraft, Vessels, and Associated Transport Equipment": {
                    "Japan": "50.44",
                    "Germany": "13.36",
                    "United States": "13.32",
                    "Thailand": "4.39",
                    "United Kingdom": "3.72"
                },
                "Optical, Photographic, Cinematographic, Measuring, Checking, Precision, Medical or Surgical Instruments and Apparatus; Clocks and Watches; Musical Instruments; Parts and Accessories thereof": {
                    "Japan": "25.14",
                    "United States": "14.95",
                    "Singapore": "12.89",
                    "Unspecified": "9.17",
                    "Germany": "7.19"
                },
                "Miscellaneous Manufactured Articles": {
                    "France": "26.41",
                    "United States": "23.74",
                    "United Kingdom": "20.11",
                    "Unspecified": "17.48",
                    "Germany": "5.06"
                }
            }
        },
        "2009": {
            "Imports": {
                "Animals & Animal Products": {
                    "Saudi Arabia": "39.59",
                    "Vietnam": "12.93",
                    "China": "7.05",
                    "Egypt, Arab Rep.": "5.58",
                    "Oman": "3.65"
                },
                "Vegetable Products": {
                    "Saudi Arabia": "57.71",
                    "Egypt, Arab Rep.": "6.88",
                    "Fm Sudan": "5.57",
                    "Thailand": "3.81",
                    "Somalia": "3.35"
                },
                "Prepared Foodstuffs; Beverages, Spirits, Vinegar, Tobacco and Manufactured Tobacco Substitutes": {
                    "Somalia": "28.05",
                    "Iraq": "17.96",
                    "Saudi Arabia": "11.83",
                    "Brazil": "8.43",
                    "United Arab Emirates": "6.60"
                },
                "Mineral Products": {
                    "Ethiopia(excludes Eritrea)": "80.06",
                    "Somalia": "8.12",
                    "Saudi Arabia": "3.99",
                    "Seychelles": "2.49",
                    "Oman": "1.27"
                },
                "Products of the Chemical or Allied Industries": {
                    "Somalia": "49.24",
                    "Djibouti": "13.90",
                    "Ethiopia(excludes Eritrea)": "13.77",
                    "Tanzania": "5.96",
                    "Unspecified": "3.26"
                },
                "Plastics and Articles thereof; Rubber and Articles thereof": {
                    "China": "59.64",
                    "Djibouti": "7.98",
                    "Vietnam": "6.56",
                    "Somalia": "3.20",
                    "United States": "2.93"
                },
                "Raw Hides and Skins, Leather, Furskins, and Articles thereof; Saddlery and Harness; Travel Goods, Handbags, and Similar Containers; Articles of Animal Gut (Other than Silk-worm Gut)": {
                    "India": "33.55",
                    "Unspecified": "19.69",
                    "Italy": "15.15",
                    "Hong Kong, China": "7.88",
                    "Malaysia": "5.86"
                },
                "Wood and Articles of Wood; Wood Charcoal; Cork and Articles of Cork; Manufactures of Straw, of Esparto or of Other Plaiting Materials; Basketware and Wickerwork": {
                    "India": "29.52",
                    "Saudi Arabia": "25.79",
                    "Djibouti": "12.27",
                    "Ethiopia(excludes Eritrea)": "5.97",
                    "United Arab Emirates": "5.30"
                },
                "Textiles and Textile Articles": {
                    "Unspecified": "45.04",
                    "Saudi Arabia": "16.63",
                    "Somalia": "14.77",
                    "China": "7.74",
                    "Bangladesh": "6.41"
                },
                "Footwear, Headgear, Umbrellas, Sun Umbrellas, Walking-sticks, Seat-sticks, Whips, Riding-crops, and Parts thereof; Prepared Feathers and Articles Made therewith; Artificial Flowers; Articles of Human Hair": {
                    "Somalia": "71.59",
                    "Unspecified": "23.73",
                    "China": "3.83",
                    "Hong Kong, China": "0.38",
                    "Japan": "0.24"
                },
                "Articles of Stone, Plaster, Cement, Asbestos, Mica or Similar Materials; Ceramic Products; Glass and Glassware": {
                    "United Arab Emirates": "55.50",
                    "Germany": "21.43",
                    "Saudi Arabia": "14.74",
                    "Unspecified": "4.75",
                    "United Kingdom": "2.98"
                },
                "Natural or Cultured Pearls, Precious or Semi-precious Stones, Precious Metals, Metals Clad with Precious Metal, and Articles thereof; Imitation Jewellery; Coin": {
                    "United Arab Emirates": "52.92",
                    "Germany": "32.69",
                    "Italy": "4.34",
                    "Saudi Arabia": "2.77",
                    "Unspecified": "2.25"
                },
                "Base Metals and Articles of Base Metal": {
                    "United Arab Emirates": "16.80",
                    "Saudi Arabia": "14.28",
                    "United States": "12.72",
                    "Unspecified": "12.41",
                    "United Kingdom": "11.75"
                },
                "Machinery and Mechanical Appliances; Electrical Equipment; Parts thereof; Sound Recorders and Reproducers, Television Image and Sound Recorders and Reproducers, and Parts and Accessories of such Articles": {
                    "Unspecified": "19.36",
                    "France": "16.25",
                    "Singapore": "11.92",
                    "United States": "10.55",
                    "United Kingdom": "9.09"
                },
                "Vehicles, Aircraft, Vessels, and Associated Transport Equipment": {
                    "Japan": "52.55",
                    "United States": "11.86",
                    "Singapore": "6.86",
                    "United Kingdom": "6.49",
                    "Germany": "6.25"
                },
                "Optical, Photographic, Cinematographic, Measuring, Checking, Precision, Medical or Surgical Instruments and Apparatus; Clocks and Watches; Musical Instruments; Parts and Accessories thereof": {
                    "Japan": "17.75",
                    "Unspecified": "11.22",
                    "United States": "9.31",
                    "France": "7.03",
                    "China": "6.60"
                },
                "Miscellaneous Manufactured Articles": {
                    "Unspecified": "31.58",
                    "United States": "17.46",
                    "Germany": "12.75",
                    "France": "8.95",
                    "United Arab Emirates": "5.51"
                }
            }
        },
        "2010": {
            "Imports": {
                "Animals & Animal Products": {
                    "Saudi Arabia": "37.03",
                    "Vietnam": "11.56",
                    "China": "8.88",
                    "Egypt, Arab Rep.": "6.12",
                    "Spain": "5.05"
                },
                "Vegetable Products": {
                    "Saudi Arabia": "61.09",
                    "Egypt, Arab Rep.": "7.31",
                    "Fm Sudan": "4.89",
                    "Japan": "3.22",
                    "Pakistan": "2.82"
                },
                "Prepared Foodstuffs; Beverages, Spirits, Vinegar, Tobacco and Manufactured Tobacco Substitutes": {
                    "Brazil": "27.43",
                    "Somalia": "27.11",
                    "Iraq": "12.93",
                    "Egypt, Arab Rep.": "9.81",
                    "Saudi Arabia": "6.83"
                },
                "Mineral Products": {
                    "Saudi Arabia": "55.76",
                    "Seychelles": "19.14",
                    "Somalia": "11.29",
                    "India": "4.22",
                    "Germany": "2.80"
                },
                "Products of the Chemical or Allied Industries": {
                    "Somalia": "46.93",
                    "Djibouti": "11.24",
                    "Ethiopia(excludes Eritrea)": "10.36",
                    "Tanzania": "6.56",
                    "Unspecified": "5.73"
                },
                "Plastics and Articles thereof; Rubber and Articles thereof": {
                    "China": "78.95",
                    "Unspecified": "4.13",
                    "Saudi Arabia": "2.85",
                    "United States": "2.15",
                    "France": "2.12"
                },
                "Raw Hides and Skins, Leather, Furskins, and Articles thereof; Saddlery and Harness; Travel Goods, Handbags, and Similar Containers; Articles of Animal Gut (Other than Silk-worm Gut)": {
                    "India": "28.29",
                    "Italy": "20.19",
                    "Unspecified": "12.25",
                    "Malaysia": "8.63",
                    "Syrian Arab Republic": "8.42"
                },
                "Wood and Articles of Wood; Wood Charcoal; Cork and Articles of Cork; Manufactures of Straw, of Esparto or of Other Plaiting Materials; Basketware and Wickerwork": {
                    "India": "26.49",
                    "Saudi Arabia": "20.13",
                    "Jordan": "9.42",
                    "Tanzania": "8.66",
                    "Unspecified": "7.98"
                },
                "Textiles and Textile Articles": {
                    "Somalia": "21.74",
                    "China": "17.58",
                    "Unspecified": "14.82",
                    "Saudi Arabia": "7.83",
                    "Bangladesh": "6.54"
                },
                "Footwear, Headgear, Umbrellas, Sun Umbrellas, Walking-sticks, Seat-sticks, Whips, Riding-crops, and Parts thereof; Prepared Feathers and Articles Made therewith; Artificial Flowers; Articles of Human Hair": {
                    "Somalia": "88.38",
                    "China": "9.03",
                    "Unspecified": "1.46",
                    "Djibouti": "0.96",
                    "Andorra": "0.12"
                },
                "Articles of Stone, Plaster, Cement, Asbestos, Mica or Similar Materials; Ceramic Products; Glass and Glassware": {
                    "United Arab Emirates": "47.69",
                    "Saudi Arabia": "18.71",
                    "Germany": "14.64",
                    "United Kingdom": "10.18",
                    "American Samoa": "3.18"
                },
                "Natural or Cultured Pearls, Precious or Semi-precious Stones, Precious Metals, Metals Clad with Precious Metal, and Articles thereof; Imitation Jewellery; Coin": {
                    "Germany": "44.09",
                    "United Kingdom": "27.20",
                    "United Arab Emirates": "18.81",
                    "Saudi Arabia": "3.26",
                    "Italy": "1.89"
                },
                "Base Metals and Articles of Base Metal": {
                    "Kuwait": "16.40",
                    "Saudi Arabia": "12.72",
                    "United States": "12.68",
                    "United Kingdom": "12.60",
                    "France": "11.34"
                },
                "Machinery and Mechanical Appliances; Electrical Equipment; Parts thereof; Sound Recorders and Reproducers, Television Image and Sound Recorders and Reproducers, and Parts and Accessories of such Articles": {
                    "Unspecified": "39.58",
                    "United States": "18.72",
                    "United Kingdom": "17.36",
                    "Germany": "7.97",
                    "Korea, Rep.": "3.24"
                },
                "Vehicles, Aircraft, Vessels, and Associated Transport Equipment": {
                    "Japan": "52.34",
                    "Unspecified": "18.56",
                    "Germany": "6.52",
                    "United States": "4.52",
                    "Singapore": "3.38"
                },
                "Optical, Photographic, Cinematographic, Measuring, Checking, Precision, Medical or Surgical Instruments and Apparatus; Clocks and Watches; Musical Instruments; Parts and Accessories thereof": {
                    "Unspecified": "23.69",
                    "United States": "10.89",
                    "United Kingdom": "9.79",
                    "Japan": "9.46",
                    "China": "7.14"
                },
                "Miscellaneous Manufactured Articles": {
                    "Unspecified": "28.10",
                    "United States": "17.36",
                    "Germany": "9.78",
                    "United Kingdom": "6.87",
                    "France": "5.52"
                }
            }
        },
        "2011": {
            "Imports": {
                "Animals & Animal Products": {
                    "Saudi Arabia": "38.38",
                    "Vietnam": "21.18",
                    "Egypt, Arab Rep.": "6.82",
                    "China": "5.17",
                    "Oman": "3.54"
                },
                "Vegetable Products": {
                    "Saudi Arabia": "66.78",
                    "Egypt, Arab Rep.": "8.52",
                    "Somalia": "4.93",
                    "Oman": "4.39",
                    "Jordan": "2.85"
                },
                "Prepared Foodstuffs; Beverages, Spirits, Vinegar, Tobacco and Manufactured Tobacco Substitutes": {
                    "Somalia": "24.03",
                    "Egypt, Arab Rep.": "17.99",
                    "Saudi Arabia": "12.48",
                    "Iraq": "9.63",
                    "Brazil": "9.14"
                },
                "Mineral Products": {
                    "United Arab Emirates": "44.91",
                    "Saudi Arabia": "15.75",
                    "Italy": "13.11",
                    "China": "10.52",
                    "United States": "6.15"
                },
                "Products of the Chemical or Allied Industries": {
                    "Somalia": "44.71",
                    "Djibouti": "13.35",
                    "Ethiopia(excludes Eritrea)": "12.79",
                    "Tanzania": "5.52",
                    "Saudi Arabia": "5.44"
                },
                "Plastics and Articles thereof; Rubber and Articles thereof": {
                    "China": "76.97",
                    "Jordan": "4.93",
                    "India": "2.71",
                    "United Arab Emirates": "2.40",
                    "Unspecified": "1.89"
                },
                "Raw Hides and Skins, Leather, Furskins, and Articles thereof; Saddlery and Harness; Travel Goods, Handbags, and Similar Containers; Articles of Animal Gut (Other than Silk-worm Gut)": {
                    "India": "24.87",
                    "Italy": "23.12",
                    "Malaysia": "12.56",
                    "Pakistan": "8.66",
                    "Hong Kong, China": "8.46"
                },
                "Wood and Articles of Wood; Wood Charcoal; Cork and Articles of Cork; Manufactures of Straw, of Esparto or of Other Plaiting Materials; Basketware and Wickerwork": {
                    "Unspecified": "32.07",
                    "India": "20.90",
                    "Saudi Arabia": "12.45",
                    "Egypt, Arab Rep.": "12.05",
                    "Ethiopia(excludes Eritrea)": "10.70"
                },
                "Textiles and Textile Articles": {
                    "Unspecified": "17.42",
                    "Italy": "15.93",
                    "China": "14.15",
                    "Somalia": "10.50",
                    "Saudi Arabia": "8.52"
                },
                "Footwear, Headgear, Umbrellas, Sun Umbrellas, Walking-sticks, Seat-sticks, Whips, Riding-crops, and Parts thereof; Prepared Feathers and Articles Made therewith; Artificial Flowers; Articles of Human Hair": {
                    "Somalia": "84.59",
                    "United States": "8.96",
                    "China": "5.58",
                    "Unspecified": "0.47",
                    "Djibouti": "0.40"
                },
                "Articles of Stone, Plaster, Cement, Asbestos, Mica or Similar Materials; Ceramic Products; Glass and Glassware": {
                    "France": "40.80",
                    "United Arab Emirates": "28.78",
                    "Saudi Arabia": "11.79",
                    "Unspecified": "11.50",
                    "United Kingdom": "2.39"
                },
                "Natural or Cultured Pearls, Precious or Semi-precious Stones, Precious Metals, Metals Clad with Precious Metal, and Articles thereof; Imitation Jewellery; Coin": {
                    "United Arab Emirates": "69.81",
                    "Saudi Arabia": "15.53",
                    "China": "3.70",
                    "Italy": "3.26",
                    "Djibouti": "2.61"
                },
                "Base Metals and Articles of Base Metal": {
                    "United Arab Emirates": "19.10",
                    "Saudi Arabia": "15.45",
                    "Fm Sudan": "14.11",
                    "United States": "9.79",
                    "Egypt, Arab Rep.": "8.47"
                },
                "Machinery and Mechanical Appliances; Electrical Equipment; Parts thereof; Sound Recorders and Reproducers, Television Image and Sound Recorders and Reproducers, and Parts and Accessories of such Articles": {
                    "United Arab Emirates": "18.14",
                    "Unspecified": "17.36",
                    "United States": "13.20",
                    "Germany": "13.01",
                    "United Kingdom": "6.55"
                },
                "Vehicles, Aircraft, Vessels, and Associated Transport Equipment": {
                    "Unspecified": "43.01",
                    "United States": "22.64",
                    "Japan": "12.97",
                    "China": "9.38",
                    "Germany": "5.61"
                },
                "Optical, Photographic, Cinematographic, Measuring, Checking, Precision, Medical or Surgical Instruments and Apparatus; Clocks and Watches; Musical Instruments; Parts and Accessories thereof": {
                    "Unspecified": "18.81",
                    "United States": "12.07",
                    "China": "8.19",
                    "United Arab Emirates": "7.15",
                    "Somalia": "7.04"
                },
                "Miscellaneous Manufactured Articles": {
                    "Unspecified": "22.00",
                    "United States": "21.07",
                    "United Kingdom": "11.49",
                    "Saudi Arabia": "9.35",
                    "United Arab Emirates": "7.68"
                }
            }
        },
        "2012": {
            "Imports": {
                "Animals & Animal Products": {
                    "Saudi Arabia": "42.73",
                    "Vietnam": "17.35",
                    "Egypt, Arab Rep.": "7.54",
                    "Thailand": "3.15",
                    "China": "2.83"
                },
                "Vegetable Products": {
                    "Saudi Arabia": "62.11",
                    "Egypt, Arab Rep.": "14.24",
                    "Jordan": "4.58",
                    "Oman": "2.75",
                    "Qatar": "2.22"
                },
                "Prepared Foodstuffs; Beverages, Spirits, Vinegar, Tobacco and Manufactured Tobacco Substitutes": {
                    "Somalia": "36.55",
                    "Saudi Arabia": "23.87",
                    "Egypt, Arab Rep.": "8.65",
                    "Iraq": "7.53",
                    "Ethiopia(excludes Eritrea)": "3.61"
                },
                "Mineral Products": {
                    "Unspecified": "77.34",
                    "Saudi Arabia": "7.13",
                    "United Arab Emirates": "6.53",
                    "Somalia": "3.71",
                    "Seychelles": "3.64"
                },
                "Products of the Chemical or Allied Industries": {
                    "Somalia": "54.77",
                    "Djibouti": "10.56",
                    "Ethiopia(excludes Eritrea)": "8.68",
                    "Saudi Arabia": "7.67",
                    "Unspecified": "3.71"
                },
                "Plastics and Articles thereof; Rubber and Articles thereof": {
                    "China": "68.46",
                    "Unspecified": "7.47",
                    "Somalia": "5.51",
                    "Armenia": "3.23",
                    "Germany": "2.93"
                },
                "Raw Hides and Skins, Leather, Furskins, and Articles thereof; Saddlery and Harness; Travel Goods, Handbags, and Similar Containers; Articles of Animal Gut (Other than Silk-worm Gut)": {
                    "India": "30.47",
                    "Italy": "25.59",
                    "Malaysia": "24.44",
                    "Pakistan": "5.84",
                    "Poland": "2.61"
                },
                "Wood and Articles of Wood; Wood Charcoal; Cork and Articles of Cork; Manufactures of Straw, of Esparto or of Other Plaiting Materials; Basketware and Wickerwork": {
                    "India": "32.06",
                    "Saudi Arabia": "23.72",
                    "Djibouti": "12.82",
                    "United Arab Emirates": "9.16",
                    "Somalia": "3.82"
                },
                "Textiles and Textile Articles": {
                    "China": "17.62",
                    "Unspecified": "16.50",
                    "United Arab Emirates": "10.60",
                    "Pakistan": "9.97",
                    "Italy": "9.82"
                },
                "Footwear, Headgear, Umbrellas, Sun Umbrellas, Walking-sticks, Seat-sticks, Whips, Riding-crops, and Parts thereof; Prepared Feathers and Articles Made therewith; Artificial Flowers; Articles of Human Hair": {
                    "Somalia": "74.63",
                    "China": "12.51",
                    "Unspecified": "5.96",
                    "Thailand": "5.08",
                    "Eritrea": "1.11"
                },
                "Articles of Stone, Plaster, Cement, Asbestos, Mica or Similar Materials; Ceramic Products; Glass and Glassware": {
                    "United Arab Emirates": "63.05",
                    "Unspecified": "19.47",
                    "Saudi Arabia": "7.74",
                    "Djibouti": "5.79",
                    "United Kingdom": "1.10"
                },
                "Natural or Cultured Pearls, Precious or Semi-precious Stones, Precious Metals, Metals Clad with Precious Metal, and Articles thereof; Imitation Jewellery; Coin": {
                    "United Arab Emirates": "44.24",
                    "Unspecified": "40.48",
                    "Germany": "8.44",
                    "Saudi Arabia": "2.52",
                    "Seychelles": "1.28"
                },
                "Base Metals and Articles of Base Metal": {
                    "Sudan": "31.58",
                    "Jordan": "24.15",
                    "United States": "9.31",
                    "Unspecified": "8.41",
                    "United Arab Emirates": "6.66"
                },
                "Machinery and Mechanical Appliances; Electrical Equipment; Parts thereof; Sound Recorders and Reproducers, Television Image and Sound Recorders and Reproducers, and Parts and Accessories of such Articles": {
                    "United States": "38.05",
                    "Unspecified": "22.79",
                    "United Kingdom": "9.47",
                    "Japan": "5.78",
                    "Russian Federation": "4.54"
                },
                "Vehicles, Aircraft, Vessels, and Associated Transport Equipment": {
                    "Unspecified": "55.96",
                    "Singapore": "9.30",
                    "United States": "7.67",
                    "China": "6.71",
                    "Armenia": "6.52"
                },
                "Optical, Photographic, Cinematographic, Measuring, Checking, Precision, Medical or Surgical Instruments and Apparatus; Clocks and Watches; Musical Instruments; Parts and Accessories thereof": {
                    "Unspecified": "26.03",
                    "United States": "14.94",
                    "Somalia": "9.10",
                    "Sudan": "5.55",
                    "China": "5.43"
                },
                "Miscellaneous Manufactured Articles": {
                    "United States": "37.31",
                    "Unspecified": "21.57",
                    "United Kingdom": "6.13",
                    "France": "5.67",
                    "Saudi Arabia": "4.85"
                }
            }
        },
        "2013": {
            "Imports": {
                "Animals & Animal Products": {
                    "Saudi Arabia": "47.62",
                    "Vietnam": "14.20",
                    "Egypt, Arab Rep.": "7.16",
                    "China": "2.61",
                    "Jordan": "2.61"
                },
                "Vegetable Products": {
                    "Saudi Arabia": "60.91",
                    "Egypt, Arab Rep.": "11.24",
                    "Qatar": "6.70",
                    "Oman": "4.88",
                    "United Arab Emirates": "3.74"
                },
                "Prepared Foodstuffs; Beverages, Spirits, Vinegar, Tobacco and Manufactured Tobacco Substitutes": {
                    "Somalia": "44.57",
                    "Saudi Arabia": "16.36",
                    "Egypt, Arab Rep.": "10.20",
                    "Iraq": "7.37",
                    "Ethiopia(excludes Eritrea)": "4.16"
                },
                "Mineral Products": {
                    "Saudi Arabia": "41.99",
                    "France": "19.82",
                    "Spain": "11.41",
                    "China": "10.18",
                    "Seychelles": "7.98"
                },
                "Products of the Chemical or Allied Industries": {
                    "Somalia": "58.87",
                    "Djibouti": "17.16",
                    "Ethiopia(excludes Eritrea)": "5.78",
                    "Tanzania": "5.59",
                    "Saudi Arabia": "3.50"
                },
                "Plastics and Articles thereof; Rubber and Articles thereof": {
                    "China": "76.20",
                    "Somalia": "7.86",
                    "Djibouti": "5.45",
                    "United Arab Emirates": "2.45",
                    "Saudi Arabia": "2.43"
                },
                "Raw Hides and Skins, Leather, Furskins, and Articles thereof; Saddlery and Harness; Travel Goods, Handbags, and Similar Containers; Articles of Animal Gut (Other than Silk-worm Gut)": {
                    "India": "34.37",
                    "Italy": "23.02",
                    "Malaysia": "15.84",
                    "Pakistan": "8.82",
                    "Syrian Arab Republic": "6.13"
                },
                "Wood and Articles of Wood; Wood Charcoal; Cork and Articles of Cork; Manufactures of Straw, of Esparto or of Other Plaiting Materials; Basketware and Wickerwork": {
                    "India": "35.60",
                    "Ethiopia(excludes Eritrea)": "21.88",
                    "Saudi Arabia": "16.01",
                    "Djibouti": "10.01",
                    "United Arab Emirates": "5.23"
                },
                "Textiles and Textile Articles": {
                    "Switzerland": "33.83",
                    "Unspecified": "22.10",
                    "China": "16.74",
                    "Saudi Arabia": "8.47",
                    "Somalia": "6.21"
                },
                "Footwear, Headgear, Umbrellas, Sun Umbrellas, Walking-sticks, Seat-sticks, Whips, Riding-crops, and Parts thereof; Prepared Feathers and Articles Made therewith; Artificial Flowers; Articles of Human Hair": {
                    "Eritrea": "65.39",
                    "Somalia": "28.19",
                    "Unspecified": "4.22",
                    "China": "1.54",
                    "Djibouti": "0.66"
                },
                "Articles of Stone, Plaster, Cement, Asbestos, Mica or Similar Materials; Ceramic Products; Glass and Glassware": {
                    "United Arab Emirates": "74.06",
                    "Saudi Arabia": "25.23",
                    "Unspecified": "0.22",
                    "Jordan": "0.11",
                    "China": "0.09"
                },
                "Natural or Cultured Pearls, Precious or Semi-precious Stones, Precious Metals, Metals Clad with Precious Metal, and Articles thereof; Imitation Jewellery; Coin": {
                    "United Arab Emirates": "71.23",
                    "Germany": "13.84",
                    "Pakistan": "4.35",
                    "Saudi Arabia": "3.15",
                    "China": "1.67"
                },
                "Base Metals and Articles of Base Metal": {
                    "Jordan": "74.19",
                    "Djibouti": "6.41",
                    "United Arab Emirates": "6.19",
                    "Austria": "3.33",
                    "Saudi Arabia": "3.00"
                },
                "Machinery and Mechanical Appliances; Electrical Equipment; Parts thereof; Sound Recorders and Reproducers, Television Image and Sound Recorders and Reproducers, and Parts and Accessories of such Articles": {
                    "China": "36.36",
                    "United States": "20.91",
                    "Unspecified": "19.72",
                    "United Kingdom": "6.60",
                    "Germany": "5.81"
                },
                "Vehicles, Aircraft, Vessels, and Associated Transport Equipment": {
                    "Aruba": "61.66",
                    "Unspecified": "29.03",
                    "Netherlands": "4.94",
                    "France": "1.98",
                    "United States": "1.08"
                },
                "Optical, Photographic, Cinematographic, Measuring, Checking, Precision, Medical or Surgical Instruments and Apparatus; Clocks and Watches; Musical Instruments; Parts and Accessories thereof": {
                    "Jordan": "18.90",
                    "Aruba": "12.56",
                    "China": "11.83",
                    "Unspecified": "11.56",
                    "Somalia": "10.48"
                },
                "Miscellaneous Manufactured Articles": {
                    "United Arab Emirates": "31.63",
                    "Bahrain": "27.76",
                    "Kuwait": "25.08",
                    "Malaysia": "6.61",
                    "Netherlands": "3.94"
                }
            }
        },
        "2014": {
            "Imports": {
                "Animals & Animal Products": {
                    "Saudi Arabia": "52.14",
                    "Oman": "16.79",
                    "Vietnam": "7.60",
                    "Egypt, Arab Rep.": "5.97",
                    "Djibouti": "2.34"
                },
                "Vegetable Products": {
                    "Saudi Arabia": "68.62",
                    "Egypt, Arab Rep.": "12.63",
                    "Oman": "6.04",
                    "Somalia": "4.20",
                    "Eritrea": "1.73"
                },
                "Prepared Foodstuffs; Beverages, Spirits, Vinegar, Tobacco and Manufactured Tobacco Substitutes": {
                    "Somalia": "37.24",
                    "Saudi Arabia": "23.82",
                    "Djibouti": "13.68",
                    "Egypt, Arab Rep.": "8.60",
                    "Ethiopia(excludes Eritrea)": "3.87"
                },
                "Mineral Products": {
                    "Saudi Arabia": "31.21",
                    "France": "16.16",
                    "China": "15.93",
                    "Spain": "9.14",
                    "Somalia": "6.58"
                },
                "Products of the Chemical or Allied Industries": {
                    "Somalia": "59.88",
                    "Djibouti": "13.37",
                    "Saudi Arabia": "8.87",
                    "Ethiopia(excludes Eritrea)": "8.64",
                    "Tanzania": "3.06"
                },
                "Plastics and Articles thereof; Rubber and Articles thereof": {
                    "China": "57.17",
                    "Somalia": "16.57",
                    "Djibouti": "10.32",
                    "Egypt, Arab Rep.": "5.06",
                    "Saudi Arabia": "2.95"
                },
                "Raw Hides and Skins, Leather, Furskins, and Articles thereof; Saddlery and Harness; Travel Goods, Handbags, and Similar Containers; Articles of Animal Gut (Other than Silk-worm Gut)": {
                    "Malaysia": "37.08",
                    "Italy": "27.87",
                    "India": "18.82",
                    "Saudi Arabia": "5.61",
                    "United Kingdom": "3.24"
                },
                "Wood and Articles of Wood; Wood Charcoal; Cork and Articles of Cork; Manufactures of Straw, of Esparto or of Other Plaiting Materials; Basketware and Wickerwork": {
                    "United Arab Emirates": "32.72",
                    "India": "15.51",
                    "Jordan": "12.20",
                    "Ethiopia(excludes Eritrea)": "9.89",
                    "Saudi Arabia": "9.81"
                },
                "Textiles and Textile Articles": {
                    "United Arab Emirates": "24.77",
                    "Saudi Arabia": "19.22",
                    "Switzerland": "14.30",
                    "Somalia": "9.33",
                    "Ethiopia(excludes Eritrea)": "7.03"
                },
                "Footwear, Headgear, Umbrellas, Sun Umbrellas, Walking-sticks, Seat-sticks, Whips, Riding-crops, and Parts thereof; Prepared Feathers and Articles Made therewith; Artificial Flowers; Articles of Human Hair": {
                    "Somalia": "79.02",
                    "Saudi Arabia": "8.81",
                    "Djibouti": "6.67",
                    "Eritrea": "4.71",
                    "Ethiopia(excludes Eritrea)": "0.46"
                },
                "Articles of Stone, Plaster, Cement, Asbestos, Mica or Similar Materials; Ceramic Products; Glass and Glassware": {
                    "United Arab Emirates": "68.48",
                    "Saudi Arabia": "21.21",
                    "Qatar": "8.62",
                    "China": "0.60",
                    "India": "0.22"
                },
                "Natural or Cultured Pearls, Precious or Semi-precious Stones, Precious Metals, Metals Clad with Precious Metal, and Articles thereof; Imitation Jewellery; Coin": {
                    "United Arab Emirates": "46.12",
                    "Germany": "29.49",
                    "Belgium": "5.90",
                    "Saudi Arabia": "3.59",
                    "Turkey": "3.28"
                },
                "Base Metals and Articles of Base Metal": {
                    "Jordan": "41.83",
                    "Turkey": "24.31",
                    "United Arab Emirates": "12.13",
                    "Germany": "6.56",
                    "Egypt, Arab Rep.": "4.05"
                },
                "Machinery and Mechanical Appliances; Electrical Equipment; Parts thereof; Sound Recorders and Reproducers, Television Image and Sound Recorders and Reproducers, and Parts and Accessories of such Articles": {
                    "United Arab Emirates": "32.66",
                    "Sudan": "22.61",
                    "Indonesia": "12.40",
                    "China": "7.86",
                    "Saudi Arabia": "6.72"
                },
                "Vehicles, Aircraft, Vessels, and Associated Transport Equipment": {
                    "Saudi Arabia": "68.21",
                    "United Arab Emirates": "12.61",
                    "Germany": "7.31",
                    "Oman": "5.02",
                    "France": "4.23"
                },
                "Optical, Photographic, Cinematographic, Measuring, Checking, Precision, Medical or Surgical Instruments and Apparatus; Clocks and Watches; Musical Instruments; Parts and Accessories thereof": {
                    "Saudi Arabia": "45.09",
                    "United Arab Emirates": "13.98",
                    "Germany": "5.65",
                    "Jordan": "5.11",
                    "Somalia": "4.34"
                },
                "Miscellaneous Manufactured Articles": {
                    "Sudan": "21.64",
                    "United Arab Emirates": "20.01",
                    "China": "13.97",
                    "Saudi Arabia": "10.75",
                    "Indonesia": "5.96"
                }
            }
        },
        "2015": {
            "Imports": {
                "Animals & Animal Products": {
                    "Oman": "50.84",
                    "Saudi Arabia": "28.57",
                    "Egypt, Arab Rep.": "4.97",
                    "Vietnam": "4.66",
                    "Djibouti": "2.68"
                },
                "Vegetable Products": {
                    "Saudi Arabia": "76.02",
                    "Oman": "8.65",
                    "Egypt, Arab Rep.": "4.87",
                    "Somalia": "1.86",
                    "Jordan": "1.11"
                },
                "Prepared Foodstuffs; Beverages, Spirits, Vinegar, Tobacco and Manufactured Tobacco Substitutes": {
                    "Somalia": "45.05",
                    "Saudi Arabia": "30.65",
                    "Djibouti": "4.67",
                    "Egypt, Arab Rep.": "4.46",
                    "Ethiopia(excludes Eritrea)": "3.43"
                },
                "Mineral Products": {
                    "Saudi Arabia": "57.54",
                    "Spain": "27.99",
                    "Oman": "5.67",
                    "United Arab Emirates": "2.68",
                    "Korea, Rep.": "2.66"
                },
                "Products of the Chemical or Allied Industries": {
                    "Somalia": "70.64",
                    "Djibouti": "15.60",
                    "Tanzania": "3.38",
                    "Saudi Arabia": "2.93",
                    "Unspecified": "2.60"
                },
                "Plastics and Articles thereof; Rubber and Articles thereof": {
                    "China": "49.82",
                    "Saudi Arabia": "19.72",
                    "Djibouti": "7.53",
                    "Somalia": "6.80",
                    "India": "5.05"
                },
                "Raw Hides and Skins, Leather, Furskins, and Articles thereof; Saddlery and Harness; Travel Goods, Handbags, and Similar Containers; Articles of Animal Gut (Other than Silk-worm Gut)": {
                    "Malaysia": "42.25",
                    "Italy": "33.37",
                    "India": "14.98",
                    "Saudi Arabia": "4.05",
                    "United Kingdom": "1.75"
                },
                "Wood and Articles of Wood; Wood Charcoal; Cork and Articles of Cork; Manufactures of Straw, of Esparto or of Other Plaiting Materials; Basketware and Wickerwork": {
                    "Jordan": "25.38",
                    "United Arab Emirates": "25.30",
                    "Oman": "16.86",
                    "Somalia": "12.74",
                    "India": "9.34"
                },
                "Textiles and Textile Articles": {
                    "Pakistan": "26.09",
                    "Saudi Arabia": "23.07",
                    "Unspecified": "19.36",
                    "United Arab Emirates": "11.61",
                    "China": "6.73"
                },
                "Footwear, Headgear, Umbrellas, Sun Umbrellas, Walking-sticks, Seat-sticks, Whips, Riding-crops, and Parts thereof; Prepared Feathers and Articles Made therewith; Artificial Flowers; Articles of Human Hair": {
                    "Somalia": "51.28",
                    "China": "33.29",
                    "Pakistan": "7.98",
                    "Saudi Arabia": "3.11",
                    "Eritrea": "2.04"
                },
                "Articles of Stone, Plaster, Cement, Asbestos, Mica or Similar Materials; Ceramic Products; Glass and Glassware": {
                    "Saudi Arabia": "59.46",
                    "United Arab Emirates": "33.72",
                    "China": "4.52",
                    "Somalia": "1.61",
                    "Oman": "0.28"
                },
                "Natural or Cultured Pearls, Precious or Semi-precious Stones, Precious Metals, Metals Clad with Precious Metal, and Articles thereof; Imitation Jewellery; Coin": {
                    "United Arab Emirates": "56.15",
                    "Saudi Arabia": "13.60",
                    "Belgium": "8.63",
                    "China": "7.73",
                    "Germany": "6.59"
                },
                "Base Metals and Articles of Base Metal": {
                    "Saudi Arabia": "35.38",
                    "United Arab Emirates": "27.18",
                    "China": "8.61",
                    "United States": "6.20",
                    "Unspecified": "5.95"
                },
                "Machinery and Mechanical Appliances; Electrical Equipment; Parts thereof; Sound Recorders and Reproducers, Television Image and Sound Recorders and Reproducers, and Parts and Accessories of such Articles": {
                    "Unspecified": "60.21",
                    "United Arab Emirates": "9.91",
                    "United States": "6.26",
                    "Germany": "6.13",
                    "China": "5.24"
                },
                "Vehicles, Aircraft, Vessels, and Associated Transport Equipment": {
                    "Japan": "25.80",
                    "Unspecified": "23.54",
                    "United Arab Emirates": "11.42",
                    "Germany": "7.23",
                    "Thailand": "6.75"
                },
                "Optical, Photographic, Cinematographic, Measuring, Checking, Precision, Medical or Surgical Instruments and Apparatus; Clocks and Watches; Musical Instruments; Parts and Accessories thereof": {
                    "Unspecified": "29.05",
                    "Japan": "14.03",
                    "United Arab Emirates": "9.74",
                    "Saudi Arabia": "5.94",
                    "United States": "5.60"
                },
                "Miscellaneous Manufactured Articles": {
                    "China": "38.49",
                    "United States": "14.06",
                    "United Arab Emirates": "12.01",
                    "Saudi Arabia": "11.20",
                    "Unspecified": "8.61"
                }
            }
        },
        "2018": {
            "Imports": {
                "Animals & Animal Products": {
                    "Egypt, Arab Rep.": "50.82",
                    "Netherlands": "46.37",
                    "Hong Kong, China": "2.81"
                },
                "Vegetable Products": {
                    "Egypt, Arab Rep.": "76.96",
                    "Pakistan": "17.83",
                    "Argentina": "3.39",
                    "Oman": "1.25",
                    "India": "0.55"
                },
                "Prepared Foodstuffs; Beverages, Spirits, Vinegar, Tobacco and Manufactured Tobacco Substitutes": {
                    "Eritrea": "54.20",
                    "Egypt, Arab Rep.": "42.26",
                    "Hong Kong, China": "2.38",
                    "South Africa": "1.17"
                },
                "Products of the Chemical or Allied Industries": {
                    "Eritrea": "100.00"
                },
                "Plastics and Articles thereof; Rubber and Articles thereof": {
                    "China": "81.98",
                    "Eritrea": "18.02"
                },
                "Raw Hides and Skins, Leather, Furskins, and Articles thereof; Saddlery and Harness; Travel Goods, Handbags, and Similar Containers; Articles of Animal Gut (Other than Silk-worm Gut)": {
                    "Egypt, Arab Rep.": "43.48",
                    "Syrian Arab Republic": "34.78",
                    "Jordan": "21.74"
                },
                "Wood and Articles of Wood; Wood Charcoal; Cork and Articles of Cork; Manufactures of Straw, of Esparto or of Other Plaiting Materials; Basketware and Wickerwork": {
                    "Sweden": "59.59",
                    "Malaysia": "40.41"
                },
                "Textiles and Textile Articles": {
                    "Eritrea": "100.00"
                },
                "Natural or Cultured Pearls, Precious or Semi-precious Stones, Precious Metals, Metals Clad with Precious Metal, and Articles thereof; Imitation Jewellery; Coin": {
                    "Korea, Rep.": "91.67",
                    "United Arab Emirates": "8.33"
                },
                "Base Metals and Articles of Base Metal": {
                    "Korea, Rep.": "91.67",
                    "United Arab Emirates": "8.33"
                },
                "Machinery and Mechanical Appliances; Electrical Equipment; Parts thereof; Sound Recorders and Reproducers, Television Image and Sound Recorders and Reproducers, and Parts and Accessories of such Articles": {
                    "United Arab Emirates": "90.29",
                    "Other Asia, nes": "9.71"
                },
                "Vehicles, Aircraft, Vessels, and Associated Transport Equipment": {
                    "China": "100.00"
                },
                "Optical, Photographic, Cinematographic, Measuring, Checking, Precision, Medical or Surgical Instruments and Apparatus; Clocks and Watches; Musical Instruments; Parts and Accessories thereof": {
                    "Eritrea": "26.95",
                    "United Arab Emirates": "19.22",
                    "Sweden": "17.97",
                    "China": "16.83",
                    "Malaysia": "12.19"
                }
            }
        },
        "2019": {
            "Imports": {
                "Animals & Animal Products": {
                    "Eritrea": "100.00"
                },
                "Vegetable Products": {
                    "Egypt, Arab Rep.": "49.87",
                    "Turkey": "28.91",
                    "Oman": "10.86",
                    "Sudan": "9.64",
                    "Eritrea": "0.56"
                },
                "Prepared Foodstuffs; Beverages, Spirits, Vinegar, Tobacco and Manufactured Tobacco Substitutes": {
                    "Egypt, Arab Rep.": "80.79",
                    "Argentina": "14.21",
                    "Eritrea": "4.88",
                    "Saudi Arabia": "0.13"
                },
                "Mineral Products": {
                    "Eritrea": "100.00"
                },
                "Products of the Chemical or Allied Industries": {
                    "China": "48.73",
                    "Eritrea": "27.77",
                    "Oman": "23.50"
                },
                "Plastics and Articles thereof; Rubber and Articles thereof": {
                    "Eritrea": "64.69",
                    "Korea, Rep.": "21.09",
                    "China": "12.15",
                    "Saudi Arabia": "2.07"
                },
                "Wood and Articles of Wood; Wood Charcoal; Cork and Articles of Cork; Manufactures of Straw, of Esparto or of Other Plaiting Materials; Basketware and Wickerwork": {
                    "Indonesia": "99.23",
                    "Unspecified": "0.77"
                },
                "Textiles and Textile Articles": {
                    "China": "94.72",
                    "Thailand": "3.30",
                    "Turkey": "1.98"
                },
                "Natural or Cultured Pearls, Precious or Semi-precious Stones, Precious Metals, Metals Clad with Precious Metal, and Articles thereof; Imitation Jewellery; Coin": {
                    "China": "100.00"
                },
                "Base Metals and Articles of Base Metal": {
                    "China": "100.00"
                },
                "Machinery and Mechanical Appliances; Electrical Equipment; Parts thereof; Sound Recorders and Reproducers, Television Image and Sound Recorders and Reproducers, and Parts and Accessories of such Articles": {
                    "Japan": "100.00"
                },
                "Optical, Photographic, Cinematographic, Measuring, Checking, Precision, Medical or Surgical Instruments and Apparatus; Clocks and Watches; Musical Instruments; Parts and Accessories thereof": {
                    "Indonesia": "46.79",
                    "China": "27.72",
                    "Eritrea": "14.32",
                    "Japan": "4.13",
                    "Korea, Rep.": "4.11"
                },
                "Miscellaneous Manufactured Articles": {
                    "China": "100.00"
                }
            }
        }
    }
}