{
    "Main Partners": {
        "2014": {
            "Imports": {
                "Animals & Animal Products": {
                    "Iran, Islamic Rep.": "12.43",
                    "Brazil": "11.45",
                    "India": "11.31",
                    "Kuwait": "9.81",
                    "Egypt, Arab Rep.": "9.12"
                },
                "Vegetable Products": {
                    "Canada": "23.16",
                    "China": "12.90",
                    "Australia": "11.28",
                    "Iran, Islamic Rep.": "9.96",
                    "India": "9.69"
                },
                "Prepared Foodstuffs; Beverages, Spirits, Vinegar, Tobacco and Manufactured Tobacco Substitutes": {
                    "United Arab Emirates": "41.16",
                    "Saudi Arabia": "11.05",
                    "Kuwait": "7.10",
                    "China": "6.08",
                    "Unspecified": "5.06"
                },
                "Mineral Products": {
                    "United Arab Emirates": "53.46",
                    "Iran, Islamic Rep.": "18.64",
                    "Unspecified": "17.87",
                    "China": "4.95",
                    "United States": "1.83"
                },
                "Products of the Chemical or Allied Industries": {
                    "United Arab Emirates": "19.61",
                    "China": "14.48",
                    "Jordan": "13.20",
                    "Italy": "11.84",
                    "United States": "8.66"
                },
                "Plastics and Articles thereof; Rubber and Articles thereof": {
                    "China": "34.44",
                    "Korea, Rep.": "28.84",
                    "Saudi Arabia": "8.43",
                    "India": "3.75",
                    "Jordan": "3.65"
                },
                "Raw Hides and Skins, Leather, Furskins, and Articles thereof; Saddlery and Harness; Travel Goods, Handbags, and Similar Containers; Articles of Animal Gut (Other than Silk-worm Gut)": {
                    "China": "91.89",
                    "United Kingdom": "6.60",
                    "Japan": "0.81",
                    "India": "0.32",
                    "Jordan": "0.22"
                },
                "Wood and Articles of Wood; Wood Charcoal; Cork and Articles of Cork; Manufactures of Straw, of Esparto or of Other Plaiting Materials; Basketware and Wickerwork": {
                    "Indonesia": "79.63",
                    "China": "3.62",
                    "Spain": "2.33",
                    "Jordan": "2.19",
                    "Lebanon": "2.16"
                },
                "Textiles and Textile Articles": {
                    "Korea, Rep.": "56.42",
                    "China": "28.88",
                    "Jordan": "2.37",
                    "Pakistan": "2.25",
                    "Iran, Islamic Rep.": "1.49"
                },
                "Footwear, Headgear, Umbrellas, Sun Umbrellas, Walking-sticks, Seat-sticks, Whips, Riding-crops, and Parts thereof; Prepared Feathers and Articles Made therewith; Artificial Flowers; Articles of Human Hair": {
                    "Korea, Rep.": "43.27",
                    "China": "40.18",
                    "Iran, Islamic Rep.": "6.98",
                    "India": "1.89",
                    "Singapore": "1.60"
                },
                "Articles of Stone, Plaster, Cement, Asbestos, Mica or Similar Materials; Ceramic Products; Glass and Glassware": {
                    "Korea, Rep.": "35.97",
                    "China": "30.59",
                    "Iran, Islamic Rep.": "11.74",
                    "Kuwait": "5.54",
                    "India": "3.60"
                },
                "Natural or Cultured Pearls, Precious or Semi-precious Stones, Precious Metals, Metals Clad with Precious Metal, and Articles thereof; Imitation Jewellery; Coin": {
                    "United Arab Emirates": "46.81",
                    "China": "25.50",
                    "Unspecified": "15.88",
                    "Korea, Rep.": "5.00",
                    "Brazil": "1.81"
                },
                "Base Metals and Articles of Base Metal": {
                    "China": "63.88",
                    "Japan": "8.68",
                    "France": "6.00",
                    "Italy": "4.27",
                    "Korea, Rep.": "3.11"
                },
                "Machinery and Mechanical Appliances; Electrical Equipment; Parts thereof; Sound Recorders and Reproducers, Television Image and Sound Recorders and Reproducers, and Parts and Accessories of such Articles": {
                    "United States": "28.14",
                    "China": "27.60",
                    "Korea, Rep.": "12.62",
                    "India": "4.61",
                    "Unspecified": "4.57"
                },
                "Vehicles, Aircraft, Vessels, and Associated Transport Equipment": {
                    "China": "27.44",
                    "Korea, Rep.": "21.56",
                    "Japan": "10.18",
                    "United States": "9.68",
                    "Thailand": "7.38"
                },
                "Optical, Photographic, Cinematographic, Measuring, Checking, Precision, Medical or Surgical Instruments and Apparatus; Clocks and Watches; Musical Instruments; Parts and Accessories thereof": {
                    "China": "40.36",
                    "Korea, Rep.": "11.41",
                    "United States": "9.57",
                    "Japan": "6.33",
                    "Italy": "3.69"
                },
                "Miscellaneous Manufactured Articles": {
                    "Korea, Rep.": "47.33",
                    "China": "22.65",
                    "United States": "12.10",
                    "Japan": "2.35",
                    "Germany": "2.25"
                }
            }
        }
    }
}