{
    "Main Partners": {
        "2008": {
            "Imports": {
                "Animals & Animal Products": {
                    "Pakistan": "35.47",
                    "United States": "24.15",
                    "India": "14.66",
                    "Canada": "5.49",
                    "United Arab Emirates": "3.20"
                },
                "Vegetable Products": {
                    "Kazakhstan": "29.61",
                    "Malaysia": "17.91",
                    "Pakistan": "14.33",
                    "Iran, Islamic Rep.": "5.46",
                    "United Arab Emirates": "4.88"
                },
                "Prepared Foodstuffs; Beverages, Spirits, Vinegar, Tobacco and Manufactured Tobacco Substitutes": {
                    "Pakistan": "32.96",
                    "Iran, Islamic Rep.": "17.71",
                    "Korea, Dem. Rep.": "16.58",
                    "United Arab Emirates": "5.70",
                    "India": "4.65"
                },
                "Mineral Products": {
                    "Pakistan": "98.59",
                    "Iran, Islamic Rep.": "1.10",
                    "Tajikistan": "0.19",
                    "India": "0.09",
                    "Turkey": "0.02"
                },
                "Products of the Chemical or Allied Industries": {
                    "Iran, Islamic Rep.": "21.79",
                    "Pakistan": "20.00",
                    "Uzbekistan": "9.65",
                    "India": "8.31",
                    "Russian Federation": "7.79"
                },
                "Plastics and Articles thereof; Rubber and Articles thereof": {
                    "China": "45.22",
                    "Japan": "20.37",
                    "India": "11.00",
                    "United Arab Emirates": "6.96",
                    "Iran, Islamic Rep.": "4.77"
                },
                "Raw Hides and Skins, Leather, Furskins, and Articles thereof; Saddlery and Harness; Travel Goods, Handbags, and Similar Containers; Articles of Animal Gut (Other than Silk-worm Gut)": {
                    "United Arab Emirates": "43.31",
                    "China": "28.66",
                    "Iran, Islamic Rep.": "14.12",
                    "Pakistan": "12.12",
                    "India": "1.17"
                },
                "Wood and Articles of Wood; Wood Charcoal; Cork and Articles of Cork; Manufactures of Straw, of Esparto or of Other Plaiting Materials; Basketware and Wickerwork": {
                    "Russian Federation": "55.07",
                    "Uzbekistan": "19.07",
                    "China": "9.67",
                    "Indonesia": "4.32",
                    "Pakistan": "4.01"
                },
                "Textiles and Textile Articles": {
                    "China": "57.68",
                    "India": "14.53",
                    "Korea, Dem. Rep.": "8.84",
                    "Iran, Islamic Rep.": "5.06",
                    "Pakistan": "4.02"
                },
                "Footwear, Headgear, Umbrellas, Sun Umbrellas, Walking-sticks, Seat-sticks, Whips, Riding-crops, and Parts thereof; Prepared Feathers and Articles Made therewith; Artificial Flowers; Articles of Human Hair": {
                    "China": "68.35",
                    "Russian Federation": "17.32",
                    "Pakistan": "5.37",
                    "Thailand": "3.45",
                    "Iran, Islamic Rep.": "3.21"
                },
                "Articles of Stone, Plaster, Cement, Asbestos, Mica or Similar Materials; Ceramic Products; Glass and Glassware": {
                    "China": "34.00",
                    "Iran, Islamic Rep.": "13.82",
                    "Kyrgyz Republic": "12.88",
                    "Pakistan": "12.81",
                    "United Arab Emirates": "6.05"
                },
                "Natural or Cultured Pearls, Precious or Semi-precious Stones, Precious Metals, Metals Clad with Precious Metal, and Articles thereof; Imitation Jewellery; Coin": {
                    "Pakistan": "34.94",
                    "Uzbekistan": "30.54",
                    "China": "14.60",
                    "Turkey": "7.59",
                    "Iran, Islamic Rep.": "5.37"
                },
                "Base Metals and Articles of Base Metal": {
                    "Pakistan": "37.39",
                    "Uzbekistan": "26.66",
                    "Iran, Islamic Rep.": "9.35",
                    "China": "8.69",
                    "Russian Federation": "5.59"
                },
                "Machinery and Mechanical Appliances; Electrical Equipment; Parts thereof; Sound Recorders and Reproducers, Television Image and Sound Recorders and Reproducers, and Parts and Accessories of such Articles": {
                    "China": "32.82",
                    "Turkey": "9.95",
                    "Japan": "9.55",
                    "India": "8.27",
                    "United Arab Emirates": "7.80"
                },
                "Vehicles, Aircraft, Vessels, and Associated Transport Equipment": {
                    "Japan": "60.82",
                    "China": "11.65",
                    "Germany": "10.66",
                    "Canada": "7.61",
                    "Korea, Dem. Rep.": "2.11"
                },
                "Optical, Photographic, Cinematographic, Measuring, Checking, Precision, Medical or Surgical Instruments and Apparatus; Clocks and Watches; Musical Instruments; Parts and Accessories thereof": {
                    "China": "27.49",
                    "Pakistan": "25.86",
                    "Japan": "9.54",
                    "Iran, Islamic Rep.": "8.02",
                    "India": "6.35"
                },
                "Miscellaneous Manufactured Articles": {
                    "Pakistan": "32.38",
                    "China": "24.71",
                    "Iran, Islamic Rep.": "8.85",
                    "India": "6.66",
                    "Japan": "6.30"
                }
            }
        },
        "2009": {
            "Imports": {
                "Animals & Animal Products": {
                    "India": "62.04",
                    "Pakistan": "17.41",
                    "Netherlands": "5.48",
                    "United States": "2.66",
                    "Ireland": "2.65"
                },
                "Vegetable Products": {
                    "Kazakhstan": "62.95",
                    "Russian Federation": "8.43",
                    "Tajikistan": "7.67",
                    "Uzbekistan": "7.64",
                    "Malaysia": "4.74"
                },
                "Prepared Foodstuffs; Beverages, Spirits, Vinegar, Tobacco and Manufactured Tobacco Substitutes": {
                    "Pakistan": "27.89",
                    "Korea, Rep.": "23.05",
                    "Iran, Islamic Rep.": "9.80",
                    "Saudi Arabia": "8.77",
                    "India": "3.69"
                },
                "Mineral Products": {
                    "Pakistan": "74.33",
                    "China": "25.67"
                },
                "Products of the Chemical or Allied Industries": {
                    "Pakistan": "34.80",
                    "Iran, Islamic Rep.": "17.95",
                    "China": "9.17",
                    "Russian Federation": "8.84",
                    "Turkey": "6.80"
                },
                "Plastics and Articles thereof; Rubber and Articles thereof": {
                    "Japan": "32.61",
                    "China": "30.46",
                    "Iran, Islamic Rep.": "13.63",
                    "India": "8.35",
                    "Russian Federation": "4.05"
                },
                "Raw Hides and Skins, Leather, Furskins, and Articles thereof; Saddlery and Harness; Travel Goods, Handbags, and Similar Containers; Articles of Animal Gut (Other than Silk-worm Gut)": {
                    "Pakistan": "38.93",
                    "China": "36.64",
                    "Iran, Islamic Rep.": "17.58",
                    "Indonesia": "4.48",
                    "United Arab Emirates": "1.95"
                },
                "Wood and Articles of Wood; Wood Charcoal; Cork and Articles of Cork; Manufactures of Straw, of Esparto or of Other Plaiting Materials; Basketware and Wickerwork": {
                    "Indonesia": "29.63",
                    "China": "29.44",
                    "Pakistan": "14.80",
                    "India": "6.99",
                    "Uzbekistan": "5.94"
                },
                "Textiles and Textile Articles": {
                    "China": "71.87",
                    "Pakistan": "12.26",
                    "India": "12.11",
                    "Korea, Rep.": "1.70",
                    "Japan": "1.06"
                },
                "Footwear, Headgear, Umbrellas, Sun Umbrellas, Walking-sticks, Seat-sticks, Whips, Riding-crops, and Parts thereof; Prepared Feathers and Articles Made therewith; Artificial Flowers; Articles of Human Hair": {
                    "China": "49.64",
                    "Russian Federation": "30.48",
                    "Pakistan": "10.50",
                    "Uzbekistan": "3.78",
                    "Tajikistan": "1.93"
                },
                "Articles of Stone, Plaster, Cement, Asbestos, Mica or Similar Materials; Ceramic Products; Glass and Glassware": {
                    "Pakistan": "70.06",
                    "Iran, Islamic Rep.": "23.03",
                    "China": "3.23",
                    "India": "2.05",
                    "Turkey": "0.51"
                },
                "Natural or Cultured Pearls, Precious or Semi-precious Stones, Precious Metals, Metals Clad with Precious Metal, and Articles thereof; Imitation Jewellery; Coin": {
                    "Pakistan": "60.87",
                    "China": "9.70",
                    "Turkey": "8.61",
                    "Uzbekistan": "6.04",
                    "Korea, Rep.": "5.94"
                },
                "Base Metals and Articles of Base Metal": {
                    "China": "35.18",
                    "Pakistan": "22.18",
                    "Iran, Islamic Rep.": "17.27",
                    "Uzbekistan": "16.09",
                    "Turkey": "4.10"
                },
                "Machinery and Mechanical Appliances; Electrical Equipment; Parts thereof; Sound Recorders and Reproducers, Television Image and Sound Recorders and Reproducers, and Parts and Accessories of such Articles": {
                    "Turkey": "25.69",
                    "China": "18.58",
                    "United Arab Emirates": "8.86",
                    "United Kingdom": "7.73",
                    "Germany": "7.29"
                },
                "Vehicles, Aircraft, Vessels, and Associated Transport Equipment": {
                    "Japan": "42.29",
                    "China": "20.19",
                    "Korea, Rep.": "6.68",
                    "Germany": "5.53",
                    "India": "5.32"
                },
                "Optical, Photographic, Cinematographic, Measuring, Checking, Precision, Medical or Surgical Instruments and Apparatus; Clocks and Watches; Musical Instruments; Parts and Accessories thereof": {
                    "China": "31.00",
                    "Pakistan": "14.95",
                    "Japan": "13.10",
                    "Iran, Islamic Rep.": "7.10",
                    "Turkey": "6.39"
                },
                "Miscellaneous Manufactured Articles": {
                    "China": "0.68",
                    "Japan": "0.66",
                    "Pakistan": "0.55",
                    "Finland": "0.46",
                    "India": "0.37"
                }
            }
        },
        "2010": {
            "Imports": {
                "Animals & Animal Products": {
                    "Pakistan": "36.08",
                    "India": "17.24",
                    "Iran, Islamic Rep.": "11.14",
                    "Belgium": "10.04",
                    "Netherlands": "5.76"
                },
                "Vegetable Products": {
                    "Kazakhstan": "45.01",
                    "Pakistan": "11.59",
                    "Malaysia": "11.26",
                    "Iran, Islamic Rep.": "5.82",
                    "Kenya": "5.36"
                },
                "Prepared Foodstuffs; Beverages, Spirits, Vinegar, Tobacco and Manufactured Tobacco Substitutes": {
                    "Pakistan": "20.55",
                    "Iran, Islamic Rep.": "12.78",
                    "Korea, Rep.": "9.72",
                    "Saudi Arabia": "8.48",
                    "India": "8.04"
                },
                "Mineral Products": {
                    "Pakistan": "66.06",
                    "China": "29.72",
                    "Iran, Islamic Rep.": "3.27",
                    "United Arab Emirates": "0.95"
                },
                "Products of the Chemical or Allied Industries": {
                    "Pakistan": "37.50",
                    "Iran, Islamic Rep.": "14.58",
                    "India": "7.65",
                    "China": "6.56",
                    "Turkey": "6.47"
                },
                "Plastics and Articles thereof; Rubber and Articles thereof": {
                    "China": "35.30",
                    "Japan": "15.31",
                    "Iran, Islamic Rep.": "14.59",
                    "Pakistan": "10.02",
                    "Thailand": "9.99"
                },
                "Raw Hides and Skins, Leather, Furskins, and Articles thereof; Saddlery and Harness; Travel Goods, Handbags, and Similar Containers; Articles of Animal Gut (Other than Silk-worm Gut)": {
                    "United Arab Emirates": "32.59",
                    "Iran, Islamic Rep.": "31.85",
                    "China": "20.96",
                    "Pakistan": "13.50",
                    "Uzbekistan": "0.49"
                },
                "Wood and Articles of Wood; Wood Charcoal; Cork and Articles of Cork; Manufactures of Straw, of Esparto or of Other Plaiting Materials; Basketware and Wickerwork": {
                    "China": "40.18",
                    "Pakistan": "19.97",
                    "Indonesia": "14.10",
                    "India": "5.89",
                    "Uzbekistan": "3.97"
                },
                "Textiles and Textile Articles": {
                    "China": "73.37",
                    "India": "12.80",
                    "Korea, Rep.": "4.94",
                    "Pakistan": "3.25",
                    "United Arab Emirates": "1.39"
                },
                "Footwear, Headgear, Umbrellas, Sun Umbrellas, Walking-sticks, Seat-sticks, Whips, Riding-crops, and Parts thereof; Prepared Feathers and Articles Made therewith; Artificial Flowers; Articles of Human Hair": {
                    "China": "64.29",
                    "Russian Federation": "14.54",
                    "Pakistan": "7.44",
                    "Tajikistan": "5.90",
                    "Thailand": "2.32"
                },
                "Articles of Stone, Plaster, Cement, Asbestos, Mica or Similar Materials; Ceramic Products; Glass and Glassware": {
                    "Pakistan": "85.74",
                    "Iran, Islamic Rep.": "10.79",
                    "China": "2.06",
                    "India": "0.51",
                    "Turkey": "0.16"
                },
                "Natural or Cultured Pearls, Precious or Semi-precious Stones, Precious Metals, Metals Clad with Precious Metal, and Articles thereof; Imitation Jewellery; Coin": {
                    "Pakistan": "37.93",
                    "China": "24.10",
                    "Iran, Islamic Rep.": "14.40",
                    "Uzbekistan": "6.07",
                    "Ukraine": "4.93"
                },
                "Base Metals and Articles of Base Metal": {
                    "Pakistan": "43.88",
                    "Iran, Islamic Rep.": "23.84",
                    "China": "17.25",
                    "Turkey": "4.40",
                    "Uzbekistan": "3.45"
                },
                "Machinery and Mechanical Appliances; Electrical Equipment; Parts thereof; Sound Recorders and Reproducers, Television Image and Sound Recorders and Reproducers, and Parts and Accessories of such Articles": {
                    "China": "32.89",
                    "Turkey": "21.00",
                    "United Kingdom": "8.50",
                    "Iran, Islamic Rep.": "8.00",
                    "Pakistan": "5.67"
                },
                "Vehicles, Aircraft, Vessels, and Associated Transport Equipment": {
                    "Germany": "52.53",
                    "Japan": "25.15",
                    "China": "13.16",
                    "United Arab Emirates": "1.70",
                    "Russian Federation": "1.36"
                },
                "Optical, Photographic, Cinematographic, Measuring, Checking, Precision, Medical or Surgical Instruments and Apparatus; Clocks and Watches; Musical Instruments; Parts and Accessories thereof": {
                    "Pakistan": "24.90",
                    "China": "24.86",
                    "Germany": "14.58",
                    "Iran, Islamic Rep.": "8.14",
                    "Japan": "6.55"
                },
                "Miscellaneous Manufactured Articles": {
                    "Germany": "1.82",
                    "China": "0.42",
                    "Iran, Islamic Rep.": "0.28",
                    "Turkey": "0.20",
                    "Pakistan": "0.17"
                }
            }
        },
        "2011": {
            "Imports": {
                "Animals & Animal Products": {
                    "Pakistan": "66.16",
                    "India": "11.91",
                    "Netherlands": "6.70",
                    "Iran, Islamic Rep.": "3.73",
                    "Ireland": "2.60"
                },
                "Vegetable Products": {
                    "Kazakhstan": "30.73",
                    "Pakistan": "19.54",
                    "Kenya": "11.55",
                    "Malaysia": "10.43",
                    "Iran, Islamic Rep.": "4.95"
                },
                "Prepared Foodstuffs; Beverages, Spirits, Vinegar, Tobacco and Manufactured Tobacco Substitutes": {
                    "Pakistan": "29.98",
                    "Korea, Rep.": "19.24",
                    "Iran, Islamic Rep.": "14.22",
                    "India": "5.23",
                    "United Arab Emirates": "4.85"
                },
                "Mineral Products": {
                    "Pakistan": "82.90",
                    "China": "12.51",
                    "Iran, Islamic Rep.": "4.59"
                },
                "Products of the Chemical or Allied Industries": {
                    "Pakistan": "48.01",
                    "Iran, Islamic Rep.": "14.47",
                    "India": "6.96",
                    "China": "6.60",
                    "United Arab Emirates": "3.43"
                },
                "Plastics and Articles thereof; Rubber and Articles thereof": {
                    "China": "36.22",
                    "Pakistan": "21.90",
                    "Iran, Islamic Rep.": "13.96",
                    "Japan": "7.84",
                    "United Arab Emirates": "4.95"
                },
                "Raw Hides and Skins, Leather, Furskins, and Articles thereof; Saddlery and Harness; Travel Goods, Handbags, and Similar Containers; Articles of Animal Gut (Other than Silk-worm Gut)": {
                    "United Arab Emirates": "77.06",
                    "Pakistan": "11.03",
                    "China": "6.25",
                    "Iran, Islamic Rep.": "3.33",
                    "Turkey": "1.23"
                },
                "Wood and Articles of Wood; Wood Charcoal; Cork and Articles of Cork; Manufactures of Straw, of Esparto or of Other Plaiting Materials; Basketware and Wickerwork": {
                    "China": "26.30",
                    "Indonesia": "25.42",
                    "Pakistan": "22.74",
                    "Iran, Islamic Rep.": "4.00",
                    "Thailand": "3.67"
                },
                "Textiles and Textile Articles": {
                    "China": "61.96",
                    "India": "21.70",
                    "Pakistan": "5.77",
                    "Korea, Rep.": "2.77",
                    "Tajikistan": "2.40"
                },
                "Footwear, Headgear, Umbrellas, Sun Umbrellas, Walking-sticks, Seat-sticks, Whips, Riding-crops, and Parts thereof; Prepared Feathers and Articles Made therewith; Artificial Flowers; Articles of Human Hair": {
                    "China": "57.23",
                    "Tajikistan": "17.04",
                    "Pakistan": "14.10",
                    "Uzbekistan": "3.00",
                    "Iran, Islamic Rep.": "2.54"
                },
                "Articles of Stone, Plaster, Cement, Asbestos, Mica or Similar Materials; Ceramic Products; Glass and Glassware": {
                    "Pakistan": "73.11",
                    "Iran, Islamic Rep.": "16.23",
                    "United Arab Emirates": "6.55",
                    "China": "1.66",
                    "India": "0.57"
                },
                "Natural or Cultured Pearls, Precious or Semi-precious Stones, Precious Metals, Metals Clad with Precious Metal, and Articles thereof; Imitation Jewellery; Coin": {
                    "Pakistan": "63.06",
                    "Iran, Islamic Rep.": "9.20",
                    "China": "8.18",
                    "Turkey": "8.07",
                    "Tajikistan": "4.29"
                },
                "Base Metals and Articles of Base Metal": {
                    "Pakistan": "60.52",
                    "Iran, Islamic Rep.": "14.64",
                    "China": "8.53",
                    "Turkey": "6.55",
                    "Tajikistan": "4.04"
                },
                "Machinery and Mechanical Appliances; Electrical Equipment; Parts thereof; Sound Recorders and Reproducers, Television Image and Sound Recorders and Reproducers, and Parts and Accessories of such Articles": {
                    "China": "31.16",
                    "Turkey": "18.81",
                    "Iran, Islamic Rep.": "13.96",
                    "Pakistan": "8.75",
                    "United Kingdom": "7.11"
                },
                "Vehicles, Aircraft, Vessels, and Associated Transport Equipment": {
                    "Japan": "56.04",
                    "China": "23.73",
                    "United Arab Emirates": "4.74",
                    "Pakistan": "4.00",
                    "Iran, Islamic Rep.": "1.98"
                },
                "Optical, Photographic, Cinematographic, Measuring, Checking, Precision, Medical or Surgical Instruments and Apparatus; Clocks and Watches; Musical Instruments; Parts and Accessories thereof": {
                    "Pakistan": "32.08",
                    "China": "24.40",
                    "Iran, Islamic Rep.": "11.44",
                    "Japan": "6.32",
                    "United Arab Emirates": "5.44"
                },
                "Miscellaneous Manufactured Articles": {
                    "China": "0.96",
                    "Iran, Islamic Rep.": "0.32",
                    "Pakistan": "0.21",
                    "Turkey": "0.19",
                    "United Arab Emirates": "0.17"
                }
            }
        },
        "2012": {
            "Imports": {
                "Vegetable Products": {
                    "Unspecified": "74.85",
                    "Pakistan": "22.77",
                    "China": "2.22",
                    "India": "0.17"
                },
                "Prepared Foodstuffs; Beverages, Spirits, Vinegar, Tobacco and Manufactured Tobacco Substitutes": {
                    "Japan": "39.31",
                    "Pakistan": "34.72",
                    "China": "12.18",
                    "Germany": "6.52",
                    "India": "5.17"
                },
                "Products of the Chemical or Allied Industries": {
                    "Pakistan": "53.96",
                    "Iran, Islamic Rep.": "15.98",
                    "China": "14.02",
                    "India": "13.82",
                    "Germany": "2.23"
                },
                "Plastics and Articles thereof; Rubber and Articles thereof": {
                    "China": "71.31",
                    "Japan": "14.16",
                    "Pakistan": "9.32",
                    "India": "3.64",
                    "Germany": "1.58"
                },
                "Wood and Articles of Wood; Wood Charcoal; Cork and Articles of Cork; Manufactures of Straw, of Esparto or of Other Plaiting Materials; Basketware and Wickerwork": {
                    "China": "96.98",
                    "Japan": "3.02"
                },
                "Textiles and Textile Articles": {
                    "China": "62.51",
                    "India": "17.95",
                    "Pakistan": "11.58",
                    "Unspecified": "5.56",
                    "Japan": "1.17"
                },
                "Footwear, Headgear, Umbrellas, Sun Umbrellas, Walking-sticks, Seat-sticks, Whips, Riding-crops, and Parts thereof; Prepared Feathers and Articles Made therewith; Artificial Flowers; Articles of Human Hair": {
                    "China": "74.90",
                    "Pakistan": "24.79",
                    "Germany": "0.31"
                },
                "Articles of Stone, Plaster, Cement, Asbestos, Mica or Similar Materials; Ceramic Products; Glass and Glassware": {
                    "Pakistan": "99.75",
                    "Unspecified": "0.25"
                },
                "Machinery and Mechanical Appliances; Electrical Equipment; Parts thereof; Sound Recorders and Reproducers, Television Image and Sound Recorders and Reproducers, and Parts and Accessories of such Articles": {
                    "China": "95.84",
                    "Japan": "3.06",
                    "Pakistan": "1.10"
                },
                "Optical, Photographic, Cinematographic, Measuring, Checking, Precision, Medical or Surgical Instruments and Apparatus; Clocks and Watches; Musical Instruments; Parts and Accessories thereof": {
                    "Pakistan": "51.84",
                    "China": "34.42",
                    "India": "7.65",
                    "Iran, Islamic Rep.": "2.21",
                    "Unspecified": "1.89"
                },
                "Miscellaneous Manufactured Articles": {
                    "Unspecified": "100.00"
                }
            }
        },
        "2013": {
            "Imports": {
                "Vegetable Products": {
                    "Unspecified": "58.10",
                    "Pakistan": "39.37",
                    "China": "1.64",
                    "India": "0.89"
                },
                "Prepared Foodstuffs; Beverages, Spirits, Vinegar, Tobacco and Manufactured Tobacco Substitutes": {
                    "Pakistan": "100.00"
                },
                "Products of the Chemical or Allied Industries": {
                    "Pakistan": "67.64",
                    "China": "15.88",
                    "Iran, Islamic Rep.": "15.18",
                    "India": "0.99",
                    "Germany": "0.31"
                },
                "Plastics and Articles thereof; Rubber and Articles thereof": {
                    "Japan": "46.17",
                    "Pakistan": "26.28",
                    "China": "22.10",
                    "Germany": "3.54",
                    "India": "1.91"
                },
                "Wood and Articles of Wood; Wood Charcoal; Cork and Articles of Cork; Manufactures of Straw, of Esparto or of Other Plaiting Materials; Basketware and Wickerwork": {
                    "China": "99.84",
                    "Japan": "0.16"
                },
                "Textiles and Textile Articles": {
                    "China": "46.06",
                    "Pakistan": "24.29",
                    "India": "19.79",
                    "Unspecified": "8.98",
                    "Iran, Islamic Rep.": "0.74"
                },
                "Footwear, Headgear, Umbrellas, Sun Umbrellas, Walking-sticks, Seat-sticks, Whips, Riding-crops, and Parts thereof; Prepared Feathers and Articles Made therewith; Artificial Flowers; Articles of Human Hair": {
                    "Pakistan": "68.57",
                    "China": "31.10",
                    "Germany": "0.33"
                },
                "Articles of Stone, Plaster, Cement, Asbestos, Mica or Similar Materials; Ceramic Products; Glass and Glassware": {
                    "Pakistan": "100.00"
                },
                "Machinery and Mechanical Appliances; Electrical Equipment; Parts thereof; Sound Recorders and Reproducers, Television Image and Sound Recorders and Reproducers, and Parts and Accessories of such Articles": {
                    "Japan": "56.81",
                    "China": "38.05",
                    "Pakistan": "5.14"
                },
                "Optical, Photographic, Cinematographic, Measuring, Checking, Precision, Medical or Surgical Instruments and Apparatus; Clocks and Watches; Musical Instruments; Parts and Accessories thereof": {
                    "Pakistan": "64.89",
                    "China": "20.56",
                    "India": "6.24",
                    "Iran, Islamic Rep.": "4.61",
                    "Unspecified": "2.69"
                },
                "Miscellaneous Manufactured Articles": {
                    "Unspecified": "100.00"
                }
            }
        },
        "2014": {
            "Imports": {
                "Vegetable Products": {
                    "Unspecified": "69.84",
                    "Pakistan": "27.65",
                    "China": "2.13",
                    "India": "0.38"
                },
                "Prepared Foodstuffs; Beverages, Spirits, Vinegar, Tobacco and Manufactured Tobacco Substitutes": {
                    "Pakistan": "100.00"
                },
                "Products of the Chemical or Allied Industries": {
                    "Pakistan": "50.56",
                    "Iran, Islamic Rep.": "26.40",
                    "China": "14.64",
                    "India": "8.07",
                    "Germany": "0.34"
                },
                "Plastics and Articles thereof; Rubber and Articles thereof": {
                    "China": "59.52",
                    "Japan": "18.17",
                    "India": "11.52",
                    "Pakistan": "10.49",
                    "Germany": "0.30"
                },
                "Wood and Articles of Wood; Wood Charcoal; Cork and Articles of Cork; Manufactures of Straw, of Esparto or of Other Plaiting Materials; Basketware and Wickerwork": {
                    "China": "98.77",
                    "Japan": "1.23"
                },
                "Textiles and Textile Articles": {
                    "China": "79.41",
                    "Pakistan": "12.98",
                    "India": "6.93",
                    "Unspecified": "0.47",
                    "Iran, Islamic Rep.": "0.18"
                },
                "Footwear, Headgear, Umbrellas, Sun Umbrellas, Walking-sticks, Seat-sticks, Whips, Riding-crops, and Parts thereof; Prepared Feathers and Articles Made therewith; Artificial Flowers; Articles of Human Hair": {
                    "China": "55.00",
                    "Pakistan": "45.00"
                },
                "Articles of Stone, Plaster, Cement, Asbestos, Mica or Similar Materials; Ceramic Products; Glass and Glassware": {
                    "Pakistan": "100.00"
                },
                "Machinery and Mechanical Appliances; Electrical Equipment; Parts thereof; Sound Recorders and Reproducers, Television Image and Sound Recorders and Reproducers, and Parts and Accessories of such Articles": {
                    "China": "82.91",
                    "Pakistan": "17.09"
                },
                "Optical, Photographic, Cinematographic, Measuring, Checking, Precision, Medical or Surgical Instruments and Apparatus; Clocks and Watches; Musical Instruments; Parts and Accessories thereof": {
                    "China": "49.95",
                    "Pakistan": "39.96",
                    "India": "5.08",
                    "Iran, Islamic Rep.": "3.83",
                    "Japan": "0.88"
                },
                "Miscellaneous Manufactured Articles": {
                    "Unspecified": "100.00"
                }
            }
        },
        "2015": {
            "Imports": {
                "Animals & Animal Products": {
                    "Pakistan": "41.03",
                    "Iran, Islamic Rep.": "11.47",
                    "India": "9.51",
                    "France": "6.46",
                    "United States": "5.42"
                },
                "Vegetable Products": {
                    "Kazakhstan": "26.94",
                    "Pakistan": "24.50",
                    "Malaysia": "20.19",
                    "Kenya": "6.01",
                    "Uzbekistan": "4.66"
                },
                "Prepared Foodstuffs; Beverages, Spirits, Vinegar, Tobacco and Manufactured Tobacco Substitutes": {
                    "Pakistan": "37.71",
                    "Korea, Rep.": "17.89",
                    "Iran, Islamic Rep.": "11.85",
                    "India": "8.12",
                    "United Arab Emirates": "5.02"
                },
                "Mineral Products": {
                    "Pakistan": "57.88",
                    "Iran, Islamic Rep.": "23.22",
                    "Kazakhstan": "12.21",
                    "Tajikistan": "4.19",
                    "India": "1.63"
                },
                "Products of the Chemical or Allied Industries": {
                    "Pakistan": "33.09",
                    "Iran, Islamic Rep.": "7.59",
                    "China": "7.48",
                    "United States": "7.24",
                    "India": "6.63"
                },
                "Plastics and Articles thereof; Rubber and Articles thereof": {
                    "China": "32.21",
                    "United Arab Emirates": "23.72",
                    "Iran, Islamic Rep.": "14.80",
                    "Pakistan": "11.25",
                    "United States": "3.34"
                },
                "Raw Hides and Skins, Leather, Furskins, and Articles thereof; Saddlery and Harness; Travel Goods, Handbags, and Similar Containers; Articles of Animal Gut (Other than Silk-worm Gut)": {
                    "Iran, Islamic Rep.": "48.42",
                    "United Arab Emirates": "36.10",
                    "China": "7.46",
                    "Pakistan": "5.80",
                    "Switzerland": "1.62"
                },
                "Wood and Articles of Wood; Wood Charcoal; Cork and Articles of Cork; Manufactures of Straw, of Esparto or of Other Plaiting Materials; Basketware and Wickerwork": {
                    "China": "48.24",
                    "Iran, Islamic Rep.": "12.74",
                    "Indonesia": "9.87",
                    "Pakistan": "7.85",
                    "United Arab Emirates": "5.30"
                },
                "Textiles and Textile Articles": {
                    "China": "76.78",
                    "United Arab Emirates": "7.79",
                    "India": "7.58",
                    "Pakistan": "4.62",
                    "Iran, Islamic Rep.": "1.40"
                },
                "Footwear, Headgear, Umbrellas, Sun Umbrellas, Walking-sticks, Seat-sticks, Whips, Riding-crops, and Parts thereof; Prepared Feathers and Articles Made therewith; Artificial Flowers; Articles of Human Hair": {
                    "Pakistan": "71.38",
                    "China": "11.75",
                    "United Arab Emirates": "7.44",
                    "Iran, Islamic Rep.": "3.45",
                    "India": "1.62"
                },
                "Articles of Stone, Plaster, Cement, Asbestos, Mica or Similar Materials; Ceramic Products; Glass and Glassware": {
                    "Pakistan": "60.39",
                    "Iran, Islamic Rep.": "37.36",
                    "China": "1.21",
                    "Tajikistan": "0.31",
                    "United Arab Emirates": "0.20"
                },
                "Natural or Cultured Pearls, Precious or Semi-precious Stones, Precious Metals, Metals Clad with Precious Metal, and Articles thereof; Imitation Jewellery; Coin": {
                    "Iran, Islamic Rep.": "45.50",
                    "Pakistan": "15.85",
                    "China": "14.05",
                    "Turkey": "10.79",
                    "United States": "4.59"
                },
                "Base Metals and Articles of Base Metal": {
                    "China": "30.20",
                    "Iran, Islamic Rep.": "20.85",
                    "Turkey": "11.06",
                    "Pakistan": "10.81",
                    "Japan": "9.14"
                },
                "Machinery and Mechanical Appliances; Electrical Equipment; Parts thereof; Sound Recorders and Reproducers, Television Image and Sound Recorders and Reproducers, and Parts and Accessories of such Articles": {
                    "Iran, Islamic Rep.": "44.37",
                    "China": "29.76",
                    "Pakistan": "11.17",
                    "United Arab Emirates": "5.57",
                    "Russian Federation": "2.14"
                },
                "Vehicles, Aircraft, Vessels, and Associated Transport Equipment": {
                    "United Arab Emirates": "38.97",
                    "China": "27.22",
                    "Japan": "20.15",
                    "Pakistan": "2.25",
                    "United States": "1.79"
                },
                "Optical, Photographic, Cinematographic, Measuring, Checking, Precision, Medical or Surgical Instruments and Apparatus; Clocks and Watches; Musical Instruments; Parts and Accessories thereof": {
                    "China": "30.28",
                    "Iran, Islamic Rep.": "17.38",
                    "Pakistan": "16.11",
                    "Uzbekistan": "9.41",
                    "United Arab Emirates": "7.28"
                },
                "Miscellaneous Manufactured Articles": {
                    "Unspecified": "91.03",
                    "Uzbekistan": "3.14",
                    "Iran, Islamic Rep.": "1.49",
                    "China": "1.40",
                    "Tajikistan": "1.17"
                }
            }
        },
        "2016": {
            "Imports": {
                "Animals & Animal Products": {
                    "Pakistan": "51.10",
                    "Uzbekistan": "11.27",
                    "Iran, Islamic Rep.": "11.20",
                    "Turkmenistan": "8.70",
                    "Ireland": "3.74"
                },
                "Vegetable Products": {
                    "Kazakhstan": "36.13",
                    "Pakistan": "20.57",
                    "Malaysia": "17.99",
                    "Uzbekistan": "6.15",
                    "Vietnam": "3.59"
                },
                "Prepared Foodstuffs; Beverages, Spirits, Vinegar, Tobacco and Manufactured Tobacco Substitutes": {
                    "Pakistan": "28.62",
                    "Iran, Islamic Rep.": "16.16",
                    "United Arab Emirates": "13.70",
                    "Korea, Rep.": "7.18",
                    "India": "5.83"
                },
                "Mineral Products": {
                    "Pakistan": "70.49",
                    "Iran, Islamic Rep.": "14.86",
                    "Uzbekistan": "8.22",
                    "Tajikistan": "5.47",
                    "United Arab Emirates": "0.95"
                },
                "Products of the Chemical or Allied Industries": {
                    "Pakistan": "44.52",
                    "India": "9.03",
                    "Iran, Islamic Rep.": "8.87",
                    "China": "8.79",
                    "Uzbekistan": "5.91"
                },
                "Plastics and Articles thereof; Rubber and Articles thereof": {
                    "China": "56.21",
                    "Japan": "14.40",
                    "Pakistan": "7.23",
                    "Iran, Islamic Rep.": "5.04",
                    "United Arab Emirates": "4.78"
                },
                "Raw Hides and Skins, Leather, Furskins, and Articles thereof; Saddlery and Harness; Travel Goods, Handbags, and Similar Containers; Articles of Animal Gut (Other than Silk-worm Gut)": {
                    "Iran, Islamic Rep.": "37.31",
                    "China": "31.00",
                    "Pakistan": "26.16",
                    "United Arab Emirates": "2.99",
                    "Malaysia": "0.77"
                },
                "Wood and Articles of Wood; Wood Charcoal; Cork and Articles of Cork; Manufactures of Straw, of Esparto or of Other Plaiting Materials; Basketware and Wickerwork": {
                    "China": "55.99",
                    "Indonesia": "10.17",
                    "Pakistan": "9.57",
                    "Iran, Islamic Rep.": "6.31",
                    "India": "2.66"
                },
                "Textiles and Textile Articles": {
                    "China": "83.08",
                    "India": "9.74",
                    "Pakistan": "2.77",
                    "Iran, Islamic Rep.": "2.00",
                    "Turkey": "0.94"
                },
                "Footwear, Headgear, Umbrellas, Sun Umbrellas, Walking-sticks, Seat-sticks, Whips, Riding-crops, and Parts thereof; Prepared Feathers and Articles Made therewith; Artificial Flowers; Articles of Human Hair": {
                    "Pakistan": "55.02",
                    "China": "29.07",
                    "Uzbekistan": "7.24",
                    "Ukraine": "3.75",
                    "India": "2.49"
                },
                "Articles of Stone, Plaster, Cement, Asbestos, Mica or Similar Materials; Ceramic Products; Glass and Glassware": {
                    "Pakistan": "50.58",
                    "Iran, Islamic Rep.": "35.93",
                    "Tajikistan": "5.95",
                    "Turkmenistan": "2.84",
                    "China": "2.64"
                },
                "Natural or Cultured Pearls, Precious or Semi-precious Stones, Precious Metals, Metals Clad with Precious Metal, and Articles thereof; Imitation Jewellery; Coin": {
                    "Uzbekistan": "24.54",
                    "China": "22.25",
                    "Pakistan": "21.40",
                    "Iran, Islamic Rep.": "20.21",
                    "United Arab Emirates": "6.44"
                },
                "Base Metals and Articles of Base Metal": {
                    "China": "41.67",
                    "Pakistan": "17.75",
                    "Iran, Islamic Rep.": "13.02",
                    "Uzbekistan": "9.58",
                    "Turkey": "7.40"
                },
                "Machinery and Mechanical Appliances; Electrical Equipment; Parts thereof; Sound Recorders and Reproducers, Television Image and Sound Recorders and Reproducers, and Parts and Accessories of such Articles": {
                    "Pakistan": "33.70",
                    "Iran, Islamic Rep.": "30.24",
                    "China": "19.14",
                    "Kazakhstan": "4.53",
                    "Russian Federation": "2.34"
                },
                "Vehicles, Aircraft, Vessels, and Associated Transport Equipment": {
                    "Japan": "64.32",
                    "China": "20.74",
                    "Pakistan": "4.67",
                    "Germany": "2.47",
                    "Iran, Islamic Rep.": "1.70"
                },
                "Optical, Photographic, Cinematographic, Measuring, Checking, Precision, Medical or Surgical Instruments and Apparatus; Clocks and Watches; Musical Instruments; Parts and Accessories thereof": {
                    "China": "34.22",
                    "Pakistan": "17.44",
                    "Iran, Islamic Rep.": "14.60",
                    "Uzbekistan": "9.41",
                    "Japan": "7.13"
                },
                "Miscellaneous Manufactured Articles": {
                    "Unspecified": "85.06",
                    "Uzbekistan": "5.15",
                    "Iran, Islamic Rep.": "2.29",
                    "Japan": "1.93",
                    "China": "1.88"
                }
            }
        },
        "2017": {
            "Imports": {
                "Animals & Animal Products": {
                    "Pakistan": "39.58",
                    "United States": "16.84",
                    "Iran, Islamic Rep.": "11.22",
                    "Kazakhstan": "6.52",
                    "Uzbekistan": "6.33"
                },
                "Vegetable Products": {
                    "Kazakhstan": "35.42",
                    "Pakistan": "17.18",
                    "Malaysia": "17.09",
                    "Uzbekistan": "10.47",
                    "Kenya": "3.82"
                },
                "Prepared Foodstuffs; Beverages, Spirits, Vinegar, Tobacco and Manufactured Tobacco Substitutes": {
                    "Pakistan": "61.72",
                    "Korea, Rep.": "11.23",
                    "Iran, Islamic Rep.": "7.78",
                    "United Arab Emirates": "4.92",
                    "India": "3.39"
                },
                "Mineral Products": {
                    "Iran, Islamic Rep.": "57.90",
                    "Pakistan": "33.96",
                    "China": "2.80",
                    "Uzbekistan": "1.63",
                    "India": "1.41"
                },
                "Products of the Chemical or Allied Industries": {
                    "Pakistan": "22.22",
                    "Iran, Islamic Rep.": "17.34",
                    "China": "13.03",
                    "Uzbekistan": "12.10",
                    "Turkmenistan": "11.54"
                },
                "Plastics and Articles thereof; Rubber and Articles thereof": {
                    "China": "50.73",
                    "Iran, Islamic Rep.": "20.09",
                    "Japan": "11.55",
                    "Pakistan": "4.47",
                    "India": "3.76"
                },
                "Raw Hides and Skins, Leather, Furskins, and Articles thereof; Saddlery and Harness; Travel Goods, Handbags, and Similar Containers; Articles of Animal Gut (Other than Silk-worm Gut)": {
                    "Iran, Islamic Rep.": "35.09",
                    "Pakistan": "22.18",
                    "United Arab Emirates": "21.53",
                    "China": "17.88",
                    "India": "1.09"
                },
                "Wood and Articles of Wood; Wood Charcoal; Cork and Articles of Cork; Manufactures of Straw, of Esparto or of Other Plaiting Materials; Basketware and Wickerwork": {
                    "Russian Federation": "28.47",
                    "China": "22.67",
                    "Pakistan": "21.17",
                    "Iran, Islamic Rep.": "10.07",
                    "Indonesia": "5.78"
                },
                "Textiles and Textile Articles": {
                    "China": "78.10",
                    "India": "11.47",
                    "Iran, Islamic Rep.": "4.90",
                    "Pakistan": "3.70",
                    "Korea, Rep.": "0.84"
                },
                "Footwear, Headgear, Umbrellas, Sun Umbrellas, Walking-sticks, Seat-sticks, Whips, Riding-crops, and Parts thereof; Prepared Feathers and Articles Made therewith; Artificial Flowers; Articles of Human Hair": {
                    "China": "35.56",
                    "Pakistan": "26.25",
                    "Unspecified": "12.94",
                    "India": "12.79",
                    "Iran, Islamic Rep.": "5.12"
                },
                "Articles of Stone, Plaster, Cement, Asbestos, Mica or Similar Materials; Ceramic Products; Glass and Glassware": {
                    "Iran, Islamic Rep.": "44.05",
                    "Pakistan": "37.82",
                    "Tajikistan": "10.54",
                    "China": "5.71",
                    "Indonesia": "0.70"
                },
                "Natural or Cultured Pearls, Precious or Semi-precious Stones, Precious Metals, Metals Clad with Precious Metal, and Articles thereof; Imitation Jewellery; Coin": {
                    "Uzbekistan": "67.08",
                    "Iran, Islamic Rep.": "20.07",
                    "Pakistan": "7.21",
                    "Kazakhstan": "1.51",
                    "Tajikistan": "1.20"
                },
                "Base Metals and Articles of Base Metal": {
                    "Uzbekistan": "20.67",
                    "Iran, Islamic Rep.": "19.19",
                    "China": "18.67",
                    "Kazakhstan": "12.95",
                    "Russian Federation": "12.35"
                },
                "Machinery and Mechanical Appliances; Electrical Equipment; Parts thereof; Sound Recorders and Reproducers, Television Image and Sound Recorders and Reproducers, and Parts and Accessories of such Articles": {
                    "China": "47.67",
                    "Iran, Islamic Rep.": "15.98",
                    "India": "9.67",
                    "Pakistan": "8.01",
                    "Japan": "3.18"
                },
                "Vehicles, Aircraft, Vessels, and Associated Transport Equipment": {
                    "Japan": "60.48",
                    "Germany": "8.69",
                    "China": "8.52",
                    "Canada": "3.97",
                    "Korea, Rep.": "2.91"
                },
                "Optical, Photographic, Cinematographic, Measuring, Checking, Precision, Medical or Surgical Instruments and Apparatus; Clocks and Watches; Musical Instruments; Parts and Accessories thereof": {
                    "China": "34.50",
                    "Iran, Islamic Rep.": "14.27",
                    "Japan": "11.86",
                    "Pakistan": "10.29",
                    "India": "6.09"
                },
                "Miscellaneous Manufactured Articles": {
                    "Uzbekistan": "19.83",
                    "Japan": "18.30",
                    "China": "17.05",
                    "Iran, Islamic Rep.": "13.90",
                    "Tajikistan": "6.19"
                }
            }
        },
        "2018": {
            "Imports": {
                "Animals & Animal Products": {
                    "Pakistan": "33.71",
                    "United States": "14.22",
                    "Iran, Islamic Rep.": "10.98",
                    "Kazakhstan": "10.49",
                    "India": "7.63"
                },
                "Vegetable Products": {
                    "Kazakhstan": "32.93",
                    "Pakistan": "20.31",
                    "Malaysia": "13.73",
                    "Uzbekistan": "12.57",
                    "Iran, Islamic Rep.": "4.77"
                },
                "Prepared Foodstuffs; Beverages, Spirits, Vinegar, Tobacco and Manufactured Tobacco Substitutes": {
                    "Pakistan": "53.85",
                    "India": "10.44",
                    "Korea, Rep.": "9.85",
                    "Iran, Islamic Rep.": "9.07",
                    "United Arab Emirates": "5.97"
                },
                "Mineral Products": {
                    "Iran, Islamic Rep.": "60.12",
                    "Pakistan": "27.74",
                    "India": "5.13",
                    "China": "2.85",
                    "Uzbekistan": "1.57"
                },
                "Products of the Chemical or Allied Industries": {
                    "Pakistan": "21.29",
                    "China": "14.46",
                    "Iran, Islamic Rep.": "14.05",
                    "Uzbekistan": "11.18",
                    "Turkmenistan": "10.20"
                },
                "Plastics and Articles thereof; Rubber and Articles thereof": {
                    "China": "49.98",
                    "Iran, Islamic Rep.": "24.95",
                    "Japan": "5.51",
                    "Pakistan": "4.83",
                    "United Arab Emirates": "4.01"
                },
                "Raw Hides and Skins, Leather, Furskins, and Articles thereof; Saddlery and Harness; Travel Goods, Handbags, and Similar Containers; Articles of Animal Gut (Other than Silk-worm Gut)": {
                    "Iran, Islamic Rep.": "29.79",
                    "United Arab Emirates": "25.29",
                    "Pakistan": "24.52",
                    "China": "18.10",
                    "India": "0.87"
                },
                "Wood and Articles of Wood; Wood Charcoal; Cork and Articles of Cork; Manufactures of Straw, of Esparto or of Other Plaiting Materials; Basketware and Wickerwork": {
                    "China": "23.88",
                    "Russian Federation": "20.41",
                    "Pakistan": "19.58",
                    "Iran, Islamic Rep.": "10.81",
                    "Kazakhstan": "4.88"
                },
                "Textiles and Textile Articles": {
                    "China": "79.38",
                    "India": "10.85",
                    "Iran, Islamic Rep.": "4.62",
                    "Pakistan": "3.31",
                    "Korea, Rep.": "0.77"
                },
                "Footwear, Headgear, Umbrellas, Sun Umbrellas, Walking-sticks, Seat-sticks, Whips, Riding-crops, and Parts thereof; Prepared Feathers and Articles Made therewith; Artificial Flowers; Articles of Human Hair": {
                    "Pakistan": "46.33",
                    "China": "35.75",
                    "Iran, Islamic Rep.": "6.66",
                    "Unspecified": "3.20",
                    "India": "2.86"
                },
                "Articles of Stone, Plaster, Cement, Asbestos, Mica or Similar Materials; Ceramic Products; Glass and Glassware": {
                    "Iran, Islamic Rep.": "44.99",
                    "Pakistan": "35.56",
                    "Tajikistan": "10.62",
                    "China": "6.55",
                    "Turkmenistan": "0.79"
                },
                "Natural or Cultured Pearls, Precious or Semi-precious Stones, Precious Metals, Metals Clad with Precious Metal, and Articles thereof; Imitation Jewellery; Coin": {
                    "Iran, Islamic Rep.": "48.30",
                    "Pakistan": "14.62",
                    "Kazakhstan": "11.04",
                    "China": "6.10",
                    "Austria": "5.47"
                },
                "Base Metals and Articles of Base Metal": {
                    "Iran, Islamic Rep.": "29.61",
                    "China": "16.08",
                    "Uzbekistan": "15.20",
                    "India": "10.76",
                    "Russian Federation": "8.84"
                },
                "Machinery and Mechanical Appliances; Electrical Equipment; Parts thereof; Sound Recorders and Reproducers, Television Image and Sound Recorders and Reproducers, and Parts and Accessories of such Articles": {
                    "China": "45.62",
                    "India": "14.21",
                    "Iran, Islamic Rep.": "13.91",
                    "Pakistan": "7.29",
                    "Turkey": "2.75"
                },
                "Vehicles, Aircraft, Vessels, and Associated Transport Equipment": {
                    "Japan": "63.11",
                    "Germany": "10.35",
                    "China": "7.25",
                    "Korea, Rep.": "3.18",
                    "Iran, Islamic Rep.": "2.54"
                },
                "Optical, Photographic, Cinematographic, Measuring, Checking, Precision, Medical or Surgical Instruments and Apparatus; Clocks and Watches; Musical Instruments; Parts and Accessories thereof": {
                    "China": "32.95",
                    "Iran, Islamic Rep.": "16.20",
                    "Japan": "11.90",
                    "Pakistan": "9.93",
                    "India": "7.31"
                },
                "Miscellaneous Manufactured Articles": {
                    "Uzbekistan": "26.41",
                    "Japan": "20.61",
                    "China": "15.59",
                    "Iran, Islamic Rep.": "12.10",
                    "Tajikistan": "5.95"
                }
            }
        },
        "2019": {
            "Imports": {
                "Animals & Animal Products": {
                    "Turkey": "32.06",
                    "Pakistan": "18.47",
                    "Iran, Islamic Rep.": "9.07",
                    "United States": "8.18",
                    "India": "4.79"
                },
                "Vegetable Products": {
                    "Kazakhstan": "25.28",
                    "Pakistan": "23.37",
                    "Malaysia": "18.52",
                    "Uzbekistan": "10.12",
                    "Iran, Islamic Rep.": "4.15"
                },
                "Prepared Foodstuffs; Beverages, Spirits, Vinegar, Tobacco and Manufactured Tobacco Substitutes": {
                    "Pakistan": "39.71",
                    "India": "16.85",
                    "Korea, Rep.": "8.60",
                    "United Arab Emirates": "7.74",
                    "Turkey": "6.93"
                },
                "Mineral Products": {
                    "Iran, Islamic Rep.": "45.73",
                    "India": "16.45",
                    "Pakistan": "13.89",
                    "Uzbekistan": "12.59",
                    "China": "9.84"
                },
                "Products of the Chemical or Allied Industries": {
                    "Pakistan": "20.47",
                    "Iran, Islamic Rep.": "12.83",
                    "China": "12.80",
                    "India": "11.80",
                    "Uzbekistan": "7.33"
                },
                "Plastics and Articles thereof; Rubber and Articles thereof": {
                    "China": "53.03",
                    "Iran, Islamic Rep.": "16.09",
                    "Japan": "10.79",
                    "Pakistan": "6.74",
                    "United Arab Emirates": "3.91"
                },
                "Raw Hides and Skins, Leather, Furskins, and Articles thereof; Saddlery and Harness; Travel Goods, Handbags, and Similar Containers; Articles of Animal Gut (Other than Silk-worm Gut)": {
                    "Pakistan": "43.53",
                    "China": "40.67",
                    "Iran, Islamic Rep.": "8.10",
                    "Netherlands": "1.64",
                    "Denmark": "1.39"
                },
                "Wood and Articles of Wood; Wood Charcoal; Cork and Articles of Cork; Manufactures of Straw, of Esparto or of Other Plaiting Materials; Basketware and Wickerwork": {
                    "China": "28.67",
                    "Pakistan": "18.89",
                    "Russian Federation": "15.58",
                    "Iran, Islamic Rep.": "12.10",
                    "Turkey": "5.98"
                },
                "Textiles and Textile Articles": {
                    "China": "76.23",
                    "India": "11.02",
                    "Pakistan": "6.83",
                    "Iran, Islamic Rep.": "3.34",
                    "Korea, Rep.": "0.78"
                },
                "Footwear, Headgear, Umbrellas, Sun Umbrellas, Walking-sticks, Seat-sticks, Whips, Riding-crops, and Parts thereof; Prepared Feathers and Articles Made therewith; Artificial Flowers; Articles of Human Hair": {
                    "Pakistan": "56.76",
                    "China": "26.55",
                    "Iran, Islamic Rep.": "5.72",
                    "Unspecified": "4.75",
                    "India": "1.76"
                },
                "Articles of Stone, Plaster, Cement, Asbestos, Mica or Similar Materials; Ceramic Products; Glass and Glassware": {
                    "Iran, Islamic Rep.": "40.30",
                    "Pakistan": "36.74",
                    "China": "9.07",
                    "Tajikistan": "8.94",
                    "Uzbekistan": "2.07"
                },
                "Natural or Cultured Pearls, Precious or Semi-precious Stones, Precious Metals, Metals Clad with Precious Metal, and Articles thereof; Imitation Jewellery; Coin": {
                    "India": "50.40",
                    "Iran, Islamic Rep.": "15.53",
                    "China": "12.09",
                    "Turkey": "7.21",
                    "Pakistan": "6.51"
                },
                "Base Metals and Articles of Base Metal": {
                    "Iran, Islamic Rep.": "30.52",
                    "China": "18.68",
                    "India": "18.11",
                    "Uzbekistan": "10.61",
                    "Russian Federation": "7.07"
                },
                "Machinery and Mechanical Appliances; Electrical Equipment; Parts thereof; Sound Recorders and Reproducers, Television Image and Sound Recorders and Reproducers, and Parts and Accessories of such Articles": {
                    "China": "40.50",
                    "Turkey": "16.40",
                    "India": "13.98",
                    "Unspecified": "4.11",
                    "Iran, Islamic Rep.": "4.09"
                },
                "Vehicles, Aircraft, Vessels, and Associated Transport Equipment": {
                    "Japan": "41.41",
                    "United States": "28.33",
                    "Germany": "12.79",
                    "China": "5.42",
                    "Korea, Rep.": "2.44"
                },
                "Optical, Photographic, Cinematographic, Measuring, Checking, Precision, Medical or Surgical Instruments and Apparatus; Clocks and Watches; Musical Instruments; Parts and Accessories thereof": {
                    "China": "33.43",
                    "Iran, Islamic Rep.": "13.45",
                    "Pakistan": "12.31",
                    "India": "8.69",
                    "Japan": "6.65"
                },
                "Miscellaneous Manufactured Articles": {
                    "United States": "28.71",
                    "Uzbekistan": "14.61",
                    "Iran, Islamic Rep.": "8.95",
                    "Tajikistan": "8.67",
                    "Turkmenistan": "8.46"
                }
            }
        }
    }
}