{
    "Main Partners": {
        "2015": {
            "Imports": {
                "Animals & Animal Products": {
                    "Namibia": "18.59",
                    "Belgium": "8.47",
                    "United States": "8.32",
                    "Angola": "8.31",
                    "Turkey": "5.01"
                },
                "Vegetable Products": {
                    "Russian Federation": "19.73",
                    "Thailand": "14.28",
                    "France": "10.31",
                    "South Africa": "8.21",
                    "Belgium": "8.16"
                },
                "Prepared Foodstuffs; Beverages, Spirits, Vinegar, Tobacco and Manufactured Tobacco Substitutes": {
                    "Kenya": "11.42",
                    "South Africa": "10.63",
                    "China": "7.87",
                    "Guatemala": "7.66",
                    "Tanzania": "6.63"
                },
                "Mineral Products": {
                    "South Africa": "48.69",
                    "Zambia": "17.53",
                    "Tanzania": "4.60",
                    "Australia": "3.38",
                    "China": "3.32"
                },
                "Products of the Chemical or Allied Industries": {
                    "China": "17.73",
                    "South Africa": "17.06",
                    "Zambia": "15.35",
                    "France": "10.33",
                    "India": "7.23"
                },
                "Plastics and Articles thereof; Rubber and Articles thereof": {
                    "South Africa": "26.29",
                    "China": "20.39",
                    "Saudi Arabia": "6.94",
                    "Thailand": "4.46",
                    "United States": "4.36"
                },
                "Raw Hides and Skins, Leather, Furskins, and Articles thereof; Saddlery and Harness; Travel Goods, Handbags, and Similar Containers; Articles of Animal Gut (Other than Silk-worm Gut)": {
                    "China": "54.31",
                    "Canada": "7.24",
                    "United States": "6.48",
                    "South Africa": "6.10",
                    "Uganda": "4.18"
                },
                "Wood and Articles of Wood; Wood Charcoal; Cork and Articles of Cork; Manufactures of Straw, of Esparto or of Other Plaiting Materials; Basketware and Wickerwork": {
                    "United States": "51.76",
                    "Switzerland": "25.97",
                    "United Kingdom": "9.06",
                    "China": "3.45",
                    "South Africa": "1.45"
                },
                "Textiles and Textile Articles": {
                    "China": "31.48",
                    "South Africa": "17.91",
                    "United States": "11.09",
                    "Canada": "6.92",
                    "India": "4.91"
                },
                "Footwear, Headgear, Umbrellas, Sun Umbrellas, Walking-sticks, Seat-sticks, Whips, Riding-crops, and Parts thereof; Prepared Feathers and Articles Made therewith; Artificial Flowers; Articles of Human Hair": {
                    "China": "38.83",
                    "Korea, Rep.": "16.04",
                    "Japan": "12.36",
                    "South Africa": "9.48",
                    "Kenya": "5.17"
                },
                "Articles of Stone, Plaster, Cement, Asbestos, Mica or Similar Materials; Ceramic Products; Glass and Glassware": {
                    "China": "36.25",
                    "Tanzania": "11.46",
                    "South Africa": "8.79",
                    "Spain": "7.42",
                    "United Arab Emirates": "6.27"
                },
                "Natural or Cultured Pearls, Precious or Semi-precious Stones, Precious Metals, Metals Clad with Precious Metal, and Articles thereof; Imitation Jewellery; Coin": {
                    "South Africa": "43.21",
                    "Zambia": "10.40",
                    "Australia": "8.41",
                    "Russian Federation": "5.39",
                    "United States": "4.45"
                },
                "Base Metals and Articles of Base Metal": {
                    "South Africa": "40.23",
                    "China": "28.48",
                    "India": "3.91",
                    "Belgium": "2.87",
                    "Spain": "2.86"
                },
                "Machinery and Mechanical Appliances; Electrical Equipment; Parts thereof; Sound Recorders and Reproducers, Television Image and Sound Recorders and Reproducers, and Parts and Accessories of such Articles": {
                    "South Africa": "25.81",
                    "China": "23.55",
                    "United States": "9.10",
                    "Belgium": "7.36",
                    "Germany": "5.17"
                },
                "Vehicles, Aircraft, Vessels, and Associated Transport Equipment": {
                    "Japan": "18.05",
                    "China": "14.63",
                    "South Africa": "12.99",
                    "India": "11.36",
                    "United States": "8.30"
                },
                "Optical, Photographic, Cinematographic, Measuring, Checking, Precision, Medical or Surgical Instruments and Apparatus; Clocks and Watches; Musical Instruments; Parts and Accessories thereof": {
                    "South Africa": "23.29",
                    "China": "19.60",
                    "United States": "10.21",
                    "Zambia": "5.12",
                    "India": "4.32"
                },
                "Miscellaneous Manufactured Articles": {
                    "China": "32.05",
                    "South Africa": "19.56",
                    "Belgium": "7.05",
                    "United States": "5.28",
                    "United Arab Emirates": "5.20"
                }
            }
        },
        "2016": {
            "Imports": {
                "Animals & Animal Products": {
                    "Namibia": "14.08",
                    "Angola": "7.22",
                    "Germany": "6.81",
                    "United States": "6.78",
                    "Brazil": "6.70"
                },
                "Vegetable Products": {
                    "Russian Federation": "20.52",
                    "France": "15.56",
                    "Thailand": "10.89",
                    "Belgium": "9.82",
                    "Germany": "4.58"
                },
                "Prepared Foodstuffs; Beverages, Spirits, Vinegar, Tobacco and Manufactured Tobacco Substitutes": {
                    "Kenya": "10.98",
                    "South Africa": "10.31",
                    "China": "8.51",
                    "Tanzania": "8.12",
                    "Ireland": "7.75"
                },
                "Mineral Products": {
                    "South Africa": "28.43",
                    "Saudi Arabia": "11.57",
                    "Zambia": "11.21",
                    "United States": "9.70",
                    "United Arab Emirates": "6.30"
                },
                "Products of the Chemical or Allied Industries": {
                    "France": "17.92",
                    "India": "16.15",
                    "China": "14.54",
                    "Zambia": "11.62",
                    "South Africa": "9.49"
                },
                "Plastics and Articles thereof; Rubber and Articles thereof": {
                    "China": "22.91",
                    "South Africa": "19.13",
                    "Saudi Arabia": "11.04",
                    "United States": "8.88",
                    "India": "3.71"
                },
                "Raw Hides and Skins, Leather, Furskins, and Articles thereof; Saddlery and Harness; Travel Goods, Handbags, and Similar Containers; Articles of Animal Gut (Other than Silk-worm Gut)": {
                    "China": "46.57",
                    "Canada": "14.11",
                    "United States": "9.84",
                    "Uganda": "4.33",
                    "South Africa": "3.66"
                },
                "Wood and Articles of Wood; Wood Charcoal; Cork and Articles of Cork; Manufactures of Straw, of Esparto or of Other Plaiting Materials; Basketware and Wickerwork": {
                    "United Kingdom": "53.74",
                    "United States": "34.94",
                    "China": "2.66",
                    "Germany": "1.29",
                    "South Africa": "1.28"
                },
                "Textiles and Textile Articles": {
                    "China": "33.89",
                    "United States": "16.86",
                    "Canada": "8.73",
                    "India": "5.44",
                    "Pakistan": "4.96"
                },
                "Footwear, Headgear, Umbrellas, Sun Umbrellas, Walking-sticks, Seat-sticks, Whips, Riding-crops, and Parts thereof; Prepared Feathers and Articles Made therewith; Artificial Flowers; Articles of Human Hair": {
                    "China": "36.40",
                    "Korea, Rep.": "18.33",
                    "Japan": "10.34",
                    "South Africa": "9.57",
                    "Kenya": "5.53"
                },
                "Articles of Stone, Plaster, Cement, Asbestos, Mica or Similar Materials; Ceramic Products; Glass and Glassware": {
                    "China": "41.94",
                    "Tanzania": "9.34",
                    "South Africa": "7.96",
                    "Spain": "7.38",
                    "Korea, Rep.": "4.95"
                },
                "Natural or Cultured Pearls, Precious or Semi-precious Stones, Precious Metals, Metals Clad with Precious Metal, and Articles thereof; Imitation Jewellery; Coin": {
                    "South Africa": "32.06",
                    "Saudi Arabia": "16.41",
                    "United States": "13.77",
                    "United Arab Emirates": "9.27",
                    "Australia": "8.92"
                },
                "Base Metals and Articles of Base Metal": {
                    "South Africa": "35.33",
                    "China": "28.76",
                    "India": "3.86",
                    "Zambia": "3.49",
                    "Belgium": "3.16"
                },
                "Machinery and Mechanical Appliances; Electrical Equipment; Parts thereof; Sound Recorders and Reproducers, Television Image and Sound Recorders and Reproducers, and Parts and Accessories of such Articles": {
                    "China": "32.34",
                    "South Africa": "16.41",
                    "United States": "8.56",
                    "Belgium": "5.55",
                    "Germany": "4.95"
                },
                "Vehicles, Aircraft, Vessels, and Associated Transport Equipment": {
                    "Japan": "19.49",
                    "China": "18.14",
                    "United States": "10.72",
                    "South Africa": "9.77",
                    "India": "7.56"
                },
                "Optical, Photographic, Cinematographic, Measuring, Checking, Precision, Medical or Surgical Instruments and Apparatus; Clocks and Watches; Musical Instruments; Parts and Accessories thereof": {
                    "China": "21.80",
                    "South Africa": "13.48",
                    "United States": "10.79",
                    "United Kingdom": "9.17",
                    "India": "6.24"
                },
                "Miscellaneous Manufactured Articles": {
                    "China": "34.39",
                    "South Africa": "10.22",
                    "Belgium": "8.99",
                    "United Arab Emirates": "4.89",
                    "France": "4.68"
                }
            }
        },
        "2017": {
            "Imports": {
                "Animals & Animal Products": {
                    "Namibia": "12.30",
                    "Poland": "6.98",
                    "Belgium": "6.56",
                    "France": "6.44",
                    "Norway": "6.41"
                },
                "Vegetable Products": {
                    "Russian Federation": "17.37",
                    "Thailand": "7.98",
                    "France": "7.39",
                    "South Africa": "7.23",
                    "United States": "6.88"
                },
                "Prepared Foodstuffs; Beverages, Spirits, Vinegar, Tobacco and Manufactured Tobacco Substitutes": {
                    "Kenya": "13.49",
                    "South Africa": "9.34",
                    "France": "8.31",
                    "China": "7.53",
                    "Tanzania": "6.93"
                },
                "Mineral Products": {
                    "South Africa": "24.34",
                    "Saudi Arabia": "19.32",
                    "Zambia": "10.02",
                    "United States": "10.00",
                    "United Arab Emirates": "6.51"
                },
                "Products of the Chemical or Allied Industries": {
                    "China": "16.41",
                    "South Africa": "14.92",
                    "Zambia": "14.52",
                    "India": "13.62",
                    "Netherlands": "6.17"
                },
                "Plastics and Articles thereof; Rubber and Articles thereof": {
                    "South Africa": "22.03",
                    "China": "21.73",
                    "Saudi Arabia": "11.21",
                    "United States": "7.14",
                    "India": "4.12"
                },
                "Raw Hides and Skins, Leather, Furskins, and Articles thereof; Saddlery and Harness; Travel Goods, Handbags, and Similar Containers; Articles of Animal Gut (Other than Silk-worm Gut)": {
                    "China": "53.57",
                    "United Arab Emirates": "13.59",
                    "United States": "7.50",
                    "Canada": "5.15",
                    "Uganda": "4.09"
                },
                "Wood and Articles of Wood; Wood Charcoal; Cork and Articles of Cork; Manufactures of Straw, of Esparto or of Other Plaiting Materials; Basketware and Wickerwork": {
                    "United States": "91.77",
                    "United Kingdom": "3.00",
                    "China": "1.07",
                    "Germany": "0.99",
                    "South Africa": "0.80"
                },
                "Textiles and Textile Articles": {
                    "China": "30.57",
                    "United States": "17.38",
                    "Belgium": "12.82",
                    "Canada": "8.30",
                    "United Arab Emirates": "4.85"
                },
                "Footwear, Headgear, Umbrellas, Sun Umbrellas, Walking-sticks, Seat-sticks, Whips, Riding-crops, and Parts thereof; Prepared Feathers and Articles Made therewith; Artificial Flowers; Articles of Human Hair": {
                    "China": "31.61",
                    "Korea, Rep.": "28.22",
                    "Japan": "8.88",
                    "South Africa": "8.15",
                    "Uganda": "7.38"
                },
                "Articles of Stone, Plaster, Cement, Asbestos, Mica or Similar Materials; Ceramic Products; Glass and Glassware": {
                    "China": "43.02",
                    "Tanzania": "9.28",
                    "South Africa": "7.76",
                    "Spain": "7.57",
                    "Korea, Rep.": "6.66"
                },
                "Natural or Cultured Pearls, Precious or Semi-precious Stones, Precious Metals, Metals Clad with Precious Metal, and Articles thereof; Imitation Jewellery; Coin": {
                    "South Africa": "26.17",
                    "Saudi Arabia": "25.51",
                    "United States": "13.20",
                    "United Arab Emirates": "8.67",
                    "Australia": "7.58"
                },
                "Base Metals and Articles of Base Metal": {
                    "China": "34.61",
                    "South Africa": "31.31",
                    "India": "5.11",
                    "Zambia": "4.41",
                    "Australia": "2.55"
                },
                "Machinery and Mechanical Appliances; Electrical Equipment; Parts thereof; Sound Recorders and Reproducers, Television Image and Sound Recorders and Reproducers, and Parts and Accessories of such Articles": {
                    "China": "33.73",
                    "South Africa": "20.37",
                    "United States": "7.39",
                    "Belgium": "5.52",
                    "Germany": "4.53"
                },
                "Vehicles, Aircraft, Vessels, and Associated Transport Equipment": {
                    "Japan": "23.07",
                    "China": "21.28",
                    "India": "8.63",
                    "South Africa": "7.69",
                    "United Kingdom": "5.72"
                },
                "Optical, Photographic, Cinematographic, Measuring, Checking, Precision, Medical or Surgical Instruments and Apparatus; Clocks and Watches; Musical Instruments; Parts and Accessories thereof": {
                    "United States": "31.51",
                    "China": "18.92",
                    "South Africa": "12.80",
                    "India": "4.67",
                    "Zambia": "3.57"
                },
                "Miscellaneous Manufactured Articles": {
                    "China": "31.18",
                    "South Africa": "14.88",
                    "Belgium": "8.52",
                    "Uganda": "4.55",
                    "France": "4.32"
                }
            }
        },
        "2018": {
            "Imports": {
                "Animals & Animal Products": {
                    "Namibia": "16.94",
                    "Poland": "8.23",
                    "Norway": "7.89",
                    "Belgium": "7.43",
                    "Germany": "7.23"
                },
                "Vegetable Products": {
                    "Russian Federation": "24.72",
                    "Thailand": "12.61",
                    "Ukraine": "7.48",
                    "France": "6.42",
                    "South Africa": "5.82"
                },
                "Prepared Foodstuffs; Beverages, Spirits, Vinegar, Tobacco and Manufactured Tobacco Substitutes": {
                    "Kenya": "12.24",
                    "South Africa": "9.87",
                    "Ireland": "8.85",
                    "China": "7.11",
                    "Tanzania": "6.82"
                },
                "Mineral Products": {
                    "South Africa": "15.40",
                    "United Arab Emirates": "13.84",
                    "Tanzania": "12.29",
                    "United States": "11.03",
                    "Zambia": "10.31"
                },
                "Products of the Chemical or Allied Industries": {
                    "Zambia": "20.59",
                    "South Africa": "19.55",
                    "China": "16.13",
                    "India": "10.46",
                    "France": "3.98"
                },
                "Plastics and Articles thereof; Rubber and Articles thereof": {
                    "China": "23.69",
                    "South Africa": "19.91",
                    "Saudi Arabia": "10.39",
                    "India": "4.98",
                    "United States": "4.17"
                },
                "Raw Hides and Skins, Leather, Furskins, and Articles thereof; Saddlery and Harness; Travel Goods, Handbags, and Similar Containers; Articles of Animal Gut (Other than Silk-worm Gut)": {
                    "China": "63.86",
                    "United States": "7.75",
                    "United Arab Emirates": "4.99",
                    "Canada": "4.70",
                    "South Africa": "4.34"
                },
                "Wood and Articles of Wood; Wood Charcoal; Cork and Articles of Cork; Manufactures of Straw, of Esparto or of Other Plaiting Materials; Basketware and Wickerwork": {
                    "United States": "95.51",
                    "Germany": "1.10",
                    "South Africa": "0.58",
                    "China": "0.55",
                    "United Kingdom": "0.34"
                },
                "Textiles and Textile Articles": {
                    "China": "31.42",
                    "United States": "15.84",
                    "Pakistan": "6.70",
                    "Canada": "6.50",
                    "United Arab Emirates": "5.52"
                },
                "Footwear, Headgear, Umbrellas, Sun Umbrellas, Walking-sticks, Seat-sticks, Whips, Riding-crops, and Parts thereof; Prepared Feathers and Articles Made therewith; Artificial Flowers; Articles of Human Hair": {
                    "China": "30.01",
                    "Korea, Rep.": "23.46",
                    "Japan": "9.60",
                    "South Africa": "9.45",
                    "United Arab Emirates": "5.53"
                },
                "Articles of Stone, Plaster, Cement, Asbestos, Mica or Similar Materials; Ceramic Products; Glass and Glassware": {
                    "China": "46.15",
                    "South Africa": "9.80",
                    "Tanzania": "8.59",
                    "Spain": "5.79",
                    "Korea, Rep.": "4.70"
                },
                "Natural or Cultured Pearls, Precious or Semi-precious Stones, Precious Metals, Metals Clad with Precious Metal, and Articles thereof; Imitation Jewellery; Coin": {
                    "United Arab Emirates": "19.36",
                    "South Africa": "18.26",
                    "United States": "15.47",
                    "Kazakhstan": "13.25",
                    "Australia": "7.33"
                },
                "Base Metals and Articles of Base Metal": {
                    "China": "45.08",
                    "South Africa": "30.73",
                    "India": "4.47",
                    "Zambia": "3.76",
                    "United Arab Emirates": "1.49"
                },
                "Machinery and Mechanical Appliances; Electrical Equipment; Parts thereof; Sound Recorders and Reproducers, Television Image and Sound Recorders and Reproducers, and Parts and Accessories of such Articles": {
                    "China": "40.53",
                    "South Africa": "19.05",
                    "United States": "7.58",
                    "India": "3.06",
                    "Germany": "3.05"
                },
                "Vehicles, Aircraft, Vessels, and Associated Transport Equipment": {
                    "China": "31.99",
                    "Japan": "16.49",
                    "India": "13.62",
                    "South Africa": "6.68",
                    "United States": "6.05"
                },
                "Optical, Photographic, Cinematographic, Measuring, Checking, Precision, Medical or Surgical Instruments and Apparatus; Clocks and Watches; Musical Instruments; Parts and Accessories thereof": {
                    "United States": "32.11",
                    "China": "22.72",
                    "South Africa": "12.74",
                    "Zambia": "4.50",
                    "India": "4.35"
                },
                "Miscellaneous Manufactured Articles": {
                    "China": "44.27",
                    "South Africa": "11.34",
                    "United States": "7.03",
                    "Belgium": "4.47",
                    "India": "4.29"
                }
            }
        },
        "2019": {
            "Imports": {
                "Animals & Animal Products": {
                    "Namibia": "13.87",
                    "South Africa": "10.74",
                    "Belgium": "7.87",
                    "Norway": "7.56",
                    "Poland": "6.39"
                },
                "Vegetable Products": {
                    "Russian Federation": "25.07",
                    "Thailand": "9.80",
                    "France": "8.65",
                    "United States": "6.98",
                    "Argentina": "6.91"
                },
                "Prepared Foodstuffs; Beverages, Spirits, Vinegar, Tobacco and Manufactured Tobacco Substitutes": {
                    "South Africa": "10.36",
                    "Kenya": "9.89",
                    "Ireland": "8.11",
                    "China": "7.29",
                    "Belgium": "6.58"
                },
                "Mineral Products": {
                    "Zambia": "15.68",
                    "South Africa": "13.37",
                    "Tanzania": "12.49",
                    "United Arab Emirates": "11.77",
                    "Russian Federation": "8.98"
                },
                "Products of the Chemical or Allied Industries": {
                    "France": "19.62",
                    "South Africa": "16.47",
                    "Zambia": "15.56",
                    "China": "14.11",
                    "India": "8.78"
                },
                "Plastics and Articles thereof; Rubber and Articles thereof": {
                    "China": "33.95",
                    "South Africa": "14.06",
                    "Saudi Arabia": "7.82",
                    "United States": "6.06",
                    "Japan": "3.66"
                },
                "Raw Hides and Skins, Leather, Furskins, and Articles thereof; Saddlery and Harness; Travel Goods, Handbags, and Similar Containers; Articles of Animal Gut (Other than Silk-worm Gut)": {
                    "China": "61.89",
                    "United Arab Emirates": "6.04",
                    "United States": "5.78",
                    "Canada": "4.57",
                    "India": "3.57"
                },
                "Wood and Articles of Wood; Wood Charcoal; Cork and Articles of Cork; Manufactures of Straw, of Esparto or of Other Plaiting Materials; Basketware and Wickerwork": {
                    "United States": "94.76",
                    "Malaysia": "0.91",
                    "China": "0.82",
                    "Germany": "0.76",
                    "South Africa": "0.49"
                },
                "Textiles and Textile Articles": {
                    "China": "34.85",
                    "United States": "13.58",
                    "United Arab Emirates": "8.94",
                    "Pakistan": "7.03",
                    "Canada": "6.29"
                },
                "Footwear, Headgear, Umbrellas, Sun Umbrellas, Walking-sticks, Seat-sticks, Whips, Riding-crops, and Parts thereof; Prepared Feathers and Articles Made therewith; Artificial Flowers; Articles of Human Hair": {
                    "China": "34.43",
                    "Korea, Rep.": "17.99",
                    "United Arab Emirates": "10.45",
                    "Japan": "9.47",
                    "South Africa": "6.77"
                },
                "Articles of Stone, Plaster, Cement, Asbestos, Mica or Similar Materials; Ceramic Products; Glass and Glassware": {
                    "China": "48.79",
                    "Tanzania": "11.80",
                    "South Africa": "7.72",
                    "Zambia": "5.92",
                    "India": "5.07"
                },
                "Natural or Cultured Pearls, Precious or Semi-precious Stones, Precious Metals, Metals Clad with Precious Metal, and Articles thereof; Imitation Jewellery; Coin": {
                    "South Africa": "17.55",
                    "United Arab Emirates": "16.54",
                    "Russian Federation": "12.47",
                    "United States": "11.54",
                    "Australia": "8.47"
                },
                "Base Metals and Articles of Base Metal": {
                    "China": "52.48",
                    "South Africa": "23.93",
                    "India": "3.37",
                    "Zambia": "3.23",
                    "Italy": "2.18"
                },
                "Machinery and Mechanical Appliances; Electrical Equipment; Parts thereof; Sound Recorders and Reproducers, Television Image and Sound Recorders and Reproducers, and Parts and Accessories of such Articles": {
                    "China": "50.24",
                    "South Africa": "12.76",
                    "United States": "7.63",
                    "India": "5.16",
                    "Germany": "2.81"
                },
                "Vehicles, Aircraft, Vessels, and Associated Transport Equipment": {
                    "China": "31.05",
                    "Japan": "18.77",
                    "India": "10.77",
                    "South Africa": "6.27",
                    "United States": "5.68"
                },
                "Optical, Photographic, Cinematographic, Measuring, Checking, Precision, Medical or Surgical Instruments and Apparatus; Clocks and Watches; Musical Instruments; Parts and Accessories thereof": {
                    "United States": "27.98",
                    "China": "27.38",
                    "South Africa": "10.61",
                    "Zambia": "4.73",
                    "India": "4.53"
                },
                "Miscellaneous Manufactured Articles": {
                    "China": "39.75",
                    "South Africa": "11.28",
                    "Belgium": "6.35",
                    "Germany": "5.71",
                    "United States": "5.62"
                }
            }
        },
        "2020": {
            "Imports": {
                "Animals & Animal Products": {
                    "Poland": "14.03",
                    "United States": "7.95",
                    "Mauritania": "7.58",
                    "Netherlands": "7.37",
                    "Namibia": "7.16"
                },
                "Vegetable Products": {
                    "Russian Federation": "26.46",
                    "France": "9.41",
                    "Thailand": "8.45",
                    "Netherlands": "5.73",
                    "Argentina": "5.53"
                },
                "Prepared Foodstuffs; Beverages, Spirits, Vinegar, Tobacco and Manufactured Tobacco Substitutes": {
                    "Italy": "11.86",
                    "Ireland": "10.05",
                    "Brazil": "9.95",
                    "China": "7.11",
                    "South Africa": "6.02"
                },
                "Mineral Products": {
                    "Zambia": "22.47",
                    "Tanzania": "12.22",
                    "Qatar": "11.12",
                    "South Africa": "10.50",
                    "Australia": "5.62"
                },
                "Products of the Chemical or Allied Industries": {
                    "China": "25.76",
                    "Zambia": "17.04",
                    "India": "14.07",
                    "South Africa": "13.88",
                    "Ireland": "4.30"
                },
                "Plastics and Articles thereof; Rubber and Articles thereof": {
                    "China": "34.75",
                    "South Africa": "16.40",
                    "United Kingdom": "6.12",
                    "United States": "5.49",
                    "India": "4.52"
                },
                "Raw Hides and Skins, Leather, Furskins, and Articles thereof; Saddlery and Harness; Travel Goods, Handbags, and Similar Containers; Articles of Animal Gut (Other than Silk-worm Gut)": {
                    "China": "70.14",
                    "United Arab Emirates": "4.89",
                    "United States": "3.71",
                    "Canada": "3.08",
                    "South Africa": "2.54"
                },
                "Wood and Articles of Wood; Wood Charcoal; Cork and Articles of Cork; Manufactures of Straw, of Esparto or of Other Plaiting Materials; Basketware and Wickerwork": {
                    "United States": "93.26",
                    "Germany": "1.73",
                    "China": "0.97",
                    "Malta": "0.77",
                    "South Africa": "0.54"
                },
                "Textiles and Textile Articles": {
                    "China": "39.43",
                    "United States": "9.78",
                    "Pakistan": "8.68",
                    "India": "7.89",
                    "United Arab Emirates": "7.43"
                },
                "Footwear, Headgear, Umbrellas, Sun Umbrellas, Walking-sticks, Seat-sticks, Whips, Riding-crops, and Parts thereof; Prepared Feathers and Articles Made therewith; Artificial Flowers; Articles of Human Hair": {
                    "China": "40.19",
                    "Korea, Rep.": "25.90",
                    "Kenya": "6.93",
                    "South Africa": "6.13",
                    "Zambia": "5.67"
                },
                "Articles of Stone, Plaster, Cement, Asbestos, Mica or Similar Materials; Ceramic Products; Glass and Glassware": {
                    "China": "52.15",
                    "South Africa": "7.84",
                    "India": "6.13",
                    "Tanzania": "5.55",
                    "Spain": "5.03"
                },
                "Natural or Cultured Pearls, Precious or Semi-precious Stones, Precious Metals, Metals Clad with Precious Metal, and Articles thereof; Imitation Jewellery; Coin": {
                    "South Africa": "17.17",
                    "Qatar": "15.69",
                    "Tanzania": "8.21",
                    "Australia": "7.93",
                    "United States": "7.17"
                },
                "Base Metals and Articles of Base Metal": {
                    "China": "52.06",
                    "South Africa": "21.58",
                    "Zambia": "5.26",
                    "India": "2.84",
                    "Italy": "1.64"
                },
                "Machinery and Mechanical Appliances; Electrical Equipment; Parts thereof; Sound Recorders and Reproducers, Television Image and Sound Recorders and Reproducers, and Parts and Accessories of such Articles": {
                    "China": "52.34",
                    "South Africa": "12.06",
                    "United States": "5.31",
                    "Germany": "3.86",
                    "Finland": "3.33"
                },
                "Vehicles, Aircraft, Vessels, and Associated Transport Equipment": {
                    "China": "29.97",
                    "Japan": "18.07",
                    "United States": "14.90",
                    "India": "9.04",
                    "Finland": "4.30"
                },
                "Optical, Photographic, Cinematographic, Measuring, Checking, Precision, Medical or Surgical Instruments and Apparatus; Clocks and Watches; Musical Instruments; Parts and Accessories thereof": {
                    "China": "31.41",
                    "United States": "25.33",
                    "South Africa": "9.36",
                    "Zambia": "5.51",
                    "India": "4.70"
                },
                "Miscellaneous Manufactured Articles": {
                    "China": "41.67",
                    "South Africa": "11.39",
                    "Senegal": "9.52",
                    "Belgium": "4.64",
                    "Germany": "4.27"
                }
            }
        },
        "2021": {
            "Imports": {
                "Animals & Animal Products": {
                    "Namibia": "13.93",
                    "Poland": "11.51",
                    "Netherlands": "8.12",
                    "Belgium": "8.10",
                    "Mauritania": "6.73"
                },
                "Vegetable Products": {
                    "Russian Federation": "34.01",
                    "South Africa": "12.45",
                    "France": "8.39",
                    "Belgium": "4.41",
                    "Netherlands": "3.92"
                },
                "Prepared Foodstuffs; Beverages, Spirits, Vinegar, Tobacco and Manufactured Tobacco Substitutes": {
                    "Brazil": "17.33",
                    "Ireland": "9.54",
                    "United States": "8.17",
                    "Belgium": "6.99",
                    "China": "6.97"
                },
                "Mineral Products": {
                    "South Africa": "18.97",
                    "United Arab Emirates": "14.14",
                    "Qatar": "13.20",
                    "Zambia": "12.38",
                    "United States": "9.44"
                },
                "Products of the Chemical or Allied Industries": {
                    "China": "27.61",
                    "India": "18.42",
                    "Zambia": "12.46",
                    "South Africa": "10.91",
                    "Belgium": "3.66"
                },
                "Plastics and Articles thereof; Rubber and Articles thereof": {
                    "China": "31.50",
                    "South Africa": "18.30",
                    "India": "6.05",
                    "Saudi Arabia": "4.85",
                    "United States": "4.34"
                },
                "Raw Hides and Skins, Leather, Furskins, and Articles thereof; Saddlery and Harness; Travel Goods, Handbags, and Similar Containers; Articles of Animal Gut (Other than Silk-worm Gut)": {
                    "China": "69.05",
                    "United States": "6.16",
                    "United Arab Emirates": "4.30",
                    "India": "2.87",
                    "South Africa": "2.79"
                },
                "Wood and Articles of Wood; Wood Charcoal; Cork and Articles of Cork; Manufactures of Straw, of Esparto or of Other Plaiting Materials; Basketware and Wickerwork": {
                    "United States": "83.75",
                    "China": "2.50",
                    "Germany": "2.48",
                    "South Africa": "1.17",
                    "India": "1.09"
                },
                "Textiles and Textile Articles": {
                    "China": "37.88",
                    "United Arab Emirates": "8.19",
                    "Pakistan": "8.11",
                    "India": "6.71",
                    "United States": "6.64"
                },
                "Footwear, Headgear, Umbrellas, Sun Umbrellas, Walking-sticks, Seat-sticks, Whips, Riding-crops, and Parts thereof; Prepared Feathers and Articles Made therewith; Artificial Flowers; Articles of Human Hair": {
                    "China": "38.86",
                    "Korea, Rep.": "19.56",
                    "South Africa": "10.79",
                    "Zambia": "5.71",
                    "Kenya": "5.44"
                },
                "Articles of Stone, Plaster, Cement, Asbestos, Mica or Similar Materials; Ceramic Products; Glass and Glassware": {
                    "China": "37.14",
                    "Spain": "11.46",
                    "Tanzania": "10.44",
                    "India": "7.43",
                    "South Africa": "6.37"
                },
                "Natural or Cultured Pearls, Precious or Semi-precious Stones, Precious Metals, Metals Clad with Precious Metal, and Articles thereof; Imitation Jewellery; Coin": {
                    "South Africa": "22.27",
                    "United Arab Emirates": "17.66",
                    "Qatar": "16.13",
                    "United States": "11.63",
                    "Tanzania": "6.52"
                },
                "Base Metals and Articles of Base Metal": {
                    "China": "46.39",
                    "South Africa": "24.39",
                    "India": "5.16",
                    "Zambia": "4.48",
                    "Sweden": "1.79"
                },
                "Machinery and Mechanical Appliances; Electrical Equipment; Parts thereof; Sound Recorders and Reproducers, Television Image and Sound Recorders and Reproducers, and Parts and Accessories of such Articles": {
                    "China": "46.13",
                    "South Africa": "18.21",
                    "India": "5.12",
                    "United States": "4.57",
                    "Germany": "3.81"
                },
                "Vehicles, Aircraft, Vessels, and Associated Transport Equipment": {
                    "China": "32.88",
                    "India": "17.58",
                    "Japan": "13.55",
                    "South Africa": "5.22",
                    "France": "5.10"
                },
                "Optical, Photographic, Cinematographic, Measuring, Checking, Precision, Medical or Surgical Instruments and Apparatus; Clocks and Watches; Musical Instruments; Parts and Accessories thereof": {
                    "China": "35.02",
                    "South Africa": "13.63",
                    "United States": "10.16",
                    "India": "8.56",
                    "Zambia": "4.39"
                },
                "Miscellaneous Manufactured Articles": {
                    "China": "37.83",
                    "South Africa": "11.92",
                    "Germany": "6.07",
                    "India": "5.84",
                    "Belgium": "4.25"
                }
            }
        },
        "2022": {
            "Imports": {
                "Animals & Animal Products": {
                    "Namibia": "22.11",
                    "Mauritania": "21.82",
                    "Netherlands": "6.60",
                    "China": "4.44",
                    "Cameroon": "3.51"
                },
                "Vegetable Products": {
                    "Russian Federation": "14.85",
                    "Argentina": "13.45",
                    "France": "8.50",
                    "Belgium": "6.93",
                    "United States": "5.82"
                },
                "Prepared Foodstuffs; Beverages, Spirits, Vinegar, Tobacco and Manufactured Tobacco Substitutes": {
                    "Brazil": "14.11",
                    "Ireland": "11.23",
                    "Kenya": "8.06",
                    "South Africa": "6.54",
                    "China": "6.17"
                },
                "Mineral Products": {
                    "United Arab Emirates": "29.11",
                    "Qatar": "19.46",
                    "South Africa": "9.39",
                    "Tanzania": "8.21",
                    "United States": "6.67"
                },
                "Products of the Chemical or Allied Industries": {
                    "China": "32.33",
                    "Zambia": "16.31",
                    "South Africa": "16.01",
                    "India": "12.83",
                    "Netherlands": "2.84"
                },
                "Plastics and Articles thereof; Rubber and Articles thereof": {
                    "China": "41.74",
                    "South Africa": "16.48",
                    "Saudi Arabia": "6.19",
                    "India": "5.60",
                    "United Kingdom": "5.31"
                },
                "Raw Hides and Skins, Leather, Furskins, and Articles thereof; Saddlery and Harness; Travel Goods, Handbags, and Similar Containers; Articles of Animal Gut (Other than Silk-worm Gut)": {
                    "China": "69.31",
                    "United Arab Emirates": "6.29",
                    "Uganda": "2.87",
                    "Zambia": "2.83",
                    "United States": "2.52"
                },
                "Wood and Articles of Wood; Wood Charcoal; Cork and Articles of Cork; Manufactures of Straw, of Esparto or of Other Plaiting Materials; Basketware and Wickerwork": {
                    "United States": "17.66",
                    "China": "9.65",
                    "Germany": "9.61",
                    "Switzerland": "9.58",
                    "Malta": "8.87"
                },
                "Textiles and Textile Articles": {
                    "China": "43.02",
                    "Turkey": "6.81",
                    "United Arab Emirates": "6.40",
                    "Pakistan": "5.74",
                    "United States": "5.59"
                },
                "Footwear, Headgear, Umbrellas, Sun Umbrellas, Walking-sticks, Seat-sticks, Whips, Riding-crops, and Parts thereof; Prepared Feathers and Articles Made therewith; Artificial Flowers; Articles of Human Hair": {
                    "China": "44.41",
                    "Korea, Rep.": "14.58",
                    "South Africa": "7.53",
                    "Japan": "6.83",
                    "Zambia": "4.95"
                },
                "Articles of Stone, Plaster, Cement, Asbestos, Mica or Similar Materials; Ceramic Products; Glass and Glassware": {
                    "China": "37.34",
                    "Tanzania": "15.45",
                    "India": "6.73",
                    "South Africa": "5.87",
                    "Morocco": "5.23"
                },
                "Natural or Cultured Pearls, Precious or Semi-precious Stones, Precious Metals, Metals Clad with Precious Metal, and Articles thereof; Imitation Jewellery; Coin": {
                    "United Arab Emirates": "32.27",
                    "Qatar": "21.54",
                    "South Africa": "10.00",
                    "United States": "7.43",
                    "Tanzania": "6.30"
                },
                "Base Metals and Articles of Base Metal": {
                    "China": "53.28",
                    "South Africa": "17.90",
                    "Zambia": "9.11",
                    "India": "5.43",
                    "Angola": "2.12"
                },
                "Machinery and Mechanical Appliances; Electrical Equipment; Parts thereof; Sound Recorders and Reproducers, Television Image and Sound Recorders and Reproducers, and Parts and Accessories of such Articles": {
                    "China": "56.68",
                    "South Africa": "13.63",
                    "India": "4.60",
                    "United States": "3.72",
                    "Finland": "2.67"
                },
                "Vehicles, Aircraft, Vessels, and Associated Transport Equipment": {
                    "China": "30.99",
                    "India": "21.73",
                    "Japan": "16.85",
                    "South Africa": "4.69",
                    "United Arab Emirates": "4.25"
                },
                "Optical, Photographic, Cinematographic, Measuring, Checking, Precision, Medical or Surgical Instruments and Apparatus; Clocks and Watches; Musical Instruments; Parts and Accessories thereof": {
                    "China": "45.25",
                    "South Africa": "13.35",
                    "India": "7.65",
                    "Zambia": "6.02",
                    "United States": "2.87"
                },
                "Miscellaneous Manufactured Articles": {
                    "China": "43.52",
                    "South Africa": "9.66",
                    "India": "5.12",
                    "France": "4.71",
                    "Belgium": "4.38"
                }
            }
        }
    }
}