{
    "Main Partners": {
        "1998": {
            "Imports": {
                "Vegetable Products": {
                    "Australia": "85.92",
                    "Singapore": "4.54",
                    "United States": "3.40",
                    "Japan": "1.79",
                    "Malaysia": "1.30"
                },
                "Prepared Foodstuffs; Beverages, Spirits, Vinegar, Tobacco and Manufactured Tobacco Substitutes": {
                    "Australia": "56.79",
                    "United States": "6.60",
                    "New Zealand": "5.90",
                    "Singapore": "5.42",
                    "France": "3.33"
                },
                "Mineral Products": {
                    "Australia": "37.56",
                    "Korea, Rep.": "27.19",
                    "United States": "6.62",
                    "New Zealand": "5.14",
                    "Thailand": "4.96"
                },
                "Products of the Chemical or Allied Industries": {
                    "Australia": "32.43",
                    "Indonesia": "25.50",
                    "Malaysia": "18.71",
                    "Singapore": "5.57",
                    "United States": "3.95"
                },
                "Plastics and Articles thereof; Rubber and Articles thereof": {
                    "Australia": "44.76",
                    "Japan": "18.34",
                    "Singapore": "7.24",
                    "Indonesia": "6.42",
                    "Korea, Rep.": "5.05"
                },
                "Raw Hides and Skins, Leather, Furskins, and Articles thereof; Saddlery and Harness; Travel Goods, Handbags, and Similar Containers; Articles of Animal Gut (Other than Silk-worm Gut)": {
                    "Australia": "21.53",
                    "China": "20.56",
                    "Hong Kong, China": "17.29",
                    "Indonesia": "8.62",
                    "Korea, Rep.": "6.74"
                },
                "Wood and Articles of Wood; Wood Charcoal; Cork and Articles of Cork; Manufactures of Straw, of Esparto or of Other Plaiting Materials; Basketware and Wickerwork": {
                    "Australia": "66.77",
                    "Malaysia": "9.49",
                    "Singapore": "8.57",
                    "Indonesia": "4.80",
                    "New Zealand": "3.46"
                },
                "Textiles and Textile Articles": {
                    "Australia": "32.41",
                    "China": "13.45",
                    "Thailand": "10.56",
                    "Singapore": "9.36",
                    "Hong Kong, China": "8.50"
                },
                "Footwear, Headgear, Umbrellas, Sun Umbrellas, Walking-sticks, Seat-sticks, Whips, Riding-crops, and Parts thereof; Prepared Feathers and Articles Made therewith; Artificial Flowers; Articles of Human Hair": {
                    "Australia": "42.50",
                    "China": "16.25",
                    "Hong Kong, China": "10.56",
                    "Singapore": "7.97",
                    "Malaysia": "5.18"
                },
                "Articles of Stone, Plaster, Cement, Asbestos, Mica or Similar Materials; Ceramic Products; Glass and Glassware": {
                    "United States": "39.96",
                    "Australia": "26.29",
                    "Indonesia": "9.26",
                    "Singapore": "6.54",
                    "Switzerland": "5.96"
                },
                "Natural or Cultured Pearls, Precious or Semi-precious Stones, Precious Metals, Metals Clad with Precious Metal, and Articles thereof; Imitation Jewellery; Coin": {
                    "United States": "56.37",
                    "Australia": "23.64",
                    "Singapore": "5.83",
                    "Malaysia": "2.48",
                    "New Zealand": "1.96"
                },
                "Base Metals and Articles of Base Metal": {
                    "Australia": "41.52",
                    "Korea, Rep.": "28.80",
                    "New Zealand": "9.47",
                    "Singapore": "4.54",
                    "Indonesia": "3.57"
                },
                "Machinery and Mechanical Appliances; Electrical Equipment; Parts thereof; Sound Recorders and Reproducers, Television Image and Sound Recorders and Reproducers, and Parts and Accessories of such Articles": {
                    "Australia": "48.33",
                    "United States": "18.36",
                    "Japan": "7.73",
                    "Singapore": "5.71",
                    "Gambia, The": "3.62"
                },
                "Vehicles, Aircraft, Vessels, and Associated Transport Equipment": {
                    "Japan": "54.84",
                    "Australia": "15.40",
                    "United States": "14.94",
                    "Singapore": "3.94",
                    "Malaysia": "3.07"
                },
                "Optical, Photographic, Cinematographic, Measuring, Checking, Precision, Medical or Surgical Instruments and Apparatus; Clocks and Watches; Musical Instruments; Parts and Accessories thereof": {
                    "Australia": "38.57",
                    "Japan": "15.24",
                    "United States": "10.46",
                    "Korea, Rep.": "6.20",
                    "Indonesia": "5.60"
                },
                "Miscellaneous Manufactured Articles": {
                    "Australia": "52.33",
                    "Japan": "11.64",
                    "United States": "9.87",
                    "Malaysia": "4.36",
                    "Singapore": "3.22"
                }
            }
        },
        "2000": {
            "Imports": {
                "Animals & Animal Products": {
                    "Australia": "56.42",
                    "New Zealand": "27.73",
                    "United States": "14.43",
                    "Vanuatu": "0.66",
                    "South Africa": "0.24"
                },
                "Vegetable Products": {
                    "Australia": "74.40",
                    "United States": "15.28",
                    "Singapore": "4.95",
                    "Malaysia": "1.67",
                    "Indonesia": "1.52"
                },
                "Prepared Foodstuffs; Beverages, Spirits, Vinegar, Tobacco and Manufactured Tobacco Substitutes": {
                    "Australia": "56.96",
                    "France": "9.52",
                    "United States": "8.69",
                    "New Zealand": "5.48",
                    "Fiji": "3.37"
                },
                "Mineral Products": {
                    "United States": "23.44",
                    "Malaysia": "13.08",
                    "Australia": "12.38",
                    "Singapore": "11.83",
                    "Indonesia": "8.30"
                },
                "Products of the Chemical or Allied Industries": {
                    "Australia": "36.52",
                    "Singapore": "13.55",
                    "India": "8.46",
                    "Malaysia": "7.28",
                    "United States": "6.99"
                },
                "Plastics and Articles thereof; Rubber and Articles thereof": {
                    "Australia": "31.22",
                    "Japan": "21.30",
                    "United States": "9.93",
                    "Indonesia": "8.04",
                    "Singapore": "7.55"
                },
                "Raw Hides and Skins, Leather, Furskins, and Articles thereof; Saddlery and Harness; Travel Goods, Handbags, and Similar Containers; Articles of Animal Gut (Other than Silk-worm Gut)": {
                    "China": "47.24",
                    "Australia": "12.10",
                    "Thailand": "9.46",
                    "Hong Kong, China": "7.10",
                    "Indonesia": "6.86"
                },
                "Wood and Articles of Wood; Wood Charcoal; Cork and Articles of Cork; Manufactures of Straw, of Esparto or of Other Plaiting Materials; Basketware and Wickerwork": {
                    "Australia": "69.25",
                    "Singapore": "8.64",
                    "Indonesia": "4.67",
                    "New Zealand": "3.86",
                    "United States": "2.91"
                },
                "Textiles and Textile Articles": {
                    "Australia": "26.81",
                    "China": "14.42",
                    "Thailand": "14.09",
                    "United States": "8.73",
                    "Hong Kong, China": "7.66"
                },
                "Footwear, Headgear, Umbrellas, Sun Umbrellas, Walking-sticks, Seat-sticks, Whips, Riding-crops, and Parts thereof; Prepared Feathers and Articles Made therewith; Artificial Flowers; Articles of Human Hair": {
                    "China": "32.78",
                    "Australia": "31.73",
                    "Hong Kong, China": "7.53",
                    "Singapore": "6.14",
                    "United States": "6.00"
                },
                "Articles of Stone, Plaster, Cement, Asbestos, Mica or Similar Materials; Ceramic Products; Glass and Glassware": {
                    "Australia": "36.00",
                    "Singapore": "13.79",
                    "Indonesia": "12.52",
                    "United States": "10.10",
                    "Malaysia": "9.53"
                },
                "Natural or Cultured Pearls, Precious or Semi-precious Stones, Precious Metals, Metals Clad with Precious Metal, and Articles thereof; Imitation Jewellery; Coin": {
                    "Australia": "28.54",
                    "United States": "20.14",
                    "Singapore": "19.94",
                    "Malaysia": "11.41",
                    "Thailand": "4.24"
                },
                "Base Metals and Articles of Base Metal": {
                    "Australia": "53.83",
                    "Indonesia": "9.30",
                    "United States": "8.17",
                    "New Zealand": "7.86",
                    "Singapore": "7.00"
                },
                "Machinery and Mechanical Appliances; Electrical Equipment; Parts thereof; Sound Recorders and Reproducers, Television Image and Sound Recorders and Reproducers, and Parts and Accessories of such Articles": {
                    "Australia": "51.60",
                    "Japan": "9.00",
                    "Singapore": "8.52",
                    "United States": "6.56",
                    "Malaysia": "5.45"
                },
                "Vehicles, Aircraft, Vessels, and Associated Transport Equipment": {
                    "Japan": "60.45",
                    "Australia": "18.98",
                    "United States": "4.39",
                    "Singapore": "4.25",
                    "Thailand": "3.23"
                },
                "Miscellaneous Manufactured Articles": {
                    "Australia": "44.86",
                    "United States": "8.66",
                    "Singapore": "8.61",
                    "China": "8.52",
                    "Japan": "6.38"
                }
            }
        },
        "2001": {
            "Imports": {
                "Animals & Animal Products": {
                    "Australia": "62.95",
                    "New Zealand": "26.47",
                    "United States": "7.14",
                    "Korea, Rep.": "1.51",
                    "South Africa": "0.62"
                },
                "Vegetable Products": {
                    "Australia": "78.09",
                    "United States": "13.05",
                    "Singapore": "3.42",
                    "Malaysia": "1.57",
                    "Indonesia": "1.42"
                },
                "Mineral Products": {
                    "Australia": "39.62",
                    "New Zealand": "20.98",
                    "Japan": "17.55",
                    "Thailand": "7.65",
                    "United States": "5.23"
                },
                "Products of the Chemical or Allied Industries": {
                    "Australia": "45.63",
                    "Singapore": "9.88",
                    "United States": "7.49",
                    "India": "7.39",
                    "Malaysia": "6.31"
                },
                "Plastics and Articles thereof; Rubber and Articles thereof": {
                    "Australia": "41.85",
                    "Japan": "21.18",
                    "Singapore": "8.19",
                    "United States": "6.97",
                    "Indonesia": "5.73"
                },
                "Raw Hides and Skins, Leather, Furskins, and Articles thereof; Saddlery and Harness; Travel Goods, Handbags, and Similar Containers; Articles of Animal Gut (Other than Silk-worm Gut)": {
                    "China": "41.30",
                    "Australia": "27.26",
                    "Thailand": "7.26",
                    "Indonesia": "6.48",
                    "United States": "4.83"
                },
                "Wood and Articles of Wood; Wood Charcoal; Cork and Articles of Cork; Manufactures of Straw, of Esparto or of Other Plaiting Materials; Basketware and Wickerwork": {
                    "Australia": "76.11",
                    "Singapore": "6.08",
                    "Indonesia": "4.82",
                    "New Zealand": "3.90",
                    "United States": "1.62"
                },
                "Textiles and Textile Articles": {
                    "Australia": "36.29",
                    "Thailand": "13.27",
                    "China": "10.92",
                    "United States": "7.77",
                    "Hong Kong, China": "6.70"
                },
                "Footwear, Headgear, Umbrellas, Sun Umbrellas, Walking-sticks, Seat-sticks, Whips, Riding-crops, and Parts thereof; Prepared Feathers and Articles Made therewith; Artificial Flowers; Articles of Human Hair": {
                    "Australia": "38.09",
                    "China": "25.01",
                    "Singapore": "8.58",
                    "Hong Kong, China": "5.62",
                    "Malaysia": "4.94"
                },
                "Articles of Stone, Plaster, Cement, Asbestos, Mica or Similar Materials; Ceramic Products; Glass and Glassware": {
                    "Australia": "47.66",
                    "Malaysia": "13.43",
                    "Thailand": "8.82",
                    "Singapore": "6.99",
                    "Indonesia": "6.63"
                },
                "Natural or Cultured Pearls, Precious or Semi-precious Stones, Precious Metals, Metals Clad with Precious Metal, and Articles thereof; Imitation Jewellery; Coin": {
                    "Australia": "40.58",
                    "Singapore": "18.54",
                    "United States": "13.05",
                    "Thailand": "6.32",
                    "New Zealand": "4.30"
                },
                "Base Metals and Articles of Base Metal": {
                    "Australia": "59.95",
                    "New Zealand": "9.05",
                    "Singapore": "6.35",
                    "Indonesia": "6.32",
                    "United States": "5.74"
                },
                "Machinery and Mechanical Appliances; Electrical Equipment; Parts thereof; Sound Recorders and Reproducers, Television Image and Sound Recorders and Reproducers, and Parts and Accessories of such Articles": {
                    "Australia": "58.66",
                    "United States": "12.49",
                    "Singapore": "9.54",
                    "Japan": "5.90",
                    "Malaysia": "2.71"
                },
                "Vehicles, Aircraft, Vessels, and Associated Transport Equipment": {
                    "Japan": "50.63",
                    "Australia": "23.78",
                    "United States": "9.48",
                    "Singapore": "4.06",
                    "Thailand": "2.64"
                },
                "Optical, Photographic, Cinematographic, Measuring, Checking, Precision, Medical or Surgical Instruments and Apparatus; Clocks and Watches; Musical Instruments; Parts and Accessories thereof": {
                    "Australia": "49.05",
                    "Japan": "13.95",
                    "United States": "8.82",
                    "Singapore": "7.36",
                    "Indonesia": "2.84"
                },
                "Miscellaneous Manufactured Articles": {
                    "Australia": "54.20",
                    "United States": "11.78",
                    "China": "5.35",
                    "Singapore": "4.05",
                    "Malaysia": "3.94"
                }
            }
        },
        "2002": {
            "Imports": {
                "Animals & Animal Products": {
                    "Australia": "62.90",
                    "New Zealand": "22.39",
                    "United States": "12.52",
                    "Other Asia, nes": "0.58",
                    "South Africa": "0.56"
                },
                "Vegetable Products": {
                    "Australia": "71.76",
                    "United States": "17.25",
                    "Singapore": "5.03",
                    "Malaysia": "2.03",
                    "New Zealand": "1.61"
                },
                "Prepared Foodstuffs; Beverages, Spirits, Vinegar, Tobacco and Manufactured Tobacco Substitutes": {
                    "Australia": "68.98",
                    "New Zealand": "8.00",
                    "United States": "4.52",
                    "Singapore": "2.60",
                    "Denmark": "1.78"
                },
                "Mineral Products": {
                    "Australia": "49.70",
                    "Japan": "19.83",
                    "New Zealand": "10.38",
                    "Singapore": "9.30",
                    "Thailand": "3.42"
                },
                "Products of the Chemical or Allied Industries": {
                    "Australia": "51.99",
                    "Singapore": "13.34",
                    "United States": "5.27",
                    "Malaysia": "5.18",
                    "India": "4.85"
                },
                "Plastics and Articles thereof; Rubber and Articles thereof": {
                    "Australia": "42.96",
                    "Japan": "24.12",
                    "Singapore": "6.81",
                    "Indonesia": "6.53",
                    "United States": "6.43"
                },
                "Raw Hides and Skins, Leather, Furskins, and Articles thereof; Saddlery and Harness; Travel Goods, Handbags, and Similar Containers; Articles of Animal Gut (Other than Silk-worm Gut)": {
                    "China": "47.50",
                    "Australia": "28.09",
                    "Hong Kong, China": "5.11",
                    "Thailand": "4.14",
                    "Indonesia": "3.81"
                },
                "Wood and Articles of Wood; Wood Charcoal; Cork and Articles of Cork; Manufactures of Straw, of Esparto or of Other Plaiting Materials; Basketware and Wickerwork": {
                    "Australia": "76.14",
                    "Singapore": "6.11",
                    "Indonesia": "3.63",
                    "New Zealand": "3.21",
                    "United States": "3.05"
                },
                "Textiles and Textile Articles": {
                    "Australia": "32.22",
                    "China": "15.58",
                    "Thailand": "13.03",
                    "United States": "8.05",
                    "Indonesia": "6.04"
                },
                "Footwear, Headgear, Umbrellas, Sun Umbrellas, Walking-sticks, Seat-sticks, Whips, Riding-crops, and Parts thereof; Prepared Feathers and Articles Made therewith; Artificial Flowers; Articles of Human Hair": {
                    "Australia": "34.65",
                    "China": "33.05",
                    "India": "5.66",
                    "Singapore": "5.55",
                    "United States": "5.55"
                },
                "Articles of Stone, Plaster, Cement, Asbestos, Mica or Similar Materials; Ceramic Products; Glass and Glassware": {
                    "Australia": "34.08",
                    "United States": "16.83",
                    "Thailand": "15.27",
                    "Malaysia": "9.14",
                    "Singapore": "6.48"
                },
                "Natural or Cultured Pearls, Precious or Semi-precious Stones, Precious Metals, Metals Clad with Precious Metal, and Articles thereof; Imitation Jewellery; Coin": {
                    "Australia": "40.96",
                    "Singapore": "20.80",
                    "United States": "7.80",
                    "Indonesia": "5.91",
                    "Thailand": "5.05"
                },
                "Base Metals and Articles of Base Metal": {
                    "Australia": "41.66",
                    "United Kingdom": "18.58",
                    "New Zealand": "12.68",
                    "United States": "7.64",
                    "Indonesia": "5.34"
                },
                "Machinery and Mechanical Appliances; Electrical Equipment; Parts thereof; Sound Recorders and Reproducers, Television Image and Sound Recorders and Reproducers, and Parts and Accessories of such Articles": {
                    "Australia": "61.66",
                    "United States": "11.51",
                    "Singapore": "5.72",
                    "Japan": "3.82",
                    "Malaysia": "3.17"
                },
                "Vehicles, Aircraft, Vessels, and Associated Transport Equipment": {
                    "Australia": "37.55",
                    "Japan": "28.82",
                    "United States": "10.59",
                    "Singapore": "5.69",
                    "Russian Federation": "3.49"
                },
                "Optical, Photographic, Cinematographic, Measuring, Checking, Precision, Medical or Surgical Instruments and Apparatus; Clocks and Watches; Musical Instruments; Parts and Accessories thereof": {
                    "Australia": "51.80",
                    "United States": "9.00",
                    "Japan": "7.63",
                    "Singapore": "6.06",
                    "United Kingdom": "4.78"
                },
                "Miscellaneous Manufactured Articles": {
                    "Australia": "46.33",
                    "Unspecified": "27.65",
                    "United States": "5.35",
                    "China": "4.77",
                    "Singapore": "3.23"
                }
            }
        },
        "2003": {
            "Imports": {
                "Animals & Animal Products": {
                    "Australia": "57.32",
                    "New Zealand": "28.60",
                    "United States": "7.54",
                    "Solomon Islands": "1.78",
                    "Philippines": "1.46"
                },
                "Vegetable Products": {
                    "Australia": "48.00",
                    "China": "27.45",
                    "United States": "13.59",
                    "Singapore": "3.27",
                    "New Zealand": "1.55"
                },
                "Prepared Foodstuffs; Beverages, Spirits, Vinegar, Tobacco and Manufactured Tobacco Substitutes": {
                    "Australia": "71.62",
                    "New Zealand": "6.69",
                    "United States": "4.24",
                    "China": "2.15",
                    "Singapore": "1.71"
                },
                "Mineral Products": {
                    "Australia": "32.98",
                    "New Zealand": "29.90",
                    "Japan": "19.99",
                    "United States": "4.65",
                    "Singapore": "2.60"
                },
                "Products of the Chemical or Allied Industries": {
                    "Australia": "52.06",
                    "Japan": "8.64",
                    "Singapore": "7.24",
                    "United States": "5.77",
                    "Indonesia": "4.31"
                },
                "Plastics and Articles thereof; Rubber and Articles thereof": {
                    "Australia": "46.40",
                    "Japan": "16.85",
                    "Singapore": "8.04",
                    "United States": "7.95",
                    "Indonesia": "5.61"
                },
                "Raw Hides and Skins, Leather, Furskins, and Articles thereof; Saddlery and Harness; Travel Goods, Handbags, and Similar Containers; Articles of Animal Gut (Other than Silk-worm Gut)": {
                    "China": "39.72",
                    "Australia": "33.35",
                    "Indonesia": "6.39",
                    "Thailand": "5.08",
                    "Switzerland": "3.64"
                },
                "Wood and Articles of Wood; Wood Charcoal; Cork and Articles of Cork; Manufactures of Straw, of Esparto or of Other Plaiting Materials; Basketware and Wickerwork": {
                    "Australia": "77.78",
                    "Singapore": "5.52",
                    "Malaysia": "2.81",
                    "New Zealand": "2.74",
                    "Indonesia": "2.26"
                },
                "Textiles and Textile Articles": {
                    "Australia": "32.35",
                    "China": "16.10",
                    "Thailand": "11.16",
                    "United States": "7.55",
                    "New Zealand": "6.28"
                },
                "Footwear, Headgear, Umbrellas, Sun Umbrellas, Walking-sticks, Seat-sticks, Whips, Riding-crops, and Parts thereof; Prepared Feathers and Articles Made therewith; Artificial Flowers; Articles of Human Hair": {
                    "China": "33.76",
                    "Australia": "31.14",
                    "United States": "7.29",
                    "Singapore": "4.69",
                    "Indonesia": "4.48"
                },
                "Articles of Stone, Plaster, Cement, Asbestos, Mica or Similar Materials; Ceramic Products; Glass and Glassware": {
                    "Thailand": "46.27",
                    "Australia": "25.88",
                    "Singapore": "10.80",
                    "Indonesia": "3.14",
                    "Malaysia": "2.25"
                },
                "Natural or Cultured Pearls, Precious or Semi-precious Stones, Precious Metals, Metals Clad with Precious Metal, and Articles thereof; Imitation Jewellery; Coin": {
                    "Australia": "43.89",
                    "United States": "10.35",
                    "Singapore": "9.56",
                    "Malaysia": "6.65",
                    "New Zealand": "5.30"
                },
                "Base Metals and Articles of Base Metal": {
                    "Australia": "50.33",
                    "New Zealand": "13.34",
                    "United States": "9.43",
                    "Singapore": "6.01",
                    "Indonesia": "5.68"
                },
                "Machinery and Mechanical Appliances; Electrical Equipment; Parts thereof; Sound Recorders and Reproducers, Television Image and Sound Recorders and Reproducers, and Parts and Accessories of such Articles": {
                    "Australia": "60.61",
                    "United States": "15.36",
                    "Singapore": "7.27",
                    "Malaysia": "3.33",
                    "Japan": "2.54"
                },
                "Vehicles, Aircraft, Vessels, and Associated Transport Equipment": {
                    "Australia": "33.15",
                    "Japan": "27.89",
                    "Gambia, The": "7.79",
                    "United States": "7.37",
                    "New Zealand": "7.27"
                },
                "Optical, Photographic, Cinematographic, Measuring, Checking, Precision, Medical or Surgical Instruments and Apparatus; Clocks and Watches; Musical Instruments; Parts and Accessories thereof": {
                    "Australia": "51.98",
                    "United States": "10.06",
                    "Japan": "7.16",
                    "Singapore": "6.62",
                    "New Zealand": "4.56"
                },
                "Miscellaneous Manufactured Articles": {
                    "Australia": "57.85",
                    "Unspecified": "9.76",
                    "United States": "5.80",
                    "China": "5.79",
                    "Singapore": "3.70"
                }
            }
        },
        "2004": {
            "Imports": {
                "Animals & Animal Products": {
                    "Australia": "56.93",
                    "New Zealand": "28.43",
                    "United States": "11.13",
                    "Other Asia, nes": "1.04",
                    "Japan": "1.00"
                },
                "Vegetable Products": {
                    "Australia": "46.65",
                    "China": "12.35",
                    "United States": "11.70",
                    "Vietnam": "11.11",
                    "Thailand": "6.61"
                },
                "Prepared Foodstuffs; Beverages, Spirits, Vinegar, Tobacco and Manufactured Tobacco Substitutes": {
                    "Australia": "60.98",
                    "United States": "12.12",
                    "New Zealand": "5.63",
                    "Malaysia": "3.23",
                    "China": "2.37"
                },
                "Mineral Products": {
                    "Australia": "52.74",
                    "Japan": "23.81",
                    "New Zealand": "11.41",
                    "Hong Kong, China": "2.18",
                    "Malaysia": "2.03"
                },
                "Products of the Chemical or Allied Industries": {
                    "Australia": "42.10",
                    "Belgium": "21.08",
                    "Singapore": "8.08",
                    "China": "4.58",
                    "United States": "4.42"
                },
                "Plastics and Articles thereof; Rubber and Articles thereof": {
                    "Australia": "43.40",
                    "Japan": "15.61",
                    "Singapore": "9.57",
                    "United States": "8.56",
                    "Indonesia": "5.27"
                },
                "Raw Hides and Skins, Leather, Furskins, and Articles thereof; Saddlery and Harness; Travel Goods, Handbags, and Similar Containers; Articles of Animal Gut (Other than Silk-worm Gut)": {
                    "China": "41.54",
                    "Australia": "30.22",
                    "United States": "7.01",
                    "Singapore": "4.25",
                    "Switzerland": "4.18"
                },
                "Wood and Articles of Wood; Wood Charcoal; Cork and Articles of Cork; Manufactures of Straw, of Esparto or of Other Plaiting Materials; Basketware and Wickerwork": {
                    "Australia": "73.64",
                    "Singapore": "5.86",
                    "Malaysia": "3.85",
                    "Indonesia": "3.75",
                    "New Zealand": "2.78"
                },
                "Textiles and Textile Articles": {
                    "Australia": "32.33",
                    "China": "16.64",
                    "Thailand": "10.02",
                    "United States": "8.54",
                    "New Zealand": "7.53"
                },
                "Footwear, Headgear, Umbrellas, Sun Umbrellas, Walking-sticks, Seat-sticks, Whips, Riding-crops, and Parts thereof; Prepared Feathers and Articles Made therewith; Artificial Flowers; Articles of Human Hair": {
                    "China": "33.93",
                    "Australia": "30.60",
                    "United States": "7.93",
                    "Indonesia": "6.81",
                    "Singapore": "6.02"
                },
                "Articles of Stone, Plaster, Cement, Asbestos, Mica or Similar Materials; Ceramic Products; Glass and Glassware": {
                    "Singapore": "48.46",
                    "Australia": "25.18",
                    "Thailand": "9.12",
                    "India": "4.00",
                    "Indonesia": "3.27"
                },
                "Natural or Cultured Pearls, Precious or Semi-precious Stones, Precious Metals, Metals Clad with Precious Metal, and Articles thereof; Imitation Jewellery; Coin": {
                    "Australia": "41.66",
                    "Singapore": "17.26",
                    "United States": "9.35",
                    "Indonesia": "6.96",
                    "Hong Kong, China": "4.00"
                },
                "Base Metals and Articles of Base Metal": {
                    "Australia": "55.41",
                    "United States": "11.54",
                    "New Zealand": "8.90",
                    "Singapore": "7.89",
                    "Malaysia": "4.66"
                },
                "Machinery and Mechanical Appliances; Electrical Equipment; Parts thereof; Sound Recorders and Reproducers, Television Image and Sound Recorders and Reproducers, and Parts and Accessories of such Articles": {
                    "Australia": "67.49",
                    "United States": "9.18",
                    "Singapore": "8.15",
                    "Japan": "3.46",
                    "Malaysia": "2.25"
                },
                "Vehicles, Aircraft, Vessels, and Associated Transport Equipment": {
                    "Australia": "41.12",
                    "Japan": "32.07",
                    "United States": "10.11",
                    "Singapore": "6.35",
                    "United Kingdom": "3.08"
                },
                "Optical, Photographic, Cinematographic, Measuring, Checking, Precision, Medical or Surgical Instruments and Apparatus; Clocks and Watches; Musical Instruments; Parts and Accessories thereof": {
                    "Australia": "54.04",
                    "Singapore": "8.65",
                    "United States": "8.28",
                    "Japan": "8.00",
                    "China": "3.09"
                },
                "Miscellaneous Manufactured Articles": {
                    "Australia": "59.17",
                    "China": "6.93",
                    "United States": "6.75",
                    "Singapore": "5.96",
                    "Japan": "3.30"
                }
            }
        },
        "2011": {
            "Imports": {
                "Animals & Animal Products": {
                    "Australia": "68.56",
                    "New Zealand": "23.50",
                    "China": "5.48",
                    "Vanuatu": "0.70",
                    "Philippines": "0.36"
                },
                "Vegetable Products": {
                    "Australia": "59.57",
                    "Thailand": "14.28",
                    "Vietnam": "11.49",
                    "New Zealand": "3.12",
                    "Malaysia": "3.08"
                },
                "Prepared Foodstuffs; Beverages, Spirits, Vinegar, Tobacco and Manufactured Tobacco Substitutes": {
                    "Australia": "38.15",
                    "Singapore": "12.29",
                    "Indonesia": "11.44",
                    "Thailand": "9.73",
                    "Malaysia": "6.29"
                },
                "Mineral Products": {
                    "Australia": "25.72",
                    "Japan": "21.90",
                    "New Zealand": "21.78",
                    "Malaysia": "8.82",
                    "Thailand": "4.25"
                },
                "Products of the Chemical or Allied Industries": {
                    "Australia": "48.24",
                    "China": "9.19",
                    "Malaysia": "7.39",
                    "Hong Kong, China": "6.69",
                    "Singapore": "6.41"
                },
                "Plastics and Articles thereof; Rubber and Articles thereof": {
                    "Australia": "34.45",
                    "Japan": "12.69",
                    "China": "11.48",
                    "Singapore": "10.91",
                    "Malaysia": "5.84"
                },
                "Raw Hides and Skins, Leather, Furskins, and Articles thereof; Saddlery and Harness; Travel Goods, Handbags, and Similar Containers; Articles of Animal Gut (Other than Silk-worm Gut)": {
                    "China": "45.57",
                    "Australia": "24.71",
                    "Hong Kong, China": "8.65",
                    "Singapore": "6.93",
                    "Korea, Rep.": "3.13"
                },
                "Wood and Articles of Wood; Wood Charcoal; Cork and Articles of Cork; Manufactures of Straw, of Esparto or of Other Plaiting Materials; Basketware and Wickerwork": {
                    "Australia": "56.41",
                    "Singapore": "9.01",
                    "Hong Kong, China": "8.51",
                    "China": "7.28",
                    "Malaysia": "5.18"
                },
                "Textiles and Textile Articles": {
                    "China": "28.93",
                    "Australia": "26.92",
                    "New Zealand": "8.58",
                    "Thailand": "5.98",
                    "Hong Kong, China": "5.44"
                },
                "Footwear, Headgear, Umbrellas, Sun Umbrellas, Walking-sticks, Seat-sticks, Whips, Riding-crops, and Parts thereof; Prepared Feathers and Articles Made therewith; Artificial Flowers; Articles of Human Hair": {
                    "China": "46.74",
                    "Australia": "17.15",
                    "Hong Kong, China": "8.94",
                    "India": "8.86",
                    "Indonesia": "4.80"
                },
                "Articles of Stone, Plaster, Cement, Asbestos, Mica or Similar Materials; Ceramic Products; Glass and Glassware": {
                    "Australia": "33.28",
                    "China": "17.95",
                    "Indonesia": "17.69",
                    "Malaysia": "8.37",
                    "Singapore": "8.35"
                },
                "Natural or Cultured Pearls, Precious or Semi-precious Stones, Precious Metals, Metals Clad with Precious Metal, and Articles thereof; Imitation Jewellery; Coin": {
                    "Australia": "32.92",
                    "China": "13.32",
                    "Singapore": "12.33",
                    "Malaysia": "8.22",
                    "New Zealand": "7.35"
                },
                "Base Metals and Articles of Base Metal": {
                    "Australia": "39.48",
                    "Indonesia": "9.76",
                    "China": "9.38",
                    "Thailand": "6.48",
                    "Singapore": "5.75"
                },
                "Machinery and Mechanical Appliances; Electrical Equipment; Parts thereof; Sound Recorders and Reproducers, Television Image and Sound Recorders and Reproducers, and Parts and Accessories of such Articles": {
                    "Australia": "47.13",
                    "United States": "12.96",
                    "Singapore": "6.90",
                    "China": "6.50",
                    "Malaysia": "4.02"
                },
                "Vehicles, Aircraft, Vessels, and Associated Transport Equipment": {
                    "Japan": "32.67",
                    "Australia": "26.81",
                    "United States": "5.84",
                    "Canada": "5.30",
                    "Singapore": "4.73"
                },
                "Optical, Photographic, Cinematographic, Measuring, Checking, Precision, Medical or Surgical Instruments and Apparatus; Clocks and Watches; Musical Instruments; Parts and Accessories thereof": {
                    "Australia": "40.65",
                    "China": "8.77",
                    "Japan": "8.42",
                    "United States": "7.28",
                    "Singapore": "6.44"
                },
                "Miscellaneous Manufactured Articles": {
                    "Australia": "27.17",
                    "Indonesia": "16.77",
                    "China": "11.41",
                    "South Africa": "7.53",
                    "Japan": "6.67"
                }
            }
        },
        "2012": {
            "Imports": {
                "Animals & Animal Products": {
                    "Australia": "69.11",
                    "New Zealand": "22.71",
                    "China": "4.89",
                    "Korea, Rep.": "0.61",
                    "Hong Kong, China": "0.54"
                },
                "Vegetable Products": {
                    "Australia": "67.68",
                    "Thailand": "9.47",
                    "Vietnam": "7.19",
                    "Malaysia": "4.68",
                    "Indonesia": "2.92"
                },
                "Prepared Foodstuffs; Beverages, Spirits, Vinegar, Tobacco and Manufactured Tobacco Substitutes": {
                    "Australia": "33.26",
                    "Singapore": "12.04",
                    "Indonesia": "11.72",
                    "Thailand": "9.47",
                    "Malaysia": "7.90"
                },
                "Mineral Products": {
                    "Australia": "22.75",
                    "Japan": "18.70",
                    "New Zealand": "15.92",
                    "Malaysia": "9.85",
                    "Thailand": "7.52"
                },
                "Products of the Chemical or Allied Industries": {
                    "Australia": "37.53",
                    "China": "10.14",
                    "Singapore": "8.21",
                    "Malaysia": "6.32",
                    "United States": "6.17"
                },
                "Plastics and Articles thereof; Rubber and Articles thereof": {
                    "Australia": "34.23",
                    "Japan": "12.64",
                    "China": "12.49",
                    "Singapore": "12.49",
                    "Malaysia": "5.04"
                },
                "Raw Hides and Skins, Leather, Furskins, and Articles thereof; Saddlery and Harness; Travel Goods, Handbags, and Similar Containers; Articles of Animal Gut (Other than Silk-worm Gut)": {
                    "China": "41.89",
                    "Australia": "29.08",
                    "Hong Kong, China": "11.26",
                    "Singapore": "5.26",
                    "Korea, Rep.": "2.55"
                },
                "Wood and Articles of Wood; Wood Charcoal; Cork and Articles of Cork; Manufactures of Straw, of Esparto or of Other Plaiting Materials; Basketware and Wickerwork": {
                    "Australia": "37.27",
                    "Singapore": "34.60",
                    "China": "6.64",
                    "New Zealand": "5.10",
                    "Malaysia": "3.90"
                },
                "Textiles and Textile Articles": {
                    "China": "26.81",
                    "Australia": "25.41",
                    "New Zealand": "8.94",
                    "Thailand": "6.74",
                    "Hong Kong, China": "6.63"
                },
                "Footwear, Headgear, Umbrellas, Sun Umbrellas, Walking-sticks, Seat-sticks, Whips, Riding-crops, and Parts thereof; Prepared Feathers and Articles Made therewith; Artificial Flowers; Articles of Human Hair": {
                    "China": "49.31",
                    "Australia": "17.13",
                    "India": "7.26",
                    "Indonesia": "6.91",
                    "Hong Kong, China": "6.56"
                },
                "Articles of Stone, Plaster, Cement, Asbestos, Mica or Similar Materials; Ceramic Products; Glass and Glassware": {
                    "Australia": "30.07",
                    "China": "22.46",
                    "Singapore": "11.46",
                    "Indonesia": "7.88",
                    "Malaysia": "5.99"
                },
                "Natural or Cultured Pearls, Precious or Semi-precious Stones, Precious Metals, Metals Clad with Precious Metal, and Articles thereof; Imitation Jewellery; Coin": {
                    "Australia": "28.10",
                    "Singapore": "14.29",
                    "China": "10.09",
                    "Malaysia": "5.77",
                    "Thailand": "5.52"
                },
                "Base Metals and Articles of Base Metal": {
                    "Australia": "28.99",
                    "China": "12.38",
                    "Thailand": "11.57",
                    "Singapore": "8.65",
                    "New Zealand": "5.83"
                },
                "Machinery and Mechanical Appliances; Electrical Equipment; Parts thereof; Sound Recorders and Reproducers, Television Image and Sound Recorders and Reproducers, and Parts and Accessories of such Articles": {
                    "Australia": "36.49",
                    "United States": "13.38",
                    "Italy": "11.24",
                    "China": "6.96",
                    "Singapore": "6.72"
                },
                "Vehicles, Aircraft, Vessels, and Associated Transport Equipment": {
                    "Japan": "37.34",
                    "Australia": "23.85",
                    "Singapore": "5.43",
                    "China": "5.06",
                    "United States": "4.87"
                },
                "Optical, Photographic, Cinematographic, Measuring, Checking, Precision, Medical or Surgical Instruments and Apparatus; Clocks and Watches; Musical Instruments; Parts and Accessories thereof": {
                    "Australia": "32.99",
                    "China": "9.14",
                    "Japan": "9.10",
                    "Singapore": "8.23",
                    "United States": "8.16"
                },
                "Miscellaneous Manufactured Articles": {
                    "Australia": "40.58",
                    "Singapore": "13.75",
                    "China": "10.51",
                    "Hong Kong, China": "5.78",
                    "Malaysia": "5.18"
                }
            }
        },
        "2019": {
            "Imports": {
                "Animals & Animal Products": {
                    "Australia": "68.91",
                    "New Zealand": "17.07",
                    "Micronesia, Fed. Sts.": "6.99",
                    "China": "2.91",
                    "Korea, Dem. Rep.": "1.18"
                },
                "Vegetable Products": {
                    "Australia": "34.12",
                    "China": "17.48",
                    "Vietnam": "16.97",
                    "Thailand": "14.18",
                    "Malaysia": "6.47"
                },
                "Prepared Foodstuffs; Beverages, Spirits, Vinegar, Tobacco and Manufactured Tobacco Substitutes": {
                    "Singapore": "31.37",
                    "Australia": "24.02",
                    "Indonesia": "10.02",
                    "Thailand": "8.73",
                    "China": "5.95"
                },
                "Mineral Products": {
                    "Thailand": "22.88",
                    "United Arab Emirates": "13.65",
                    "Saudi Arabia": "11.01",
                    "Indonesia": "8.05",
                    "Australia": "7.51"
                },
                "Products of the Chemical or Allied Industries": {
                    "Australia": "28.94",
                    "China": "15.81",
                    "India": "9.76",
                    "Malaysia": "9.63",
                    "Singapore": "6.76"
                },
                "Plastics and Articles thereof; Rubber and Articles thereof": {
                    "Australia": "37.93",
                    "China": "25.16",
                    "Malaysia": "8.60",
                    "Japan": "7.62",
                    "Singapore": "5.28"
                },
                "Raw Hides and Skins, Leather, Furskins, and Articles thereof; Saddlery and Harness; Travel Goods, Handbags, and Similar Containers; Articles of Animal Gut (Other than Silk-worm Gut)": {
                    "China": "50.70",
                    "Australia": "30.15",
                    "India": "3.11",
                    "Thailand": "2.99",
                    "Singapore": "2.92"
                },
                "Wood and Articles of Wood; Wood Charcoal; Cork and Articles of Cork; Manufactures of Straw, of Esparto or of Other Plaiting Materials; Basketware and Wickerwork": {
                    "Australia": "28.16",
                    "Singapore": "25.18",
                    "China": "16.93",
                    "Malaysia": "11.46",
                    "Japan": "3.49"
                },
                "Textiles and Textile Articles": {
                    "China": "30.85",
                    "Australia": "29.11",
                    "Thailand": "6.92",
                    "Singapore": "5.35",
                    "New Zealand": "4.20"
                },
                "Footwear, Headgear, Umbrellas, Sun Umbrellas, Walking-sticks, Seat-sticks, Whips, Riding-crops, and Parts thereof; Prepared Feathers and Articles Made therewith; Artificial Flowers; Articles of Human Hair": {
                    "China": "41.75",
                    "Australia": "27.31",
                    "India": "11.56",
                    "Singapore": "5.94",
                    "Indonesia": "5.41"
                },
                "Articles of Stone, Plaster, Cement, Asbestos, Mica or Similar Materials; Ceramic Products; Glass and Glassware": {
                    "China": "34.34",
                    "Australia": "26.47",
                    "Malaysia": "12.45",
                    "Indonesia": "9.29",
                    "Singapore": "2.70"
                },
                "Natural or Cultured Pearls, Precious or Semi-precious Stones, Precious Metals, Metals Clad with Precious Metal, and Articles thereof; Imitation Jewellery; Coin": {
                    "United Arab Emirates": "21.44",
                    "Saudi Arabia": "17.21",
                    "Singapore": "10.15",
                    "Australia": "9.23",
                    "Canada": "8.46"
                },
                "Base Metals and Articles of Base Metal": {
                    "Australia": "33.53",
                    "China": "32.09",
                    "New Zealand": "6.72",
                    "Indonesia": "4.99",
                    "Malaysia": "4.12"
                },
                "Machinery and Mechanical Appliances; Electrical Equipment; Parts thereof; Sound Recorders and Reproducers, Television Image and Sound Recorders and Reproducers, and Parts and Accessories of such Articles": {
                    "Australia": "52.71",
                    "China": "16.15",
                    "Singapore": "7.34",
                    "United States": "4.68",
                    "Malaysia": "3.33"
                },
                "Vehicles, Aircraft, Vessels, and Associated Transport Equipment": {
                    "Australia": "34.89",
                    "Japan": "20.36",
                    "China": "10.20",
                    "United States": "6.88",
                    "Singapore": "6.09"
                },
                "Optical, Photographic, Cinematographic, Measuring, Checking, Precision, Medical or Surgical Instruments and Apparatus; Clocks and Watches; Musical Instruments; Parts and Accessories thereof": {
                    "Australia": "40.71",
                    "China": "19.75",
                    "Singapore": "6.56",
                    "Malaysia": "5.02",
                    "Japan": "4.06"
                },
                "Miscellaneous Manufactured Articles": {
                    "Australia": "43.67",
                    "China": "22.24",
                    "Malaysia": "4.99",
                    "United States": "4.85",
                    "Singapore": "4.01"
                }
            }
        },
        "2020": {
            "Imports": {
                "Animals & Animal Products": {
                    "Australia": "63.85",
                    "New Zealand": "16.84",
                    "Korea, Dem. Rep.": "4.48",
                    "Solomon Islands": "3.90",
                    "China": "3.24"
                },
                "Vegetable Products": {
                    "Australia": "28.05",
                    "China": "21.64",
                    "Vietnam": "14.40",
                    "Thailand": "10.13",
                    "Indonesia": "6.43"
                },
                "Prepared Foodstuffs; Beverages, Spirits, Vinegar, Tobacco and Manufactured Tobacco Substitutes": {
                    "Singapore": "31.93",
                    "Australia": "23.02",
                    "Indonesia": "9.94",
                    "Thailand": "7.99",
                    "China": "6.40"
                },
                "Mineral Products": {
                    "Thailand": "21.82",
                    "Malaysia": "16.95",
                    "Singapore": "14.44",
                    "Indonesia": "12.84",
                    "Japan": "8.25"
                },
                "Products of the Chemical or Allied Industries": {
                    "Australia": "32.82",
                    "China": "13.18",
                    "Singapore": "12.09",
                    "Malaysia": "9.46",
                    "Indonesia": "7.67"
                },
                "Plastics and Articles thereof; Rubber and Articles thereof": {
                    "Australia": "33.91",
                    "China": "26.82",
                    "Malaysia": "9.20",
                    "Japan": "7.71",
                    "Singapore": "4.85"
                },
                "Raw Hides and Skins, Leather, Furskins, and Articles thereof; Saddlery and Harness; Travel Goods, Handbags, and Similar Containers; Articles of Animal Gut (Other than Silk-worm Gut)": {
                    "China": "53.05",
                    "Australia": "31.50",
                    "Hong Kong, China": "4.12",
                    "New Zealand": "1.95",
                    "Singapore": "1.90"
                },
                "Wood and Articles of Wood; Wood Charcoal; Cork and Articles of Cork; Manufactures of Straw, of Esparto or of Other Plaiting Materials; Basketware and Wickerwork": {
                    "Australia": "31.51",
                    "China": "24.71",
                    "Malaysia": "12.05",
                    "Singapore": "10.31",
                    "Indonesia": "4.88"
                },
                "Textiles and Textile Articles": {
                    "China": "34.19",
                    "Australia": "28.55",
                    "Thailand": "5.81",
                    "Singapore": "4.99",
                    "New Zealand": "3.94"
                },
                "Footwear, Headgear, Umbrellas, Sun Umbrellas, Walking-sticks, Seat-sticks, Whips, Riding-crops, and Parts thereof; Prepared Feathers and Articles Made therewith; Artificial Flowers; Articles of Human Hair": {
                    "China": "44.19",
                    "Australia": "24.48",
                    "India": "15.52",
                    "Singapore": "5.60",
                    "Indonesia": "5.03"
                },
                "Articles of Stone, Plaster, Cement, Asbestos, Mica or Similar Materials; Ceramic Products; Glass and Glassware": {
                    "China": "39.22",
                    "Australia": "22.72",
                    "Malaysia": "15.98",
                    "Indonesia": "5.72",
                    "Thailand": "2.85"
                },
                "Natural or Cultured Pearls, Precious or Semi-precious Stones, Precious Metals, Metals Clad with Precious Metal, and Articles thereof; Imitation Jewellery; Coin": {
                    "Singapore": "37.14",
                    "China": "16.51",
                    "Australia": "13.67",
                    "Thailand": "12.87",
                    "Malaysia": "5.27"
                },
                "Base Metals and Articles of Base Metal": {
                    "Australia": "30.91",
                    "China": "30.82",
                    "New Zealand": "5.58",
                    "Malaysia": "4.89",
                    "Indonesia": "4.32"
                },
                "Machinery and Mechanical Appliances; Electrical Equipment; Parts thereof; Sound Recorders and Reproducers, Television Image and Sound Recorders and Reproducers, and Parts and Accessories of such Articles": {
                    "Australia": "49.47",
                    "China": "21.83",
                    "Singapore": "5.65",
                    "Malaysia": "4.08",
                    "United States": "2.77"
                },
                "Vehicles, Aircraft, Vessels, and Associated Transport Equipment": {
                    "Australia": "38.40",
                    "Japan": "13.28",
                    "China": "10.86",
                    "Canada": "6.37",
                    "Singapore": "6.26"
                },
                "Optical, Photographic, Cinematographic, Measuring, Checking, Precision, Medical or Surgical Instruments and Apparatus; Clocks and Watches; Musical Instruments; Parts and Accessories thereof": {
                    "Australia": "39.43",
                    "China": "22.55",
                    "Singapore": "6.10",
                    "Malaysia": "6.09",
                    "Japan": "3.21"
                },
                "Miscellaneous Manufactured Articles": {
                    "Australia": "41.74",
                    "China": "23.92",
                    "United States": "5.28",
                    "Malaysia": "4.84",
                    "Singapore": "4.73"
                }
            }
        },
        "2021": {
            "Imports": {
                "Animals & Animal Products": {
                    "Australia": "67.16",
                    "New Zealand": "21.68",
                    "China": "3.22",
                    "Other Asia, nes": "1.79",
                    "Marshall Islands": "1.77"
                },
                "Vegetable Products": {
                    "Australia": "28.98",
                    "Thailand": "16.67",
                    "China": "14.52",
                    "Malaysia": "10.30",
                    "Indonesia": "8.91"
                },
                "Prepared Foodstuffs; Beverages, Spirits, Vinegar, Tobacco and Manufactured Tobacco Substitutes": {
                    "Australia": "27.77",
                    "Singapore": "22.93",
                    "Indonesia": "9.54",
                    "Thailand": "8.06",
                    "Malaysia": "7.50"
                },
                "Mineral Products": {
                    "Singapore": "35.81",
                    "Malaysia": "14.86",
                    "Japan": "10.63",
                    "Indonesia": "10.32",
                    "Australia": "9.62"
                },
                "Products of the Chemical or Allied Industries": {
                    "Australia": "33.14",
                    "China": "14.27",
                    "Malaysia": "11.70",
                    "Singapore": "8.23",
                    "Indonesia": "7.89"
                },
                "Plastics and Articles thereof; Rubber and Articles thereof": {
                    "Australia": "31.55",
                    "China": "31.47",
                    "Malaysia": "9.29",
                    "Japan": "4.84",
                    "Singapore": "4.76"
                },
                "Raw Hides and Skins, Leather, Furskins, and Articles thereof; Saddlery and Harness; Travel Goods, Handbags, and Similar Containers; Articles of Animal Gut (Other than Silk-worm Gut)": {
                    "China": "54.60",
                    "Australia": "26.48",
                    "Hong Kong, China": "6.73",
                    "New Zealand": "2.48",
                    "Fiji": "1.53"
                },
                "Wood and Articles of Wood; Wood Charcoal; Cork and Articles of Cork; Manufactures of Straw, of Esparto or of Other Plaiting Materials; Basketware and Wickerwork": {
                    "Australia": "36.16",
                    "China": "33.41",
                    "Malaysia": "8.43",
                    "Singapore": "6.31",
                    "Indonesia": "3.72"
                },
                "Textiles and Textile Articles": {
                    "China": "38.85",
                    "Australia": "23.50",
                    "Thailand": "5.53",
                    "Singapore": "4.27",
                    "New Zealand": "4.20"
                },
                "Footwear, Headgear, Umbrellas, Sun Umbrellas, Walking-sticks, Seat-sticks, Whips, Riding-crops, and Parts thereof; Prepared Feathers and Articles Made therewith; Artificial Flowers; Articles of Human Hair": {
                    "China": "44.14",
                    "Australia": "26.17",
                    "India": "16.04",
                    "Indonesia": "4.43",
                    "Singapore": "3.05"
                },
                "Articles of Stone, Plaster, Cement, Asbestos, Mica or Similar Materials; Ceramic Products; Glass and Glassware": {
                    "China": "49.43",
                    "Australia": "21.32",
                    "Malaysia": "6.10",
                    "Thailand": "5.39",
                    "Indonesia": "5.39"
                },
                "Natural or Cultured Pearls, Precious or Semi-precious Stones, Precious Metals, Metals Clad with Precious Metal, and Articles thereof; Imitation Jewellery; Coin": {
                    "Singapore": "53.51",
                    "China": "17.61",
                    "Thailand": "8.75",
                    "Australia": "8.21",
                    "Malaysia": "4.74"
                },
                "Base Metals and Articles of Base Metal": {
                    "China": "35.52",
                    "Australia": "25.91",
                    "Indonesia": "10.28",
                    "Malaysia": "4.90",
                    "Korea, Dem. Rep.": "4.70"
                },
                "Machinery and Mechanical Appliances; Electrical Equipment; Parts thereof; Sound Recorders and Reproducers, Television Image and Sound Recorders and Reproducers, and Parts and Accessories of such Articles": {
                    "Australia": "52.25",
                    "China": "17.95",
                    "Singapore": "6.10",
                    "Malaysia": "5.18",
                    "Hong Kong, China": "3.12"
                },
                "Vehicles, Aircraft, Vessels, and Associated Transport Equipment": {
                    "Australia": "32.43",
                    "Japan": "26.80",
                    "China": "10.45",
                    "Singapore": "6.61",
                    "United States": "4.64"
                },
                "Optical, Photographic, Cinematographic, Measuring, Checking, Precision, Medical or Surgical Instruments and Apparatus; Clocks and Watches; Musical Instruments; Parts and Accessories thereof": {
                    "Australia": "38.89",
                    "China": "22.84",
                    "Malaysia": "6.34",
                    "Singapore": "5.49",
                    "Japan": "4.62"
                },
                "Miscellaneous Manufactured Articles": {
                    "Australia": "44.75",
                    "China": "27.98",
                    "Singapore": "6.43",
                    "Malaysia": "3.75",
                    "United States": "2.63"
                }
            }
        }
    }
}